ISO-10303-21;
HEADER;
FILE_DESCRIPTION (( 'STEP AP214' ),
    '1' );
FILE_NAME ('2125280200.stp',
    '2026-06-14T01:08:10',
    ( '' ),
    ( '' ),
    'SwSTEP 2.0',
    'SolidWorks 2026',
    '' );
FILE_SCHEMA (( 'AUTOMOTIVE_DESIGN' ));
ENDSEC;

DATA;
#1 = DIRECTION ( 'NONE',  ( 0.000000000000000000, -1.000000000000000000, 0.000000000000000000 ) ) ;
#2 = DIRECTION ( 'NONE',  ( 0.000000000000000000, -1.000000000000000000, 1.452867232811399672E-16 ) ) ;
#3 = CARTESIAN_POINT ( 'NONE',  ( 0.3200000000000000067, 7.264999999999999680, 5.025000000000000355 ) ) ;
#4 = DIRECTION ( 'NONE',  ( 0.000000000000000000, 8.136601669684868820E-17, -1.000000000000000000 ) ) ;
#5 = SURFACE_STYLE_USAGE ( .BOTH. , #1946 ) ;
#6 = CARTESIAN_POINT ( 'NONE',  ( -0.4749999999999999778, -3.354999999999999982, 0.000000000000000000 ) ) ;
#7 = ORIENTED_EDGE ( 'NONE', *, *, #589, .T. ) ;
#8 = SURFACE_STYLE_FILL_AREA ( #261 ) ;
#9 = CARTESIAN_POINT ( 'NONE',  ( 0.3200000000000000067, -2.555000000000000160, 5.250000000000000000 ) ) ;
#10 = ORIENTED_EDGE ( 'NONE', *, *, #1990, .F. ) ;
#11 = FACE_OUTER_BOUND ( 'NONE', #2118, .T. ) ;
#12 =( NAMED_UNIT ( * ) SI_UNIT ( $, .STERADIAN. ) SOLID_ANGLE_UNIT ( ) );
#13 = CARTESIAN_POINT ( 'NONE',  ( 0.3200000000000000067, -2.555000000000000160, 5.250000000000000000 ) ) ;
#14 = VERTEX_POINT ( 'NONE', #2951 ) ;
#15 = PLANE ( 'NONE',  #2086 ) ;
#16 = SURFACE_STYLE_USAGE ( .BOTH. , #872 ) ;
#17 = UNCERTAINTY_MEASURE_WITH_UNIT (LENGTH_MEASURE( 1.000000000000000082E-05 ), #2698, 'distance_accuracy_value', 'NONE');
#18 = DIRECTION ( 'NONE',  ( 1.000000000000000000, -2.252887631138709814E-16, 0.000000000000000000 ) ) ;
#19 = ADVANCED_FACE ( 'NONE', ( #2984 ), #522, .F. ) ;
#20 = FACE_OUTER_BOUND ( 'NONE', #3300, .T. ) ;
#21 = DIRECTION ( 'NONE',  ( 0.000000000000000000, 0.000000000000000000, -1.000000000000000000 ) ) ;
#22 = AXIS2_PLACEMENT_3D ( 'NONE', #2565, #562, #889 ) ;
#23 = ORIENTED_EDGE ( 'NONE', *, *, #216, .F. ) ;
#24 = FACE_OUTER_BOUND ( 'NONE', #2727, .T. ) ;
#25 = AXIS2_PLACEMENT_3D ( 'NONE', #2536, #3098, #3111 ) ;
#26 = ORIENTED_EDGE ( 'NONE', *, *, #1731, .T. ) ;
#27 = DIRECTION ( 'NONE',  ( 1.000000000000000000, 0.000000000000000000, 0.000000000000000000 ) ) ;
#28 = LINE ( 'NONE', #2246, #3198 ) ;
#29 = DIRECTION ( 'NONE',  ( 0.7071067811865470176, 0.000000000000000000, -0.7071067811865480168 ) ) ;
#30 = AXIS2_PLACEMENT_3D ( 'NONE', #1288, #1584, #3564 ) ;
#31 = COLOUR_RGB ( '',0.1137254901960784298, 0.1137254901960784298, 0.1137254901960784298 ) ;
#32 = DIRECTION ( 'NONE',  ( -1.000000000000000000, 0.000000000000000000, 0.000000000000000000 ) ) ;
#33 = EDGE_LOOP ( 'NONE', ( #3613, #2773, #1631, #3478 ) ) ;
#34 = VECTOR ( 'NONE', #450, 1000.000000000000000 ) ;
#35 = COLOUR_RGB ( '',0.1137254901960784298, 0.1137254901960784298, 0.1137254901960784298 ) ;
#36 = PRESENTATION_STYLE_ASSIGNMENT (( #1434 ) ) ;
#37 = FACE_OUTER_BOUND ( 'NONE', #46, .T. ) ;
#38 = FILL_AREA_STYLE_COLOUR ( '', #760 ) ;
#39 = STYLED_ITEM ( 'NONE', ( #66 ), #1616 ) ;
#40 = CARTESIAN_POINT ( 'NONE',  ( 1.020432728495457742, -0.5647368586559494696, -3.751138042465099964 ) ) ;
#41 = SURFACE_STYLE_FILL_AREA ( #3054 ) ;
#42 = VERTEX_POINT ( 'NONE', #2753 ) ;
#43 = ADVANCED_FACE ( 'NONE', ( #2411, #251 ), #3552, .T. ) ;
#44 = VECTOR ( 'NONE', #442, 1000.000000000000000 ) ;
#45 =( NAMED_UNIT ( * ) SI_UNIT ( $, .STERADIAN. ) SOLID_ANGLE_UNIT ( ) );
#46 = EDGE_LOOP ( 'NONE', ( #853, #1664, #1700, #3431, #3426, #7 ) ) ;
#47 = DIRECTION ( 'NONE',  ( 0.000000000000000000, 0.000000000000000000, 1.000000000000000000 ) ) ;
#48 = STYLED_ITEM ( 'NONE', ( #2906 ), #2208 ) ;
#49 = SURFACE_STYLE_FILL_AREA ( #1126 ) ;
#50 = MECHANICAL_DESIGN_GEOMETRIC_PRESENTATION_REPRESENTATION (  '', ( #1139 ), #1254 ) ;
#51 =( NAMED_UNIT ( * ) SI_UNIT ( $, .STERADIAN. ) SOLID_ANGLE_UNIT ( ) );
#52 = ORIENTED_EDGE ( 'NONE', *, *, #2372, .T. ) ;
#53 = STYLED_ITEM ( 'NONE', ( #1807 ), #2915 ) ;
#54 =( NAMED_UNIT ( * ) PLANE_ANGLE_UNIT ( ) SI_UNIT ( $, .RADIAN. ) );
#55 =( GEOMETRIC_REPRESENTATION_CONTEXT ( 3 ) GLOBAL_UNCERTAINTY_ASSIGNED_CONTEXT ( ( #1697 ) ) GLOBAL_UNIT_ASSIGNED_CONTEXT ( ( #2564, #3415, #2907 ) ) REPRESENTATION_CONTEXT ( 'NONE', 'WORKASPACE' ) );
#56 = SURFACE_STYLE_FILL_AREA ( #1710 ) ;
#57 =( GEOMETRIC_REPRESENTATION_CONTEXT ( 3 ) GLOBAL_UNCERTAINTY_ASSIGNED_CONTEXT ( ( #1844 ) ) GLOBAL_UNIT_ASSIGNED_CONTEXT ( ( #3390, #3327, #3084 ) ) REPRESENTATION_CONTEXT ( 'NONE', 'WORKASPACE' ) );
#58 = CARTESIAN_POINT ( 'NONE',  ( 0.000000000000000000, 0.000000000000000000, 0.000000000000000000 ) ) ;
#59 = ORIENTED_EDGE ( 'NONE', *, *, #1352, .F. ) ;
#60 = EDGE_CURVE ( 'NONE', #3181, #2750, #1113, .T. ) ;
#61 = DIRECTION ( 'NONE',  ( 0.000000000000000000, 0.000000000000000000, -1.000000000000000000 ) ) ;
#62 = ORIENTED_EDGE ( 'NONE', *, *, #1645, .F. ) ;
#63 = ADVANCED_FACE ( 'NONE', ( #2210 ), #2809, .F. ) ;
#64 =( LENGTH_UNIT ( ) NAMED_UNIT ( * ) SI_UNIT ( .MILLI., .METRE. ) );
#65 = DIRECTION ( 'NONE',  ( 0.000000000000000000, 9.918373218849658764E-17, 1.000000000000000000 ) ) ;
#66 = PRESENTATION_STYLE_ASSIGNMENT (( #3208 ) ) ;
#67 = ORIENTED_EDGE ( 'NONE', *, *, #1271, .F. ) ;
#68 = LINE ( 'NONE', #907, #2604 ) ;
#69 = DIRECTION ( 'NONE',  ( 0.000000000000000000, -0.8660125980102736376, 0.5000221795955619442 ) ) ;
#70 = PRESENTATION_STYLE_ASSIGNMENT (( #2481 ) ) ;
#71 =( NAMED_UNIT ( * ) SI_UNIT ( $, .STERADIAN. ) SOLID_ANGLE_UNIT ( ) );
#72 = DIRECTION ( 'NONE',  ( 0.000000000000000000, 1.000000000000000000, 0.000000000000000000 ) ) ;
#73 = SURFACE_STYLE_USAGE ( .BOTH. , #3078 ) ;
#74 = CLOSED_SHELL ( 'NONE', ( #361, #318, #981, #505, #3122, #572, #676, #2781, #957, #1944, #3528, #2915, #1276, #1822, #3457, #1002, #1376, #1094, #2602, #2616, #2645, #962, #2204, #1846, #456, #2030, #3035, #1667, #3417, #870, #241, #588, #1780, #405, #2208, #3585, #3210, #2693, #1517, #1616, #171, #475, #2641, #302, #1199, #63, #43, #2440, #2531, #3393, #2854, #694, #2179, #1400, #2974, #3634, #2095, #1009, #2158, #1971, #756, #81, #1298, #911, #3608, #654, #2957, #1450, #19, #408, #2007, #3080, #3334, #744, #1464, #1554, #3639, #2962, #3439, #2074 ) ) ;
#75 = DIRECTION ( 'NONE',  ( 0.000000000000000000, 0.000000000000000000, -1.000000000000000000 ) ) ;
#76 = ORIENTED_EDGE ( 'NONE', *, *, #1419, .F. ) ;
#77 = PRESENTATION_STYLE_ASSIGNMENT (( #1740 ) ) ;
#78 = DIRECTION ( 'NONE',  ( -1.000000000000000000, 0.000000000000000000, 2.710505431213760099E-16 ) ) ;
#79 = DIRECTION ( 'NONE',  ( 0.000000000000000000, 1.000000000000000000, 0.000000000000000000 ) ) ;
#80 = ORIENTED_EDGE ( 'NONE', *, *, #803, .F. ) ;
#81 = ADVANCED_FACE ( 'NONE', ( #538 ), #2845, .T. ) ;
#82 =( GEOMETRIC_REPRESENTATION_CONTEXT ( 3 ) GLOBAL_UNCERTAINTY_ASSIGNED_CONTEXT ( ( #3016 ) ) GLOBAL_UNIT_ASSIGNED_CONTEXT ( ( #329, #2346, #2298 ) ) REPRESENTATION_CONTEXT ( 'NONE', 'WORKASPACE' ) );
#83 = DIRECTION ( 'NONE',  ( -1.000000000000000000, 0.000000000000000000, -2.956915015869556785E-16 ) ) ;
#84 = AXIS2_PLACEMENT_3D ( 'NONE', #2710, #3592, #982 ) ;
#85 = SURFACE_SIDE_STYLE ('',( #1472 ) ) ;
#86 =( NAMED_UNIT ( * ) PLANE_ANGLE_UNIT ( ) SI_UNIT ( $, .RADIAN. ) );
#87 = SURFACE_STYLE_USAGE ( .BOTH. , #3197 ) ;
#88 = VECTOR ( 'NONE', #2520, 1000.000000000000000 ) ;
#89 = SURFACE_STYLE_USAGE ( .BOTH. , #2031 ) ;
#90 = CARTESIAN_POINT ( 'NONE',  ( 0.3200000000000000067, 3.625000000000239808, -3.720000000000000195 ) ) ;
#91 = VECTOR ( 'NONE', #32, 1000.000000000000000 ) ;
#92 = ORIENTED_EDGE ( 'NONE', *, *, #1443, .F. ) ;
#93 = FILL_AREA_STYLE ('',( #2586 ) ) ;
#94 = VECTOR ( 'NONE', #778, 1000.000000000000000 ) ;
#95 = CARTESIAN_POINT ( 'NONE',  ( 0.3200000000000000067, 4.265000000000240377, 2.250000000000000000 ) ) ;
#96 = VECTOR ( 'NONE', #1670, 1000.000000000000000 ) ;
#97 = ORIENTED_EDGE ( 'NONE', *, *, #2222, .T. ) ;
#98 = SURFACE_SIDE_STYLE ('',( #2570 ) ) ;
#99 = CARTESIAN_POINT ( 'NONE',  ( -1.474999999999999867, 3.104999999999999982, -0.5400000000000000355 ) ) ;
#100 = CARTESIAN_POINT ( 'NONE',  ( -1.925000000000000044, -4.955000000000000071, 6.859999999999999432 ) ) ;
#101 = SURFACE_STYLE_FILL_AREA ( #1229 ) ;
#102 = ORIENTED_EDGE ( 'NONE', *, *, #1204, .T. ) ;
#103 = STYLED_ITEM ( 'NONE', ( #3406 ), #2602 ) ;
#104 = DIRECTION ( 'NONE',  ( 1.000000000000000000, 9.856383386231855129E-17, 0.000000000000000000 ) ) ;
#105 = DIRECTION ( 'NONE',  ( 0.000000000000000000, 8.136601669684868820E-17, -1.000000000000000000 ) ) ;
#106 = EDGE_CURVE ( 'NONE', #2198, #706, #2861, .T. ) ;
#107 = SURFACE_SIDE_STYLE ('',( #1492 ) ) ;
#108 = MECHANICAL_DESIGN_GEOMETRIC_PRESENTATION_REPRESENTATION (  '', ( #3378 ), #444 ) ;
#109 = LINE ( 'NONE', #1821, #1899 ) ;
#110 = MECHANICAL_DESIGN_GEOMETRIC_PRESENTATION_REPRESENTATION (  '', ( #1682 ), #3563 ) ;
#111 = CARTESIAN_POINT ( 'NONE',  ( 1.017534875858926879, -0.6176932443405231954, -3.727493364324462100 ) ) ;
#112 = PLANE ( 'NONE',  #331 ) ;
#113 =( GEOMETRIC_REPRESENTATION_CONTEXT ( 3 ) GLOBAL_UNCERTAINTY_ASSIGNED_CONTEXT ( ( #3577 ) ) GLOBAL_UNIT_ASSIGNED_CONTEXT ( ( #1696, #3121, #1130 ) ) REPRESENTATION_CONTEXT ( 'NONE', 'WORKASPACE' ) );
#114 = EDGE_CURVE ( 'NONE', #2326, #2519, #2926, .T. ) ;
#115 = ORIENTED_EDGE ( 'NONE', *, *, #339, .T. ) ;
#116 =( NAMED_UNIT ( * ) PLANE_ANGLE_UNIT ( ) SI_UNIT ( $, .RADIAN. ) );
#117 = VECTOR ( 'NONE', #1064, 1000.000000000000000 ) ;
#118 = FACE_OUTER_BOUND ( 'NONE', #1989, .T. ) ;
#119 = ORIENTED_EDGE ( 'NONE', *, *, #1397, .F. ) ;
#120 = DIRECTION ( 'NONE',  ( 0.000000000000000000, 0.000000000000000000, 1.000000000000000000 ) ) ;
#121 = PLANE ( 'NONE',  #1980 ) ;
#122 = FACE_OUTER_BOUND ( 'NONE', #33, .T. ) ;
#123 = VERTEX_POINT ( 'NONE', #404 ) ;
#124 = SURFACE_SIDE_STYLE ('',( #2301 ) ) ;
#125 = PRESENTATION_STYLE_ASSIGNMENT (( #1201 ) ) ;
#126 = DIRECTION ( 'NONE',  ( 1.000000000000000000, 0.000000000000000000, 0.000000000000000000 ) ) ;
#127 = DIRECTION ( 'NONE',  ( 1.000000000000000000, 0.000000000000000000, 0.000000000000000000 ) ) ;
#128 = FILL_AREA_STYLE_COLOUR ( '', #3088 ) ;
#129 = EDGE_LOOP ( 'NONE', ( #76, #2902, #1518, #802 ) ) ;
#130 = EDGE_CURVE ( 'NONE', #2249, #3110, #348, .T. ) ;
#131 = ORIENTED_EDGE ( 'NONE', *, *, #3106, .T. ) ;
#132 =( LENGTH_UNIT ( ) NAMED_UNIT ( * ) SI_UNIT ( .MILLI., .METRE. ) );
#133 = COLOUR_RGB ( '',0.1137254901960784298, 0.1137254901960784298, 0.1137254901960784298 ) ;
#134 = CARTESIAN_POINT ( 'NONE',  ( 0.3200000000000000067, 6.625000000000000000, -3.720000000000000195 ) ) ;
#135 = SURFACE_SIDE_STYLE ('',( #3408 ) ) ;
#136 = EDGE_LOOP ( 'NONE', ( #175, #2038, #2535, #1863, #3483, #702, #2140, #740, #1531, #2384, #1936 ) ) ;
#137 = CARTESIAN_POINT ( 'NONE',  ( 0.3200000000000000067, -2.555000000000000160, 4.610000000000000320 ) ) ;
#138 = VECTOR ( 'NONE', #1659, 1000.000000000000000 ) ;
#139 = FILL_AREA_STYLE ('',( #3453 ) ) ;
#140 = VERTEX_POINT ( 'NONE', #141 ) ;
#141 = CARTESIAN_POINT ( 'NONE',  ( -0.3200000000000000067, 4.955000000000000071, 4.384999999999999787 ) ) ;
#142 = CARTESIAN_POINT ( 'NONE',  ( 0.3200000000000000067, 7.264999999999999680, 5.025000000000000355 ) ) ;
#143 = MECHANICAL_DESIGN_GEOMETRIC_PRESENTATION_REPRESENTATION (  '', ( #2587 ), #2185 ) ;
#144 = ORIENTED_EDGE ( 'NONE', *, *, #2663, .T. ) ;
#145 = SURFACE_STYLE_FILL_AREA ( #2382 ) ;
#146 =( GEOMETRIC_REPRESENTATION_CONTEXT ( 3 ) GLOBAL_UNCERTAINTY_ASSIGNED_CONTEXT ( ( #1932 ) ) GLOBAL_UNIT_ASSIGNED_CONTEXT ( ( #3571, #247, #3524 ) ) REPRESENTATION_CONTEXT ( 'NONE', 'WORKASPACE' ) );
#147 = CARTESIAN_POINT ( 'NONE',  ( 0.3200000000000000067, 1.645000000000000018, 0.000000000000000000 ) ) ;
#148 = EDGE_CURVE ( 'NONE', #2299, #2066, #2062, .T. ) ;
#149 = ORIENTED_EDGE ( 'NONE', *, *, #524, .F. ) ;
#150 = CIRCLE ( 'NONE', #1783, 1.399999999999999911 ) ;
#151 = CARTESIAN_POINT ( 'NONE',  ( 0.4749999999999999778, 3.104999999999999982, -3.330669073875469621E-16 ) ) ;
#152 = AXIS2_PLACEMENT_3D ( 'NONE', #3053, #1733, #861 ) ;
#153 =( NAMED_UNIT ( * ) PLANE_ANGLE_UNIT ( ) SI_UNIT ( $, .RADIAN. ) );
#154 = EDGE_CURVE ( 'NONE', #3504, #3366, #2356, .T. ) ;
#155 = CARTESIAN_POINT ( 'NONE',  ( 1.016717189039539004, 0.04315651248587427935, -3.633036650274059642 ) ) ;
#156 = VERTEX_POINT ( 'NONE', #2580 ) ;
#157 = AXIS2_PLACEMENT_3D ( 'NONE', #3598, #1642, #3293 ) ;
#158 = CARTESIAN_POINT ( 'NONE',  ( -0.4749999999999999778, -0.3549999999997409672, -3.790000000000000036 ) ) ;
#159 = LINE ( 'NONE', #3546, #2673 ) ;
#160 = DIRECTION ( 'NONE',  ( -1.000000000000000000, 0.000000000000000000, 0.000000000000000000 ) ) ;
#161 = VERTEX_POINT ( 'NONE', #910 ) ;
#162 =( LENGTH_UNIT ( ) NAMED_UNIT ( * ) SI_UNIT ( .MILLI., .METRE. ) );
#163 = CARTESIAN_POINT ( 'NONE',  ( 0.000000000000000000, 1.645000000000000018, 4.610000000000000320 ) ) ;
#164 = SURFACE_SIDE_STYLE ('',( #2862 ) ) ;
#165 = VECTOR ( 'NONE', #2757, 1000.000000000000000 ) ;
#166 = UNCERTAINTY_MEASURE_WITH_UNIT (LENGTH_MEASURE( 1.000000000000000082E-05 ), #291, 'distance_accuracy_value', 'NONE');
#167 = ORIENTED_EDGE ( 'NONE', *, *, #3510, .F. ) ;
#168 =( NAMED_UNIT ( * ) SI_UNIT ( $, .STERADIAN. ) SOLID_ANGLE_UNIT ( ) );
#169 = UNCERTAINTY_MEASURE_WITH_UNIT (LENGTH_MEASURE( 1.000000000000000082E-05 ), #3353, 'distance_accuracy_value', 'NONE');
#170 = ORIENTED_EDGE ( 'NONE', *, *, #3184, .T. ) ;
#171 = ADVANCED_FACE ( 'NONE', ( #695 ), #1202, .T. ) ;
#172 = VECTOR ( 'NONE', #2453, 1000.000000000000000 ) ;
#173 = CARTESIAN_POINT ( 'NONE',  ( 1.324999999999999956, -4.955000000000000071, 1.255000000000000115 ) ) ;
#174 = CARTESIAN_POINT ( 'NONE',  ( 1.020540719178451461, -0.1549643135288772400, -3.754693388770332430 ) ) ;
#175 = ORIENTED_EDGE ( 'NONE', *, *, #1226, .T. ) ;
#176 = EDGE_CURVE ( 'NONE', #1744, #1752, #3214, .T. ) ;
#177 = SURFACE_STYLE_USAGE ( .BOTH. , #1861 ) ;
#178 = DIRECTION ( 'NONE',  ( 0.000000000000000000, 1.000000000000000000, 0.000000000000000000 ) ) ;
#179 =( NAMED_UNIT ( * ) SI_UNIT ( $, .STERADIAN. ) SOLID_ANGLE_UNIT ( ) );
#180 =( LENGTH_UNIT ( ) NAMED_UNIT ( * ) SI_UNIT ( .MILLI., .METRE. ) );
#181 = SURFACE_STYLE_USAGE ( .BOTH. , #1278 ) ;
#182 = PRESENTATION_STYLE_ASSIGNMENT (( #2395 ) ) ;
#183 = FILL_AREA_STYLE ('',( #1362 ) ) ;
#184 = CARTESIAN_POINT ( 'NONE',  ( 0.3200000000000000067, 6.625000000000000000, 4.384999999999999787 ) ) ;
#185 = LINE ( 'NONE', #509, #2022 ) ;
#186 = CARTESIAN_POINT ( 'NONE',  ( -0.3200000000000000067, 4.265000000000240377, 0.000000000000000000 ) ) ;
#187 = LINE ( 'NONE', #3477, #3418 ) ;
#188 = EDGE_LOOP ( 'NONE', ( #2217, #3377, #687, #3525, #729 ) ) ;
#189 = FILL_AREA_STYLE_COLOUR ( '', #1297 ) ;
#190 = CARTESIAN_POINT ( 'NONE',  ( 1.324999999999999956, -4.955000000000000071, 6.254999999999999893 ) ) ;
#191 = ORIENTED_EDGE ( 'NONE', *, *, #425, .T. ) ;
#192 = EDGE_CURVE ( 'NONE', #2995, #1948, #1494, .T. ) ;
#193 = LINE ( 'NONE', #3545, #380 ) ;
#194 = PRESENTATION_STYLE_ASSIGNMENT (( #2127 ) ) ;
#195 = EDGE_CURVE ( 'NONE', #3605, #1501, #109, .T. ) ;
#196 = DIRECTION ( 'NONE',  ( -0.7071067811865470176, 0.000000000000000000, 0.7071067811865480168 ) ) ;
#197 =( GEOMETRIC_REPRESENTATION_CONTEXT ( 3 ) GLOBAL_UNCERTAINTY_ASSIGNED_CONTEXT ( ( #3425 ) ) GLOBAL_UNIT_ASSIGNED_CONTEXT ( ( #1087, #1911, #1889 ) ) REPRESENTATION_CONTEXT ( 'NONE', 'WORKASPACE' ) );
#198 = PRESENTATION_STYLE_ASSIGNMENT (( #1003 ) ) ;
#199 = SURFACE_STYLE_FILL_AREA ( #1360 ) ;
#200 =( NAMED_UNIT ( * ) SI_UNIT ( $, .STERADIAN. ) SOLID_ANGLE_UNIT ( ) );
#201 = AXIS2_PLACEMENT_3D ( 'NONE', #2190, #2412, #3554 ) ;
#202 = FILL_AREA_STYLE_COLOUR ( '', #913 ) ;
#203 = CARTESIAN_POINT ( 'NONE',  ( 1.324999999999999956, 1.645000000000000018, 3.254999999999999893 ) ) ;
#204 = CARTESIAN_POINT ( 'NONE',  ( 0.6199999999100029857, 0.2450000000000049916, 3.604999999999999982 ) ) ;
#205 =( GEOMETRIC_REPRESENTATION_CONTEXT ( 3 ) GLOBAL_UNCERTAINTY_ASSIGNED_CONTEXT ( ( #1106 ) ) GLOBAL_UNIT_ASSIGNED_CONTEXT ( ( #162, #3286, #3251 ) ) REPRESENTATION_CONTEXT ( 'NONE', 'WORKASPACE' ) );
#206 = ORIENTED_EDGE ( 'NONE', *, *, #2262, .T. ) ;
#207 = AXIS2_PLACEMENT_3D ( 'NONE', #2900, #61, #3148 ) ;
#208 = PRESENTATION_LAYER_ASSIGNMENT (  '', '', ( #2706 ) ) ;
#209 = CARTESIAN_POINT ( 'NONE',  ( -1.049671748628649759, -0.8590193320419790002, -3.499012908524619991 ) ) ;
#210 = DIRECTION ( 'NONE',  ( 0.000000000000000000, 0.000000000000000000, 1.000000000000000000 ) ) ;
#211 = VERTEX_POINT ( 'NONE', #2319 ) ;
#212 = CARTESIAN_POINT ( 'NONE',  ( 1.049671748628719925, 0.1490193320422379952, -3.499012908524619991 ) ) ;
#213 = SURFACE_STYLE_USAGE ( .BOTH. , #231 ) ;
#214 = MECHANICAL_DESIGN_GEOMETRIC_PRESENTATION_REPRESENTATION (  '', ( #841 ), #3616 ) ;
#215 = VERTEX_POINT ( 'NONE', #3454 ) ;
#216 = EDGE_CURVE ( 'NONE', #2071, #1586, #3171, .T. ) ;
#217 = SURFACE_STYLE_USAGE ( .BOTH. , #1600 ) ;
#218 = SURFACE_SIDE_STYLE ('',( #485 ) ) ;
#219 = EDGE_CURVE ( 'NONE', #2355, #1557, #3472, .T. ) ;
#220 = DIRECTION ( 'NONE',  ( 0.000000000000000000, 0.000000000000000000, -1.000000000000000000 ) ) ;
#221 = FACE_OUTER_BOUND ( 'NONE', #136, .T. ) ;
#222 = AXIS2_PLACEMENT_3D ( 'NONE', #2518, #846, #2257 ) ;
#223 = DIRECTION ( 'NONE',  ( 0.000000000000000000, 1.000000000000000000, 0.000000000000000000 ) ) ;
#224 = EDGE_LOOP ( 'NONE', ( #167, #3028, #884, #26 ) ) ;
#225 = DIRECTION ( 'NONE',  ( 0.000000000000000000, -1.000000000000000000, 0.000000000000000000 ) ) ;
#226 = PRESENTATION_LAYER_ASSIGNMENT (  '', '', ( #1682 ) ) ;
#227 = PRESENTATION_LAYER_ASSIGNMENT (  '', '', ( #1929 ) ) ;
#228 = ORIENTED_EDGE ( 'NONE', *, *, #2110, .T. ) ;
#229 = CARTESIAN_POINT ( 'NONE',  ( -0.3750000000000000000, -0.3549999999998250111, -0.5400000000000729772 ) ) ;
#230 = DIRECTION ( 'NONE',  ( 1.000000000000000000, 0.000000000000000000, 0.000000000000000000 ) ) ;
#231 = SURFACE_SIDE_STYLE ('',( #2111 ) ) ;
#232 = ORIENTED_EDGE ( 'NONE', *, *, #1828, .F. ) ;
#233 = SURFACE_STYLE_FILL_AREA ( #1258 ) ;
#234 = CARTESIAN_POINT ( 'NONE',  ( -1.324999999999999956, -4.955000000000000071, 6.254999999999999893 ) ) ;
#235 = UNCERTAINTY_MEASURE_WITH_UNIT (LENGTH_MEASURE( 1.000000000000000082E-05 ), #272, 'distance_accuracy_value', 'NONE');
#236 = VERTEX_POINT ( 'NONE', #944 ) ;
#237 = FILL_AREA_STYLE ('',( #773 ) ) ;
#238 = DIRECTION ( 'NONE',  ( 0.000000000000000000, -1.000000000000000000, 0.000000000000000000 ) ) ;
#239 = B_SPLINE_CURVE_WITH_KNOTS ( 'NONE', 3,
 ( #2650, #3222, #1310, #1016, #2671, #2121, #496, #1833, #155, #1608, #3503, #705, #2942, #1251, #3263, #2423, #3299, #174, #745, #3586, #2725, #1051, #1269 ),
 .UNSPECIFIED., .F., .F.,
 ( 4, 2, 1, 2, 2, 2, 2, 2, 2, 2, 2, 4 ),
 ( 0.000000000000000000, 0.1249999999999970024, 0.1874999999999946154, 0.2187499999999941991, 0.2499999999999937828, 0.3749999999999940048, 0.4374999999999941158, 0.4999999999999942268, 0.6249999999999954481, 0.6874999999999964473, 0.7499999999999975575, 1.000000000000000000 ),
 .UNSPECIFIED. ) ;
#240 = ORIENTED_EDGE ( 'NONE', *, *, #1114, .T. ) ;
#241 = ADVANCED_FACE ( 'NONE', ( #3469 ), #2080, .F. ) ;
#242 = CARTESIAN_POINT ( 'NONE',  ( 1.324999999999999956, 0.2450000000000049916, 3.604999999999999982 ) ) ;
#243 = DIRECTION ( 'NONE',  ( 0.000000000000000000, 0.000000000000000000, 1.000000000000000000 ) ) ;
#244 = FACE_OUTER_BOUND ( 'NONE', #2360, .T. ) ;
#245 = ORIENTED_EDGE ( 'NONE', *, *, #2807, .T. ) ;
#246 = SURFACE_SIDE_STYLE ('',( #1632 ) ) ;
#247 =( NAMED_UNIT ( * ) PLANE_ANGLE_UNIT ( ) SI_UNIT ( $, .RADIAN. ) );
#248 = ORIENTED_EDGE ( 'NONE', *, *, #285, .F. ) ;
#249 = VECTOR ( 'NONE', #1543, 1000.000000000000000 ) ;
#250 = FILL_AREA_STYLE_COLOUR ( '', #1018 ) ;
#251 = FACE_OUTER_BOUND ( 'NONE', #1720, .T. ) ;
#252 = SURFACE_STYLE_USAGE ( .BOTH. , #3398 ) ;
#253 = DIRECTION ( 'NONE',  ( 0.000000000000000000, -1.000000000000000000, 0.000000000000000000 ) ) ;
#254 = CARTESIAN_POINT ( 'NONE',  ( -1.354795897113310055, 0.6450000000001420153, -2.640000000000000124 ) ) ;
#255 = CIRCLE ( 'NONE', #2120, 1.100000000000000311 ) ;
#256 = EDGE_LOOP ( 'NONE', ( #314, #2801, #2661, #228 ) ) ;
#257 = CARTESIAN_POINT ( 'NONE',  ( 1.474999999999999867, -3.354999999999999982, -0.5400000000000000355 ) ) ;
#258 =( GEOMETRIC_REPRESENTATION_CONTEXT ( 3 ) GLOBAL_UNCERTAINTY_ASSIGNED_CONTEXT ( ( #3240 ) ) GLOBAL_UNIT_ASSIGNED_CONTEXT ( ( #704, #153, #958 ) ) REPRESENTATION_CONTEXT ( 'NONE', 'WORKASPACE' ) );
#259 = AXIS2_PLACEMENT_3D ( 'NONE', #342, #1467, #3427 ) ;
#260 = EDGE_CURVE ( 'NONE', #2509, #3384, #1840, .T. ) ;
#261 = FILL_AREA_STYLE ('',( #2763 ) ) ;
#262 = FILL_AREA_STYLE_COLOUR ( '', #2357 ) ;
#263 = VERTEX_POINT ( 'NONE', #1339 ) ;
#264 = COLOUR_RGB ( '',0.8313725490196077761, 0.8392156862745098200, 0.8313725490196077761 ) ;
#265 = MECHANICAL_DESIGN_GEOMETRIC_PRESENTATION_REPRESENTATION (  '', ( #2067 ), #714 ) ;
#266 = EDGE_CURVE ( 'NONE', #2400, #593, #3622, .T. ) ;
#267 = PLANE ( 'NONE',  #2489 ) ;
#268 = DIRECTION ( 'NONE',  ( 0.000000000000000000, 1.000000000000000000, 0.000000000000000000 ) ) ;
#269 = CARTESIAN_POINT ( 'NONE',  ( -0.4749999999999999778, -1.354999999999830118, -2.290000000000000036 ) ) ;
#270 = ORIENTED_EDGE ( 'NONE', *, *, #2347, .T. ) ;
#271 = VECTOR ( 'NONE', #2106, 1000.000000000000000 ) ;
#272 =( LENGTH_UNIT ( ) NAMED_UNIT ( * ) SI_UNIT ( .MILLI., .METRE. ) );
#273 = CARTESIAN_POINT ( 'NONE',  ( -0.4749999999999999778, 3.104999999999999982, 0.000000000000000000 ) ) ;
#274 = UNCERTAINTY_MEASURE_WITH_UNIT (LENGTH_MEASURE( 1.000000000000000082E-05 ), #379, 'distance_accuracy_value', 'NONE');
#275 = SURFACE_STYLE_USAGE ( .BOTH. , #1656 ) ;
#276 = STYLED_ITEM ( 'NONE', ( #1060 ), #2074 ) ;
#277 = CARTESIAN_POINT ( 'NONE',  ( -1.306118583880460093, 0.5620017492279079097, -2.783748684987509936 ) ) ;
#278 =( NAMED_UNIT ( * ) PLANE_ANGLE_UNIT ( ) SI_UNIT ( $, .RADIAN. ) );
#279 = CARTESIAN_POINT ( 'NONE',  ( -0.3200000000000000067, 6.625000000000000000, 4.384999999999999787 ) ) ;
#280 = SURFACE_SIDE_STYLE ('',( #1683 ) ) ;
#281 = ORIENTED_EDGE ( 'NONE', *, *, #2597, .F. ) ;
#282 = FILL_AREA_STYLE ('',( #2780 ) ) ;
#283 = CARTESIAN_POINT ( 'NONE',  ( 1.925000000000000044, 4.955000000000000071, 6.859999999999999432 ) ) ;
#284 = ORIENTED_EDGE ( 'NONE', *, *, #1694, .T. ) ;
#285 = EDGE_CURVE ( 'NONE', #1877, #733, #2234, .T. ) ;
#286 = LINE ( 'NONE', #800, #1078 ) ;
#287 = ORIENTED_EDGE ( 'NONE', *, *, #3555, .F. ) ;
#288 = MECHANICAL_DESIGN_GEOMETRIC_PRESENTATION_REPRESENTATION (  '', ( #1512 ), #57 ) ;
#289 = EDGE_CURVE ( 'NONE', #3504, #1354, #2112, .T. ) ;
#290 = SURFACE_SIDE_STYLE ('',( #2792 ) ) ;
#291 =( LENGTH_UNIT ( ) NAMED_UNIT ( * ) SI_UNIT ( .MILLI., .METRE. ) );
#292 = CARTESIAN_POINT ( 'NONE',  ( 1.354795897113270087, -1.354999999999830118, -2.640000000000000124 ) ) ;
#293 = FILL_AREA_STYLE ('',( #1931 ) ) ;
#294 = VERTEX_POINT ( 'NONE', #1043 ) ;
#295 = VERTEX_POINT ( 'NONE', #3227 ) ;
#296 =( LENGTH_UNIT ( ) NAMED_UNIT ( * ) SI_UNIT ( .MILLI., .METRE. ) );
#297 = SURFACE_STYLE_FILL_AREA ( #1073 ) ;
#298 = DIRECTION ( 'NONE',  ( 1.000000000000000000, 0.000000000000000000, 0.000000000000000000 ) ) ;
#299 = ORIENTED_EDGE ( 'NONE', *, *, #1244, .T. ) ;
#300 = PLANE ( 'NONE',  #1550 ) ;
#301 = DIRECTION ( 'NONE',  ( -0.000000000000000000, 1.000000000000000000, 0.000000000000000000 ) ) ;
#302 = ADVANCED_FACE ( 'NONE', ( #2692 ), #1864, .F. ) ;
#303 = UNCERTAINTY_MEASURE_WITH_UNIT (LENGTH_MEASURE( 1.000000000000000082E-05 ), #1102, 'distance_accuracy_value', 'NONE');
#304 = LINE ( 'NONE', #3383, #2366 ) ;
#305 = EDGE_LOOP ( 'NONE', ( #3447, #102, #2033, #3250 ) ) ;
#306 = PRESENTATION_STYLE_ASSIGNMENT (( #2275 ) ) ;
#307 =( NAMED_UNIT ( * ) PLANE_ANGLE_UNIT ( ) SI_UNIT ( $, .RADIAN. ) );
#308 = ORIENTED_EDGE ( 'NONE', *, *, #2807, .F. ) ;
#309 = CARTESIAN_POINT ( 'NONE',  ( 0.6999999999999999556, -4.415000000000000036, 6.859999999999999432 ) ) ;
#310 = DIRECTION ( 'NONE',  ( 0.000000000000000000, 1.452867232811399672E-16, 1.000000000000000000 ) ) ;
#311 = CARTESIAN_POINT ( 'NONE',  ( -0.6750000000000000444, -4.955000000000000071, 3.604999999999999982 ) ) ;
#312 = PRESENTATION_LAYER_ASSIGNMENT (  '', '', ( #2826 ) ) ;
#313 = CARTESIAN_POINT ( 'NONE',  ( 0.3750000000000000000, -0.3549999999998250111, -3.790000000000000036 ) ) ;
#314 = ORIENTED_EDGE ( 'NONE', *, *, #784, .T. ) ;
#315 = VECTOR ( 'NONE', #1048, 1000.000000000000000 ) ;
#316 = CARTESIAN_POINT ( 'NONE',  ( 1.474999999999999867, 3.104999999999999982, -0.5400000000000000355 ) ) ;
#317 = PRESENTATION_STYLE_ASSIGNMENT (( #217 ) ) ;
#318 = ADVANCED_FACE ( 'NONE', ( #1296 ), #2936, .T. ) ;
#319 = FILL_AREA_STYLE ('',( #2566 ) ) ;
#320 = LINE ( 'NONE', #1366, #2598 ) ;
#321 = FILL_AREA_STYLE_COLOUR ( '', #2726 ) ;
#322 = LINE ( 'NONE', #3129, #1957 ) ;
#323 = EDGE_CURVE ( 'NONE', #2434, #2644, #1482, .T. ) ;
#324 =( GEOMETRIC_REPRESENTATION_CONTEXT ( 3 ) GLOBAL_UNCERTAINTY_ASSIGNED_CONTEXT ( ( #1361 ) ) GLOBAL_UNIT_ASSIGNED_CONTEXT ( ( #521, #1695, #2205 ) ) REPRESENTATION_CONTEXT ( 'NONE', 'WORKASPACE' ) );
#325 = CARTESIAN_POINT ( 'NONE',  ( 1.028181269763271954, -0.3549999959777569436, -3.789999999267729791 ) ) ;
#326 = ORIENTED_EDGE ( 'NONE', *, *, #2739, .F. ) ;
#327 = DIRECTION ( 'NONE',  ( 1.000000000000000000, 0.000000000000000000, 0.000000000000000000 ) ) ;
#328 = AXIS2_PLACEMENT_3D ( 'NONE', #1588, #1572, #2689 ) ;
#329 =( LENGTH_UNIT ( ) NAMED_UNIT ( * ) SI_UNIT ( .MILLI., .METRE. ) );
#330 = VERTEX_POINT ( 'NONE', #309 ) ;
#331 = AXIS2_PLACEMENT_3D ( 'NONE', #1637, #1004, #2983 ) ;
#332 = LINE ( 'NONE', #345, #3490 ) ;
#333 = SURFACE_SIDE_STYLE ('',( #3395 ) ) ;
#334 = VECTOR ( 'NONE', #537, 1000.000000000000000 ) ;
#335 = FACE_OUTER_BOUND ( 'NONE', #1408, .T. ) ;
#336 = STYLED_ITEM ( 'NONE', ( #2271 ), #3528 ) ;
#337 = CARTESIAN_POINT ( 'NONE',  ( 0.6199999999100029857, -4.955000000000000071, 3.254999999999999893 ) ) ;
#338 =( NAMED_UNIT ( * ) PLANE_ANGLE_UNIT ( ) SI_UNIT ( $, .RADIAN. ) );
#339 = EDGE_CURVE ( 'NONE', #798, #3513, #1145, .T. ) ;
#340 = UNCERTAINTY_MEASURE_WITH_UNIT (LENGTH_MEASURE( 1.000000000000000082E-05 ), #3468, 'distance_accuracy_value', 'NONE');
#341 = ORIENTED_EDGE ( 'NONE', *, *, #2367, .F. ) ;
#342 = CARTESIAN_POINT ( 'NONE',  ( 1.324999999999999956, 1.645000000000000018, 3.254999999999999893 ) ) ;
#343 =( NAMED_UNIT ( * ) PLANE_ANGLE_UNIT ( ) SI_UNIT ( $, .RADIAN. ) );
#344 = ORIENTED_EDGE ( 'NONE', *, *, #1348, .T. ) ;
#345 = CARTESIAN_POINT ( 'NONE',  ( 0.3200000000000000067, -2.555000000000000160, 4.610000000000000320 ) ) ;
#346 = CARTESIAN_POINT ( 'NONE',  ( 1.324999999999999956, -4.955000000000000071, 6.254999999999999893 ) ) ;
#347 = CARTESIAN_POINT ( 'NONE',  ( -1.324999999999999956, -4.955000000000000071, 3.254999999999999893 ) ) ;
#348 = LINE ( 'NONE', #926, #1650 ) ;
#349 = FILL_AREA_STYLE ('',( #2377 ) ) ;
#350 = CARTESIAN_POINT ( 'NONE',  ( 1.015971140511659154, -0.6442444637025296350, -3.713049065495393375 ) ) ;
#351 = CARTESIAN_POINT ( 'NONE',  ( 0.3200000000000000067, 6.625000000000000000, -3.720000000000000195 ) ) ;
#352 = VERTEX_POINT ( 'NONE', #1702 ) ;
#353 = CARTESIAN_POINT ( 'NONE',  ( 0.3200000000000000067, 7.264999999999999680, 5.025000000000000355 ) ) ;
#354 =( NAMED_UNIT ( * ) SI_UNIT ( $, .STERADIAN. ) SOLID_ANGLE_UNIT ( ) );
#355 = ORIENTED_EDGE ( 'NONE', *, *, #289, .F. ) ;
#356 = COLOUR_RGB ( '',0.1137254901960784298, 0.1137254901960784298, 0.1137254901960784298 ) ;
#357 = EDGE_CURVE ( 'NONE', #2644, #2640, #920, .T. ) ;
#358 = FILL_AREA_STYLE ('',( #3186 ) ) ;
#359 = ORIENTED_EDGE ( 'NONE', *, *, #3582, .T. ) ;
#360 = MECHANICAL_DESIGN_GEOMETRIC_PRESENTATION_REPRESENTATION (  '', ( #3118 ), #417 ) ;
#361 = ADVANCED_FACE ( 'NONE', ( #2542 ), #2278, .F. ) ;
#362 = PRESENTATION_LAYER_ASSIGNMENT (  '', '', ( #1231 ) ) ;
#363 = CARTESIAN_POINT ( 'NONE',  ( 0.3750000000000000000, -0.3549999999998250111, -2.290000000000000036 ) ) ;
#364 = CARTESIAN_POINT ( 'NONE',  ( 0.3750000000000000000, -0.3549999999998250111, -0.5400000000000000355 ) ) ;
#365 = PLANE ( 'NONE',  #427 ) ;
#366 = DIRECTION ( 'NONE',  ( 1.000000000000000000, 3.026320348267940289E-16, 0.000000000000000000 ) ) ;
#367 = CIRCLE ( 'NONE', #207, 1.399999999999999911 ) ;
#368 = PRESENTATION_LAYER_ASSIGNMENT (  '', '', ( #1663 ) ) ;
#369 = CARTESIAN_POINT ( 'NONE',  ( -1.324999999999999956, 1.645000000000000018, 0.6049999999999999822 ) ) ;
#370 = CARTESIAN_POINT ( 'NONE',  ( -1.925000000000000044, 4.955000000000000071, 0.000000000000000000 ) ) ;
#371 = ORIENTED_EDGE ( 'NONE', *, *, #3191, .F. ) ;
#372 = PRESENTATION_LAYER_ASSIGNMENT (  '', '', ( #39 ) ) ;
#373 = DIRECTION ( 'NONE',  ( 0.000000000000000000, -1.000000000000000000, 0.000000000000000000 ) ) ;
#374 = VECTOR ( 'NONE', #2954, 1000.000000000000000 ) ;
#375 = ORIENTED_EDGE ( 'NONE', *, *, #3003, .T. ) ;
#376 = SURFACE_STYLE_FILL_AREA ( #1853 ) ;
#377 = AXIS2_PLACEMENT_3D ( 'NONE', #3527, #1881, #3230 ) ;
#378 = SURFACE_STYLE_FILL_AREA ( #2058 ) ;
#379 =( LENGTH_UNIT ( ) NAMED_UNIT ( * ) SI_UNIT ( .MILLI., .METRE. ) );
#380 = VECTOR ( 'NONE', #1019, 1000.000000000000000 ) ;
#381 = ORIENTED_EDGE ( 'NONE', *, *, #3346, .F. ) ;
#382 = EDGE_CURVE ( 'NONE', #1322, #1354, #1429, .T. ) ;
#383 = AXIS2_PLACEMENT_3D ( 'NONE', #399, #1909, #2437 ) ;
#384 = LINE ( 'NONE', #3413, #1918 ) ;
#385 = SURFACE_STYLE_USAGE ( .BOTH. , #662 ) ;
#386 = PRESENTATION_STYLE_ASSIGNMENT (( #3508 ) ) ;
#387 = EDGE_CURVE ( 'NONE', #1557, #2842, #3151, .T. ) ;
#388 = CARTESIAN_POINT ( 'NONE',  ( -0.4749999999999999778, -0.3549999999997409672, -3.207999999999999741 ) ) ;
#389 = VECTOR ( 'NONE', #1983, 1000.000000000000000 ) ;
#390 =( LENGTH_UNIT ( ) NAMED_UNIT ( * ) SI_UNIT ( .MILLI., .METRE. ) );
#391 = DIRECTION ( 'NONE',  ( -1.000000000000000000, 0.000000000000000000, 0.000000000000000000 ) ) ;
#392 = VECTOR ( 'NONE', #438, 1000.000000000000114 ) ;
#393 = ORIENTED_EDGE ( 'NONE', *, *, #3388, .F. ) ;
#394 =( LENGTH_UNIT ( ) NAMED_UNIT ( * ) SI_UNIT ( .MILLI., .METRE. ) );
#395 = STYLED_ITEM ( 'NONE', ( #468 ), #3439 ) ;
#396 = DIRECTION ( 'NONE',  ( -1.000000000000000000, 0.000000000000000000, -3.252606517456509851E-16 ) ) ;
#397 = ORIENTED_EDGE ( 'NONE', *, *, #2055, .F. ) ;
#398 = LINE ( 'NONE', #2959, #494 ) ;
#399 = CARTESIAN_POINT ( 'NONE',  ( -0.4749999999999999778, 3.104999999999999982, -0.5400000000000000355 ) ) ;
#400 = SURFACE_SIDE_STYLE ('',( #378 ) ) ;
#401 = CARTESIAN_POINT ( 'NONE',  ( -0.6999999999999999556, -2.754999999999999893, 8.259999999999999787 ) ) ;
#402 = ORIENTED_EDGE ( 'NONE', *, *, #1551, .F. ) ;
#403 = DIRECTION ( 'NONE',  ( 0.000000000000000000, 0.000000000000000000, 1.000000000000000000 ) ) ;
#404 = CARTESIAN_POINT ( 'NONE',  ( 0.3200000000000000067, 7.264999999999999680, -3.720000000000000195 ) ) ;
#405 = ADVANCED_FACE ( 'NONE', ( #3115 ), #901, .F. ) ;
#406 = UNCERTAINTY_MEASURE_WITH_UNIT (LENGTH_MEASURE( 1.000000000000000082E-05 ), #969, 'distance_accuracy_value', 'NONE');
#407 = ORIENTED_EDGE ( 'NONE', *, *, #1027, .T. ) ;
#408 = ADVANCED_FACE ( 'NONE', ( #2365 ), #1534, .F. ) ;
#409 = SURFACE_SIDE_STYLE ('',( #2917 ) ) ;
#410 = UNCERTAINTY_MEASURE_WITH_UNIT (LENGTH_MEASURE( 1.000000000000000082E-05 ), #1503, 'distance_accuracy_value', 'NONE');
#411 = ORIENTED_EDGE ( 'NONE', *, *, #1919, .F. ) ;
#412 = LINE ( 'NONE', #3502, #2996 ) ;
#413 = CARTESIAN_POINT ( 'NONE',  ( 0.6199999999100029857, 0.2450000000000049916, 3.254999999999999893 ) ) ;
#414 = EDGE_LOOP ( 'NONE', ( #10, #2958, #1076, #2283 ) ) ;
#415 = FILL_AREA_STYLE ('',( #2126 ) ) ;
#416 = CARTESIAN_POINT ( 'NONE',  ( 1.049671748628719925, 0.1490193320422379952, -3.499012908524619991 ) ) ;
#417 =( GEOMETRIC_REPRESENTATION_CONTEXT ( 3 ) GLOBAL_UNCERTAINTY_ASSIGNED_CONTEXT ( ( #2343 ) ) GLOBAL_UNIT_ASSIGNED_CONTEXT ( ( #394, #3496, #168 ) ) REPRESENTATION_CONTEXT ( 'NONE', 'WORKASPACE' ) );
#418 = ORIENTED_EDGE ( 'NONE', *, *, #1160, .T. ) ;
#419 = CARTESIAN_POINT ( 'NONE',  ( 1.324999999999999956, 1.645000000000000018, 3.604999999999999982 ) ) ;
#420 = MECHANICAL_DESIGN_GEOMETRIC_PRESENTATION_REPRESENTATION (  '', ( #2826 ), #2874 ) ;
#421 = SURFACE_SIDE_STYLE ('',( #1476 ) ) ;
#422 = VECTOR ( 'NONE', #2026, 1000.000000000000000 ) ;
#423 = MECHANICAL_DESIGN_GEOMETRIC_PRESENTATION_REPRESENTATION (  '', ( #3239 ), #1773 ) ;
#424 = VERTEX_POINT ( 'NONE', #1521 ) ;
#425 = EDGE_CURVE ( 'NONE', #1354, #2995, #2327, .T. ) ;
#426 = SURFACE_SIDE_STYLE ('',( #145 ) ) ;
#427 = AXIS2_PLACEMENT_3D ( 'NONE', #2390, #764, #2182 ) ;
#428 = CARTESIAN_POINT ( 'NONE',  ( 0.000000000000000000, 3.625000000000239808, 0.000000000000000000 ) ) ;
#429 = ORIENTED_EDGE ( 'NONE', *, *, #2464, .F. ) ;
#430 = AXIS2_PLACEMENT_3D ( 'NONE', #3280, #3021, #1037 ) ;
#431 = EDGE_CURVE ( 'NONE', #1162, #1888, #398, .T. ) ;
#432 = VECTOR ( 'NONE', #591, 1000.000000000000000 ) ;
#433 = FACE_BOUND ( 'NONE', #1263, .T. ) ;
#434 = LINE ( 'NONE', #2176, #1184 ) ;
#435 = ORIENTED_EDGE ( 'NONE', *, *, #2688, .T. ) ;
#436 = MECHANICAL_DESIGN_GEOMETRIC_PRESENTATION_REPRESENTATION (  '', ( #3318 ), #1191 ) ;
#437 =( NAMED_UNIT ( * ) PLANE_ANGLE_UNIT ( ) SI_UNIT ( $, .RADIAN. ) );
#438 = DIRECTION ( 'NONE',  ( 0.000000000000000000, -0.5000221795955618331, -0.8660125980102735266 ) ) ;
#439 =( GEOMETRIC_REPRESENTATION_CONTEXT ( 3 ) GLOBAL_UNCERTAINTY_ASSIGNED_CONTEXT ( ( #2679 ) ) GLOBAL_UNIT_ASSIGNED_CONTEXT ( ( #2108, #437, #2674 ) ) REPRESENTATION_CONTEXT ( 'NONE', 'WORKASPACE' ) );
#440 = SURFACE_STYLE_FILL_AREA ( #1973 ) ;
#441 =( NAMED_UNIT ( * ) SI_UNIT ( $, .STERADIAN. ) SOLID_ANGLE_UNIT ( ) );
#442 = DIRECTION ( 'NONE',  ( -1.000000000000000000, 0.000000000000000000, 0.000000000000000000 ) ) ;
#443 = SURFACE_STYLE_FILL_AREA ( #2751 ) ;
#444 =( GEOMETRIC_REPRESENTATION_CONTEXT ( 3 ) GLOBAL_UNCERTAINTY_ASSIGNED_CONTEXT ( ( #2209 ) ) GLOBAL_UNIT_ASSIGNED_CONTEXT ( ( #983, #946, #3228 ) ) REPRESENTATION_CONTEXT ( 'NONE', 'WORKASPACE' ) );
#445 = COLOUR_RGB ( '',0.1137254901960784298, 0.1137254901960784298, 0.1137254901960784298 ) ;
#446 = UNCERTAINTY_MEASURE_WITH_UNIT (LENGTH_MEASURE( 1.000000000000000082E-05 ), #801, 'distance_accuracy_value', 'NONE');
#447 =( NAMED_UNIT ( * ) PLANE_ANGLE_UNIT ( ) SI_UNIT ( $, .RADIAN. ) );
#448 = DIRECTION ( 'NONE',  ( 0.000000000000000000, 1.000000000000000000, 0.000000000000000000 ) ) ;
#449 = VECTOR ( 'NONE', #2622, 1000.000000000000000 ) ;
#450 = DIRECTION ( 'NONE',  ( 0.000000000000000000, -0.5000221795955599458, 0.8660125980102747478 ) ) ;
#451 = UNCERTAINTY_MEASURE_WITH_UNIT (LENGTH_MEASURE( 1.000000000000000082E-05 ), #1012, 'distance_accuracy_value', 'NONE');
#452 = AXIS2_PLACEMENT_3D ( 'NONE', #2206, #2252, #1708 ) ;
#453 = ORIENTED_EDGE ( 'NONE', *, *, #2745, .T. ) ;
#454 = SURFACE_STYLE_USAGE ( .BOTH. , #3500 ) ;
#455 = VECTOR ( 'NONE', #2009, 1000.000000000000000 ) ;
#456 = ADVANCED_FACE ( 'NONE', ( #652 ), #3242, .T. ) ;
#457 =( NAMED_UNIT ( * ) PLANE_ANGLE_UNIT ( ) SI_UNIT ( $, .RADIAN. ) );
#458 = CARTESIAN_POINT ( 'NONE',  ( -0.4749999999999999778, -0.3549999999997409672, -3.207999999999999741 ) ) ;
#459 = ORIENTED_EDGE ( 'NONE', *, *, #2005, .F. ) ;
#460 = PLANE ( 'NONE',  #328 ) ;
#461 = CARTESIAN_POINT ( 'NONE',  ( 0.3200000000000000067, 4.264999999999999680, 5.250000000000000000 ) ) ;
#462 = ORIENTED_EDGE ( 'NONE', *, *, #431, .F. ) ;
#463 =( NAMED_UNIT ( * ) PLANE_ANGLE_UNIT ( ) SI_UNIT ( $, .RADIAN. ) );
#464 = CARTESIAN_POINT ( 'NONE',  ( -0.3200000000000000067, 4.955000000000000071, 5.025000000000000355 ) ) ;
#465 =( NAMED_UNIT ( * ) PLANE_ANGLE_UNIT ( ) SI_UNIT ( $, .RADIAN. ) );
#466 = ORIENTED_EDGE ( 'NONE', *, *, #1114, .F. ) ;
#467 =( NAMED_UNIT ( * ) SI_UNIT ( $, .STERADIAN. ) SOLID_ANGLE_UNIT ( ) );
#468 = PRESENTATION_STYLE_ASSIGNMENT (( #3335 ) ) ;
#469 = LINE ( 'NONE', #3579, #782 ) ;
#470 = LINE ( 'NONE', #1871, #1445 ) ;
#471 = VERTEX_POINT ( 'NONE', #1665 ) ;
#472 = FACE_OUTER_BOUND ( 'NONE', #3105, .T. ) ;
#473 = CARTESIAN_POINT ( 'NONE',  ( -1.354795897113270087, -1.354999999999830118, -2.290000000000000036 ) ) ;
#474 = EDGE_LOOP ( 'NONE', ( #119, #1266, #1997, #2623 ) ) ;
#475 = ADVANCED_FACE ( 'NONE', ( #741 ), #3562, .T. ) ;
#476 = SURFACE_STYLE_FILL_AREA ( #415 ) ;
#477 = PRESENTATION_LAYER_ASSIGNMENT (  '', '', ( #2456 ) ) ;
#478 = FILL_AREA_STYLE_COLOUR ( '', #1124 ) ;
#479 = ORIENTED_EDGE ( 'NONE', *, *, #1222, .F. ) ;
#480 = EDGE_CURVE ( 'NONE', #3150, #1570, #3320, .T. ) ;
#481 = PRESENTATION_LAYER_ASSIGNMENT (  '', '', ( #2067 ) ) ;
#482 =( NAMED_UNIT ( * ) SI_UNIT ( $, .STERADIAN. ) SOLID_ANGLE_UNIT ( ) );
#483 = UNCERTAINTY_MEASURE_WITH_UNIT (LENGTH_MEASURE( 1.000000000000000082E-05 ), #390, 'distance_accuracy_value', 'NONE');
#484 = CIRCLE ( 'NONE', #3172, 1.399999999999999911 ) ;
#485 = SURFACE_STYLE_FILL_AREA ( #3051 ) ;
#486 = FILL_AREA_STYLE ('',( #202 ) ) ;
#487 = CARTESIAN_POINT ( 'NONE',  ( 1.925000000000000044, -4.955000000000000071, 6.859999999999999432 ) ) ;
#488 = COLOUR_RGB ( '',0.1137254901960784298, 0.1137254901960784298, 0.1137254901960784298 ) ;
#489 = DIRECTION ( 'NONE',  ( 1.000000000000000000, 0.000000000000000000, 0.000000000000000000 ) ) ;
#490 = UNCERTAINTY_MEASURE_WITH_UNIT (LENGTH_MEASURE( 1.000000000000000082E-05 ), #528, 'distance_accuracy_value', 'NONE');
#491 = ORIENTED_EDGE ( 'NONE', *, *, #3003, .F. ) ;
#492 = DIRECTION ( 'NONE',  ( 0.000000000000000000, 0.000000000000000000, -1.000000000000000000 ) ) ;
#493 = VECTOR ( 'NONE', #2835, 1000.000000000000000 ) ;
#494 = VECTOR ( 'NONE', #722, 1000.000000000000000 ) ;
#495 = SURFACE_STYLE_FILL_AREA ( #1855 ) ;
#496 = CARTESIAN_POINT ( 'NONE',  ( 1.020125463078579875, 0.06742490000541022377, -3.608404025291324757 ) ) ;
#497 = ORIENTED_EDGE ( 'NONE', *, *, #1736, .T. ) ;
#498 = AXIS2_PLACEMENT_3D ( 'NONE', #2093, #3152, #2886 ) ;
#499 = CARTESIAN_POINT ( 'NONE',  ( -1.354795897113270087, 0.6450000000001029354, -2.290000000000000036 ) ) ;
#500 = CARTESIAN_POINT ( 'NONE',  ( -1.474999999999999867, -0.3549999999998250111, -0.5400000000000729772 ) ) ;
#501 = ORIENTED_EDGE ( 'NONE', *, *, #887, .T. ) ;
#502 = DIRECTION ( 'NONE',  ( 1.000000000000000000, -6.052640696535880578E-16, 0.000000000000000000 ) ) ;
#503 = COLOUR_RGB ( '',0.8313725490196077761, 0.8392156862745098200, 0.8313725490196077761 ) ;
#504 = DIRECTION ( 'NONE',  ( 0.000000000000000000, 1.000000000000000000, 0.000000000000000000 ) ) ;
#505 = ADVANCED_FACE ( 'NONE', ( #1646 ), #1331, .F. ) ;
#506 = DIRECTION ( 'NONE',  ( 0.000000000000000000, -5.087165618700310035E-16, 1.000000000000000000 ) ) ;
#507 = VECTOR ( 'NONE', #964, 1000.000000000000000 ) ;
#508 = DIRECTION ( 'NONE',  ( 0.000000000000000000, 0.000000000000000000, -1.000000000000000000 ) ) ;
#509 = CARTESIAN_POINT ( 'NONE',  ( 1.324999999999999956, 1.645000000000000018, 1.255000000000000115 ) ) ;
#510 = DIRECTION ( 'NONE',  ( 0.000000000000000000, 0.000000000000000000, -1.000000000000000000 ) ) ;
#511 = ORIENTED_EDGE ( 'NONE', *, *, #1673, .F. ) ;
#512 = PRESENTATION_LAYER_ASSIGNMENT (  '', '', ( #2495 ) ) ;
#513 = VECTOR ( 'NONE', #1526, 1000.000000000000000 ) ;
#514 = CARTESIAN_POINT ( 'NONE',  ( -1.324999999999999956, 1.645000000000000018, 3.254999999999999893 ) ) ;
#515 = ORIENTED_EDGE ( 'NONE', *, *, #3008, .F. ) ;
#516 = VECTOR ( 'NONE', #2818, 1000.000000000000000 ) ;
#517 = DIRECTION ( 'NONE',  ( 0.000000000000000000, 0.000000000000000000, -1.000000000000000000 ) ) ;
#518 = CARTESIAN_POINT ( 'NONE',  ( 0.3200000000000000067, 6.625000000000000000, -3.720000000000000195 ) ) ;
#519 = ORIENTED_EDGE ( 'NONE', *, *, #285, .T. ) ;
#520 = DIRECTION ( 'NONE',  ( 1.000000000000000000, 0.000000000000000000, 0.000000000000000000 ) ) ;
#521 =( LENGTH_UNIT ( ) NAMED_UNIT ( * ) SI_UNIT ( .MILLI., .METRE. ) );
#522 = PLANE ( 'NONE',  #2003 ) ;
#523 = SURFACE_STYLE_USAGE ( .BOTH. , #3619 ) ;
#524 = EDGE_CURVE ( 'NONE', #294, #2326, #3040, .T. ) ;
#525 = LINE ( 'NONE', #1579, #3367 ) ;
#526 =( NAMED_UNIT ( * ) SI_UNIT ( $, .STERADIAN. ) SOLID_ANGLE_UNIT ( ) );
#527 = VERTEX_POINT ( 'NONE', #257 ) ;
#528 =( LENGTH_UNIT ( ) NAMED_UNIT ( * ) SI_UNIT ( .MILLI., .METRE. ) );
#529 = EDGE_CURVE ( 'NONE', #330, #1520, #1371, .T. ) ;
#530 = SURFACE_STYLE_USAGE ( .BOTH. , #1389 ) ;
#531 = ORIENTED_EDGE ( 'NONE', *, *, #2110, .F. ) ;
#532 = SURFACE_STYLE_USAGE ( .BOTH. , #2525 ) ;
#533 = SURFACE_SIDE_STYLE ('',( #1975 ) ) ;
#534 = VERTEX_POINT ( 'NONE', #594 ) ;
#535 = COLOUR_RGB ( '',0.1137254901960784298, 0.1137254901960784298, 0.1137254901960784298 ) ;
#536 = CARTESIAN_POINT ( 'NONE',  ( 1.474999999999999867, -0.3549999999998250111, -0.5400000000000000355 ) ) ;
#537 = DIRECTION ( 'NONE',  ( 0.000000000000000000, 1.000000000000000000, 0.000000000000000000 ) ) ;
#538 = FACE_OUTER_BOUND ( 'NONE', #2799, .T. ) ;
#539 = LINE ( 'NONE', #771, #2178 ) ;
#540 = FACE_OUTER_BOUND ( 'NONE', #256, .T. ) ;
#541 = MECHANICAL_DESIGN_GEOMETRIC_PRESENTATION_REPRESENTATION (  '', ( #826 ), #2463 ) ;
#542 = EDGE_CURVE ( 'NONE', #3354, #1501, #1444, .T. ) ;
#543 = ORIENTED_EDGE ( 'NONE', *, *, #195, .F. ) ;
#544 = PRESENTATION_STYLE_ASSIGNMENT (( #795 ) ) ;
#545 = COLOUR_RGB ( '',0.1137254901960784298, 0.1137254901960784298, 0.1137254901960784298 ) ;
#546 = STYLED_ITEM ( 'NONE', ( #2431 ), #241 ) ;
#547 = EDGE_CURVE ( 'NONE', #3343, #2198, #2554, .T. ) ;
#548 = LINE ( 'NONE', #2747, #96 ) ;
#549 = ORIENTED_EDGE ( 'NONE', *, *, #2668, .T. ) ;
#550 = COLOUR_RGB ( '',0.1137254901960784298, 0.1137254901960784298, 0.1137254901960784298 ) ;
#551 = COLOUR_RGB ( '',0.1137254901960784298, 0.1137254901960784298, 0.1137254901960784298 ) ;
#552 = PRESENTATION_LAYER_ASSIGNMENT (  '', '', ( #3182 ) ) ;
#553 = CARTESIAN_POINT ( 'NONE',  ( 0.6199999999100029857, -4.955000000000000071, 3.604999999999999982 ) ) ;
#554 = PLANE ( 'NONE',  #973 ) ;
#555 = PLANE ( 'NONE',  #3544 ) ;
#556 = EDGE_LOOP ( 'NONE', ( #144, #3254, #3473, #3081, #2265, #3136 ) ) ;
#557 = STYLED_ITEM ( 'NONE', ( #2197 ), #1780 ) ;
#558 = CARTESIAN_POINT ( 'NONE',  ( -0.3200000000000000067, 1.645000000000000018, 2.250000000000000000 ) ) ;
#559 =( NAMED_UNIT ( * ) SI_UNIT ( $, .STERADIAN. ) SOLID_ANGLE_UNIT ( ) );
#560 =( GEOMETRIC_REPRESENTATION_CONTEXT ( 3 ) GLOBAL_UNCERTAINTY_ASSIGNED_CONTEXT ( ( #1061 ) ) GLOBAL_UNIT_ASSIGNED_CONTEXT ( ( #797, #1353, #3604 ) ) REPRESENTATION_CONTEXT ( 'NONE', 'WORKASPACE' ) );
#561 = UNCERTAINTY_MEASURE_WITH_UNIT (LENGTH_MEASURE( 1.000000000000000082E-05 ), #645, 'distance_accuracy_value', 'NONE');
#562 = DIRECTION ( 'NONE',  ( 1.000000000000000000, 0.000000000000000000, 0.000000000000000000 ) ) ;
#563 = STYLED_ITEM ( 'NONE', ( #2512 ), #2158 ) ;
#564 = LINE ( 'NONE', #2029, #1627 ) ;
#565 = CARTESIAN_POINT ( 'NONE',  ( 1.028181269763271954, -0.3549999959777569436, -3.789999999267729791 ) ) ;
#566 = CARTESIAN_POINT ( 'NONE',  ( 0.6999999999999999556, -2.754999999999999893, 8.259999999999999787 ) ) ;
#567 = VECTOR ( 'NONE', #871, 1000.000000000000000 ) ;
#568 = SURFACE_STYLE_FILL_AREA ( #93 ) ;
#569 = COLOUR_RGB ( '',0.1137254901960784298, 0.1137254901960784298, 0.1137254901960784298 ) ;
#570 = STYLED_ITEM ( 'NONE', ( #182 ), #2957 ) ;
#571 = ORIENTED_EDGE ( 'NONE', *, *, #697, .F. ) ;
#572 = ADVANCED_FACE ( 'NONE', ( #24 ), #3351, .T. ) ;
#573 =( GEOMETRIC_REPRESENTATION_CONTEXT ( 3 ) GLOBAL_UNCERTAINTY_ASSIGNED_CONTEXT ( ( #3617 ) ) GLOBAL_UNIT_ASSIGNED_CONTEXT ( ( #1273, #727, #763 ) ) REPRESENTATION_CONTEXT ( 'NONE', 'WORKASPACE' ) );
#574 = LINE ( 'NONE', #3632, #516 ) ;
#575 =( NAMED_UNIT ( * ) SI_UNIT ( $, .STERADIAN. ) SOLID_ANGLE_UNIT ( ) );
#576 = AXIS2_PLACEMENT_3D ( 'NONE', #3556, #1029, #2986 ) ;
#577 = CARTESIAN_POINT ( 'NONE',  ( 0.3200000000000000067, -2.555000000000000160, 1.610000000000000098 ) ) ;
#578 = FILL_AREA_STYLE_COLOUR ( '', #1685 ) ;
#579 = DIRECTION ( 'NONE',  ( 0.000000000000000000, 0.000000000000000000, -1.000000000000000000 ) ) ;
#580 = SURFACE_SIDE_STYLE ('',( #3093 ) ) ;
#581 = CARTESIAN_POINT ( 'NONE',  ( 1.354795897113270087, -1.354999999999830118, -2.290000000000000036 ) ) ;
#582 = ORIENTED_EDGE ( 'NONE', *, *, #1532, .F. ) ;
#583 = ORIENTED_EDGE ( 'NONE', *, *, #3255, .F. ) ;
#584 = LINE ( 'NONE', #2788, #618 ) ;
#585 = LINE ( 'NONE', #1953, #2043 ) ;
#586 =( LENGTH_UNIT ( ) NAMED_UNIT ( * ) SI_UNIT ( .MILLI., .METRE. ) );
#587 = ORIENTED_EDGE ( 'NONE', *, *, #3275, .T. ) ;
#588 = ADVANCED_FACE ( 'NONE', ( #1138 ), #3368, .F. ) ;
#589 = EDGE_CURVE ( 'NONE', #3584, #2420, #1156, .T. ) ;
#590 = CARTESIAN_POINT ( 'NONE',  ( 0.3200000000000000067, 1.645000000000000018, 0.000000000000000000 ) ) ;
#591 = DIRECTION ( 'NONE',  ( 0.000000000000000000, 8.136601669684868820E-17, -1.000000000000000000 ) ) ;
#592 = CARTESIAN_POINT ( 'NONE',  ( -0.4749999999999999778, 0.6449999999999999067, -2.640000000000000124 ) ) ;
#593 = VERTEX_POINT ( 'NONE', #2814 ) ;
#594 = CARTESIAN_POINT ( 'NONE',  ( 0.4749999999999999778, -1.354999999999820126, -0.5400000000000000355 ) ) ;
#595 = STYLED_ITEM ( 'NONE', ( #2696 ), #744 ) ;
#596 = PLANE ( 'NONE',  #1428 ) ;
#597 = VERTEX_POINT ( 'NONE', #1480 ) ;
#598 = FILL_AREA_STYLE ('',( #3448 ) ) ;
#599 = STYLED_ITEM ( 'NONE', ( #1453 ), #862 ) ;
#600 = DIRECTION ( 'NONE',  ( 0.000000000000000000, 0.000000000000000000, 1.000000000000000000 ) ) ;
#601 = CARTESIAN_POINT ( 'NONE',  ( 1.324999999999999956, 1.645000000000000018, 3.254999999999999893 ) ) ;
#602 = VECTOR ( 'NONE', #2017, 1000.000000000000114 ) ;
#603 = DIRECTION ( 'NONE',  ( -7.744301232039317914E-17, 1.000000000000000000, 0.000000000000000000 ) ) ;
#604 = ORIENTED_EDGE ( 'NONE', *, *, #1568, .F. ) ;
#605 = COLOUR_RGB ( '',0.8313725490196077761, 0.8392156862745098200, 0.8313725490196077761 ) ;
#606 = DIRECTION ( 'NONE',  ( 0.000000000000000000, -1.000000000000000000, 0.000000000000000000 ) ) ;
#607 = VECTOR ( 'NONE', #2614, 1000.000000000000000 ) ;
#608 = CARTESIAN_POINT ( 'NONE',  ( 0.000000000000000000, 1.645000000000000018, 1.610000000000000098 ) ) ;
#609 = AXIS2_PLACEMENT_3D ( 'NONE', #3347, #845, #4 ) ;
#610 = EDGE_CURVE ( 'NONE', #3189, #1042, #322, .T. ) ;
#611 = DIRECTION ( 'NONE',  ( 0.000000000000000000, 0.000000000000000000, -1.000000000000000000 ) ) ;
#612 = CARTESIAN_POINT ( 'NONE',  ( 0.3200000000000000067, 1.645000000000000018, 4.610000000000000320 ) ) ;
#613 = ORIENTED_EDGE ( 'NONE', *, *, #1623, .F. ) ;
#614 = AXIS2_PLACEMENT_3D ( 'NONE', #914, #2049, #72 ) ;
#615 = SURFACE_SIDE_STYLE ('',( #568 ) ) ;
#616 = SURFACE_SIDE_STYLE ('',( #3403 ) ) ;
#617 = ORIENTED_EDGE ( 'NONE', *, *, #529, .T. ) ;
#618 = VECTOR ( 'NONE', #3356, 1000.000000000000000 ) ;
#619 =( NAMED_UNIT ( * ) PLANE_ANGLE_UNIT ( ) SI_UNIT ( $, .RADIAN. ) );
#620 = LINE ( 'NONE', #134, #1769 ) ;
#621 = VECTOR ( 'NONE', #310, 1000.000000000000000 ) ;
#622 =( NAMED_UNIT ( * ) PLANE_ANGLE_UNIT ( ) SI_UNIT ( $, .RADIAN. ) );
#623 = VERTEX_POINT ( 'NONE', #864 ) ;
#624 =( GEOMETRIC_REPRESENTATION_CONTEXT ( 3 ) GLOBAL_UNCERTAINTY_ASSIGNED_CONTEXT ( ( #698 ) ) GLOBAL_UNIT_ASSIGNED_CONTEXT ( ( #3270, #1342, #482 ) ) REPRESENTATION_CONTEXT ( 'NONE', 'WORKASPACE' ) );
#625 =( NAMED_UNIT ( * ) SI_UNIT ( $, .STERADIAN. ) SOLID_ANGLE_UNIT ( ) );
#626 = FILL_AREA_STYLE ('',( #2318 ) ) ;
#627 = COLOUR_RGB ( '',0.1137254901960784298, 0.1137254901960784298, 0.1137254901960784298 ) ;
#628 = CARTESIAN_POINT ( 'NONE',  ( -0.6999999999999999556, -2.004999999999999893, 6.859999999999999432 ) ) ;
#629 = LINE ( 'NONE', #644, #1189 ) ;
#630 = DIRECTION ( 'NONE',  ( 0.000000000000000000, 0.000000000000000000, -1.000000000000000000 ) ) ;
#631 = ORIENTED_EDGE ( 'NONE', *, *, #2688, .F. ) ;
#632 = EDGE_CURVE ( 'NONE', #3366, #2189, #3467, .T. ) ;
#633 =( NAMED_UNIT ( * ) PLANE_ANGLE_UNIT ( ) SI_UNIT ( $, .RADIAN. ) );
#634 = UNCERTAINTY_MEASURE_WITH_UNIT (LENGTH_MEASURE( 1.000000000000000082E-05 ), #2072, 'distance_accuracy_value', 'NONE');
#635 = ORIENTED_EDGE ( 'NONE', *, *, #2409, .F. ) ;
#636 = EDGE_CURVE ( 'NONE', #1423, #2590, #2876, .T. ) ;
#637 = DIRECTION ( 'NONE',  ( 1.000000000000000000, -2.252887631138709814E-16, 0.000000000000000000 ) ) ;
#638 = CARTESIAN_POINT ( 'NONE',  ( -1.474999999999999867, 3.104999999999999982, 0.000000000000000000 ) ) ;
#639 =( NAMED_UNIT ( * ) PLANE_ANGLE_UNIT ( ) SI_UNIT ( $, .RADIAN. ) );
#640 = ORIENTED_EDGE ( 'NONE', *, *, #3549, .T. ) ;
#641 = DIRECTION ( 'NONE',  ( -0.7071067811865480168, 0.000000000000000000, -0.7071067811865470176 ) ) ;
#642 =( NAMED_UNIT ( * ) SI_UNIT ( $, .STERADIAN. ) SOLID_ANGLE_UNIT ( ) );
#643 = PLANE ( 'NONE',  #1319 ) ;
#644 = CARTESIAN_POINT ( 'NONE',  ( -0.6750000000000000444, -4.955000000000000071, 3.604999999999999982 ) ) ;
#645 =( LENGTH_UNIT ( ) NAMED_UNIT ( * ) SI_UNIT ( .MILLI., .METRE. ) );
#646 = EDGE_LOOP ( 'NONE', ( #2458, #1967, #2541, #2344 ) ) ;
#647 = FACE_BOUND ( 'NONE', #3618, .T. ) ;
#648 = AXIS2_PLACEMENT_3D ( 'NONE', #2499, #1, #579 ) ;
#649 = EDGE_CURVE ( 'NONE', #2684, #1635, #1810, .T. ) ;
#650 = CARTESIAN_POINT ( 'NONE',  ( 0.4749999999999999778, -3.354999999999999982, -0.5400000000000000355 ) ) ;
#651 = EDGE_LOOP ( 'NONE', ( #2274, #1621, #3178, #3340 ) ) ;
#652 = FACE_OUTER_BOUND ( 'NONE', #2168, .T. ) ;
#653 = AXIS2_PLACEMENT_3D ( 'NONE', #2761, #2991, #2744 ) ;
#654 = ADVANCED_FACE ( 'NONE', ( #2115 ), #1498, .T. ) ;
#655 = SURFACE_SIDE_STYLE ('',( #2613 ) ) ;
#656 = FACE_OUTER_BOUND ( 'NONE', #2931, .T. ) ;
#657 = CARTESIAN_POINT ( 'NONE',  ( 0.6750000000000000444, -4.955000000000000071, 0.6049999999999999822 ) ) ;
#658 = ORIENTED_EDGE ( 'NONE', *, *, #3505, .T. ) ;
#659 = STYLED_ITEM ( 'NONE', ( #2738 ), #756 ) ;
#660 = COLOUR_RGB ( '',0.1137254901960784298, 0.1137254901960784298, 0.1137254901960784298 ) ;
#661 = AXIS2_PLACEMENT_3D ( 'NONE', #1574, #2449, #502 ) ;
#662 = SURFACE_SIDE_STYLE ('',( #3168 ) ) ;
#663 = LINE ( 'NONE', #3487, #1907 ) ;
#664 = CARTESIAN_POINT ( 'NONE',  ( 0.3200000000000000067, 4.264999999999999680, 4.384999999999999787 ) ) ;
#665 = MECHANICAL_DESIGN_GEOMETRIC_PRESENTATION_REPRESENTATION (  '', ( #1663 ), #197 ) ;
#666 = CARTESIAN_POINT ( 'NONE',  ( -0.4749999999999999778, -1.354999999999820126, -0.5400000000000000355 ) ) ;
#667 = CARTESIAN_POINT ( 'NONE',  ( 1.049671748628649759, -0.8590193320419790002, -3.499012908524619991 ) ) ;
#668 = STYLED_ITEM ( 'NONE', ( #125 ), #1400 ) ;
#669 = VERTEX_POINT ( 'NONE', #2324 ) ;
#670 = MECHANICAL_DESIGN_GEOMETRIC_PRESENTATION_REPRESENTATION (  '', ( #2483 ), #1606 ) ;
#671 = ORIENTED_EDGE ( 'NONE', *, *, #1294, .T. ) ;
#672 = LINE ( 'NONE', #601, #1657 ) ;
#673 = CARTESIAN_POINT ( 'NONE',  ( -0.6999999999999999556, -2.004999999999999893, 6.859999999999999432 ) ) ;
#674 = CIRCLE ( 'NONE', #2028, 1.100000000000000311 ) ;
#675 = ORIENTED_EDGE ( 'NONE', *, *, #2391, .T. ) ;
#676 = ADVANCED_FACE ( 'NONE', ( #1847 ), #987, .T. ) ;
#677 = AXIS2_PLACEMENT_3D ( 'NONE', #2170, #510, #253 ) ;
#678 = DIRECTION ( 'NONE',  ( 0.000000000000000000, 1.000000000000000000, 5.087165618700310035E-16 ) ) ;
#679 = CARTESIAN_POINT ( 'NONE',  ( -0.3200000000000000067, 4.955000000000000071, 6.859999999999999432 ) ) ;
#680 = FACE_OUTER_BOUND ( 'NONE', #1021, .T. ) ;
#681 = ORIENTED_EDGE ( 'NONE', *, *, #1098, .F. ) ;
#682 =( GEOMETRIC_REPRESENTATION_CONTEXT ( 3 ) GLOBAL_UNCERTAINTY_ASSIGNED_CONTEXT ( ( #2528 ) ) GLOBAL_UNIT_ASSIGNED_CONTEXT ( ( #2048, #2657, #1806 ) ) REPRESENTATION_CONTEXT ( 'NONE', 'WORKASPACE' ) );
#683 = COLOUR_RGB ( '',0.1137254901960784298, 0.1137254901960784298, 0.1137254901960784298 ) ;
#684 = SURFACE_SIDE_STYLE ('',( #947 ) ) ;
#685 = ORIENTED_EDGE ( 'NONE', *, *, #2867, .T. ) ;
#686 = FILL_AREA_STYLE_COLOUR ( '', #550 ) ;
#687 = ORIENTED_EDGE ( 'NONE', *, *, #2284, .F. ) ;
#688 =( NAMED_UNIT ( * ) SI_UNIT ( $, .STERADIAN. ) SOLID_ANGLE_UNIT ( ) );
#689 = PLANE ( 'NONE',  #30 ) ;
#690 = CARTESIAN_POINT ( 'NONE',  ( -1.324999999999999956, 1.645000000000000018, 4.254999999999999893 ) ) ;
#691 = ORIENTED_EDGE ( 'NONE', *, *, #3255, .T. ) ;
#692 = LINE ( 'NONE', #2147, #2952 ) ;
#693 = CARTESIAN_POINT ( 'NONE',  ( 0.6999999999999999556, -2.004999999999999893, 8.259999999999999787 ) ) ;
#694 = ADVANCED_FACE ( 'NONE', ( #647, #2339 ), #2933, .T. ) ;
#695 = FACE_OUTER_BOUND ( 'NONE', #1466, .T. ) ;
#696 = CARTESIAN_POINT ( 'NONE',  ( 1.018237143138788436, -0.6052387235283906985, -3.733533728874450563 ) ) ;
#697 = EDGE_CURVE ( 'NONE', #295, #2732, #255, .T. ) ;
#698 = UNCERTAINTY_MEASURE_WITH_UNIT (LENGTH_MEASURE( 1.000000000000000082E-05 ), #3270, 'distance_accuracy_value', 'NONE');
#699 = ORIENTED_EDGE ( 'NONE', *, *, #1077, .F. ) ;
#700 = CARTESIAN_POINT ( 'NONE',  ( 0.3200000000000000067, 0.000000000000000000, 0.000000000000000000 ) ) ;
#701 = UNCERTAINTY_MEASURE_WITH_UNIT (LENGTH_MEASURE( 1.000000000000000082E-05 ), #2260, 'distance_accuracy_value', 'NONE');
#702 = ORIENTED_EDGE ( 'NONE', *, *, #219, .T. ) ;
#703 = SURFACE_STYLE_USAGE ( .BOTH. , #991 ) ;
#704 =( LENGTH_UNIT ( ) NAMED_UNIT ( * ) SI_UNIT ( .MILLI., .METRE. ) );
#705 = CARTESIAN_POINT ( 'NONE',  ( 1.014635660875878642, -0.01503841896391417028, -3.680589415340123516 ) ) ;
#706 = VERTEX_POINT ( 'NONE', #806 ) ;
#707 = LINE ( 'NONE', #979, #2733 ) ;
#708 = AXIS2_PLACEMENT_3D ( 'NONE', #2624, #2102, #1548 ) ;
#709 = ORIENTED_EDGE ( 'NONE', *, *, #3346, .T. ) ;
#710 = EDGE_CURVE ( 'NONE', #1586, #3338, #1928, .T. ) ;
#711 = FACE_OUTER_BOUND ( 'NONE', #3543, .T. ) ;
#712 =( LENGTH_UNIT ( ) NAMED_UNIT ( * ) SI_UNIT ( .MILLI., .METRE. ) );
#713 = SURFACE_STYLE_USAGE ( .BOTH. , #3231 ) ;
#714 =( GEOMETRIC_REPRESENTATION_CONTEXT ( 3 ) GLOBAL_UNCERTAINTY_ASSIGNED_CONTEXT ( ( #2720 ) ) GLOBAL_UNIT_ASSIGNED_CONTEXT ( ( #1117, #633, #1463 ) ) REPRESENTATION_CONTEXT ( 'NONE', 'WORKASPACE' ) );
#715 = CARTESIAN_POINT ( 'NONE',  ( -1.474999999999999867, 3.104999999999999982, -0.5400000000000000355 ) ) ;
#716 = EDGE_CURVE ( 'NONE', #1042, #1739, #484, .T. ) ;
#717 = STYLED_ITEM ( 'NONE', ( #2708 ), #1450 ) ;
#718 = LINE ( 'NONE', #1010, #374 ) ;
#719 = PRESENTATION_STYLE_ASSIGNMENT (( #899 ) ) ;
#720 = ORIENTED_EDGE ( 'NONE', *, *, #3582, .F. ) ;
#721 = VECTOR ( 'NONE', #2143, 1000.000000000000000 ) ;
#722 = DIRECTION ( 'NONE',  ( 0.000000000000000000, 1.000000000000000000, 0.000000000000000000 ) ) ;
#723 = LINE ( 'NONE', #2700, #2822 ) ;
#724 = CARTESIAN_POINT ( 'NONE',  ( -1.324999999999999956, -4.955000000000000071, 0.6049999999999999822 ) ) ;
#725 = ORIENTED_EDGE ( 'NONE', *, *, #1755, .F. ) ;
#726 = VECTOR ( 'NONE', #2433, 1000.000000000000000 ) ;
#727 =( NAMED_UNIT ( * ) PLANE_ANGLE_UNIT ( ) SI_UNIT ( $, .RADIAN. ) );
#728 = FACE_OUTER_BOUND ( 'NONE', #414, .T. ) ;
#729 = ORIENTED_EDGE ( 'NONE', *, *, #808, .F. ) ;
#730 = PRODUCT_CONTEXT ( 'NONE', #3401, 'mechanical' ) ;
#731 =( LENGTH_UNIT ( ) NAMED_UNIT ( * ) SI_UNIT ( .MILLI., .METRE. ) );
#732 = MECHANICAL_DESIGN_GEOMETRIC_PRESENTATION_REPRESENTATION (  '', ( #2495 ), #2791 ) ;
#733 = VERTEX_POINT ( 'NONE', #2476 ) ;
#734 = CARTESIAN_POINT ( 'NONE',  ( 1.925000000000000044, -4.955000000000000071, 0.000000000000000000 ) ) ;
#735 = VECTOR ( 'NONE', #942, 1000.000000000000000 ) ;
#736 = DIRECTION ( 'NONE',  ( 0.000000000000000000, 0.000000000000000000, -1.000000000000000000 ) ) ;
#737 = CARTESIAN_POINT ( 'NONE',  ( -1.324999999999999956, 1.645000000000000018, 6.254999999999999893 ) ) ;
#738 = EDGE_CURVE ( 'NONE', #593, #1198, #539, .T. ) ;
#739 = MECHANICAL_DESIGN_GEOMETRIC_PRESENTATION_REPRESENTATION (  '', ( #395 ), #2796 ) ;
#740 = ORIENTED_EDGE ( 'NONE', *, *, #3008, .T. ) ;
#741 = FACE_OUTER_BOUND ( 'NONE', #1851, .T. ) ;
#742 = COLOUR_RGB ( '',0.8313725490196077761, 0.8392156862745098200, 0.8313725490196077761 ) ;
#743 = DIRECTION ( 'NONE',  ( 0.000000000000000000, 0.000000000000000000, 1.000000000000000000 ) ) ;
#744 = ADVANCED_FACE ( 'NONE', ( #3314 ), #2985, .F. ) ;
#745 = CARTESIAN_POINT ( 'NONE',  ( 1.022081098849653369, -0.1792003375296865042, -3.762961634586099002 ) ) ;
#746 = ORIENTED_EDGE ( 'NONE', *, *, #710, .F. ) ;
#747 = DIRECTION ( 'NONE',  ( 2.956915015869555306E-16, 0.000000000000000000, -1.000000000000000000 ) ) ;
#748 = CARTESIAN_POINT ( 'NONE',  ( 0.3200000000000000067, 6.625000000000000000, -3.720000000000000195 ) ) ;
#749 = EDGE_LOOP ( 'NONE', ( #2943, #2488, #635, #149 ) ) ;
#750 = FACE_OUTER_BOUND ( 'NONE', #1614, .T. ) ;
#751 = DIRECTION ( 'NONE',  ( 0.000000000000000000, 0.000000000000000000, -1.000000000000000000 ) ) ;
#752 = CYLINDRICAL_SURFACE ( 'NONE', #799, 1.100000000000000089 ) ;
#753 = CARTESIAN_POINT ( 'NONE',  ( 1.324999999999999956, 1.645000000000000018, 1.255000000000000115 ) ) ;
#754 = EDGE_LOOP ( 'NONE', ( #1017, #571, #2875, #1127 ) ) ;
#755 = DIRECTION ( 'NONE',  ( 0.000000000000000000, 1.000000000000000000, 5.087165618700310035E-16 ) ) ;
#756 = ADVANCED_FACE ( 'NONE', ( #3532 ), #1300, .F. ) ;
#757 = CARTESIAN_POINT ( 'NONE',  ( -0.8332575694955840495, -1.354999999999820126, -0.5400000000000729772 ) ) ;
#758 = CARTESIAN_POINT ( 'NONE',  ( -0.3200000000000000067, -2.555000000000000160, 1.610000000000000098 ) ) ;
#759 = VERTEX_POINT ( 'NONE', #1743 ) ;
#760 = COLOUR_RGB ( '',0.1137254901960784298, 0.1137254901960784298, 0.1137254901960784298 ) ;
#761 = EDGE_CURVE ( 'NONE', #123, #3584, #3430, .T. ) ;
#762 = CARTESIAN_POINT ( 'NONE',  ( 1.256702175378699771, 0.4791171807752230283, -2.927300478067430323 ) ) ;
#763 =( NAMED_UNIT ( * ) SI_UNIT ( $, .STERADIAN. ) SOLID_ANGLE_UNIT ( ) );
#764 = DIRECTION ( 'NONE',  ( 0.000000000000000000, -1.000000000000000000, 0.000000000000000000 ) ) ;
#765 = ORIENTED_EDGE ( 'NONE', *, *, #219, .F. ) ;
#766 = DIRECTION ( 'NONE',  ( 0.7071067811865470176, 0.000000000000000000, -0.7071067811865480168 ) ) ;
#767 = AXIS2_PLACEMENT_3D ( 'NONE', #951, #3235, #2898 ) ;
#768 =( NAMED_UNIT ( * ) SI_UNIT ( $, .STERADIAN. ) SOLID_ANGLE_UNIT ( ) );
#769 = PRESENTATION_STYLE_ASSIGNMENT (( #713 ) ) ;
#770 = ORIENTED_EDGE ( 'NONE', *, *, #1244, .F. ) ;
#771 = CARTESIAN_POINT ( 'NONE',  ( 1.354795897113270087, -1.354999999999830118, -2.640000000000000124 ) ) ;
#772 = CARTESIAN_POINT ( 'NONE',  ( 0.6999999999999999556, -2.004999999999999893, 6.859999999999999432 ) ) ;
#773 = FILL_AREA_STYLE_COLOUR ( '', #1382 ) ;
#774 = PRESENTATION_LAYER_ASSIGNMENT (  '', '', ( #1368 ) ) ;
#775 = ORIENTED_EDGE ( 'NONE', *, *, #1271, .T. ) ;
#776 = SURFACE_STYLE_FILL_AREA ( #2521 ) ;
#777 =( GEOMETRIC_REPRESENTATION_CONTEXT ( 3 ) GLOBAL_UNCERTAINTY_ASSIGNED_CONTEXT ( ( #1738 ) ) GLOBAL_UNIT_ASSIGNED_CONTEXT ( ( #1965, #3599, #526 ) ) REPRESENTATION_CONTEXT ( 'NONE', 'WORKASPACE' ) );
#778 = DIRECTION ( 'NONE',  ( -1.000000000000000000, 0.000000000000000000, 3.273063162220390326E-16 ) ) ;
#779 = ORIENTED_EDGE ( 'NONE', *, *, #2220, .F. ) ;
#780 = DIRECTION ( 'NONE',  ( 0.000000000000000000, 0.000000000000000000, -1.000000000000000000 ) ) ;
#781 = DIRECTION ( 'NONE',  ( -1.000000000000000000, 0.000000000000000000, 0.000000000000000000 ) ) ;
#782 = VECTOR ( 'NONE', #220, 1000.000000000000000 ) ;
#783 = ORIENTED_EDGE ( 'NONE', *, *, #3433, .F. ) ;
#784 = EDGE_CURVE ( 'NONE', #2243, #2066, #2573, .T. ) ;
#785 = PRESENTATION_LAYER_ASSIGNMENT (  '', '', ( #3369 ) ) ;
#786 = FILL_AREA_STYLE ('',( #250 ) ) ;
#787 = EDGE_CURVE ( 'NONE', #3338, #123, #620, .T. ) ;
#788 = COLOUR_RGB ( '',0.1137254901960784298, 0.1137254901960784298, 0.1137254901960784298 ) ;
#789 = CARTESIAN_POINT ( 'NONE',  ( 0.3200000000000000067, 6.625000000000000000, 4.384999999999999787 ) ) ;
#790 = DIRECTION ( 'NONE',  ( 1.000000000000000000, 0.000000000000000000, 0.000000000000000000 ) ) ;
#791 =( LENGTH_UNIT ( ) NAMED_UNIT ( * ) SI_UNIT ( .MILLI., .METRE. ) );
#792 = VECTOR ( 'NONE', #1440, 1000.000000000000000 ) ;
#793 = FILL_AREA_STYLE ('',( #811 ) ) ;
#794 = ORIENTED_EDGE ( 'NONE', *, *, #3461, .T. ) ;
#795 = SURFACE_STYLE_USAGE ( .BOTH. , #2973 ) ;
#796 = MECHANICAL_DESIGN_GEOMETRIC_PRESENTATION_REPRESENTATION (  '', ( #53 ), #1925 ) ;
#797 =( LENGTH_UNIT ( ) NAMED_UNIT ( * ) SI_UNIT ( .MILLI., .METRE. ) );
#798 = VERTEX_POINT ( 'NONE', #100 ) ;
#799 = AXIS2_PLACEMENT_3D ( 'NONE', #1301, #1641, #790 ) ;
#800 = CARTESIAN_POINT ( 'NONE',  ( 0.6199999999100029857, 0.2450000000000049916, 3.254999999999999893 ) ) ;
#801 =( LENGTH_UNIT ( ) NAMED_UNIT ( * ) SI_UNIT ( .MILLI., .METRE. ) );
#802 = ORIENTED_EDGE ( 'NONE', *, *, #3162, .F. ) ;
#803 = EDGE_CURVE ( 'NONE', #2249, #161, #1196, .T. ) ;
#804 = DIRECTION ( 'NONE',  ( 0.000000000000000000, -0.7644333195971201311, -0.6447027996602210376 ) ) ;
#805 = DIRECTION ( 'NONE',  ( 1.000000000000000000, 0.000000000000000000, -3.273063162220390326E-16 ) ) ;
#806 = CARTESIAN_POINT ( 'NONE',  ( -0.3200000000000000067, -2.555000000000000160, 2.250000000000000000 ) ) ;
#807 = SURFACE_SIDE_STYLE ('',( #1906 ) ) ;
#808 = EDGE_CURVE ( 'NONE', #2101, #1888, #672, .T. ) ;
#809 = PLANE ( 'NONE',  #609 ) ;
#810 =( NAMED_UNIT ( * ) PLANE_ANGLE_UNIT ( ) SI_UNIT ( $, .RADIAN. ) );
#811 = FILL_AREA_STYLE_COLOUR ( '', #3609 ) ;
#812 = ORIENTED_EDGE ( 'NONE', *, *, #1141, .T. ) ;
#813 =( NAMED_UNIT ( * ) PLANE_ANGLE_UNIT ( ) SI_UNIT ( $, .RADIAN. ) );
#814 =( NAMED_UNIT ( * ) PLANE_ANGLE_UNIT ( ) SI_UNIT ( $, .RADIAN. ) );
#815 = SURFACE_STYLE_FILL_AREA ( #2975 ) ;
#816 = ORIENTED_EDGE ( 'NONE', *, *, #1419, .T. ) ;
#817 = LINE ( 'NONE', #1394, #1441 ) ;
#818 = CARTESIAN_POINT ( 'NONE',  ( -0.3200000000000000067, 1.645000000000000018, 1.610000000000000098 ) ) ;
#819 = EDGE_LOOP ( 'NONE', ( #1026, #2672, #1809, #919 ) ) ;
#820 = STYLED_ITEM ( 'NONE', ( #2775 ), #63 ) ;
#821 =( LENGTH_UNIT ( ) NAMED_UNIT ( * ) SI_UNIT ( .MILLI., .METRE. ) );
#822 = AXIS2_PLACEMENT_3D ( 'NONE', #2119, #120, #2141 ) ;
#823 = LINE ( 'NONE', #1420, #2082 ) ;
#824 =( NAMED_UNIT ( * ) SI_UNIT ( $, .STERADIAN. ) SOLID_ANGLE_UNIT ( ) );
#825 = SURFACE_SIDE_STYLE ('',( #3038 ) ) ;
#826 = STYLED_ITEM ( 'NONE', ( #1790 ), #676 ) ;
#827 = ORIENTED_EDGE ( 'NONE', *, *, #1897, .F. ) ;
#828 = EDGE_CURVE ( 'NONE', #14, #597, #3462, .T. ) ;
#829 = FILL_AREA_STYLE_COLOUR ( '', #2588 ) ;
#830 = MECHANICAL_DESIGN_GEOMETRIC_PRESENTATION_REPRESENTATION (  '', ( #546 ), #205 ) ;
#831 = ORIENTED_EDGE ( 'NONE', *, *, #803, .T. ) ;
#832 = VECTOR ( 'NONE', #2138, 1000.000000000000000 ) ;
#833 = VECTOR ( 'NONE', #1172, 1000.000000000000000 ) ;
#834 = SURFACE_SIDE_STYLE ('',( #440 ) ) ;
#835 = PRESENTATION_LAYER_ASSIGNMENT (  '', '', ( #717 ) ) ;
#836 = DIRECTION ( 'NONE',  ( 0.000000000000000000, 0.000000000000000000, 1.000000000000000000 ) ) ;
#837 = DIRECTION ( 'NONE',  ( 0.000000000000000000, 0.000000000000000000, -1.000000000000000000 ) ) ;
#838 = ORIENTED_EDGE ( 'NONE', *, *, #887, .F. ) ;
#839 = AXIS2_PLACEMENT_3D ( 'NONE', #313, #3391, #868 ) ;
#840 = SURFACE_SIDE_STYLE ('',( #1922 ) ) ;
#841 = STYLED_ITEM ( 'NONE', ( #3382 ), #1944 ) ;
#842 = UNCERTAINTY_MEASURE_WITH_UNIT (LENGTH_MEASURE( 1.000000000000000082E-05 ), #1325, 'distance_accuracy_value', 'NONE');
#843 = SURFACE_STYLE_USAGE ( .BOTH. , #1437 ) ;
#844 = SURFACE_STYLE_USAGE ( .BOTH. , #2549 ) ;
#845 = DIRECTION ( 'NONE',  ( 0.000000000000000000, 1.000000000000000000, 8.136601669684868820E-17 ) ) ;
#846 = DIRECTION ( 'NONE',  ( 0.000000000000000000, 0.000000000000000000, -1.000000000000000000 ) ) ;
#847 = AXIS2_PLACEMENT_3D ( 'NONE', #1745, #3167, #1164 ) ;
#848 = ORIENTED_EDGE ( 'NONE', *, *, #3370, .F. ) ;
#849 =( GEOMETRIC_REPRESENTATION_CONTEXT ( 3 ) GLOBAL_UNCERTAINTY_ASSIGNED_CONTEXT ( ( #2793 ) ) GLOBAL_UNIT_ASSIGNED_CONTEXT ( ( #791, #2417, #3558 ) ) REPRESENTATION_CONTEXT ( 'NONE', 'WORKASPACE' ) );
#850 = EDGE_CURVE ( 'NONE', #1830, #3629, #1212, .T. ) ;
#851 = COLOUR_RGB ( '',0.8313725490196077761, 0.8392156862745098200, 0.8313725490196077761 ) ;
#852 = AXIS2_PLACEMENT_3D ( 'NONE', #1238, #1545, #1220 ) ;
#853 = ORIENTED_EDGE ( 'NONE', *, *, #1509, .F. ) ;
#854 = FILL_AREA_STYLE_COLOUR ( '', #2530 ) ;
#855 = VECTOR ( 'NONE', #1862, 1000.000000000000000 ) ;
#856 = EDGE_CURVE ( 'NONE', #1635, #2239, #881, .T. ) ;
#857 = LINE ( 'NONE', #1411, #1033 ) ;
#858 = FACE_OUTER_BOUND ( 'NONE', #1370, .T. ) ;
#859 = ORIENTED_EDGE ( 'NONE', *, *, #1222, .T. ) ;
#860 = DIRECTION ( 'NONE',  ( 0.000000000000000000, 0.000000000000000000, 1.000000000000000000 ) ) ;
#861 = DIRECTION ( 'NONE',  ( -8.752388879802259066E-17, 1.000000000000000000, 0.000000000000000000 ) ) ;
#862 = MANIFOLD_SOLID_BREP ( 'NONE', #74 ) ;
#863 = ORIENTED_EDGE ( 'NONE', *, *, #2279, .F. ) ;
#864 = CARTESIAN_POINT ( 'NONE',  ( -0.4749999999999999778, -3.354999999999999982, -0.5400000000000000355 ) ) ;
#865 = SURFACE_STYLE_USAGE ( .BOTH. , #1192 ) ;
#866 = ORIENTED_EDGE ( 'NONE', *, *, #1077, .T. ) ;
#867 =( NAMED_UNIT ( * ) SI_UNIT ( $, .STERADIAN. ) SOLID_ANGLE_UNIT ( ) );
#868 = DIRECTION ( 'NONE',  ( 1.000000000000000000, 0.000000000000000000, 0.000000000000000000 ) ) ;
#869 = ORIENTED_EDGE ( 'NONE', *, *, #1571, .F. ) ;
#870 = ADVANCED_FACE ( 'NONE', ( #656 ), #2280, .F. ) ;
#871 = DIRECTION ( 'NONE',  ( 0.000000000000000000, 0.000000000000000000, -1.000000000000000000 ) ) ;
#872 = SURFACE_SIDE_STYLE ('',( #2513 ) ) ;
#873 = SURFACE_STYLE_FILL_AREA ( #319 ) ;
#874 = UNCERTAINTY_MEASURE_WITH_UNIT (LENGTH_MEASURE( 1.000000000000000082E-05 ), #2946, 'distance_accuracy_value', 'NONE');
#875 = VERTEX_POINT ( 'NONE', #757 ) ;
#876 = CARTESIAN_POINT ( 'NONE',  ( -1.875000000000049960, -0.8590193320419790002, -3.499012908524619991 ) ) ;
#877 = COLOUR_RGB ( '',0.8313725490196077761, 0.8392156862745098200, 0.8313725490196077761 ) ;
#878 =( LENGTH_UNIT ( ) NAMED_UNIT ( * ) SI_UNIT ( .MILLI., .METRE. ) );
#879 = ORIENTED_EDGE ( 'NONE', *, *, #1468, .F. ) ;
#880 = CARTESIAN_POINT ( 'NONE',  ( -0.4749999999999999778, 0.1490193320419800072, -3.499012908524619991 ) ) ;
#881 = LINE ( 'NONE', #1522, #3357 ) ;
#882 = PRESENTATION_LAYER_ASSIGNMENT (  '', '', ( #1066 ) ) ;
#883 =( LENGTH_UNIT ( ) NAMED_UNIT ( * ) SI_UNIT ( .MILLI., .METRE. ) );
#884 = ORIENTED_EDGE ( 'NONE', *, *, #2460, .T. ) ;
#885 = CARTESIAN_POINT ( 'NONE',  ( 1.324999999999999956, 1.645000000000000018, 6.254999999999999893 ) ) ;
#886 = CARTESIAN_POINT ( 'NONE',  ( -0.3200000000000000067, 6.625000000000000000, -3.720000000000000195 ) ) ;
#887 = EDGE_CURVE ( 'NONE', #215, #3110, #2442, .T. ) ;
#888 = LINE ( 'NONE', #6, #3606 ) ;
#889 = DIRECTION ( 'NONE',  ( 0.000000000000000000, 1.000000000000000000, 0.000000000000000000 ) ) ;
#890 =( NAMED_UNIT ( * ) PLANE_ANGLE_UNIT ( ) SI_UNIT ( $, .RADIAN. ) );
#891 = LINE ( 'NONE', #608, #3206 ) ;
#892 = MECHANICAL_DESIGN_GEOMETRIC_PRESENTATION_REPRESENTATION (  '', ( #3547 ), #2413 ) ;
#893 = CARTESIAN_POINT ( 'NONE',  ( 1.019593242506444009, -0.5806664998623275453, -3.744771000140191042 ) ) ;
#894 = LINE ( 'NONE', #90, #449 ) ;
#895 = EDGE_CURVE ( 'NONE', #14, #2519, #1268, .T. ) ;
#896 = ORIENTED_EDGE ( 'NONE', *, *, #542, .T. ) ;
#897 = FILL_AREA_STYLE ('',( #829 ) ) ;
#898 = MECHANICAL_DESIGN_GEOMETRIC_PRESENTATION_REPRESENTATION (  '', ( #48 ), #3321 ) ;
#899 = SURFACE_STYLE_USAGE ( .BOTH. , #616 ) ;
#900 = ORIENTED_EDGE ( 'NONE', *, *, #3262, .F. ) ;
#901 = PLANE ( 'NONE',  #1964 ) ;
#902 = PRESENTATION_LAYER_ASSIGNMENT (  '', '', ( #1680 ) ) ;
#903 = FILL_AREA_STYLE_COLOUR ( '', #1895 ) ;
#904 = CARTESIAN_POINT ( 'NONE',  ( 0.4749999999999999778, 0.6450000000001749889, -2.290000000000000036 ) ) ;
#905 = ORIENTED_EDGE ( 'NONE', *, *, #130, .F. ) ;
#906 = MECHANICAL_DESIGN_GEOMETRIC_PRESENTATION_REPRESENTATION (  '', ( #2261 ), #113 ) ;
#907 = CARTESIAN_POINT ( 'NONE',  ( -1.474999999999999867, 3.104999999999999982, -0.5400000000000000355 ) ) ;
#908 = CARTESIAN_POINT ( 'NONE',  ( 0.6999999999999999556, -2.754999999999999893, 8.259999999999999787 ) ) ;
#909 =( GEOMETRIC_REPRESENTATION_CONTEXT ( 3 ) GLOBAL_UNCERTAINTY_ASSIGNED_CONTEXT ( ( #166 ) ) GLOBAL_UNIT_ASSIGNED_CONTEXT ( ( #291, #2497, #559 ) ) REPRESENTATION_CONTEXT ( 'NONE', 'WORKASPACE' ) );
#910 = CARTESIAN_POINT ( 'NONE',  ( -1.324999999999999956, 1.645000000000000018, 6.254999999999999893 ) ) ;
#911 = ADVANCED_FACE ( 'NONE', ( #472 ), #689, .F. ) ;
#912 = CARTESIAN_POINT ( 'NONE',  ( -0.4749999999999999778, -1.354999999999999982, -2.640000000000000124 ) ) ;
#913 = COLOUR_RGB ( '',0.1137254901960784298, 0.1137254901960784298, 0.1137254901960784298 ) ;
#914 = CARTESIAN_POINT ( 'NONE',  ( 1.474999999999999867, 3.104999999999999982, -0.5400000000000000355 ) ) ;
#915 = SURFACE_STYLE_USAGE ( .BOTH. , #2778 ) ;
#916 = EDGE_LOOP ( 'NONE', ( #2511, #1605, #1883, #2122, #1334 ) ) ;
#917 = SURFACE_STYLE_USAGE ( .BOTH. , #2087 ) ;
#918 = EDGE_CURVE ( 'NONE', #3114, #534, #723, .T. ) ;
#919 = ORIENTED_EDGE ( 'NONE', *, *, #106, .F. ) ;
#920 = LINE ( 'NONE', #1689, #2471 ) ;
#921 = DIRECTION ( 'NONE',  ( 0.000000000000000000, -0.7644333195971201311, -0.6447027996602210376 ) ) ;
#922 = FILL_AREA_STYLE_COLOUR ( '', #2192 ) ;
#923 = VERTEX_POINT ( 'NONE', #2648 ) ;
#924 = FILL_AREA_STYLE_COLOUR ( '', #1506 ) ;
#925 = CARTESIAN_POINT ( 'NONE',  ( 0.6999999999999999556, -2.004999999999999893, 8.259999999999999787 ) ) ;
#926 = CARTESIAN_POINT ( 'NONE',  ( 1.324999999999999956, 1.645000000000000018, 6.254999999999999893 ) ) ;
#927 = FILL_AREA_STYLE_COLOUR ( '', #1195 ) ;
#928 =( NAMED_UNIT ( * ) PLANE_ANGLE_UNIT ( ) SI_UNIT ( $, .RADIAN. ) );
#929 = PRESENTATION_STYLE_ASSIGNMENT (( #915 ) ) ;
#930 = EDGE_CURVE ( 'NONE', #2133, #2420, #412, .T. ) ;
#931 = EDGE_LOOP ( 'NONE', ( #3261, #270, #2291, #2226, #3324 ) ) ;
#932 = FILL_AREA_STYLE_COLOUR ( '', #1417 ) ;
#933 =( GEOMETRIC_REPRESENTATION_CONTEXT ( 3 ) GLOBAL_UNCERTAINTY_ASSIGNED_CONTEXT ( ( #2508 ) ) GLOBAL_UNIT_ASSIGNED_CONTEXT ( ( #1186, #2287, #2027 ) ) REPRESENTATION_CONTEXT ( 'NONE', 'WORKASPACE' ) );
#934 = EDGE_CURVE ( 'NONE', #3354, #2916, #2156, .T. ) ;
#935 = ORIENTED_EDGE ( 'NONE', *, *, #1874, .T. ) ;
#936 = VECTOR ( 'NONE', #1424, 1000.000000000000000 ) ;
#937 = SURFACE_STYLE_USAGE ( .BOTH. , #2057 ) ;
#938 =( NAMED_UNIT ( * ) SI_UNIT ( $, .STERADIAN. ) SOLID_ANGLE_UNIT ( ) );
#939 = ORIENTED_EDGE ( 'NONE', *, *, #2233, .T. ) ;
#940 = PRESENTATION_LAYER_ASSIGNMENT (  '', '', ( #3118 ) ) ;
#941 = PRESENTATION_LAYER_ASSIGNMENT (  '', '', ( #1363 ) ) ;
#942 = DIRECTION ( 'NONE',  ( 0.000000000000000000, 0.000000000000000000, 1.000000000000000000 ) ) ;
#943 = UNCERTAINTY_MEASURE_WITH_UNIT (LENGTH_MEASURE( 1.000000000000000082E-05 ), #821, 'distance_accuracy_value', 'NONE');
#944 = CARTESIAN_POINT ( 'NONE',  ( 0.8332575694955739465, -1.354999999999830118, -2.290000000000000036 ) ) ;
#945 = AXIS2_PLACEMENT_3D ( 'NONE', #2504, #2742, #238 ) ;
#946 =( NAMED_UNIT ( * ) PLANE_ANGLE_UNIT ( ) SI_UNIT ( $, .RADIAN. ) );
#947 = SURFACE_STYLE_FILL_AREA ( #1219 ) ;
#948 = DIRECTION ( 'NONE',  ( -8.752388879802259066E-17, 1.000000000000000000, 0.000000000000000000 ) ) ;
#949 = AXIS2_PLACEMENT_3D ( 'NONE', #748, #1041, #1920 ) ;
#950 = ORIENTED_EDGE ( 'NONE', *, *, #1249, .T. ) ;
#951 = CARTESIAN_POINT ( 'NONE',  ( -1.474999999999999867, 3.104999999999999982, -0.5400000000000000355 ) ) ;
#952 = CARTESIAN_POINT ( 'NONE',  ( 0.3200000000000000067, 4.265000000000240377, 2.250000000000000000 ) ) ;
#953 = AXIS2_PLACEMENT_3D ( 'NONE', #1951, #1648, #2765 ) ;
#954 = UNCERTAINTY_MEASURE_WITH_UNIT (LENGTH_MEASURE( 1.000000000000000082E-05 ), #3596, 'distance_accuracy_value', 'NONE');
#955 = ORIENTED_EDGE ( 'NONE', *, *, #2552, .T. ) ;
#956 = AXIS2_PLACEMENT_3D ( 'NONE', #142, #1515, #2083 ) ;
#957 = ADVANCED_FACE ( 'NONE', ( #433, #1015 ), #2385, .T. ) ;
#958 =( NAMED_UNIT ( * ) SI_UNIT ( $, .STERADIAN. ) SOLID_ANGLE_UNIT ( ) );
#959 = PLANE ( 'NONE',  #498 ) ;
#960 = VECTOR ( 'NONE', #1991, 1000.000000000000000 ) ;
#961 = ORIENTED_EDGE ( 'NONE', *, *, #2759, .F. ) ;
#962 = ADVANCED_FACE ( 'NONE', ( #1407 ), #2196, .F. ) ;
#963 = MECHANICAL_DESIGN_GEOMETRIC_PRESENTATION_REPRESENTATION (  '', ( #103 ), #3323 ) ;
#964 = DIRECTION ( 'NONE',  ( -1.000000000000000000, -2.252887631138709814E-16, 0.000000000000000000 ) ) ;
#965 = LINE ( 'NONE', #1457, #2555 ) ;
#966 = ORIENTED_EDGE ( 'NONE', *, *, #2850, .T. ) ;
#967 = PRESENTATION_LAYER_ASSIGNMENT (  '', '', ( #3378 ) ) ;
#968 = FACE_OUTER_BOUND ( 'NONE', #2159, .T. ) ;
#969 =( LENGTH_UNIT ( ) NAMED_UNIT ( * ) SI_UNIT ( .MILLI., .METRE. ) );
#970 = LINE ( 'NONE', #1787, #2207 ) ;
#971 = VECTOR ( 'NONE', #1746, 1000.000000000000000 ) ;
#972 = ORIENTED_EDGE ( 'NONE', *, *, #1027, .F. ) ;
#973 = AXIS2_PLACEMENT_3D ( 'NONE', #1704, #29, #1356 ) ;
#974 = ORIENTED_EDGE ( 'NONE', *, *, #2098, .F. ) ;
#975 = CARTESIAN_POINT ( 'NONE',  ( -1.306118583880119921, -1.272001749227900103, -2.783748684987519706 ) ) ;
#976 = CARTESIAN_POINT ( 'NONE',  ( 0.8332575694955850487, 0.6450000000001758771, -2.290000000000000036 ) ) ;
#977 = ORIENTED_EDGE ( 'NONE', *, *, #2808, .T. ) ;
#978 = LINE ( 'NONE', #499, #1314 ) ;
#979 = CARTESIAN_POINT ( 'NONE',  ( 0.3200000000000000067, 4.265000000000240377, -3.720000000000000195 ) ) ;
#980 = DIRECTION ( 'NONE',  ( 0.000000000000000000, 0.000000000000000000, 1.000000000000000000 ) ) ;
#981 = ADVANCED_FACE ( 'NONE', ( #2507 ), #2461, .T. ) ;
#982 = DIRECTION ( 'NONE',  ( 0.000000000000000000, 0.000000000000000000, 1.000000000000000000 ) ) ;
#983 =( LENGTH_UNIT ( ) NAMED_UNIT ( * ) SI_UNIT ( .MILLI., .METRE. ) );
#984 = FILL_AREA_STYLE_COLOUR ( '', #2949 ) ;
#985 = UNCERTAINTY_MEASURE_WITH_UNIT (LENGTH_MEASURE( 1.000000000000000082E-05 ), #2041, 'distance_accuracy_value', 'NONE');
#986 = ORIENTED_EDGE ( 'NONE', *, *, #1249, .F. ) ;
#987 = PLANE ( 'NONE',  #767 ) ;
#988 = SURFACE_STYLE_USAGE ( .BOTH. , #2398 ) ;
#989 =( NAMED_UNIT ( * ) SI_UNIT ( $, .STERADIAN. ) SOLID_ANGLE_UNIT ( ) );
#990 = ORIENTED_EDGE ( 'NONE', *, *, #2977, .F. ) ;
#991 = SURFACE_SIDE_STYLE ('',( #1814 ) ) ;
#992 = VECTOR ( 'NONE', #2548, 1000.000000000000000 ) ;
#993 = PRESENTATION_STYLE_ASSIGNMENT (( #2142 ) ) ;
#994 = FACE_OUTER_BOUND ( 'NONE', #754, .T. ) ;
#995 = ORIENTED_EDGE ( 'NONE', *, *, #1639, .F. ) ;
#996 = CARTESIAN_POINT ( 'NONE',  ( -1.324999999999999956, -4.955000000000000071, 3.254999999999999893 ) ) ;
#997 = DIRECTION ( 'NONE',  ( -1.000000000000000000, -2.252887631138709814E-16, 0.000000000000000000 ) ) ;
#998 = ORIENTED_EDGE ( 'NONE', *, *, #3141, .F. ) ;
#999 = COLOUR_RGB ( '',0.1137254901960784298, 0.1137254901960784298, 0.1137254901960784298 ) ;
#1000 = VECTOR ( 'NONE', #766, 1000.000000000000000 ) ;
#1001 = DIRECTION ( 'NONE',  ( 1.000000000000000000, 0.000000000000000000, 0.000000000000000000 ) ) ;
#1002 = ADVANCED_FACE ( 'NONE', ( #3041 ), #1647, .F. ) ;
#1003 = SURFACE_STYLE_USAGE ( .BOTH. , #3310 ) ;
#1004 = DIRECTION ( 'NONE',  ( 1.000000000000000000, 0.000000000000000000, 0.000000000000000000 ) ) ;
#1005 = AXIS2_PLACEMENT_3D ( 'NONE', #3603, #3322, #2225 ) ;
#1006 = PRESENTATION_LAYER_ASSIGNMENT (  '', '', ( #1291 ) ) ;
#1007 = EDGE_LOOP ( 'NONE', ( #23, #2743, #1461, #699 ) ) ;
#1008 = COLOUR_RGB ( '',0.1137254901960784298, 0.1137254901960784298, 0.1137254901960784298 ) ;
#1009 = ADVANCED_FACE ( 'NONE', ( #1140 ), #596, .F. ) ;
#1010 = CARTESIAN_POINT ( 'NONE',  ( -0.4749999999999999778, 3.104999999999999982, -0.5400000000000000355 ) ) ;
#1011 = FACE_OUTER_BOUND ( 'NONE', #1858, .T. ) ;
#1012 =( LENGTH_UNIT ( ) NAMED_UNIT ( * ) SI_UNIT ( .MILLI., .METRE. ) );
#1013 = VERTEX_POINT ( 'NONE', #3446 ) ;
#1014 = SURFACE_STYLE_USAGE ( .BOTH. , #3537 ) ;
#1015 = FACE_OUTER_BOUND ( 'NONE', #1915, .T. ) ;
#1016 = CARTESIAN_POINT ( 'NONE',  ( 1.027720175846600803, 0.1011315242241213330, -3.569696091238578450 ) ) ;
#1017 = ORIENTED_EDGE ( 'NONE', *, *, #1141, .F. ) ;
#1018 = COLOUR_RGB ( '',0.8313725490196077761, 0.8392156862745098200, 0.8313725490196077761 ) ;
#1019 = DIRECTION ( 'NONE',  ( -1.000000000000000000, 0.000000000000000000, 0.000000000000000000 ) ) ;
#1020 = CIRCLE ( 'NONE', #2893, 1.100000000000000311 ) ;
#1021 = EDGE_LOOP ( 'NONE', ( #375, #617, #859, #1221 ) ) ;
#1022 = DIRECTION ( 'NONE',  ( 0.000000000000000000, 1.000000000000000000, 0.000000000000000000 ) ) ;
#1023 = CARTESIAN_POINT ( 'NONE',  ( -1.925000000000000044, -4.955000000000000071, 6.859999999999999432 ) ) ;
#1024 = PRESENTATION_LAYER_ASSIGNMENT (  '', '', ( #2728 ) ) ;
#1025 = COLOUR_RGB ( '',0.1137254901960784298, 0.1137254901960784298, 0.1137254901960784298 ) ;
#1026 = ORIENTED_EDGE ( 'NONE', *, *, #547, .F. ) ;
#1027 = EDGE_CURVE ( 'NONE', #3513, #1788, #1465, .T. ) ;
#1028 = CARTESIAN_POINT ( 'NONE',  ( 0.3750000000000000000, -0.3549999999998250111, -2.290000000000000036 ) ) ;
#1029 = DIRECTION ( 'NONE',  ( 0.000000000000000000, 0.000000000000000000, 1.000000000000000000 ) ) ;
#1030 = PRESENTATION_LAYER_ASSIGNMENT (  '', '', ( #2040 ) ) ;
#1031 = SURFACE_SIDE_STYLE ('',( #3013 ) ) ;
#1032 = DIRECTION ( 'NONE',  ( 0.000000000000000000, 0.000000000000000000, 1.000000000000000000 ) ) ;
#1033 = VECTOR ( 'NONE', #268, 1000.000000000000000 ) ;
#1034 = EDGE_LOOP ( 'NONE', ( #371, #2469, #1449, #2439 ) ) ;
#1035 = EDGE_CURVE ( 'NONE', #211, #593, #367, .T. ) ;
#1036 = CARTESIAN_POINT ( 'NONE',  ( -1.354795897113090231, -1.354999999999999982, -2.640000000000000124 ) ) ;
#1037 = DIRECTION ( 'NONE',  ( 0.000000000000000000, 0.000000000000000000, -1.000000000000000000 ) ) ;
#1038 = ORIENTED_EDGE ( 'NONE', *, *, #357, .T. ) ;
#1039 = CARTESIAN_POINT ( 'NONE',  ( 1.049671748628649759, -0.8590193320419790002, -3.499012908524619991 ) ) ;
#1040 = CARTESIAN_POINT ( 'NONE',  ( 0.6999999999999999556, -4.415000000000000036, 6.859999999999999432 ) ) ;
#1041 = DIRECTION ( 'NONE',  ( 0.000000000000000000, 0.000000000000000000, 1.000000000000000000 ) ) ;
#1042 = VERTEX_POINT ( 'NONE', #2053 ) ;
#1043 = CARTESIAN_POINT ( 'NONE',  ( 0.6199999999100029857, 0.2450000000000049916, 3.604999999999999982 ) ) ;
#1044 =( NAMED_UNIT ( * ) SI_UNIT ( $, .STERADIAN. ) SOLID_ANGLE_UNIT ( ) );
#1045 = LINE ( 'NONE', #234, #1610 ) ;
#1046 = ORIENTED_EDGE ( 'NONE', *, *, #1774, .F. ) ;
#1047 = DIRECTION ( 'NONE',  ( 0.000000000000000000, 1.000000000000000000, 0.000000000000000000 ) ) ;
#1048 = DIRECTION ( 'NONE',  ( 0.000000000000000000, 0.000000000000000000, 1.000000000000000000 ) ) ;
#1049 = EDGE_LOOP ( 'NONE', ( #2910, #3056, #2655, #879 ) ) ;
#1050 = EDGE_CURVE ( 'NONE', #295, #1042, #2589, .T. ) ;
#1051 = CARTESIAN_POINT ( 'NONE',  ( 1.028180696759076085, -0.2961360623256537039, -3.789999999593213875 ) ) ;
#1052 = ORIENTED_EDGE ( 'NONE', *, *, #3127, .T. ) ;
#1053 = EDGE_CURVE ( 'NONE', #527, #263, #2538, .T. ) ;
#1054 = DIRECTION ( 'NONE',  ( 0.000000000000000000, 1.000000000000000000, 0.000000000000000000 ) ) ;
#1055 = LINE ( 'NONE', #2180, #3146 ) ;
#1056 = SURFACE_STYLE_FILL_AREA ( #1274 ) ;
#1057 = VERTEX_POINT ( 'NONE', #3113 ) ;
#1058 = CARTESIAN_POINT ( 'NONE',  ( 1.256702175378360042, -1.189117180775210114, -2.927300478067440093 ) ) ;
#1059 =( GEOMETRIC_REPRESENTATION_CONTEXT ( 3 ) GLOBAL_UNCERTAINTY_ASSIGNED_CONTEXT ( ( #2173 ) ) GLOBAL_UNIT_ASSIGNED_CONTEXT ( ( #1063, #890, #2235 ) ) REPRESENTATION_CONTEXT ( 'NONE', 'WORKASPACE' ) );
#1060 = PRESENTATION_STYLE_ASSIGNMENT (( #181 ) ) ;
#1061 = UNCERTAINTY_MEASURE_WITH_UNIT (LENGTH_MEASURE( 1.000000000000000082E-05 ), #797, 'distance_accuracy_value', 'NONE');
#1062 = VECTOR ( 'NONE', #1228, 1000.000000000000000 ) ;
#1063 =( LENGTH_UNIT ( ) NAMED_UNIT ( * ) SI_UNIT ( .MILLI., .METRE. ) );
#1064 = DIRECTION ( 'NONE',  ( 0.000000000000000000, 0.000000000000000000, 1.000000000000000000 ) ) ;
#1065 = CARTESIAN_POINT ( 'NONE',  ( -1.049671748628929979, 0.1490193320420090117, -3.499012908524560039 ) ) ;
#1066 = STYLED_ITEM ( 'NONE', ( #1089 ), #1002 ) ;
#1067 = VERTEX_POINT ( 'NONE', #1770 ) ;
#1068 =( NAMED_UNIT ( * ) SI_UNIT ( $, .STERADIAN. ) SOLID_ANGLE_UNIT ( ) );
#1069 = VECTOR ( 'NONE', #2172, 1000.000000000000000 ) ;
#1070 = ORIENTED_EDGE ( 'NONE', *, *, #2889, .F. ) ;
#1071 = EDGE_CURVE ( 'NONE', #3101, #1547, #2294, .T. ) ;
#1072 = COLOUR_RGB ( '',0.1137254901960784298, 0.1137254901960784298, 0.1137254901960784298 ) ;
#1073 = FILL_AREA_STYLE ('',( #1108 ) ) ;
#1074 = FILL_AREA_STYLE_COLOUR ( '', #2129 ) ;
#1075 = MECHANICAL_DESIGN_GEOMETRIC_PRESENTATION_REPRESENTATION (  '', ( #3550 ), #324 ) ;
#1076 = ORIENTED_EDGE ( 'NONE', *, *, #1489, .F. ) ;
#1077 = EDGE_CURVE ( 'NONE', #1586, #1230, #3386, .T. ) ;
#1078 = VECTOR ( 'NONE', #1355, 1000.000000000000000 ) ;
#1079 = PLANE ( 'NONE',  #452 ) ;
#1080 =( NAMED_UNIT ( * ) PLANE_ANGLE_UNIT ( ) SI_UNIT ( $, .RADIAN. ) );
#1081 = VECTOR ( 'NONE', #1691, 1000.000000000000000 ) ;
#1082 =( NAMED_UNIT ( * ) SI_UNIT ( $, .STERADIAN. ) SOLID_ANGLE_UNIT ( ) );
#1083 =( LENGTH_UNIT ( ) NAMED_UNIT ( * ) SI_UNIT ( .MILLI., .METRE. ) );
#1084 = PRESENTATION_LAYER_ASSIGNMENT (  '', '', ( #2607 ) ) ;
#1085 = CARTESIAN_POINT ( 'NONE',  ( 0.3200000000000000067, -2.555000000000000160, 4.610000000000000320 ) ) ;
#1086 = ORIENTED_EDGE ( 'NONE', *, *, #3229, .T. ) ;
#1087 =( LENGTH_UNIT ( ) NAMED_UNIT ( * ) SI_UNIT ( .MILLI., .METRE. ) );
#1088 =( GEOMETRIC_REPRESENTATION_CONTEXT ( 3 ) GLOBAL_UNCERTAINTY_ASSIGNED_CONTEXT ( ( #1401 ) ) GLOBAL_UNIT_ASSIGNED_CONTEXT ( ( #2050, #3143, #2084 ) ) REPRESENTATION_CONTEXT ( 'NONE', 'WORKASPACE' ) );
#1089 = PRESENTATION_STYLE_ASSIGNMENT (( #3625 ) ) ;
#1090 = VECTOR ( 'NONE', #105, 1000.000000000000000 ) ;
#1091 = SURFACE_STYLE_USAGE ( .BOTH. , #2216 ) ;
#1092 = VERTEX_POINT ( 'NONE', #325 ) ;
#1093 = FACE_OUTER_BOUND ( 'NONE', #3572, .T. ) ;
#1094 = ADVANCED_FACE ( 'NONE', ( #118 ), #3459, .T. ) ;
#1095 =( NAMED_UNIT ( * ) PLANE_ANGLE_UNIT ( ) SI_UNIT ( $, .RADIAN. ) );
#1096 = ORIENTED_EDGE ( 'NONE', *, *, #480, .T. ) ;
#1097 = SURFACE_STYLE_USAGE ( .BOTH. , #840 ) ;
#1098 = EDGE_CURVE ( 'NONE', #161, #2925, #2642, .T. ) ;
#1099 = UNCERTAINTY_MEASURE_WITH_UNIT (LENGTH_MEASURE( 1.000000000000000082E-05 ), #1886, 'distance_accuracy_value', 'NONE');
#1100 = SURFACE_STYLE_FILL_AREA ( #1943 ) ;
#1101 = DIRECTION ( 'NONE',  ( -1.000000000000000000, 0.000000000000000000, 0.000000000000000000 ) ) ;
#1102 =( LENGTH_UNIT ( ) NAMED_UNIT ( * ) SI_UNIT ( .MILLI., .METRE. ) );
#1103 =( NAMED_UNIT ( * ) PLANE_ANGLE_UNIT ( ) SI_UNIT ( $, .RADIAN. ) );
#1104 = LINE ( 'NONE', #2798, #2470 ) ;
#1105 = ORIENTED_EDGE ( 'NONE', *, *, #787, .F. ) ;
#1106 = UNCERTAINTY_MEASURE_WITH_UNIT (LENGTH_MEASURE( 1.000000000000000082E-05 ), #162, 'distance_accuracy_value', 'NONE');
#1107 = ORIENTED_EDGE ( 'NONE', *, *, #3303, .T. ) ;
#1108 = FILL_AREA_STYLE_COLOUR ( '', #3135 ) ;
#1109 = CARTESIAN_POINT ( 'NONE',  ( 0.4749999999999999778, 0.6449999999999999067, -2.640000000000000124 ) ) ;
#1110 = ORIENTED_EDGE ( 'NONE', *, *, #934, .F. ) ;
#1111 = COLOUR_RGB ( '',0.8313725490196077761, 0.8392156862745098200, 0.8313725490196077761 ) ;
#1112 = DIRECTION ( 'NONE',  ( 1.000000000000000000, 0.000000000000000000, 0.000000000000000000 ) ) ;
#1113 = LINE ( 'NONE', #1151, #992 ) ;
#1114 = EDGE_CURVE ( 'NONE', #733, #1338, #2956, .T. ) ;
#1115 = CARTESIAN_POINT ( 'NONE',  ( 1.024048936135714127, -0.4905284629184296641, -3.774575281402543947 ) ) ;
#1116 = FACE_OUTER_BOUND ( 'NONE', #129, .T. ) ;
#1117 =( LENGTH_UNIT ( ) NAMED_UNIT ( * ) SI_UNIT ( .MILLI., .METRE. ) );
#1118 = EDGE_CURVE ( 'NONE', #923, #1940, #2341, .T. ) ;
#1119 = PRESENTATION_LAYER_ASSIGNMENT (  '', '', ( #1175 ) ) ;
#1120 =( GEOMETRIC_REPRESENTATION_CONTEXT ( 3 ) GLOBAL_UNCERTAINTY_ASSIGNED_CONTEXT ( ( #3195 ) ) GLOBAL_UNIT_ASSIGNED_CONTEXT ( ( #296, #2056, #867 ) ) REPRESENTATION_CONTEXT ( 'NONE', 'WORKASPACE' ) );
#1121 = ORIENTED_EDGE ( 'NONE', *, *, #2739, .T. ) ;
#1122 = VECTOR ( 'NONE', #1032, 1000.000000000000000 ) ;
#1123 = PRESENTATION_STYLE_ASSIGNMENT (( #1757 ) ) ;
#1124 = COLOUR_RGB ( '',0.8313725490196077761, 0.8392156862745098200, 0.8313725490196077761 ) ;
#1125 = CARTESIAN_POINT ( 'NONE',  ( 1.474999999999999867, 3.104999999999999982, 4.336808689942019708E-16 ) ) ;
#1126 = FILL_AREA_STYLE ('',( #1378 ) ) ;
#1127 = ORIENTED_EDGE ( 'NONE', *, *, #632, .T. ) ;
#1128 = CONICAL_SURFACE ( 'NONE', #839, 0.6531812678228641200, 0.5759586525000000012 ) ;
#1129 = SURFACE_SIDE_STYLE ('',( #2472 ) ) ;
#1130 =( NAMED_UNIT ( * ) SI_UNIT ( $, .STERADIAN. ) SOLID_ANGLE_UNIT ( ) );
#1131 = PRESENTATION_LAYER_ASSIGNMENT (  '', '', ( #841 ) ) ;
#1132 = UNCERTAINTY_MEASURE_WITH_UNIT (LENGTH_MEASURE( 1.000000000000000082E-05 ), #2982, 'distance_accuracy_value', 'NONE');
#1133 = CARTESIAN_POINT ( 'NONE',  ( -1.256702175378699771, 0.4791171807752240275, -2.927300478067430323 ) ) ;
#1134 = SURFACE_STYLE_FILL_AREA ( #2811 ) ;
#1135 = LINE ( 'NONE', #581, #1385 ) ;
#1136 = PRESENTATION_LAYER_ASSIGNMENT (  '', '', ( #3373 ) ) ;
#1137 = EDGE_LOOP ( 'NONE', ( #2004, #2224, #1158, #1207 ) ) ;
#1138 = FACE_OUTER_BOUND ( 'NONE', #1488, .T. ) ;
#1139 = STYLED_ITEM ( 'NONE', ( #2273 ), #2781 ) ;
#1140 = FACE_OUTER_BOUND ( 'NONE', #2820, .T. ) ;
#1141 = EDGE_CURVE ( 'NONE', #2732, #2189, #1519, .T. ) ;
#1142 = AXIS2_PLACEMENT_3D ( 'NONE', #2081, #2099, #3157 ) ;
#1143 = CIRCLE ( 'NONE', #2310, 1.100000000000000311 ) ;
#1144 = ORIENTED_EDGE ( 'NONE', *, *, #2764, .F. ) ;
#1145 = LINE ( 'NONE', #2802, #2073 ) ;
#1146 = SURFACE_SIDE_STYLE ('',( #49 ) ) ;
#1147 = ORIENTED_EDGE ( 'NONE', *, *, #2098, .T. ) ;
#1148 = MECHANICAL_DESIGN_GEOMETRIC_PRESENTATION_REPRESENTATION (  '', ( #1393 ), #2965 ) ;
#1149 = FACE_OUTER_BOUND ( 'NONE', #3371, .T. ) ;
#1150 = DIRECTION ( 'NONE',  ( 1.000000000000000000, 0.000000000000000000, 0.000000000000000000 ) ) ;
#1151 = CARTESIAN_POINT ( 'NONE',  ( 0.6999999999999999556, -2.004999999999999893, 8.259999999999999787 ) ) ;
#1152 = DIRECTION ( 'NONE',  ( 2.252887631138709814E-16, 1.000000000000000000, 0.000000000000000000 ) ) ;
#1153 = LINE ( 'NONE', #1945, #2245 ) ;
#1154 = FACE_BOUND ( 'NONE', #1315, .T. ) ;
#1155 = ORIENTED_EDGE ( 'NONE', *, *, #2415, .F. ) ;
#1156 = LINE ( 'NONE', #353, #1832 ) ;
#1157 = FILL_AREA_STYLE ('',( #1446 ) ) ;
#1158 = ORIENTED_EDGE ( 'NONE', *, *, #610, .T. ) ;
#1159 = SURFACE_SIDE_STYLE ('',( #3372 ) ) ;
#1160 = EDGE_CURVE ( 'NONE', #3264, #2021, #2664, .T. ) ;
#1161 = FILL_AREA_STYLE ('',( #3482 ) ) ;
#1162 = VERTEX_POINT ( 'NONE', #3560 ) ;
#1163 = EDGE_CURVE ( 'NONE', #1225, #2842, #187, .T. ) ;
#1164 = DIRECTION ( 'NONE',  ( 1.000000000000000000, 0.000000000000000000, 0.000000000000000000 ) ) ;
#1165 = DIRECTION ( 'NONE',  ( 0.000000000000000000, 0.000000000000000000, -1.000000000000000000 ) ) ;
#1166 = CARTESIAN_POINT ( 'NONE',  ( 0.3200000000000000067, 3.625000000000239808, -3.720000000000000195 ) ) ;
#1167 = FILL_AREA_STYLE_COLOUR ( '', #535 ) ;
#1168 = CARTESIAN_POINT ( 'NONE',  ( -1.925000000000000044, -4.955000000000000071, 6.859999999999999432 ) ) ;
#1169 = FILL_AREA_STYLE_COLOUR ( '', #3077 ) ;
#1170 = DIRECTION ( 'NONE',  ( -1.000000000000000000, -2.464667489455050086E-16, 0.000000000000000000 ) ) ;
#1171 = VERTEX_POINT ( 'NONE', #1829 ) ;
#1172 = DIRECTION ( 'NONE',  ( 1.000000000000000000, 0.000000000000000000, 0.000000000000000000 ) ) ;
#1173 = DIRECTION ( 'NONE',  ( 0.000000000000000000, 1.000000000000000000, 0.000000000000000000 ) ) ;
#1174 = ORIENTED_EDGE ( 'NONE', *, *, #1179, .T. ) ;
#1175 = STYLED_ITEM ( 'NONE', ( #1950 ), #981 ) ;
#1176 = MECHANICAL_DESIGN_GEOMETRIC_PRESENTATION_REPRESENTATION (  '', ( #2877 ), #2345 ) ;
#1177 = AXIS2_PLACEMENT_3D ( 'NONE', #2215, #2723, #225 ) ;
#1178 = VERTEX_POINT ( 'NONE', #753 ) ;
#1179 = EDGE_CURVE ( 'NONE', #669, #3226, #2363, .T. ) ;
#1180 = MECHANICAL_DESIGN_GEOMETRIC_PRESENTATION_REPRESENTATION (  '', ( #3182 ), #2834 ) ;
#1181 = FILL_AREA_STYLE_COLOUR ( '', #2421 ) ;
#1182 = PRESENTATION_STYLE_ASSIGNMENT (( #3434 ) ) ;
#1183 = PLANE ( 'NONE',  #3245 ) ;
#1184 = VECTOR ( 'NONE', #1856, 1000.000000000000000 ) ;
#1185 = EDGE_CURVE ( 'NONE', #2815, #3159, #3260, .T. ) ;
#1186 =( LENGTH_UNIT ( ) NAMED_UNIT ( * ) SI_UNIT ( .MILLI., .METRE. ) );
#1187 =( GEOMETRIC_REPRESENTATION_CONTEXT ( 3 ) GLOBAL_UNCERTAINTY_ASSIGNED_CONTEXT ( ( #2100 ) ) GLOBAL_UNIT_ASSIGNED_CONTEXT ( ( #3036, #2987, #2155 ) ) REPRESENTATION_CONTEXT ( 'NONE', 'WORKASPACE' ) );
#1188 = EDGE_LOOP ( 'NONE', ( #2277, #1767, #2990, #1896, #966, #3076 ) ) ;
#1189 = VECTOR ( 'NONE', #1750, 1000.000000000000000 ) ;
#1190 = DIRECTION ( 'NONE',  ( 1.000000000000000000, 0.000000000000000000, 0.000000000000000000 ) ) ;
#1191 =( GEOMETRIC_REPRESENTATION_CONTEXT ( 3 ) GLOBAL_UNCERTAINTY_ASSIGNED_CONTEXT ( ( #3091 ) ) GLOBAL_UNIT_ASSIGNED_CONTEXT ( ( #2824, #1728, #625 ) ) REPRESENTATION_CONTEXT ( 'NONE', 'WORKASPACE' ) );
#1192 = SURFACE_SIDE_STYLE ('',( #1719 ) ) ;
#1193 = ORIENTED_EDGE ( 'NONE', *, *, #649, .F. ) ;
#1194 = COLOUR_RGB ( '',0.1137254901960784298, 0.1137254901960784298, 0.1137254901960784298 ) ;
#1195 = COLOUR_RGB ( '',0.1137254901960784298, 0.1137254901960784298, 0.1137254901960784298 ) ;
#1196 = LINE ( 'NONE', #2885, #3119 ) ;
#1197 = VECTOR ( 'NONE', #2533, 1000.000000000000000 ) ;
#1198 = VERTEX_POINT ( 'NONE', #2682 ) ;
#1199 = ADVANCED_FACE ( 'NONE', ( #2157 ), #3203, .F. ) ;
#1200 = FACE_OUTER_BOUND ( 'NONE', #1137, .T. ) ;
#1201 = SURFACE_STYLE_USAGE ( .BOTH. , #107 ) ;
#1202 = PLANE ( 'NONE',  #3123 ) ;
#1203 = CYLINDRICAL_SURFACE ( 'NONE', #1924, 0.5820000000000000728 ) ;
#1204 = EDGE_CURVE ( 'NONE', #3264, #42, #888, .T. ) ;
#1205 = FACE_OUTER_BOUND ( 'NONE', #3409, .T. ) ;
#1206 = SURFACE_STYLE_USAGE ( .BOTH. , #164 ) ;
#1207 = ORIENTED_EDGE ( 'NONE', *, *, #716, .T. ) ;
#1208 = SURFACE_SIDE_STYLE ('',( #3219 ) ) ;
#1209 = DIRECTION ( 'NONE',  ( 0.000000000000000000, -1.000000000000000000, 0.000000000000000000 ) ) ;
#1210 = EDGE_LOOP ( 'NONE', ( #1392, #344, #1306, #1241 ) ) ;
#1211 = FACE_OUTER_BOUND ( 'NONE', #916, .T. ) ;
#1212 = LINE ( 'NONE', #2839, #1483 ) ;
#1213 = PLANE ( 'NONE',  #430 ) ;
#1214 = ORIENTED_EDGE ( 'NONE', *, *, #3481, .T. ) ;
#1215 = CARTESIAN_POINT ( 'NONE',  ( -0.4749999999999999778, -1.354999999999820126, -2.290000000000000036 ) ) ;
#1216 = LINE ( 'NONE', #2285, #971 ) ;
#1217 = DIRECTION ( 'NONE',  ( 0.000000000000000000, 0.000000000000000000, 1.000000000000000000 ) ) ;
#1218 = SURFACE_SIDE_STYLE ('',( #2321 ) ) ;
#1219 = FILL_AREA_STYLE ('',( #3440 ) ) ;
#1220 = DIRECTION ( 'NONE',  ( 0.000000000000000000, 1.000000000000000000, 0.000000000000000000 ) ) ;
#1221 = ORIENTED_EDGE ( 'NONE', *, *, #60, .T. ) ;
#1222 = EDGE_CURVE ( 'NONE', #1520, #3181, #2223, .T. ) ;
#1223 =( NAMED_UNIT ( * ) SI_UNIT ( $, .STERADIAN. ) SOLID_ANGLE_UNIT ( ) );
#1224 = DIRECTION ( 'NONE',  ( 0.000000000000000000, -1.000000000000000000, 0.000000000000000000 ) ) ;
#1225 = VERTEX_POINT ( 'NONE', #1328 ) ;
#1226 = EDGE_CURVE ( 'NONE', #42, #623, #1947, .T. ) ;
#1227 = VECTOR ( 'NONE', #3160, 1000.000000000000000 ) ;
#1228 = DIRECTION ( 'NONE',  ( -0.7071067811865470176, 0.000000000000000000, 0.7071067811865480168 ) ) ;
#1229 = FILL_AREA_STYLE ('',( #922 ) ) ;
#1230 = VERTEX_POINT ( 'NONE', #2719 ) ;
#1231 = STYLED_ITEM ( 'NONE', ( #993 ), #957 ) ;
#1232 = AXIS2_PLACEMENT_3D ( 'NONE', #3276, #2988, #1848 ) ;
#1233 = DIRECTION ( 'NONE',  ( 0.000000000000000000, 0.000000000000000000, -1.000000000000000000 ) ) ;
#1234 = CARTESIAN_POINT ( 'NONE',  ( 0.3200000000000000067, -2.555000000000000160, 2.250000000000000000 ) ) ;
#1235 = ORIENTED_EDGE ( 'NONE', *, *, #148, .T. ) ;
#1236 = DIRECTION ( 'NONE',  ( 0.000000000000000000, -1.000000000000000000, 0.000000000000000000 ) ) ;
#1237 = SURFACE_STYLE_USAGE ( .BOTH. , #684 ) ;
#1238 = CARTESIAN_POINT ( 'NONE',  ( 1.324999999999999956, 1.645000000000000018, 1.255000000000000115 ) ) ;
#1239 = AXIS2_PLACEMENT_3D ( 'NONE', #1473, #3196, #1511 ) ;
#1240 = UNCERTAINTY_MEASURE_WITH_UNIT (LENGTH_MEASURE( 1.000000000000000082E-05 ), #2797, 'distance_accuracy_value', 'NONE');
#1241 = ORIENTED_EDGE ( 'NONE', *, *, #738, .F. ) ;
#1242 = SURFACE_STYLE_USAGE ( .BOTH. , #426 ) ;
#1243 = PRESENTATION_LAYER_ASSIGNMENT (  '', '', ( #2539 ) ) ;
#1244 = EDGE_CURVE ( 'NONE', #923, #2640, #1104, .T. ) ;
#1245 = SURFACE_STYLE_USAGE ( .BOTH. , #409 ) ;
#1246 = EDGE_LOOP ( 'NONE', ( #3460, #2863, #3387, #1826 ) ) ;
#1247 = FILL_AREA_STYLE_COLOUR ( '', #356 ) ;
#1248 = COLOUR_RGB ( '',0.1137254901960784298, 0.1137254901960784298, 0.1137254901960784298 ) ;
#1249 = EDGE_CURVE ( 'NONE', #3226, #706, #2438, .T. ) ;
#1250 = DIRECTION ( 'NONE',  ( 1.000000000000000000, 0.000000000000000000, 0.000000000000000000 ) ) ;
#1251 = CARTESIAN_POINT ( 'NONE',  ( 1.015332842937223257, -0.05176044477055990328, -3.704921926667097409 ) ) ;
#1252 = STYLED_ITEM ( 'NONE', ( #3521 ), #2440 ) ;
#1253 = VERTEX_POINT ( 'NONE', #1166 ) ;
#1254 =( GEOMETRIC_REPRESENTATION_CONTEXT ( 3 ) GLOBAL_UNCERTAINTY_ASSIGNED_CONTEXT ( ( #1240 ) ) GLOBAL_UNIT_ASSIGNED_CONTEXT ( ( #2797, #2550, #824 ) ) REPRESENTATION_CONTEXT ( 'NONE', 'WORKASPACE' ) );
#1255 = CARTESIAN_POINT ( 'NONE',  ( 1.925000000000000044, 4.955000000000000071, 4.384999999999999787 ) ) ;
#1256 = CARTESIAN_POINT ( 'NONE',  ( 0.6999999999999999556, -2.004999999999999893, 6.859999999999999432 ) ) ;
#1257 = SURFACE_STYLE_FILL_AREA ( #626 ) ;
#1258 = FILL_AREA_STYLE ('',( #2911 ) ) ;
#1259 = PLANE ( 'NONE',  #2256 ) ;
#1260 = CARTESIAN_POINT ( 'NONE',  ( 1.474999999999999867, -3.354999999999999982, 0.000000000000000000 ) ) ;
#1261 = CARTESIAN_POINT ( 'NONE',  ( -1.354795897113090231, -1.354999999999999982, -2.640000000000000124 ) ) ;
#1262 = VECTOR ( 'NONE', #2428, 1000.000000000000000 ) ;
#1263 = EDGE_LOOP ( 'NONE', ( #691, #2869, #900, #2522 ) ) ;
#1264 = FILL_AREA_STYLE_COLOUR ( '', #1654 ) ;
#1265 = COLOUR_RGB ( '',0.1137254901960784298, 0.1137254901960784298, 0.1137254901960784298 ) ;
#1266 = ORIENTED_EDGE ( 'NONE', *, *, #1805, .F. ) ;
#1267 = FILL_AREA_STYLE_COLOUR ( '', #3180 ) ;
#1268 = LINE ( 'NONE', #1875, #2467 ) ;
#1269 = CARTESIAN_POINT ( 'NONE',  ( 1.028181269763271954, -0.3549999959777569436, -3.789999999267729791 ) ) ;
#1270 = ORIENTED_EDGE ( 'NONE', *, *, #3309, .F. ) ;
#1271 = EDGE_CURVE ( 'NONE', #1225, #1592, #3349, .T. ) ;
#1272 = CARTESIAN_POINT ( 'NONE',  ( 1.028181267822863898, -0.3549999999998250111, -3.790000000000000036 ) ) ;
#1273 =( LENGTH_UNIT ( ) NAMED_UNIT ( * ) SI_UNIT ( .MILLI., .METRE. ) );
#1274 = FILL_AREA_STYLE ('',( #478 ) ) ;
#1275 =( NAMED_UNIT ( * ) PLANE_ANGLE_UNIT ( ) SI_UNIT ( $, .RADIAN. ) );
#1276 = ADVANCED_FACE ( 'NONE', ( #2213, #540 ), #2286, .F. ) ;
#1277 = DIRECTION ( 'NONE',  ( 0.000000000000000000, 0.000000000000000000, -1.000000000000000000 ) ) ;
#1278 = SURFACE_SIDE_STYLE ('',( #3269 ) ) ;
#1279 = UNCERTAINTY_MEASURE_WITH_UNIT (LENGTH_MEASURE( 1.000000000000000082E-05 ), #2776, 'distance_accuracy_value', 'NONE');
#1280 = SURFACE_STYLE_FILL_AREA ( #183 ) ;
#1281 =( NAMED_UNIT ( * ) SI_UNIT ( $, .STERADIAN. ) SOLID_ANGLE_UNIT ( ) );
#1282 =( NAMED_UNIT ( * ) PLANE_ANGLE_UNIT ( ) SI_UNIT ( $, .RADIAN. ) );
#1283 = CARTESIAN_POINT ( 'NONE',  ( -0.3200000000000000067, 3.625000000000239808, -3.720000000000000195 ) ) ;
#1284 =( LENGTH_UNIT ( ) NAMED_UNIT ( * ) SI_UNIT ( .MILLI., .METRE. ) );
#1285 = UNCERTAINTY_MEASURE_WITH_UNIT (LENGTH_MEASURE( 1.000000000000000082E-05 ), #3416, 'distance_accuracy_value', 'NONE');
#1286 = ORIENTED_EDGE ( 'NONE', *, *, #1532, .T. ) ;
#1287 = DIRECTION ( 'NONE',  ( 1.210528139307180060E-15, 1.000000000000000000, 0.000000000000000000 ) ) ;
#1288 = CARTESIAN_POINT ( 'NONE',  ( 0.3200000000000000067, 3.625000000000239808, -3.720000000000000195 ) ) ;
#1289 = FILL_AREA_STYLE_COLOUR ( '', #2131 ) ;
#1290 = ORIENTED_EDGE ( 'NONE', *, *, #2266, .T. ) ;
#1291 = STYLED_ITEM ( 'NONE', ( #3183 ), #408 ) ;
#1292 = CARTESIAN_POINT ( 'NONE',  ( -0.8332575694955840495, -1.354999999999820126, -2.290000000000069758 ) ) ;
#1293 = CARTESIAN_POINT ( 'NONE',  ( -1.028181272138312119, -0.3550027573616350018, -3.789999992819999886 ) ) ;
#1294 = EDGE_CURVE ( 'NONE', #3384, #14, #3075, .T. ) ;
#1295 = VERTEX_POINT ( 'NONE', #1085 ) ;
#1296 = FACE_OUTER_BOUND ( 'NONE', #2553, .T. ) ;
#1297 = COLOUR_RGB ( '',0.8313725490196077761, 0.8392156862745098200, 0.8313725490196077761 ) ;
#1298 = ADVANCED_FACE ( 'NONE', ( #3337 ), #3317, .F. ) ;
#1299 =( GEOMETRIC_REPRESENTATION_CONTEXT ( 3 ) GLOBAL_UNCERTAINTY_ASSIGNED_CONTEXT ( ( #3583 ) ) GLOBAL_UNIT_ASSIGNED_CONTEXT ( ( #132, #3480, #1068 ) ) REPRESENTATION_CONTEXT ( 'NONE', 'WORKASPACE' ) );
#1300 = PLANE ( 'NONE',  #1535 ) ;
#1301 = CARTESIAN_POINT ( 'NONE',  ( -0.3750000000000000000, -0.3549999999998250111, -2.290000000000069758 ) ) ;
#1302 = MECHANICAL_DESIGN_GEOMETRIC_PRESENTATION_REPRESENTATION (  '', ( #2649 ), #1666 ) ;
#1303 = CARTESIAN_POINT ( 'NONE',  ( -1.015649853059868990, 0.09722651471867524431, -3.588715393748779015 ) ) ;
#1304 = DIRECTION ( 'NONE',  ( 0.000000000000000000, 1.000000000000000000, 0.000000000000000000 ) ) ;
#1305 = CARTESIAN_POINT ( 'NONE',  ( 1.474999999999999867, -0.3549999999998250111, -2.290000000000000036 ) ) ;
#1306 = ORIENTED_EDGE ( 'NONE', *, *, #1551, .T. ) ;
#1307 = CIRCLE ( 'NONE', #1669, 0.5820000000000000728 ) ;
#1308 = COLOUR_RGB ( '',0.8313725490196077761, 0.8392156862745098200, 0.8313725490196077761 ) ;
#1309 = SURFACE_SIDE_STYLE ('',( #1607 ) ) ;
#1310 = CARTESIAN_POINT ( 'NONE',  ( 1.035443212120890966, 0.1237794880336021280, -3.539840806819670949 ) ) ;
#1311 = ORIENTED_EDGE ( 'NONE', *, *, #828, .T. ) ;
#1312 = PRESENTATION_LAYER_ASSIGNMENT (  '', '', ( #563 ) ) ;
#1313 = CARTESIAN_POINT ( 'NONE',  ( 0.6750000000000000444, -4.955000000000000071, 0.6049999999999999822 ) ) ;
#1314 = VECTOR ( 'NONE', #2096, 1000.000000000000000 ) ;
#1315 = EDGE_LOOP ( 'NONE', ( #3205, #299, #2585, #281 ) ) ;
#1316 = SURFACE_STYLE_USAGE ( .BOTH. , #1880 ) ;
#1317 = MECHANICAL_DESIGN_GEOMETRIC_PRESENTATION_REPRESENTATION (  '', ( #3259 ), #3628 ) ;
#1318 = CARTESIAN_POINT ( 'NONE',  ( -1.324999999999999956, 1.645000000000000018, 3.254999999999999893 ) ) ;
#1319 = AXIS2_PLACEMENT_3D ( 'NONE', #2335, #2619, #127 ) ;
#1320 = VECTOR ( 'NONE', #391, 1000.000000000000000 ) ;
#1321 = UNCERTAINTY_MEASURE_WITH_UNIT (LENGTH_MEASURE( 1.000000000000000082E-05 ), #3108, 'distance_accuracy_value', 'NONE');
#1322 = VERTEX_POINT ( 'NONE', #2375 ) ;
#1323 =( NAMED_UNIT ( * ) PLANE_ANGLE_UNIT ( ) SI_UNIT ( $, .RADIAN. ) );
#1324 = EDGE_CURVE ( 'NONE', #2750, #1635, #2333, .T. ) ;
#1325 =( LENGTH_UNIT ( ) NAMED_UNIT ( * ) SI_UNIT ( .MILLI., .METRE. ) );
#1326 = AXIS2_PLACEMENT_3D ( 'NONE', #2078, #69, #2045 ) ;
#1327 = LINE ( 'NONE', #2436, #432 ) ;
#1328 = CARTESIAN_POINT ( 'NONE',  ( -1.354795897113450165, 0.6449999999999999067, -2.640000000000000124 ) ) ;
#1329 = VECTOR ( 'NONE', #836, 1000.000000000000000 ) ;
#1330 = ORIENTED_EDGE ( 'NONE', *, *, #2490, .T. ) ;
#1331 = PLANE ( 'NONE',  #653 ) ;
#1332 = DIRECTION ( 'NONE',  ( 0.000000000000000000, 0.000000000000000000, -1.000000000000000000 ) ) ;
#1333 = LINE ( 'NONE', #514, #1843 ) ;
#1334 = ORIENTED_EDGE ( 'NONE', *, *, #176, .F. ) ;
#1335 = CARTESIAN_POINT ( 'NONE',  ( -0.4749999999999999778, 3.104999999999999982, -0.5400000000000000355 ) ) ;
#1336 = CARTESIAN_POINT ( 'NONE',  ( 0.4749999999999999778, 0.1490193320419800072, -3.499012908524619991 ) ) ;
#1337 = LINE ( 'NONE', #2980, #2711 ) ;
#1338 = VERTEX_POINT ( 'NONE', #2079 ) ;
#1339 = CARTESIAN_POINT ( 'NONE',  ( 0.4749999999999999778, -3.354999999999999982, -0.5400000000000000355 ) ) ;
#1340 =( LENGTH_UNIT ( ) NAMED_UNIT ( * ) SI_UNIT ( .MILLI., .METRE. ) );
#1341 = DIRECTION ( 'NONE',  ( -1.084202172485499873E-16, 0.000000000000000000, -1.000000000000000000 ) ) ;
#1342 =( NAMED_UNIT ( * ) PLANE_ANGLE_UNIT ( ) SI_UNIT ( $, .RADIAN. ) );
#1343 = ORIENTED_EDGE ( 'NONE', *, *, #2828, .F. ) ;
#1344 = CARTESIAN_POINT ( 'NONE',  ( 1.474999999999999867, -3.354999999999999982, 3.885780586188049864E-16 ) ) ;
#1345 = PLANE ( 'NONE',  #3190 ) ;
#1346 = LINE ( 'NONE', #3294, #165 ) ;
#1347 = DIRECTION ( 'NONE',  ( 0.000000000000000000, 0.000000000000000000, -1.000000000000000000 ) ) ;
#1348 = EDGE_CURVE ( 'NONE', #211, #1739, #2634, .T. ) ;
#1349 = ORIENTED_EDGE ( 'NONE', *, *, #2908, .T. ) ;
#1350 = DIRECTION ( 'NONE',  ( 1.000000000000000000, 0.000000000000000000, 1.230300337415150153E-15 ) ) ;
#1351 = DIRECTION ( 'NONE',  ( 0.000000000000000000, -1.000000000000000000, 0.000000000000000000 ) ) ;
#1352 = EDGE_CURVE ( 'NONE', #3181, #2684, #2924, .T. ) ;
#1353 =( NAMED_UNIT ( * ) PLANE_ANGLE_UNIT ( ) SI_UNIT ( $, .RADIAN. ) );
#1354 = VERTEX_POINT ( 'NONE', #2601 ) ;
#1355 = DIRECTION ( 'NONE',  ( -1.000000000000000000, 0.000000000000000000, -6.151501687075739917E-16 ) ) ;
#1356 = DIRECTION ( 'NONE',  ( 0.000000000000000000, -1.000000000000000000, 0.000000000000000000 ) ) ;
#1357 = VERTEX_POINT ( 'NONE', #347 ) ;
#1358 = PRESENTATION_STYLE_ASSIGNMENT (( #1596 ) ) ;
#1359 = CARTESIAN_POINT ( 'NONE',  ( -0.3200000000000000067, 7.264999999999999680, -3.720000000000000195 ) ) ;
#1360 = FILL_AREA_STYLE ('',( #1597 ) ) ;
#1361 = UNCERTAINTY_MEASURE_WITH_UNIT (LENGTH_MEASURE( 1.000000000000000082E-05 ), #521, 'distance_accuracy_value', 'NONE');
#1362 = FILL_AREA_STYLE_COLOUR ( '', #133 ) ;
#1363 = STYLED_ITEM ( 'NONE', ( #2242 ), #962 ) ;
#1364 = VECTOR ( 'NONE', #2892, 1000.000000000000000 ) ;
#1365 = CARTESIAN_POINT ( 'NONE',  ( -0.3200000000000000067, 4.264999999999999680, 4.384999999999999787 ) ) ;
#1366 = CARTESIAN_POINT ( 'NONE',  ( 0.4749999999999999778, -3.354999999999999982, -3.330669073875469621E-16 ) ) ;
#1367 = SURFACE_STYLE_FILL_AREA ( #237 ) ;
#1368 = STYLED_ITEM ( 'NONE', ( #2070 ), #1009 ) ;
#1369 = CARTESIAN_POINT ( 'NONE',  ( 0.3200000000000000067, -2.555000000000000160, 2.250000000000000000 ) ) ;
#1370 = EDGE_LOOP ( 'NONE', ( #341, #3061, #2364, #658 ) ) ;
#1371 = LINE ( 'NONE', #1406, #936 ) ;
#1372 = PRESENTATION_LAYER_ASSIGNMENT (  '', '', ( #2649 ) ) ;
#1373 = SURFACE_STYLE_FILL_AREA ( #2175 ) ;
#1374 = VECTOR ( 'NONE', #2281, 1000.000000000000000 ) ;
#1375 = ORIENTED_EDGE ( 'NONE', *, *, #3303, .F. ) ;
#1376 = ADVANCED_FACE ( 'NONE', ( #680 ), #1183, .F. ) ;
#1377 = SURFACE_STYLE_USAGE ( .BOTH. , #3610 ) ;
#1378 = FILL_AREA_STYLE_COLOUR ( '', #3032 ) ;
#1379 = PRESENTATION_LAYER_ASSIGNMENT (  '', '', ( #276 ) ) ;
#1380 = ORIENTED_EDGE ( 'NONE', *, *, #856, .T. ) ;
#1381 = LINE ( 'NONE', #2774, #2670 ) ;
#1382 = COLOUR_RGB ( '',0.1137254901960784298, 0.1137254901960784298, 0.1137254901960784298 ) ;
#1383 = CARTESIAN_POINT ( 'NONE',  ( -1.103655826766130055, 0.2312013343974529955, -3.356677923650309925 ) ) ;
#1384 = SURFACE_STYLE_FILL_AREA ( #2567 ) ;
#1385 = VECTOR ( 'NONE', #1170, 1000.000000000000000 ) ;
#1386 = CARTESIAN_POINT ( 'NONE',  ( -0.4749999999999999778, -3.354999999999999982, -0.5400000000000000355 ) ) ;
#1387 = ORIENTED_EDGE ( 'NONE', *, *, #1468, .T. ) ;
#1388 = SURFACE_SIDE_STYLE ('',( #2459 ) ) ;
#1389 = SURFACE_SIDE_STYLE ('',( #1373 ) ) ;
#1390 = PRESENTATION_LAYER_ASSIGNMENT (  '', '', ( #395 ) ) ;
#1391 = SURFACE_SIDE_STYLE ('',( #815 ) ) ;
#1392 = ORIENTED_EDGE ( 'NONE', *, *, #1035, .F. ) ;
#1393 = STYLED_ITEM ( 'NONE', ( #3611 ), #3417 ) ;
#1394 = CARTESIAN_POINT ( 'NONE',  ( -0.3200000000000000067, 0.000000000000000000, 0.000000000000000000 ) ) ;
#1395 = PRESENTATION_STYLE_ASSIGNMENT (( #2805 ) ) ;
#1396 = ORIENTED_EDGE ( 'NONE', *, *, #3262, .T. ) ;
#1397 = EDGE_CURVE ( 'NONE', #2153, #3264, #663, .T. ) ;
#1398 =( NAMED_UNIT ( * ) SI_UNIT ( $, .STERADIAN. ) SOLID_ANGLE_UNIT ( ) );
#1399 = FILL_AREA_STYLE ('',( #578 ) ) ;
#1400 = ADVANCED_FACE ( 'NONE', ( #2871 ), #365, .T. ) ;
#1401 = UNCERTAINTY_MEASURE_WITH_UNIT (LENGTH_MEASURE( 1.000000000000000082E-05 ), #2050, 'distance_accuracy_value', 'NONE');
#1402 = DIRECTION ( 'NONE',  ( -7.744301232039317914E-17, 1.000000000000000000, 0.000000000000000000 ) ) ;
#1403 = CARTESIAN_POINT ( 'NONE',  ( 1.028181499123902665, -0.3780451219020553588, -3.790000000159256199 ) ) ;
#1404 = DIRECTION ( 'NONE',  ( 1.000000000000000000, 0.000000000000000000, 0.000000000000000000 ) ) ;
#1405 = EDGE_LOOP ( 'NONE', ( #191, #3166, #3329, #2042 ) ) ;
#1406 = CARTESIAN_POINT ( 'NONE',  ( 0.6999999999999999556, -4.415000000000000036, 6.859999999999999432 ) ) ;
#1407 = FACE_OUTER_BOUND ( 'NONE', #2462, .T. ) ;
#1408 = EDGE_LOOP ( 'NONE', ( #582, #3464, #2859, #1873 ) ) ;
#1409 = CARTESIAN_POINT ( 'NONE',  ( -0.3200000000000000067, 4.265000000000240377, -3.720000000000000195 ) ) ;
#1410 = PRESENTATION_STYLE_ASSIGNMENT (( #1377 ) ) ;
#1411 = CARTESIAN_POINT ( 'NONE',  ( 1.474999999999999867, 3.104999999999999982, -0.5400000000000000355 ) ) ;
#1412 = CARTESIAN_POINT ( 'NONE',  ( 0.6999999999999999556, -2.004999999999999893, 6.859999999999999432 ) ) ;
#1413 = STYLED_ITEM ( 'NONE', ( #3345 ), #81 ) ;
#1414 = ORIENTED_EDGE ( 'NONE', *, *, #1673, .T. ) ;
#1415 = DIRECTION ( 'NONE',  ( -1.000000000000000000, 0.000000000000000000, 0.000000000000000000 ) ) ;
#1416 = LINE ( 'NONE', #316, #334 ) ;
#1417 = COLOUR_RGB ( '',0.1137254901960784298, 0.1137254901960784298, 0.1137254901960784298 ) ;
#1418 = PRESENTATION_STYLE_ASSIGNMENT (( #3419 ) ) ;
#1419 = EDGE_CURVE ( 'NONE', #2066, #3145, #3305, .T. ) ;
#1420 = CARTESIAN_POINT ( 'NONE',  ( 0.000000000000000000, 1.645000000000000018, 5.250000000000000000 ) ) ;
#1421 = CARTESIAN_POINT ( 'NONE',  ( 0.4749999999999999778, 0.6450000000001029354, -2.640000000000000124 ) ) ;
#1422 = VECTOR ( 'NONE', #448, 1000.000000000000000 ) ;
#1423 = VERTEX_POINT ( 'NONE', #500 ) ;
#1424 = DIRECTION ( 'NONE',  ( 0.000000000000000000, 1.000000000000000000, 0.000000000000000000 ) ) ;
#1425 = VECTOR ( 'NONE', #743, 1000.000000000000000 ) ;
#1426 = VECTOR ( 'NONE', #2618, 1000.000000000000000 ) ;
#1427 = ORIENTED_EDGE ( 'NONE', *, *, #3184, .F. ) ;
#1428 = AXIS2_PLACEMENT_3D ( 'NONE', #95, #1791, #1209 ) ;
#1429 = LINE ( 'NONE', #2000, #2186 ) ;
#1430 = VECTOR ( 'NONE', #1939, 1000.000000000000000 ) ;
#1431 = SURFACE_STYLE_FILL_AREA ( #2772 ) ;
#1432 = ORIENTED_EDGE ( 'NONE', *, *, #154, .F. ) ;
#1433 = MECHANICAL_DESIGN_GEOMETRIC_PRESENTATION_REPRESENTATION (  '', ( #39 ), #3614 ) ;
#1434 = SURFACE_STYLE_USAGE ( .BOTH. , #290 ) ;
#1435 = PRESENTATION_STYLE_ASSIGNMENT (( #16 ) ) ;
#1436 = MECHANICAL_DESIGN_GEOMETRIC_PRESENTATION_REPRESENTATION (  '', ( #3424 ), #1187 ) ;
#1437 = SURFACE_SIDE_STYLE ('',( #1100 ) ) ;
#1438 = FACE_OUTER_BOUND ( 'NONE', #651, .T. ) ;
#1439 = FILL_AREA_STYLE_COLOUR ( '', #1072 ) ;
#1440 = DIRECTION ( 'NONE',  ( 1.000000000000000000, 0.000000000000000000, 0.000000000000000000 ) ) ;
#1441 = VECTOR ( 'NONE', #1054, 1000.000000000000000 ) ;
#1442 = ORIENTED_EDGE ( 'NONE', *, *, #2787, .T. ) ;
#1443 = EDGE_CURVE ( 'NONE', #1609, #1830, #1337, .T. ) ;
#1444 = LINE ( 'NONE', #876, #833 ) ;
#1445 = VECTOR ( 'NONE', #2681, 1000.000000000000000 ) ;
#1446 = FILL_AREA_STYLE_COLOUR ( '', #2293 ) ;
#1447 = PRESENTATION_LAYER_ASSIGNMENT (  '', '', ( #2035 ) ) ;
#1448 = CIRCLE ( 'NONE', #3144, 1.399999999999999911 ) ;
#1449 = ORIENTED_EDGE ( 'NONE', *, *, #1923, .T. ) ;
#1450 = ADVANCED_FACE ( 'NONE', ( #728 ), #3001, .F. ) ;
#1451 = STYLED_ITEM ( 'NONE', ( #1508 ), #3210 ) ;
#1452 = PRESENTATION_STYLE_ASSIGNMENT (( #2314 ) ) ;
#1453 = PRESENTATION_STYLE_ASSIGNMENT (( #2075 ) ) ;
#1454 = FILL_AREA_STYLE ('',( #2202 ) ) ;
#1455 = COLOUR_RGB ( '',0.1137254901960784298, 0.1137254901960784298, 0.1137254901960784298 ) ;
#1456 = CARTESIAN_POINT ( 'NONE',  ( 1.324999999999999956, 1.645000000000000018, 1.255000000000000115 ) ) ;
#1457 = CARTESIAN_POINT ( 'NONE',  ( 1.324999999999999956, -4.955000000000000071, 3.254999999999999893 ) ) ;
#1458 = CARTESIAN_POINT ( 'NONE',  ( 0.3750000000000000000, -0.3549999999998250111, -2.640000000000000124 ) ) ;
#1459 = SURFACE_STYLE_FILL_AREA ( #2336 ) ;
#1460 = PLANE ( 'NONE',  #2036 ) ;
#1461 = ORIENTED_EDGE ( 'NONE', *, *, #3433, .T. ) ;
#1462 = ORIENTED_EDGE ( 'NONE', *, *, #2325, .T. ) ;
#1463 =( NAMED_UNIT ( * ) SI_UNIT ( $, .STERADIAN. ) SOLID_ANGLE_UNIT ( ) );
#1464 = ADVANCED_FACE ( 'NONE', ( #3590 ), #2429, .F. ) ;
#1465 = LINE ( 'NONE', #2879, #3475 ) ;
#1466 = EDGE_LOOP ( 'NONE', ( #3587, #2145, #720, #2680 ) ) ;
#1467 = DIRECTION ( 'NONE',  ( 3.273063162220390326E-16, 0.000000000000000000, 1.000000000000000000 ) ) ;
#1468 = EDGE_CURVE ( 'NONE', #2651, #2434, #2166, .T. ) ;
#1469 = DIRECTION ( 'NONE',  ( 3.252606517456509851E-16, 0.000000000000000000, -1.000000000000000000 ) ) ;
#1470 = SURFACE_SIDE_STYLE ('',( #101 ) ) ;
#1471 = ORIENTED_EDGE ( 'NONE', *, *, #649, .T. ) ;
#1472 = SURFACE_STYLE_FILL_AREA ( #3466 ) ;
#1473 = CARTESIAN_POINT ( 'NONE',  ( -0.3200000000000000067, 0.000000000000000000, 0.000000000000000000 ) ) ;
#1474 = DIRECTION ( 'NONE',  ( 0.000000000000000000, 0.000000000000000000, -1.000000000000000000 ) ) ;
#1475 = PRESENTATION_LAYER_ASSIGNMENT (  '', '', ( #2574 ) ) ;
#1476 = SURFACE_STYLE_FILL_AREA ( #3215 ) ;
#1477 = CARTESIAN_POINT ( 'NONE',  ( 0.3200000000000000067, -2.555000000000000160, 5.250000000000000000 ) ) ;
#1478 = CARTESIAN_POINT ( 'NONE',  ( -0.3750000000000000000, -0.3549999999998250111, -2.290000000000069758 ) ) ;
#1479 = ORIENTED_EDGE ( 'NONE', *, *, #3370, .T. ) ;
#1480 = CARTESIAN_POINT ( 'NONE',  ( -1.324999999999999956, 1.645000000000000018, 4.254999999999999893 ) ) ;
#1481 = VERTEX_POINT ( 'NONE', #1109 ) ;
#1482 = LINE ( 'NONE', #1409, #3177 ) ;
#1483 = VECTOR ( 'NONE', #78, 1000.000000000000000 ) ;
#1484 = COLOUR_RGB ( '',0.1137254901960784298, 0.1137254901960784298, 0.1137254901960784298 ) ;
#1485 =( NAMED_UNIT ( * ) PLANE_ANGLE_UNIT ( ) SI_UNIT ( $, .RADIAN. ) );
#1486 = FILL_AREA_STYLE_COLOUR ( '', #545 ) ;
#1487 = CARTESIAN_POINT ( 'NONE',  ( -1.354795897113310055, 0.6450000000001420153, -2.290000000000000036 ) ) ;
#1488 = EDGE_LOOP ( 'NONE', ( #3306, #3285, #1976, #1934, #1343, #3291 ) ) ;
#1489 = EDGE_CURVE ( 'NONE', #1804, #424, #3328, .T. ) ;
#1490 = CARTESIAN_POINT ( 'NONE',  ( -0.6999999999999999556, -4.415000000000000036, 6.859999999999999432 ) ) ;
#1491 = LINE ( 'NONE', #886, #3090 ) ;
#1492 = SURFACE_STYLE_FILL_AREA ( #139 ) ;
#1493 = MECHANICAL_DESIGN_GEOMETRIC_PRESENTATION_REPRESENTATION (  '', ( #3479 ), #2944 ) ;
#1494 = LINE ( 'NONE', #2603, #1426 ) ;
#1495 = DIRECTION ( 'NONE',  ( 0.000000000000000000, 1.000000000000000000, 0.000000000000000000 ) ) ;
#1496 = CARTESIAN_POINT ( 'NONE',  ( 0.3200000000000000067, 4.955000000000000071, 4.384999999999999787 ) ) ;
#1497 = ORIENTED_EDGE ( 'NONE', *, *, #1397, .T. ) ;
#1498 = PLANE ( 'NONE',  #2992 ) ;
#1499 = VECTOR ( 'NONE', #1611, 1000.000000000000000 ) ;
#1500 = CARTESIAN_POINT ( 'NONE',  ( 0.3200000000000000067, 6.625000000000000000, 4.384999999999999787 ) ) ;
#1501 = VERTEX_POINT ( 'NONE', #1954 ) ;
#1502 = MECHANICAL_DESIGN_GEOMETRIC_PRESENTATION_REPRESENTATION (  '', ( #1556 ), #3022 ) ;
#1503 =( LENGTH_UNIT ( ) NAMED_UNIT ( * ) SI_UNIT ( .MILLI., .METRE. ) );
#1504 = CARTESIAN_POINT ( 'NONE',  ( -0.3200000000000000067, 4.264999999999999680, 5.250000000000000000 ) ) ;
#1505 = ORIENTED_EDGE ( 'NONE', *, *, #130, .T. ) ;
#1506 = COLOUR_RGB ( '',0.1137254901960784298, 0.1137254901960784298, 0.1137254901960784298 ) ;
#1507 = CARTESIAN_POINT ( 'NONE',  ( 0.000000000000000000, -3.354999999999999982, 0.000000000000000000 ) ) ;
#1508 = PRESENTATION_STYLE_ASSIGNMENT (( #385 ) ) ;
#1509 = EDGE_CURVE ( 'NONE', #2071, #2420, #1705, .T. ) ;
#1510 = UNCERTAINTY_MEASURE_WITH_UNIT (LENGTH_MEASURE( 1.000000000000000082E-05 ), #180, 'distance_accuracy_value', 'NONE');
#1511 = DIRECTION ( 'NONE',  ( 0.000000000000000000, 1.000000000000000000, 0.000000000000000000 ) ) ;
#1512 = STYLED_ITEM ( 'NONE', ( #1652 ), #3393 ) ;
#1513 = CARTESIAN_POINT ( 'NONE',  ( -1.925000000000000044, 4.955000000000000071, 6.859999999999999432 ) ) ;
#1514 = APPLICATION_CONTEXT ( 'automotive_design' ) ;
#1515 = DIRECTION ( 'NONE',  ( 0.000000000000000000, 0.000000000000000000, -1.000000000000000000 ) ) ;
#1516 = FACE_OUTER_BOUND ( 'NONE', #2972, .T. ) ;
#1517 = ADVANCED_FACE ( 'NONE', ( #858 ), #1128, .T. ) ;
#1518 = ORIENTED_EDGE ( 'NONE', *, *, #3481, .F. ) ;
#1519 = LINE ( 'NONE', #1305, #3301 ) ;
#1520 = VERTEX_POINT ( 'NONE', #1412 ) ;
#1521 = CARTESIAN_POINT ( 'NONE',  ( -0.3200000000000000067, -2.555000000000000160, 5.250000000000000000 ) ) ;
#1522 = CARTESIAN_POINT ( 'NONE',  ( -0.6999999999999999556, -2.754999999999999893, 8.259999999999999787 ) ) ;
#1523 = CARTESIAN_POINT ( 'NONE',  ( -1.474999999999999867, 3.104999999999999982, -0.5400000000000000355 ) ) ;
#1524 = EDGE_LOOP ( 'NONE', ( #1155, #3548, #2709, #3495 ) ) ;
#1525 = LINE ( 'NONE', #1215, #3553 ) ;
#1526 = DIRECTION ( 'NONE',  ( -1.000000000000000000, 0.000000000000000000, 0.000000000000000000 ) ) ;
#1527 = CARTESIAN_POINT ( 'NONE',  ( 0.4749999999999999778, 0.6450000000001749889, -0.5400000000000000355 ) ) ;
#1528 =( NAMED_UNIT ( * ) PLANE_ANGLE_UNIT ( ) SI_UNIT ( $, .RADIAN. ) );
#1529 = CARTESIAN_POINT ( 'NONE',  ( 1.021066487256575339, -0.8154724615827767531, -3.574433839755885689 ) ) ;
#1530 = AXIS2_PLACEMENT_3D ( 'NONE', #2221, #3050, #805 ) ;
#1531 = ORIENTED_EDGE ( 'NONE', *, *, #1714, .T. ) ;
#1532 = EDGE_CURVE ( 'NONE', #2596, #1707, #2002, .T. ) ;
#1533 = ORIENTED_EDGE ( 'NONE', *, *, #2494, .T. ) ;
#1534 = PLANE ( 'NONE',  #822 ) ;
#1535 = AXIS2_PLACEMENT_3D ( 'NONE', #2500, #2, #1101 ) ;
#1536 = LINE ( 'NONE', #1523, #3007 ) ;
#1537 = EDGE_LOOP ( 'NONE', ( #977, #1677, #1286, #848, #3404, #1290 ) ) ;
#1538 = AXIS2_PLACEMENT_3D ( 'NONE', #3540, #3279, #1332 ) ;
#1539 = VECTOR ( 'NONE', #3161, 1000.000000000000000 ) ;
#1540 = DIRECTION ( 'NONE',  ( 0.5446390344630738234, 0.000000000000000000, 0.8386705683038666592 ) ) ;
#1541 = AXIS2_PLACEMENT_3D ( 'NONE', #388, #126, #1217 ) ;
#1542 = CARTESIAN_POINT ( 'NONE',  ( 0.3200000000000000067, 7.264999999999999680, -3.720000000000000195 ) ) ;
#1543 = DIRECTION ( 'NONE',  ( 0.000000000000000000, 1.000000000000000000, 0.000000000000000000 ) ) ;
#1544 = CARTESIAN_POINT ( 'NONE',  ( -0.3200000000000000067, 0.000000000000000000, 0.000000000000000000 ) ) ;
#1545 = DIRECTION ( 'NONE',  ( 1.000000000000000000, 0.000000000000000000, 0.000000000000000000 ) ) ;
#1546 = UNCERTAINTY_MEASURE_WITH_UNIT (LENGTH_MEASURE( 1.000000000000000082E-05 ), #3031, 'distance_accuracy_value', 'NONE');
#1547 = VERTEX_POINT ( 'NONE', #3045 ) ;
#1548 = DIRECTION ( 'NONE',  ( 1.000000000000000000, 9.856383386231855129E-17, 0.000000000000000000 ) ) ;
#1549 = MECHANICAL_DESIGN_GEOMETRIC_PRESENTATION_REPRESENTATION (  '', ( #1672 ), #2248 ) ;
#1550 = AXIS2_PLACEMENT_3D ( 'NONE', #3047, #1415, #2527 ) ;
#1551 = EDGE_CURVE ( 'NONE', #1739, #1198, #150, .T. ) ;
#1552 = UNCERTAINTY_MEASURE_WITH_UNIT (LENGTH_MEASURE( 1.000000000000000082E-05 ), #2669, 'distance_accuracy_value', 'NONE');
#1553 = ORIENTED_EDGE ( 'NONE', *, *, #2304, .F. ) ;
#1554 = ADVANCED_FACE ( 'NONE', ( #1725 ), #555, .F. ) ;
#1555 = CARTESIAN_POINT ( 'NONE',  ( 0.6199999999100029857, 0.2450000000000049916, 3.254999999999999893 ) ) ;
#1556 = STYLED_ITEM ( 'NONE', ( #3389 ), #2641 ) ;
#1557 = VERTEX_POINT ( 'NONE', #1993 ) ;
#1558 = SURFACE_STYLE_FILL_AREA ( #3507 ) ;
#1559 =( NAMED_UNIT ( * ) PLANE_ANGLE_UNIT ( ) SI_UNIT ( $, .RADIAN. ) );
#1560 = SURFACE_STYLE_USAGE ( .BOTH. , #834 ) ;
#1561 = SHAPE_DEFINITION_REPRESENTATION ( #3164, #2762 ) ;
#1562 = SURFACE_STYLE_USAGE ( .BOTH. , #3512 ) ;
#1563 = PRESENTATION_LAYER_ASSIGNMENT (  '', '', ( #2261 ) ) ;
#1564 = SURFACE_STYLE_USAGE ( .BOTH. , #2969 ) ;
#1565 = DIRECTION ( 'NONE',  ( -1.000000000000000000, 0.000000000000000000, 0.000000000000000000 ) ) ;
#1566 = ORIENTED_EDGE ( 'NONE', *, *, #2367, .T. ) ;
#1567 =( NAMED_UNIT ( * ) PLANE_ANGLE_UNIT ( ) SI_UNIT ( $, .RADIAN. ) );
#1568 = EDGE_CURVE ( 'NONE', #2509, #597, #3104, .T. ) ;
#1569 = DIRECTION ( 'NONE',  ( 1.000000000000000000, 0.000000000000000000, 0.000000000000000000 ) ) ;
#1570 = VERTEX_POINT ( 'NONE', #2059 ) ;
#1571 = EDGE_CURVE ( 'NONE', #1481, #3504, #1778, .T. ) ;
#1572 = DIRECTION ( 'NONE',  ( -1.000000000000000000, 0.000000000000000000, 1.636531581110189986E-16 ) ) ;
#1573 = SURFACE_STYLE_USAGE ( .BOTH. , #3612 ) ;
#1574 = CARTESIAN_POINT ( 'NONE',  ( -0.4749999999999999778, -1.354999999999820126, -2.290000000000000036 ) ) ;
#1575 = FILL_AREA_STYLE_COLOUR ( '', #503 ) ;
#1576 = PRESENTATION_STYLE_ASSIGNMENT (( #1564 ) ) ;
#1577 = FILL_AREA_STYLE_COLOUR ( '', #2230 ) ;
#1578 = FACE_OUTER_BOUND ( 'NONE', #1210, .T. ) ;
#1579 = CARTESIAN_POINT ( 'NONE',  ( -1.925000000000000044, 4.955000000000000071, 6.859999999999999432 ) ) ;
#1580 = LINE ( 'NONE', #204, #3624 ) ;
#1581 = CARTESIAN_POINT ( 'NONE',  ( 0.4749999999999999778, -1.354999999999999982, -2.640000000000000124 ) ) ;
#1582 = ORIENTED_EDGE ( 'NONE', *, *, #114, .F. ) ;
#1583 = FILL_AREA_STYLE ('',( #3018 ) ) ;
#1584 = DIRECTION ( 'NONE',  ( 0.000000000000000000, 0.000000000000000000, 1.000000000000000000 ) ) ;
#1585 = CARTESIAN_POINT ( 'NONE',  ( -0.3200000000000000067, 7.264999999999999680, 5.025000000000000355 ) ) ;
#1586 = VERTEX_POINT ( 'NONE', #3188 ) ;
#1587 = VECTOR ( 'NONE', #755, 1000.000000000000000 ) ;
#1588 = CARTESIAN_POINT ( 'NONE',  ( -1.324999999999999956, 1.645000000000000018, 3.254999999999999893 ) ) ;
#1589 =( NAMED_UNIT ( * ) SI_UNIT ( $, .STERADIAN. ) SOLID_ANGLE_UNIT ( ) );
#1590 = VECTOR ( 'NONE', #65, 1000.000000000000000 ) ;
#1591 = DIRECTION ( 'NONE',  ( 0.000000000000000000, 1.000000000000000000, 0.000000000000000000 ) ) ;
#1592 = VERTEX_POINT ( 'NONE', #1487 ) ;
#1593 = EDGE_CURVE ( 'NONE', #2153, #1423, #1536, .T. ) ;
#1594 = CARTESIAN_POINT ( 'NONE',  ( 1.354795897113090231, -1.354999999999999982, -2.640000000000000124 ) ) ;
#1595 = MECHANICAL_DESIGN_GEOMETRIC_PRESENTATION_REPRESENTATION (  '', ( #2771 ), #1120 ) ;
#1596 = SURFACE_STYLE_USAGE ( .BOTH. , #2187 ) ;
#1597 = FILL_AREA_STYLE_COLOUR ( '', #1860 ) ;
#1598 = PRESENTATION_LAYER_ASSIGNMENT (  '', '', ( #2587 ) ) ;
#1599 = MECHANICAL_DESIGN_GEOMETRIC_PRESENTATION_REPRESENTATION (  '', ( #1291 ), #2940 ) ;
#1600 = SURFACE_SIDE_STYLE ('',( #1280 ) ) ;
#1601 = PLANE ( 'NONE',  #2736 ) ;
#1602 = VECTOR ( 'NONE', #1747, 1000.000000000000000 ) ;
#1603 =( NAMED_UNIT ( * ) PLANE_ANGLE_UNIT ( ) SI_UNIT ( $, .RADIAN. ) );
#1604 = CARTESIAN_POINT ( 'NONE',  ( 0.6999999999999999556, -2.004999999999999893, 6.859999999999999432 ) ) ;
#1605 = ORIENTED_EDGE ( 'NONE', *, *, #636, .T. ) ;
#1606 =( GEOMETRIC_REPRESENTATION_CONTEXT ( 3 ) GLOBAL_UNCERTAINTY_ASSIGNED_CONTEXT ( ( #2231 ) ) GLOBAL_UNIT_ASSIGNED_CONTEXT ( ( #1083, #278, #3073 ) ) REPRESENTATION_CONTEXT ( 'NONE', 'WORKASPACE' ) );
#1607 = SURFACE_STYLE_FILL_AREA ( #1890 ) ;
#1608 = CARTESIAN_POINT ( 'NONE',  ( 1.015436815559404904, 0.02575158674805011136, -3.648914694569362460 ) ) ;
#1609 = VERTEX_POINT ( 'NONE', #657 ) ;
#1610 = VECTOR ( 'NONE', #1341, 1000.000000000000000 ) ;
#1611 = DIRECTION ( 'NONE',  ( 0.000000000000000000, 0.000000000000000000, -1.000000000000000000 ) ) ;
#1612 = DIRECTION ( 'NONE',  ( 0.000000000000000000, 0.000000000000000000, 1.000000000000000000 ) ) ;
#1613 = VECTOR ( 'NONE', #780, 1000.000000000000000 ) ;
#1614 = EDGE_LOOP ( 'NONE', ( #675, #2760, #998, #950 ) ) ;
#1615 = VECTOR ( 'NONE', #21, 1000.000000000000000 ) ;
#1616 = ADVANCED_FACE ( 'NONE', ( #2858 ), #959, .T. ) ;
#1617 = SURFACE_STYLE_FILL_AREA ( #3511 ) ;
#1618 = CARTESIAN_POINT ( 'NONE',  ( 0.3200000000000000067, -2.555000000000000160, 2.250000000000000000 ) ) ;
#1619 =( GEOMETRIC_REPRESENTATION_CONTEXT ( 3 ) GLOBAL_UNCERTAINTY_ASSIGNED_CONTEXT ( ( #1655 ) ) GLOBAL_UNIT_ASSIGNED_CONTEXT ( ( #2255, #1528, #1785 ) ) REPRESENTATION_CONTEXT ( 'NONE', 'WORKASPACE' ) );
#1620 = VECTOR ( 'NONE', #2848, 1000.000000000000000 ) ;
#1621 = ORIENTED_EDGE ( 'NONE', *, *, #1874, .F. ) ;
#1622 = LINE ( 'NONE', #1344, #172 ) ;
#1623 = EDGE_CURVE ( 'NONE', #2837, #1761, #3463, .T. ) ;
#1624 = FILL_AREA_STYLE_COLOUR ( '', #2195 ) ;
#1625 = LINE ( 'NONE', #2741, #2896 ) ;
#1626 = PRESENTATION_STYLE_ASSIGNMENT (( #3014 ) ) ;
#1627 = VECTOR ( 'NONE', #3142, 1000.000000000000000 ) ;
#1628 = ORIENTED_EDGE ( 'NONE', *, *, #918, .F. ) ;
#1629 = SURFACE_STYLE_FILL_AREA ( #1583 ) ;
#1630 = PRESENTATION_STYLE_ASSIGNMENT (( #1091 ) ) ;
#1631 = ORIENTED_EDGE ( 'NONE', *, *, #1709, .F. ) ;
#1632 = SURFACE_STYLE_FILL_AREA ( #3025 ) ;
#1633 = DIRECTION ( 'NONE',  ( 0.000000000000000000, 0.000000000000000000, 1.000000000000000000 ) ) ;
#1634 = FILL_AREA_STYLE ('',( #2691 ) ) ;
#1635 = VERTEX_POINT ( 'NONE', #401 ) ;
#1636 = CARTESIAN_POINT ( 'NONE',  ( 0.4749999999999999778, 3.104999999999999982, -3.330669073875469621E-16 ) ) ;
#1637 = CARTESIAN_POINT ( 'NONE',  ( -0.3200000000000000067, 0.000000000000000000, 0.000000000000000000 ) ) ;
#1638 = DIRECTION ( 'NONE',  ( 0.000000000000000000, -1.000000000000000000, -5.087165618700310035E-16 ) ) ;
#1639 = EDGE_CURVE ( 'NONE', #3520, #2684, #2628, .T. ) ;
#1640 =( LENGTH_UNIT ( ) NAMED_UNIT ( * ) SI_UNIT ( .MILLI., .METRE. ) );
#1641 = DIRECTION ( 'NONE',  ( 0.000000000000000000, 0.000000000000000000, 1.000000000000000000 ) ) ;
#1642 = DIRECTION ( 'NONE',  ( 0.000000000000000000, 0.6447027996602211486, -0.7644333195971201311 ) ) ;
#1643 = CARTESIAN_POINT ( 'NONE',  ( -0.6750000000000000444, 1.645000000000000018, 3.604999999999999982 ) ) ;
#1644 = ORIENTED_EDGE ( 'NONE', *, *, #716, .F. ) ;
#1645 = EDGE_CURVE ( 'NONE', #1013, #424, #2919, .T. ) ;
#1646 = FACE_OUTER_BOUND ( 'NONE', #3247, .T. ) ;
#1647 = PLANE ( 'NONE',  #2646 ) ;
#1648 = DIRECTION ( 'NONE',  ( 0.000000000000000000, 0.000000000000000000, 1.000000000000000000 ) ) ;
#1649 = EDGE_LOOP ( 'NONE', ( #2387, #2866, #2611, #827, #3039 ) ) ;
#1650 = VECTOR ( 'NONE', #1236, 1000.000000000000000 ) ;
#1651 = LINE ( 'NONE', #1335, #3019 ) ;
#1652 = PRESENTATION_STYLE_ASSIGNMENT (( #532 ) ) ;
#1653 = ORIENTED_EDGE ( 'NONE', *, *, #2240, .F. ) ;
#1654 = COLOUR_RGB ( '',0.8313725490196077761, 0.8392156862745098200, 0.8313725490196077761 ) ;
#1655 = UNCERTAINTY_MEASURE_WITH_UNIT (LENGTH_MEASURE( 1.000000000000000082E-05 ), #2255, 'distance_accuracy_value', 'NONE');
#1656 = SURFACE_SIDE_STYLE ('',( #56 ) ) ;
#1657 = VECTOR ( 'NONE', #3134, 1000.000000000000000 ) ;
#1658 = VECTOR ( 'NONE', #366, 1000.000000000000000 ) ;
#1659 = DIRECTION ( 'NONE',  ( 0.000000000000000000, 0.000000000000000000, -1.000000000000000000 ) ) ;
#1660 = SURFACE_STYLE_FILL_AREA ( #1681 ) ;
#1661 = FACE_BOUND ( 'NONE', #2295, .T. ) ;
#1662 = MECHANICAL_DESIGN_GEOMETRIC_PRESENTATION_REPRESENTATION (  '', ( #1836 ), #777 ) ;
#1663 = STYLED_ITEM ( 'NONE', ( #2160 ), #505 ) ;
#1664 = ORIENTED_EDGE ( 'NONE', *, *, #216, .T. ) ;
#1665 = CARTESIAN_POINT ( 'NONE',  ( -0.8332575694957410350, 0.6450000000001029354, -2.290000000000069758 ) ) ;
#1666 =( GEOMETRIC_REPRESENTATION_CONTEXT ( 3 ) GLOBAL_UNCERTAINTY_ASSIGNED_CONTEXT ( ( #874 ) ) GLOBAL_UNIT_ASSIGNED_CONTEXT ( ( #2946, #1559, #2407 ) ) REPRESENTATION_CONTEXT ( 'NONE', 'WORKASPACE' ) );
#1667 = ADVANCED_FACE ( 'NONE', ( #122 ), #1213, .T. ) ;
#1668 = CARTESIAN_POINT ( 'NONE',  ( 0.000000000000000000, 0.000000000000000000, 6.859999999999999432 ) ) ;
#1669 = AXIS2_PLACEMENT_3D ( 'NONE', #458, #1569, #1876 ) ;
#1670 = DIRECTION ( 'NONE',  ( -1.000000000000000000, 0.000000000000000000, -3.252606517456509851E-16 ) ) ;
#1671 = VERTEX_POINT ( 'NONE', #724 ) ;
#1672 = STYLED_ITEM ( 'NONE', ( #2894 ), #2007 ) ;
#1673 = EDGE_CURVE ( 'NONE', #759, #2133, #3246, .T. ) ;
#1674 = DIRECTION ( 'NONE',  ( 0.000000000000000000, 1.000000000000000000, 0.000000000000000000 ) ) ;
#1675 =( LENGTH_UNIT ( ) NAMED_UNIT ( * ) SI_UNIT ( .MILLI., .METRE. ) );
#1676 = STYLED_ITEM ( 'NONE', ( #198 ), #2095 ) ;
#1677 = ORIENTED_EDGE ( 'NONE', *, *, #2320, .F. ) ;
#1678 = FACE_OUTER_BOUND ( 'NONE', #474, .T. ) ;
#1679 = DIRECTION ( 'NONE',  ( 0.000000000000000000, -1.000000000000000000, 0.000000000000000000 ) ) ;
#1680 = STYLED_ITEM ( 'NONE', ( #3274 ), #2693 ) ;
#1681 = FILL_AREA_STYLE ('',( #1439 ) ) ;
#1682 = STYLED_ITEM ( 'NONE', ( #769 ), #2974 ) ;
#1683 = SURFACE_STYLE_FILL_AREA ( #793 ) ;
#1684 = ORIENTED_EDGE ( 'NONE', *, *, #2620, .F. ) ;
#1685 = COLOUR_RGB ( '',0.8313725490196077761, 0.8392156862745098200, 0.8313725490196077761 ) ;
#1686 = FILL_AREA_STYLE_COLOUR ( '', #488 ) ;
#1687 =( GEOMETRIC_REPRESENTATION_CONTEXT ( 3 ) GLOBAL_UNCERTAINTY_ASSIGNED_CONTEXT ( ( #842 ) ) GLOBAL_UNIT_ASSIGNED_CONTEXT ( ( #1325, #1282, #2435 ) ) REPRESENTATION_CONTEXT ( 'NONE', 'WORKASPACE' ) );
#1688 = EDGE_LOOP ( 'NONE', ( #3281, #3097, #939, #3117 ) ) ;
#1689 = CARTESIAN_POINT ( 'NONE',  ( 0.000000000000000000, 4.265000000000240377, 0.000000000000000000 ) ) ;
#1690 = EDGE_CURVE ( 'NONE', #295, #3366, #2402, .T. ) ;
#1691 = DIRECTION ( 'NONE',  ( 0.7071067811865480168, 0.000000000000000000, 0.7071067811865470176 ) ) ;
#1692 = FACE_OUTER_BOUND ( 'NONE', #931, .T. ) ;
#1693 = ORIENTED_EDGE ( 'NONE', *, *, #2464, .T. ) ;
#1694 = EDGE_CURVE ( 'NONE', #1357, #2101, #1333, .T. ) ;
#1695 =( NAMED_UNIT ( * ) PLANE_ANGLE_UNIT ( ) SI_UNIT ( $, .RADIAN. ) );
#1696 =( LENGTH_UNIT ( ) NAMED_UNIT ( * ) SI_UNIT ( .MILLI., .METRE. ) );
#1697 = UNCERTAINTY_MEASURE_WITH_UNIT (LENGTH_MEASURE( 1.000000000000000082E-05 ), #2564, 'distance_accuracy_value', 'NONE');
#1698 =( NAMED_UNIT ( * ) SI_UNIT ( $, .STERADIAN. ) SOLID_ANGLE_UNIT ( ) );
#1699 = FACE_OUTER_BOUND ( 'NONE', #2849, .T. ) ;
#1700 = ORIENTED_EDGE ( 'NONE', *, *, #710, .T. ) ;
#1701 = EDGE_LOOP ( 'NONE', ( #2832, #59, #479, #1396 ) ) ;
#1702 = CARTESIAN_POINT ( 'NONE',  ( -1.049671748628929979, 0.1490193320420090117, -3.499012908524560039 ) ) ;
#1703 =( NAMED_UNIT ( * ) SI_UNIT ( $, .STERADIAN. ) SOLID_ANGLE_UNIT ( ) );
#1704 = CARTESIAN_POINT ( 'NONE',  ( 0.6750000000000000444, 1.645000000000000018, 0.6049999999999999822 ) ) ;
#1705 = LINE ( 'NONE', #2544, #1430 ) ;
#1706 = MECHANICAL_DESIGN_GEOMETRIC_PRESENTATION_REPRESENTATION (  '', ( #2456 ), #2921 ) ;
#1707 = VERTEX_POINT ( 'NONE', #473 ) ;
#1708 = DIRECTION ( 'NONE',  ( 0.000000000000000000, 1.000000000000000000, 0.000000000000000000 ) ) ;
#1709 = EDGE_CURVE ( 'NONE', #2085, #527, #2701, .T. ) ;
#1710 = FILL_AREA_STYLE ('',( #3092 ) ) ;
#1711 = DIRECTION ( 'NONE',  ( -8.752388879802259066E-17, 1.000000000000000000, 0.000000000000000000 ) ) ;
#1712 = PLANE ( 'NONE',  #152 ) ;
#1713 = FILL_AREA_STYLE_COLOUR ( '', #683 ) ;
#1714 = EDGE_CURVE ( 'NONE', #1752, #2094, #1891, .T. ) ;
#1715 = MECHANICAL_DESIGN_GEOMETRIC_PRESENTATION_REPRESENTATION (  '', ( #1231 ), #2181 ) ;
#1716 = CARTESIAN_POINT ( 'NONE',  ( 0.4749999999999999778, 0.6450000000001749889, -2.290000000000000036 ) ) ;
#1717 =( GEOMETRIC_REPRESENTATION_CONTEXT ( 3 ) GLOBAL_UNCERTAINTY_ASSIGNED_CONTEXT ( ( #169 ) ) GLOBAL_UNIT_ASSIGNED_CONTEXT ( ( #3353, #338, #45 ) ) REPRESENTATION_CONTEXT ( 'NONE', 'WORKASPACE' ) );
#1718 = PRESENTATION_LAYER_ASSIGNMENT (  '', '', ( #3607 ) ) ;
#1719 = SURFACE_STYLE_FILL_AREA ( #1754 ) ;
#1720 = EDGE_LOOP ( 'NONE', ( #1442, #3400, #2976, #435, #831 ) ) ;
#1721 =( GEOMETRIC_REPRESENTATION_CONTEXT ( 3 ) GLOBAL_UNCERTAINTY_ASSIGNED_CONTEXT ( ( #340 ) ) GLOBAL_UNIT_ASSIGNED_CONTEXT ( ( #3468, #2353, #179 ) ) REPRESENTATION_CONTEXT ( 'NONE', 'WORKASPACE' ) );
#1722 =( GEOMETRIC_REPRESENTATION_CONTEXT ( 3 ) GLOBAL_UNCERTAINTY_ASSIGNED_CONTEXT ( ( #3494 ) ) GLOBAL_UNIT_ASSIGNED_CONTEXT ( ( #1675, #1095, #575 ) ) REPRESENTATION_CONTEXT ( 'NONE', 'WORKASPACE' ) );
#1723 = FACE_OUTER_BOUND ( 'NONE', #2060, .T. ) ;
#1724 = DIRECTION ( 'NONE',  ( 0.000000000000000000, 1.000000000000000000, 0.000000000000000000 ) ) ;
#1725 = FACE_OUTER_BOUND ( 'NONE', #1834, .T. ) ;
#1726 = ORIENTED_EDGE ( 'NONE', *, *, #1751, .F. ) ;
#1727 = VECTOR ( 'NONE', #3358, 1000.000000000000000 ) ;
#1728 =( NAMED_UNIT ( * ) PLANE_ANGLE_UNIT ( ) SI_UNIT ( $, .RADIAN. ) );
#1729 = FILL_AREA_STYLE_COLOUR ( '', #627 ) ;
#1730 =( NAMED_UNIT ( * ) SI_UNIT ( $, .STERADIAN. ) SOLID_ANGLE_UNIT ( ) );
#1731 = EDGE_CURVE ( 'NONE', #156, #3343, #2686, .T. ) ;
#1732 =( NAMED_UNIT ( * ) PLANE_ANGLE_UNIT ( ) SI_UNIT ( $, .RADIAN. ) );
#1733 = DIRECTION ( 'NONE',  ( 1.000000000000000000, 8.752388879802259066E-17, 0.000000000000000000 ) ) ;
#1734 = CARTESIAN_POINT ( 'NONE',  ( 1.474999999999999867, -0.3549999999998250111, -2.290000000000000036 ) ) ;
#1735 = ORIENTED_EDGE ( 'NONE', *, *, #1443, .T. ) ;
#1736 = EDGE_CURVE ( 'NONE', #3296, #1092, #239, .T. ) ;
#1737 = MECHANICAL_DESIGN_GEOMETRIC_PRESENTATION_REPRESENTATION (  '', ( #2728 ), #2091 ) ;
#1738 = UNCERTAINTY_MEASURE_WITH_UNIT (LENGTH_MEASURE( 1.000000000000000082E-05 ), #1965, 'distance_accuracy_value', 'NONE');
#1739 = VERTEX_POINT ( 'NONE', #2369 ) ;
#1740 = SURFACE_STYLE_USAGE ( .BOTH. , #1159 ) ;
#1741 = PRESENTATION_LAYER_ASSIGNMENT (  '', '', ( #3380 ) ) ;
#1742 = CARTESIAN_POINT ( 'NONE',  ( 0.3200000000000000067, 4.265000000000240377, -3.720000000000000195 ) ) ;
#1743 = CARTESIAN_POINT ( 'NONE',  ( -0.3200000000000000067, 7.264999999999999680, 5.025000000000000355 ) ) ;
#1744 = VERTEX_POINT ( 'NONE', #3519 ) ;
#1745 = CARTESIAN_POINT ( 'NONE',  ( -0.3750000000000000000, -0.3549999999998250111, -2.640000000000000124 ) ) ;
#1746 = DIRECTION ( 'NONE',  ( 1.000000000000000000, -2.252887631138709814E-16, 0.000000000000000000 ) ) ;
#1747 = DIRECTION ( 'NONE',  ( 0.000000000000000000, 0.000000000000000000, 1.000000000000000000 ) ) ;
#1748 = FILL_AREA_STYLE ('',( #1167 ) ) ;
#1749 = LINE ( 'NONE', #292, #455 ) ;
#1750 = DIRECTION ( 'NONE',  ( 1.000000000000000000, 0.000000000000000000, 0.000000000000000000 ) ) ;
#1751 = EDGE_CURVE ( 'NONE', #424, #3150, #434, .T. ) ;
#1752 = VERTEX_POINT ( 'NONE', #2963 ) ;
#1753 = DIRECTION ( 'NONE',  ( 1.210528139307180060E-15, -1.000000000000000000, 0.000000000000000000 ) ) ;
#1754 = FILL_AREA_STYLE ('',( #3423 ) ) ;
#1755 = EDGE_CURVE ( 'NONE', #3110, #2925, #2386, .T. ) ;
#1756 = EDGE_LOOP ( 'NONE', ( #248, #2076, #497, #1797, #2104 ) ) ;
#1757 = SURFACE_STYLE_USAGE ( .BOTH. , #98 ) ;
#1758 = SURFACE_STYLE_USAGE ( .BOTH. , #246 ) ;
#1759 = SURFACE_STYLE_USAGE ( .BOTH. , #2019 ) ;
#1760 =( NAMED_UNIT ( * ) SI_UNIT ( $, .STERADIAN. ) SOLID_ANGLE_UNIT ( ) );
#1761 = VERTEX_POINT ( 'NONE', #1555 ) ;
#1762 = CARTESIAN_POINT ( 'NONE',  ( -1.925000000000000044, 4.955000000000000071, 6.859999999999999432 ) ) ;
#1763 = CARTESIAN_POINT ( 'NONE',  ( 0.3200000000000000067, 1.645000000000000018, 5.250000000000000000 ) ) ;
#1764 = CARTESIAN_POINT ( 'NONE',  ( -1.875000000000000000, 0.1490193320419800072, -3.499012908524619991 ) ) ;
#1765 = LINE ( 'NONE', #1477, #2361 ) ;
#1766 = DIRECTION ( 'NONE',  ( -1.000000000000000000, -8.752388879802259066E-17, 0.000000000000000000 ) ) ;
#1767 = ORIENTED_EDGE ( 'NONE', *, *, #3352, .F. ) ;
#1768 = CARTESIAN_POINT ( 'NONE',  ( -0.6999999999999999556, -2.004999999999999893, 8.259999999999999787 ) ) ;
#1769 = VECTOR ( 'NONE', #1724, 1000.000000000000000 ) ;
#1770 = CARTESIAN_POINT ( 'NONE',  ( 0.4749999999999999778, -3.354999999999999982, -3.330669073875469621E-16 ) ) ;
#1771 = ORIENTED_EDGE ( 'NONE', *, *, #1050, .F. ) ;
#1772 = PRESENTATION_STYLE_ASSIGNMENT (( #1014 ) ) ;
#1773 =( GEOMETRIC_REPRESENTATION_CONTEXT ( 3 ) GLOBAL_UNCERTAINTY_ASSIGNED_CONTEXT ( ( #634 ) ) GLOBAL_UNIT_ASSIGNED_CONTEXT ( ( #2072, #1567, #688 ) ) REPRESENTATION_CONTEXT ( 'NONE', 'WORKASPACE' ) );
#1774 = EDGE_CURVE ( 'NONE', #1501, #2355, #1307, .T. ) ;
#1775 =( LENGTH_UNIT ( ) NAMED_UNIT ( * ) SI_UNIT ( .MILLI., .METRE. ) );
#1776 = FILL_AREA_STYLE ('',( #903 ) ) ;
#1777 = VECTOR ( 'NONE', #1350, 1000.000000000000000 ) ;
#1778 = LINE ( 'NONE', #904, #3072 ) ;
#1779 = ORIENTED_EDGE ( 'NONE', *, *, #3275, .F. ) ;
#1780 = ADVANCED_FACE ( 'NONE', ( #994 ), #1914, .T. ) ;
#1781 =( LENGTH_UNIT ( ) NAMED_UNIT ( * ) SI_UNIT ( .MILLI., .METRE. ) );
#1782 = DIRECTION ( 'NONE',  ( 0.000000000000000000, 0.000000000000000000, -1.000000000000000000 ) ) ;
#1783 = AXIS2_PLACEMENT_3D ( 'NONE', #3116, #837, #603 ) ;
#1784 = DIRECTION ( 'NONE',  ( 0.000000000000000000, 0.5000221795955599458, -0.8660125980102747478 ) ) ;
#1785 =( NAMED_UNIT ( * ) SI_UNIT ( $, .STERADIAN. ) SOLID_ANGLE_UNIT ( ) );
#1786 = CARTESIAN_POINT ( 'NONE',  ( 1.016796282185014721, -0.6303485123969503334, -3.720767530088211927 ) ) ;
#1787 = CARTESIAN_POINT ( 'NONE',  ( 0.3200000000000000067, 7.264999999999999680, 5.025000000000000355 ) ) ;
#1788 = VERTEX_POINT ( 'NONE', #283 ) ;
#1789 =( GEOMETRIC_REPRESENTATION_CONTEXT ( 3 ) GLOBAL_UNCERTAINTY_ASSIGNED_CONTEXT ( ( #406 ) ) GLOBAL_UNIT_ASSIGNED_CONTEXT ( ( #969, #928, #3216 ) ) REPRESENTATION_CONTEXT ( 'NONE', 'WORKASPACE' ) );
#1790 = PRESENTATION_STYLE_ASSIGNMENT (( #1242 ) ) ;
#1791 = DIRECTION ( 'NONE',  ( 0.000000000000000000, 0.000000000000000000, -1.000000000000000000 ) ) ;
#1792 = ORIENTED_EDGE ( 'NONE', *, *, #60, .F. ) ;
#1793 = DIRECTION ( 'NONE',  ( 1.000000000000000000, -1.210528139307180060E-15, 0.000000000000000000 ) ) ;
#1794 = CIRCLE ( 'NONE', #222, 1.399999999999999911 ) ;
#1795 = SURFACE_STYLE_FILL_AREA ( #2018 ) ;
#1796 = SURFACE_STYLE_USAGE ( .BOTH. , #135 ) ;
#1797 = ORIENTED_EDGE ( 'NONE', *, *, #2005, .T. ) ;
#1798 = MECHANICAL_DESIGN_GEOMETRIC_PRESENTATION_REPRESENTATION (  '', ( #3380 ), #2556 ) ;
#1799 = DIRECTION ( 'NONE',  ( -1.000000000000000000, 0.000000000000000000, -3.252606517456509851E-16 ) ) ;
#1800 = FILL_AREA_STYLE_COLOUR ( '', #2150 ) ;
#1801 = UNCERTAINTY_MEASURE_WITH_UNIT (LENGTH_MEASURE( 1.000000000000000082E-05 ), #2592, 'distance_accuracy_value', 'NONE');
#1802 = CARTESIAN_POINT ( 'NONE',  ( 0.6999999999999999556, 0.000000000000000000, 0.000000000000000000 ) ) ;
#1803 = VECTOR ( 'NONE', #1633, 1000.000000000000000 ) ;
#1804 = VERTEX_POINT ( 'NONE', #9 ) ;
#1805 = EDGE_CURVE ( 'NONE', #623, #2153, #548, .T. ) ;
#1806 =( NAMED_UNIT ( * ) SI_UNIT ( $, .STERADIAN. ) SOLID_ANGLE_UNIT ( ) );
#1807 = PRESENTATION_STYLE_ASSIGNMENT (( #1206 ) ) ;
#1808 = UNCERTAINTY_MEASURE_WITH_UNIT (LENGTH_MEASURE( 1.000000000000000082E-05 ), #2524, 'distance_accuracy_value', 'NONE');
#1809 = ORIENTED_EDGE ( 'NONE', *, *, #2391, .F. ) ;
#1810 = LINE ( 'NONE', #1768, #1227 ) ;
#1811 = CARTESIAN_POINT ( 'NONE',  ( -1.324999999999999956, 1.645000000000000018, 6.254999999999999893 ) ) ;
#1812 = UNCERTAINTY_MEASURE_WITH_UNIT (LENGTH_MEASURE( 1.000000000000000082E-05 ), #3514, 'distance_accuracy_value', 'NONE');
#1813 = ORIENTED_EDGE ( 'NONE', *, *, #3127, .F. ) ;
#1814 = SURFACE_STYLE_FILL_AREA ( #2666 ) ;
#1815 = DIRECTION ( 'NONE',  ( -1.000000000000000000, 1.210528139307180060E-15, 0.000000000000000000 ) ) ;
#1816 = DIRECTION ( 'NONE',  ( 0.000000000000000000, 0.000000000000000000, 1.000000000000000000 ) ) ;
#1817 = ORIENTED_EDGE ( 'NONE', *, *, #2808, .F. ) ;
#1818 = CARTESIAN_POINT ( 'NONE',  ( -0.3200000000000000067, -2.555000000000000160, 2.250000000000000000 ) ) ;
#1819 = DIRECTION ( 'NONE',  ( -1.000000000000000000, 0.000000000000000000, 0.000000000000000000 ) ) ;
#1820 = ORIENTED_EDGE ( 'NONE', *, *, #761, .F. ) ;
#1821 = CARTESIAN_POINT ( 'NONE',  ( -0.4749999999999999778, -1.354999999999999982, -2.640000000000000124 ) ) ;
#1822 = ADVANCED_FACE ( 'NONE', ( #244 ), #2784, .F. ) ;
#1823 = CARTESIAN_POINT ( 'NONE',  ( 1.925000000000000044, 4.955000000000000071, 6.859999999999999432 ) ) ;
#1824 = PLANE ( 'NONE',  #2729 ) ;
#1825 = MECHANICAL_DESIGN_GEOMETRIC_PRESENTATION_REPRESENTATION (  '', ( #820 ), #3055 ) ;
#1826 = ORIENTED_EDGE ( 'NONE', *, *, #1990, .T. ) ;
#1827 = DIRECTION ( 'NONE',  ( 0.000000000000000000, 1.000000000000000000, 0.000000000000000000 ) ) ;
#1828 = EDGE_CURVE ( 'NONE', #215, #1178, #185, .T. ) ;
#1829 = CARTESIAN_POINT ( 'NONE',  ( -0.4749999999999999778, 3.104999999999999982, 0.000000000000000000 ) ) ;
#1830 = VERTEX_POINT ( 'NONE', #2756 ) ;
#1831 =( NAMED_UNIT ( * ) SI_UNIT ( $, .STERADIAN. ) SOLID_ANGLE_UNIT ( ) );
#1832 = VECTOR ( 'NONE', #2833, 1000.000000000000000 ) ;
#1833 = CARTESIAN_POINT ( 'NONE',  ( 1.019295207154562455, 0.06204910592726953222, -3.613983793891347496 ) ) ;
#1834 = EDGE_LOOP ( 'NONE', ( #1330, #1070, #1820, #3359 ) ) ;
#1835 = AXIS2_PLACEMENT_3D ( 'NONE', #1668, #243, #1913 ) ;
#1836 = STYLED_ITEM ( 'NONE', ( #70 ), #1276 ) ;
#1837 = CARTESIAN_POINT ( 'NONE',  ( 1.155452509031280162, 0.3137197862563860240, -3.213760225607510179 ) ) ;
#1838 = PLANE ( 'NONE',  #3445 ) ;
#1839 = CARTESIAN_POINT ( 'NONE',  ( -1.925000000000000044, 4.955000000000000071, 0.000000000000000000 ) ) ;
#1840 = LINE ( 'NONE', #2376, #1000 ) ;
#1841 = MECHANICAL_DESIGN_GEOMETRIC_PRESENTATION_REPRESENTATION (  '', ( #1969 ), #2241 ) ;
#1842 = CARTESIAN_POINT ( 'NONE',  ( 0.3750000000000000000, -0.3549999999998250111, -3.790000000000000036 ) ) ;
#1843 = VECTOR ( 'NONE', #2163, 1000.000000000000000 ) ;
#1844 = UNCERTAINTY_MEASURE_WITH_UNIT (LENGTH_MEASURE( 1.000000000000000082E-05 ), #3390, 'distance_accuracy_value', 'NONE');
#1845 = CARTESIAN_POINT ( 'NONE',  ( 0.3200000000000000067, -2.555000000000000160, 4.610000000000000320 ) ) ;
#1846 = ADVANCED_FACE ( 'NONE', ( #3012 ), #1345, .T. ) ;
#1847 = FACE_OUTER_BOUND ( 'NONE', #2938, .T. ) ;
#1848 = DIRECTION ( 'NONE',  ( 0.000000000000000000, 0.000000000000000000, 1.000000000000000000 ) ) ;
#1849 = COLOUR_RGB ( '',0.1137254901960784298, 0.1137254901960784298, 0.1137254901960784298 ) ;
#1850 = UNCERTAINTY_MEASURE_WITH_UNIT (LENGTH_MEASURE( 1.000000000000000082E-05 ), #878, 'distance_accuracy_value', 'NONE');
#1851 = EDGE_LOOP ( 'NONE', ( #1144, #411, #1921, #765 ) ) ;
#1852 = EDGE_CURVE ( 'NONE', #623, #3601, #718, .T. ) ;
#1853 = FILL_AREA_STYLE ('',( #1247 ) ) ;
#1854 = VECTOR ( 'NONE', #3120, 1000.000000000000000 ) ;
#1855 = FILL_AREA_STYLE ('',( #2161 ) ) ;
#1856 = DIRECTION ( 'NONE',  ( 0.000000000000000000, 0.000000000000000000, -1.000000000000000000 ) ) ;
#1857 = MECHANICAL_DESIGN_GEOMETRIC_PRESENTATION_REPRESENTATION (  '', ( #2607 ), #3085 ) ;
#1858 = EDGE_LOOP ( 'NONE', ( #1771, #2722, #2309, #2316, #402, #1644 ) ) ;
#1859 =( GEOMETRIC_REPRESENTATION_CONTEXT ( 3 ) GLOBAL_UNCERTAINTY_ASSIGNED_CONTEXT ( ( #3529 ) ) GLOBAL_UNIT_ASSIGNED_CONTEXT ( ( #1340, #3005, #1044 ) ) REPRESENTATION_CONTEXT ( 'NONE', 'WORKASPACE' ) );
#1860 = COLOUR_RGB ( '',0.8313725490196077761, 0.8392156862745098200, 0.8313725490196077761 ) ;
#1861 = SURFACE_SIDE_STYLE ('',( #476 ) ) ;
#1862 = DIRECTION ( 'NONE',  ( -1.000000000000000000, 0.000000000000000000, 0.000000000000000000 ) ) ;
#1863 = ORIENTED_EDGE ( 'NONE', *, *, #195, .T. ) ;
#1864 = PLANE ( 'NONE',  #3414 ) ;
#1865 = VECTOR ( 'NONE', #1995, 1000.000000000000000 ) ;
#1866 = CARTESIAN_POINT ( 'NONE',  ( -0.4749999999999999778, 3.104999999999999982, -0.5400000000000000355 ) ) ;
#1867 = COLOUR_RGB ( '',0.1137254901960784298, 0.1137254901960784298, 0.1137254901960784298 ) ;
#1868 = SURFACE_STYLE_FILL_AREA ( #1904 ) ;
#1869 = CARTESIAN_POINT ( 'NONE',  ( 0.3750000000000000000, -0.3549999999998250111, -2.290000000000000036 ) ) ;
#1870 = CARTESIAN_POINT ( 'NONE',  ( 0.4749999999999999778, 0.1490193320419800072, -3.499012908524619991 ) ) ;
#1871 = CARTESIAN_POINT ( 'NONE',  ( -0.8332575694955840495, 0.6450000000001749889, -2.290000000000069758 ) ) ;
#1872 =( NAMED_UNIT ( * ) PLANE_ANGLE_UNIT ( ) SI_UNIT ( $, .RADIAN. ) );
#1873 = ORIENTED_EDGE ( 'NONE', *, *, #2908, .F. ) ;
#1874 = EDGE_CURVE ( 'NONE', #3513, #3456, #3257, .T. ) ;
#1875 = CARTESIAN_POINT ( 'NONE',  ( -0.6750000000000000444, 1.645000000000000018, 3.604999999999999982 ) ) ;
#1876 = DIRECTION ( 'NONE',  ( 0.000000000000000000, 0.000000000000000000, 1.000000000000000000 ) ) ;
#1877 = VERTEX_POINT ( 'NONE', #1870 ) ;
#1878 = DIRECTION ( 'NONE',  ( -1.000000000000000000, 0.000000000000000000, -2.956915015869556785E-16 ) ) ;
#1879 = DIRECTION ( 'NONE',  ( -1.000000000000000000, 0.000000000000000000, 0.000000000000000000 ) ) ;
#1880 = SURFACE_SIDE_STYLE ('',( #233 ) ) ;
#1881 = DIRECTION ( 'NONE',  ( 0.000000000000000000, 0.000000000000000000, 1.000000000000000000 ) ) ;
#1882 = DIRECTION ( 'NONE',  ( 1.000000000000000000, 0.000000000000000000, 0.000000000000000000 ) ) ;
#1883 = ORIENTED_EDGE ( 'NONE', *, *, #2262, .F. ) ;
#1884 = FILL_AREA_STYLE ('',( #3256 ) ) ;
#1885 = PRESENTATION_STYLE_ASSIGNMENT (( #988 ) ) ;
#1886 =( LENGTH_UNIT ( ) NAMED_UNIT ( * ) SI_UNIT ( .MILLI., .METRE. ) );
#1887 = STYLED_ITEM ( 'NONE', ( #317 ), #43 ) ;
#1888 = VERTEX_POINT ( 'NONE', #203 ) ;
#1889 =( NAMED_UNIT ( * ) SI_UNIT ( $, .STERADIAN. ) SOLID_ANGLE_UNIT ( ) );
#1890 = FILL_AREA_STYLE ('',( #189 ) ) ;
#1891 = LINE ( 'NONE', #3542, #721 ) ;
#1892 = ORIENTED_EDGE ( 'NONE', *, *, #1893, .T. ) ;
#1893 = EDGE_CURVE ( 'NONE', #2299, #798, #525, .T. ) ;
#1894 = CARTESIAN_POINT ( 'NONE',  ( 0.3200000000000000067, 4.955000000000000071, 5.025000000000000355 ) ) ;
#1895 = COLOUR_RGB ( '',0.1137254901960784298, 0.1137254901960784298, 0.1137254901960784298 ) ;
#1896 = ORIENTED_EDGE ( 'NONE', *, *, #738, .T. ) ;
#1897 = EDGE_CURVE ( 'NONE', #1948, #1322, #469, .T. ) ;
#1898 = MECHANICAL_DESIGN_GEOMETRIC_PRESENTATION_REPRESENTATION (  '', ( #1363 ), #2770 ) ;
#1899 = VECTOR ( 'NONE', #1784, 1000.000000000000000 ) ;
#1900 = CYLINDRICAL_SURFACE ( 'NONE', #377, 1.100000000000000311 ) ;
#1901 = B_SPLINE_CURVE_WITH_KNOTS ( 'NONE', 3,
 ( #1937, #3043, #2803, #2465, #2200, #3102 ),
 .UNSPECIFIED., .F., .F.,
 ( 4, 2, 4 ),
 ( 0.000000000000000000, 0.5000000000000000000, 1.000000000000000000 ),
 .UNSPECIFIED. ) ;
#1902 = FILL_AREA_STYLE_COLOUR ( '', #445 ) ;
#1903 = VECTOR ( 'NONE', #2089, 1000.000000000000000 ) ;
#1904 = FILL_AREA_STYLE ('',( #2695 ) ) ;
#1905 = SURFACE_STYLE_USAGE ( .BOTH. , #218 ) ;
#1906 = SURFACE_STYLE_FILL_AREA ( #486 ) ;
#1907 = VECTOR ( 'NONE', #403, 1000.000000000000000 ) ;
#1908 = DIRECTION ( 'NONE',  ( 0.000000000000000000, 1.000000000000000000, 0.000000000000000000 ) ) ;
#1909 = DIRECTION ( 'NONE',  ( 1.000000000000000000, 0.000000000000000000, 0.000000000000000000 ) ) ;
#1910 = ORIENTED_EDGE ( 'NONE', *, *, #425, .F. ) ;
#1911 =( NAMED_UNIT ( * ) PLANE_ANGLE_UNIT ( ) SI_UNIT ( $, .RADIAN. ) );
#1912 = PRESENTATION_LAYER_ASSIGNMENT (  '', '', ( #3424 ) ) ;
#1913 = DIRECTION ( 'NONE',  ( 1.000000000000000000, 0.000000000000000000, 0.000000000000000000 ) ) ;
#1914 = CYLINDRICAL_SURFACE ( 'NONE', #953, 1.100000000000000311 ) ;
#1915 = EDGE_LOOP ( 'NONE', ( #1892, #115, #407, #3067 ) ) ;
#1916 = FILL_AREA_STYLE_COLOUR ( '', #2254 ) ;
#1917 = LINE ( 'NONE', #2966, #3330 ) ;
#1918 = VECTOR ( 'NONE', #2331, 1000.000000000000000 ) ;
#1919 = EDGE_CURVE ( 'NONE', #352, #3267, #2887, .T. ) ;
#1920 = DIRECTION ( 'NONE',  ( 1.000000000000000000, 0.000000000000000000, 0.000000000000000000 ) ) ;
#1921 = ORIENTED_EDGE ( 'NONE', *, *, #2865, .T. ) ;
#1922 = SURFACE_STYLE_FILL_AREA ( #3379 ) ;
#1923 = EDGE_CURVE ( 'NONE', #1940, #2651, #1327, .T. ) ;
#1924 = AXIS2_PLACEMENT_3D ( 'NONE', #2712, #1001, #1277 ) ;
#1925 =( GEOMETRIC_REPRESENTATION_CONTEXT ( 3 ) GLOBAL_UNCERTAINTY_ASSIGNED_CONTEXT ( ( #561 ) ) GLOBAL_UNIT_ASSIGNED_CONTEXT ( ( #645, #2895, #3441 ) ) REPRESENTATION_CONTEXT ( 'NONE', 'WORKASPACE' ) );
#1926 = UNCERTAINTY_MEASURE_WITH_UNIT (LENGTH_MEASURE( 1.000000000000000082E-05 ), #2734, 'distance_accuracy_value', 'NONE');
#1927 = ORIENTED_EDGE ( 'NONE', *, *, #3476, .T. ) ;
#1928 = LINE ( 'NONE', #184, #138 ) ;
#1929 = STYLED_ITEM ( 'NONE', ( #2825 ), #3035 ) ;
#1930 = FILL_AREA_STYLE ('',( #1624 ) ) ;
#1931 = FILL_AREA_STYLE_COLOUR ( '', #3068 ) ;
#1932 = UNCERTAINTY_MEASURE_WITH_UNIT (LENGTH_MEASURE( 1.000000000000000082E-05 ), #3571, 'distance_accuracy_value', 'NONE');
#1933 = AXIS2_PLACEMENT_3D ( 'NONE', #1458, #2810, #1402 ) ;
#1934 = ORIENTED_EDGE ( 'NONE', *, *, #610, .F. ) ;
#1935 = CARTESIAN_POINT ( 'NONE',  ( -1.875000000000000000, -0.3549999999997409672, -3.207999999999999741 ) ) ;
#1936 = ORIENTED_EDGE ( 'NONE', *, *, #3030, .F. ) ;
#1937 = CARTESIAN_POINT ( 'NONE',  ( -1.028181272138312119, -0.3550027573616350018, -3.789999992819999886 ) ) ;
#1938 = FACE_OUTER_BOUND ( 'NONE', #2194, .T. ) ;
#1939 = DIRECTION ( 'NONE',  ( 0.000000000000000000, 0.000000000000000000, 1.000000000000000000 ) ) ;
#1940 = VERTEX_POINT ( 'NONE', #2829 ) ;
#1941 = LINE ( 'NONE', #1636, #2841 ) ;
#1942 = CARTESIAN_POINT ( 'NONE',  ( 0.000000000000000000, 3.104999999999999982, 0.000000000000000000 ) ) ;
#1943 = FILL_AREA_STYLE ('',( #38 ) ) ;
#1944 = ADVANCED_FACE ( 'NONE', ( #20 ), #1712, .F. ) ;
#1945 = CARTESIAN_POINT ( 'NONE',  ( 0.6199999999100029857, 0.2450000000000049916, 3.604999999999999982 ) ) ;
#1946 = SURFACE_SIDE_STYLE ('',( #1384 ) ) ;
#1947 = LINE ( 'NONE', #1386, #2998 ) ;
#1948 = VERTEX_POINT ( 'NONE', #3125 ) ;
#1949 = EDGE_CURVE ( 'NONE', #263, #1067, #320, .T. ) ;
#1950 = PRESENTATION_STYLE_ASSIGNMENT (( #3020 ) ) ;
#1951 = CARTESIAN_POINT ( 'NONE',  ( 0.3750000000000000000, -0.3549999999998250111, -2.290000000000000036 ) ) ;
#1952 = LINE ( 'NONE', #1125, #2786 ) ;
#1953 = CARTESIAN_POINT ( 'NONE',  ( -1.324999999999999956, -4.955000000000000071, 0.6049999999999999822 ) ) ;
#1954 = CARTESIAN_POINT ( 'NONE',  ( -0.4749999999999999778, -0.8590193320419790002, -3.499012908524619991 ) ) ;
#1955 = ORIENTED_EDGE ( 'NONE', *, *, #1568, .T. ) ;
#1956 = VECTOR ( 'NONE', #2401, 1000.000000000000000 ) ;
#1957 = VECTOR ( 'NONE', #3385, 1000.000000000000000 ) ;
#1958 = DIRECTION ( 'NONE',  ( 0.000000000000000000, 0.000000000000000000, 1.000000000000000000 ) ) ;
#1959 = LINE ( 'NONE', #3361, #3630 ) ;
#1960 =( NAMED_UNIT ( * ) SI_UNIT ( $, .STERADIAN. ) SOLID_ANGLE_UNIT ( ) );
#1961 = CARTESIAN_POINT ( 'NONE',  ( 0.4749999999999999778, 0.6450000000001758771, -0.5400000000000000355 ) ) ;
#1962 = LINE ( 'NONE', #3126, #792 ) ;
#1963 =( GEOMETRIC_REPRESENTATION_CONTEXT ( 3 ) GLOBAL_UNCERTAINTY_ASSIGNED_CONTEXT ( ( #1850 ) ) GLOBAL_UNIT_ASSIGNED_CONTEXT ( ( #878, #1998, #354 ) ) REPRESENTATION_CONTEXT ( 'NONE', 'WORKASPACE' ) );
#1964 = AXIS2_PLACEMENT_3D ( 'NONE', #3221, #1287, #1793 ) ;
#1965 =( LENGTH_UNIT ( ) NAMED_UNIT ( * ) SI_UNIT ( .MILLI., .METRE. ) );
#1966 = EDGE_CURVE ( 'NONE', #294, #1761, #1153, .T. ) ;
#1967 = ORIENTED_EDGE ( 'NONE', *, *, #2828, .T. ) ;
#1968 = SURFACE_STYLE_FILL_AREA ( #897 ) ;
#1969 = STYLED_ITEM ( 'NONE', ( #386 ), #1376 ) ;
#1970 =( GEOMETRIC_REPRESENTATION_CONTEXT ( 3 ) GLOBAL_UNCERTAINTY_ASSIGNED_CONTEXT ( ( #2498 ) ) GLOBAL_UNIT_ASSIGNED_CONTEXT ( ( #883, #622, #1760 ) ) REPRESENTATION_CONTEXT ( 'NONE', 'WORKASPACE' ) );
#1971 = ADVANCED_FACE ( 'NONE', ( #2272 ), #809, .F. ) ;
#1972 = EDGE_LOOP ( 'NONE', ( #3209, #2687, #1046, #3002 ) ) ;
#1973 = FILL_AREA_STYLE ('',( #2947 ) ) ;
#1974 = FILL_AREA_STYLE_COLOUR ( '', #1867 ) ;
#1975 = SURFACE_STYLE_FILL_AREA ( #1454 ) ;
#1976 = ORIENTED_EDGE ( 'NONE', *, *, #1050, .T. ) ;
#1977 = PRESENTATION_LAYER_ASSIGNMENT (  '', '', ( #1252 ) ) ;
#1978 = PRESENTATION_STYLE_ASSIGNMENT (( #1097 ) ) ;
#1979 = DIRECTION ( 'NONE',  ( 0.000000000000000000, 0.000000000000000000, -1.000000000000000000 ) ) ;
#1980 = AXIS2_PLACEMENT_3D ( 'NONE', #99, #1469, #2001 ) ;
#1981 = FILL_AREA_STYLE ('',( #2288 ) ) ;
#1982 = DIRECTION ( 'NONE',  ( 0.000000000000000000, 0.000000000000000000, 1.000000000000000000 ) ) ;
#1983 = DIRECTION ( 'NONE',  ( -1.000000000000000000, 6.052640696535880578E-16, 0.000000000000000000 ) ) ;
#1984 = VECTOR ( 'NONE', #804, 1000.000000000000114 ) ;
#1985 = ORIENTED_EDGE ( 'NONE', *, *, #1805, .T. ) ;
#1986 = DIRECTION ( 'NONE',  ( 0.000000000000000000, 0.000000000000000000, -1.000000000000000000 ) ) ;
#1987 = PRESENTATION_LAYER_ASSIGNMENT (  '', '', ( #1451 ) ) ;
#1988 = DIRECTION ( 'NONE',  ( 0.000000000000000000, 0.000000000000000000, -1.000000000000000000 ) ) ;
#1989 = EDGE_LOOP ( 'NONE', ( #3277, #1193, #995, #961 ) ) ;
#1990 = EDGE_CURVE ( 'NONE', #1013, #3159, #823, .T. ) ;
#1991 = DIRECTION ( 'NONE',  ( 1.636531581110189986E-16, 0.000000000000000000, 1.000000000000000000 ) ) ;
#1992 = SURFACE_STYLE_FILL_AREA ( #3103 ) ;
#1993 = CARTESIAN_POINT ( 'NONE',  ( -0.4749999999999999778, 0.1490193320422379952, -3.499012908524619991 ) ) ;
#1994 = ORIENTED_EDGE ( 'NONE', *, *, #2552, .F. ) ;
#1995 = DIRECTION ( 'NONE',  ( 0.000000000000000000, 1.000000000000000000, 0.000000000000000000 ) ) ;
#1996 = DIRECTION ( 'NONE',  ( -1.084202172485499873E-16, 0.000000000000000000, -1.000000000000000000 ) ) ;
#1997 = ORIENTED_EDGE ( 'NONE', *, *, #1226, .F. ) ;
#1998 =( NAMED_UNIT ( * ) PLANE_ANGLE_UNIT ( ) SI_UNIT ( $, .RADIAN. ) );
#1999 = ORIENTED_EDGE ( 'NONE', *, *, #1893, .F. ) ;
#2000 = CARTESIAN_POINT ( 'NONE',  ( 0.4749999999999999778, 3.104999999999999982, -0.5400000000000000355 ) ) ;
#2001 = DIRECTION ( 'NONE',  ( 0.000000000000000000, -1.000000000000000000, 0.000000000000000000 ) ) ;
#2002 = LINE ( 'NONE', #269, #1727 ) ;
#2003 = AXIS2_PLACEMENT_3D ( 'NONE', #1845, #506, #1638 ) ;
#2004 = ORIENTED_EDGE ( 'NONE', *, *, #1348, .F. ) ;
#2005 = EDGE_CURVE ( 'NONE', #1092, #2400, #2721, .T. ) ;
#2006 =( NAMED_UNIT ( * ) SI_UNIT ( $, .STERADIAN. ) SOLID_ANGLE_UNIT ( ) );
#2007 = ADVANCED_FACE ( 'NONE', ( #1205 ), #3174, .F. ) ;
#2008 = PRESENTATION_LAYER_ASSIGNMENT (  '', '', ( #595 ) ) ;
#2009 = DIRECTION ( 'NONE',  ( -1.000000000000000000, -2.464667489455050086E-16, 0.000000000000000000 ) ) ;
#2010 = SURFACE_SIDE_STYLE ('',( #1134 ) ) ;
#2011 = ORIENTED_EDGE ( 'NONE', *, *, #2576, .T. ) ;
#2012 = VECTOR ( 'NONE', #1565, 1000.000000000000000 ) ;
#2013 = MECHANICAL_DESIGN_GEOMETRIC_PRESENTATION_REPRESENTATION (  '', ( #3607 ), #2997 ) ;
#2014 = CARTESIAN_POINT ( 'NONE',  ( 0.6999999999999999556, -2.004999999999999893, 8.259999999999999787 ) ) ;
#2015 = ORIENTED_EDGE ( 'NONE', *, *, #1352, .T. ) ;
#2016 = PRESENTATION_LAYER_ASSIGNMENT (  '', '', ( #1969 ) ) ;
#2017 = DIRECTION ( 'NONE',  ( 0.000000000000000000, 0.5000221795955618331, 0.8660125980102735266 ) ) ;
#2018 = FILL_AREA_STYLE ('',( #2572 ) ) ;
#2019 = SURFACE_SIDE_STYLE ('',( #2857 ) ) ;
#2020 = DIRECTION ( 'NONE',  ( 0.000000000000000000, 0.000000000000000000, 1.000000000000000000 ) ) ;
#2021 = VERTEX_POINT ( 'NONE', #2289 ) ;
#2022 = VECTOR ( 'NONE', #1908, 1000.000000000000000 ) ;
#2023 =( NAMED_UNIT ( * ) PLANE_ANGLE_UNIT ( ) SI_UNIT ( $, .RADIAN. ) );
#2024 = LINE ( 'NONE', #2600, #1090 ) ;
#2025 = PRESENTATION_LAYER_ASSIGNMENT (  '', '', ( #3318 ) ) ;
#2026 = DIRECTION ( 'NONE',  ( 0.000000000000000000, 0.000000000000000000, 1.000000000000000000 ) ) ;
#2027 =( NAMED_UNIT ( * ) SI_UNIT ( $, .STERADIAN. ) SOLID_ANGLE_UNIT ( ) );
#2028 = AXIS2_PLACEMENT_3D ( 'NONE', #363, #2599, #104 ) ;
#2029 = CARTESIAN_POINT ( 'NONE',  ( -0.4749999999999999778, 3.104999999999999982, 0.000000000000000000 ) ) ;
#2030 = ADVANCED_FACE ( 'NONE', ( #2621 ), #2637, .T. ) ;
#2031 = SURFACE_SIDE_STYLE ('',( #1459 ) ) ;
#2032 = LINE ( 'NONE', #351, #1320 ) ;
#2033 = ORIENTED_EDGE ( 'NONE', *, *, #3030, .T. ) ;
#2034 = CARTESIAN_POINT ( 'NONE',  ( -0.3200000000000000067, 1.645000000000000018, 0.000000000000000000 ) ) ;
#2035 = STYLED_ITEM ( 'NONE', ( #1418 ), #3585 ) ;
#2036 = AXIS2_PLACEMENT_3D ( 'NONE', #58, #2830, #1404 ) ;
#2037 = CONICAL_SURFACE ( 'NONE', #3437, 0.6531812678228641200, 0.5759586525000000012 ) ;
#2038 = ORIENTED_EDGE ( 'NONE', *, *, #1852, .T. ) ;
#2039 =( NAMED_UNIT ( * ) PLANE_ANGLE_UNIT ( ) SI_UNIT ( $, .RADIAN. ) );
#2040 = STYLED_ITEM ( 'NONE', ( #1182 ), #3122 ) ;
#2041 =( LENGTH_UNIT ( ) NAMED_UNIT ( * ) SI_UNIT ( .MILLI., .METRE. ) );
#2042 = ORIENTED_EDGE ( 'NONE', *, *, #382, .T. ) ;
#2043 = VECTOR ( 'NONE', #3026, 1000.000000000000000 ) ;
#2044 = CARTESIAN_POINT ( 'NONE',  ( 0.6750000000000000444, 1.645000000000000018, 0.6049999999999999822 ) ) ;
#2045 = DIRECTION ( 'NONE',  ( -1.000000000000000000, 0.000000000000000000, 0.000000000000000000 ) ) ;
#2046 =( LENGTH_UNIT ( ) NAMED_UNIT ( * ) SI_UNIT ( .MILLI., .METRE. ) );
#2047 = SURFACE_STYLE_FILL_AREA ( #1748 ) ;
#2048 =( LENGTH_UNIT ( ) NAMED_UNIT ( * ) SI_UNIT ( .MILLI., .METRE. ) );
#2049 = DIRECTION ( 'NONE',  ( 1.000000000000000000, 0.000000000000000000, 0.000000000000000000 ) ) ;
#2050 =( LENGTH_UNIT ( ) NAMED_UNIT ( * ) SI_UNIT ( .MILLI., .METRE. ) );
#2051 = ORIENTED_EDGE ( 'NONE', *, *, #632, .F. ) ;
#2052 = EDGE_CURVE ( 'NONE', #3384, #1057, #629, .T. ) ;
#2053 = CARTESIAN_POINT ( 'NONE',  ( 1.354795897113270087, 0.6450000000001029354, -2.290000000000000036 ) ) ;
#2054 = EDGE_LOOP ( 'NONE', ( #1553, #812, #2665, #990 ) ) ;
#2055 = EDGE_CURVE ( 'NONE', #1804, #1295, #1765, .T. ) ;
#2056 =( NAMED_UNIT ( * ) PLANE_ANGLE_UNIT ( ) SI_UNIT ( $, .RADIAN. ) );
#2057 = SURFACE_SIDE_STYLE ('',( #1795 ) ) ;
#2058 = FILL_AREA_STYLE ('',( #1486 ) ) ;
#2059 = CARTESIAN_POINT ( 'NONE',  ( -0.3200000000000000067, 1.645000000000000018, 4.610000000000000320 ) ) ;
#2060 = EDGE_LOOP ( 'NONE', ( #1147, #1955, #2164, #2615 ) ) ;
#2061 = FILL_AREA_STYLE ('',( #924 ) ) ;
#2062 = LINE ( 'NONE', #1513, #2114 ) ;
#2063 = FILL_AREA_STYLE ('',( #927 ) ) ;
#2064 =( NAMED_UNIT ( * ) PLANE_ANGLE_UNIT ( ) SI_UNIT ( $, .RADIAN. ) );
#2065 = LINE ( 'NONE', #2638, #2960 ) ;
#2066 = VERTEX_POINT ( 'NONE', #370 ) ;
#2067 = STYLED_ITEM ( 'NONE', ( #2851 ), #588 ) ;
#2068 = PRESENTATION_STYLE_ASSIGNMENT (( #3458 ) ) ;
#2069 = PRODUCT_DEFINITION ( 'UNKNOWN', '', #3435, #2132 ) ;
#2070 = PRESENTATION_STYLE_ASSIGNMENT (( #865 ) ) ;
#2071 = VERTEX_POINT ( 'NONE', #1496 ) ;
#2072 =( LENGTH_UNIT ( ) NAMED_UNIT ( * ) SI_UNIT ( .MILLI., .METRE. ) );
#2073 = VECTOR ( 'NONE', #637, 1000.000000000000000 ) ;
#2074 = ADVANCED_FACE ( 'NONE', ( #3288 ), #1900, .T. ) ;
#2075 = SURFACE_STYLE_USAGE ( .BOTH. , #400 ) ;
#2076 = ORIENTED_EDGE ( 'NONE', *, *, #2537, .F. ) ;
#2077 = CARTESIAN_POINT ( 'NONE',  ( -0.3200000000000000067, 1.645000000000000018, 0.000000000000000000 ) ) ;
#2078 = CARTESIAN_POINT ( 'NONE',  ( 1.875000000000000000, 0.1490193320419800072, -3.499012908524619991 ) ) ;
#2079 = CARTESIAN_POINT ( 'NONE',  ( 0.4749999999999999778, -1.354999999999999982, -2.640000000000000124 ) ) ;
#2080 = PLANE ( 'NONE',  #661 ) ;
#2081 = CARTESIAN_POINT ( 'NONE',  ( -0.3750000000000000000, -0.3549999999998250111, -2.290000000000000036 ) ) ;
#2082 = VECTOR ( 'NONE', #2532, 1000.000000000000000 ) ;
#2083 = DIRECTION ( 'NONE',  ( 0.000000000000000000, -1.000000000000000000, 0.000000000000000000 ) ) ;
#2084 =( NAMED_UNIT ( * ) SI_UNIT ( $, .STERADIAN. ) SOLID_ANGLE_UNIT ( ) );
#2085 = VERTEX_POINT ( 'NONE', #1260 ) ;
#2086 = AXIS2_PLACEMENT_3D ( 'NONE', #577, #1958, #1112 ) ;
#2087 = SURFACE_SIDE_STYLE ('',( #3444 ) ) ;
#2088 = MECHANICAL_DESIGN_GEOMETRIC_PRESENTATION_REPRESENTATION (  '', ( #1252 ), #439 ) ;
#2089 = DIRECTION ( 'NONE',  ( 0.000000000000000000, -1.000000000000000000, 0.000000000000000000 ) ) ;
#2090 = ORIENTED_EDGE ( 'NONE', *, *, #3555, .T. ) ;
#2091 =( GEOMETRIC_REPRESENTATION_CONTEXT ( 3 ) GLOBAL_UNCERTAINTY_ASSIGNED_CONTEXT ( ( #1926 ) ) GLOBAL_UNIT_ASSIGNED_CONTEXT ( ( #2734, #463, #441 ) ) REPRESENTATION_CONTEXT ( 'NONE', 'WORKASPACE' ) );
#2092 = CARTESIAN_POINT ( 'NONE',  ( -1.103655826765830072, -0.9412013343974290347, -3.356677923650360107 ) ) ;
#2093 = CARTESIAN_POINT ( 'NONE',  ( -1.875000000000079936, -1.354999999999999982, -2.640000000000000124 ) ) ;
#2094 = VERTEX_POINT ( 'NONE', #1866 ) ;
#2095 = ADVANCED_FACE ( 'NONE', ( #2950 ), #3253, .F. ) ;
#2096 = DIRECTION ( 'NONE',  ( 1.000000000000000000, 0.000000000000000000, 0.000000000000000000 ) ) ;
#2097 = STYLED_ITEM ( 'NONE', ( #3052 ), #3457 ) ;
#2098 = EDGE_CURVE ( 'NONE', #2925, #2509, #1045, .T. ) ;
#2099 = DIRECTION ( 'NONE',  ( 0.000000000000000000, 0.000000000000000000, -1.000000000000000000 ) ) ;
#2100 = UNCERTAINTY_MEASURE_WITH_UNIT (LENGTH_MEASURE( 1.000000000000000082E-05 ), #3036, 'distance_accuracy_value', 'NONE');
#2101 = VERTEX_POINT ( 'NONE', #1318 ) ;
#2102 = DIRECTION ( 'NONE',  ( 0.000000000000000000, 0.000000000000000000, -1.000000000000000000 ) ) ;
#2103 = UNCERTAINTY_MEASURE_WITH_UNIT (LENGTH_MEASURE( 1.000000000000000082E-05 ), #2882, 'distance_accuracy_value', 'NONE');
#2104 = ORIENTED_EDGE ( 'NONE', *, *, #3278, .T. ) ;
#2105 = SURFACE_STYLE_USAGE ( .BOTH. , #1309 ) ;
#2106 = DIRECTION ( 'NONE',  ( 0.000000000000000000, 0.000000000000000000, -1.000000000000000000 ) ) ;
#2107 = ORIENTED_EDGE ( 'NONE', *, *, #3147, .F. ) ;
#2108 =( LENGTH_UNIT ( ) NAMED_UNIT ( * ) SI_UNIT ( .MILLI., .METRE. ) );
#2109 = LINE ( 'NONE', #1542, #2432 ) ;
#2110 = EDGE_CURVE ( 'NONE', #1788, #2243, #3594, .T. ) ;
#2111 = SURFACE_STYLE_FILL_AREA ( #1634 ) ;
#2112 = LINE ( 'NONE', #2184, #2468 ) ;
#2113 = EDGE_CURVE ( 'NONE', #2815, #1570, #2968, .T. ) ;
#2114 = VECTOR ( 'NONE', #1474, 1000.000000000000000 ) ;
#2115 = FACE_OUTER_BOUND ( 'NONE', #1688, .T. ) ;
#2116 = DIRECTION ( 'NONE',  ( 0.000000000000000000, 0.000000000000000000, 1.000000000000000000 ) ) ;
#2117 = FILL_AREA_STYLE ('',( #686 ) ) ;
#2118 = EDGE_LOOP ( 'NONE', ( #1497, #418, #3499, #3233, #3450 ) ) ;
#2119 = CARTESIAN_POINT ( 'NONE',  ( 0.3200000000000000067, 4.264999999999999680, 4.384999999999999787 ) ) ;
#2120 = AXIS2_PLACEMENT_3D ( 'NONE', #1028, #2169, #3292 ) ;
#2121 = CARTESIAN_POINT ( 'NONE',  ( 1.021717019801148929, 0.07625487505051034565, -3.598877746052714155 ) ) ;
#2122 = ORIENTED_EDGE ( 'NONE', *, *, #1714, .F. ) ;
#2123 = STYLED_ITEM ( 'NONE', ( #2560 ), #870 ) ;
#2124 = AXIS2_PLACEMENT_3D ( 'NONE', #2149, #47, #327 ) ;
#2125 = MECHANICAL_DESIGN_GEOMETRIC_PRESENTATION_REPRESENTATION (  '', ( #1066 ), #1717 ) ;
#2126 = FILL_AREA_STYLE_COLOUR ( '', #788 ) ;
#2127 = SURFACE_STYLE_USAGE ( .BOTH. , #2675 ) ;
#2128 = DIRECTION ( 'NONE',  ( 0.000000000000000000, 3.815374214025230061E-16, -1.000000000000000000 ) ) ;
#2129 = COLOUR_RGB ( '',0.1137254901960784298, 0.1137254901960784298, 0.1137254901960784298 ) ;
#2130 =( NAMED_UNIT ( * ) SI_UNIT ( $, .STERADIAN. ) SOLID_ANGLE_UNIT ( ) );
#2131 = COLOUR_RGB ( '',0.1137254901960784298, 0.1137254901960784298, 0.1137254901960784298 ) ;
#2132 = PRODUCT_DEFINITION_CONTEXT ( 'detailed design', #1514, 'design' ) ;
#2133 = VERTEX_POINT ( 'NONE', #464 ) ;
#2134 =( NAMED_UNIT ( * ) PLANE_ANGLE_UNIT ( ) SI_UNIT ( $, .RADIAN. ) );
#2135 = EDGE_CURVE ( 'NONE', #798, #3145, #3551, .T. ) ;
#2136 = LINE ( 'NONE', #1365, #3568 ) ;
#2137 = FILL_AREA_STYLE_COLOUR ( '', #3493 ) ;
#2138 = DIRECTION ( 'NONE',  ( 0.000000000000000000, 1.000000000000000000, 0.000000000000000000 ) ) ;
#2139 = UNCERTAINTY_MEASURE_WITH_UNIT (LENGTH_MEASURE( 1.000000000000000082E-05 ), #2046, 'distance_accuracy_value', 'NONE');
#2140 = ORIENTED_EDGE ( 'NONE', *, *, #387, .T. ) ;
#2141 = DIRECTION ( 'NONE',  ( 1.000000000000000000, 0.000000000000000000, 0.000000000000000000 ) ) ;
#2142 = SURFACE_STYLE_USAGE ( .BOTH. , #2993 ) ;
#2143 = DIRECTION ( 'NONE',  ( 0.000000000000000000, 1.000000000000000000, 0.000000000000000000 ) ) ;
#2144 = PRESENTATION_LAYER_ASSIGNMENT (  '', '', ( #3259 ) ) ;
#2145 = ORIENTED_EDGE ( 'NONE', *, *, #2865, .F. ) ;
#2146 = PRESENTATION_LAYER_ASSIGNMENT (  '', '', ( #53 ) ) ;
#2147 = CARTESIAN_POINT ( 'NONE',  ( 1.324999999999999956, 0.2450000000000049916, 3.254999999999999893 ) ) ;
#2148 = ORIENTED_EDGE ( 'NONE', *, *, #1179, .F. ) ;
#2149 = CARTESIAN_POINT ( 'NONE',  ( -0.3750000000000000000, -0.3549999999998250111, -3.790000000000000036 ) ) ;
#2150 = COLOUR_RGB ( '',0.1137254901960784298, 0.1137254901960784298, 0.1137254901960784298 ) ;
#2151 = CARTESIAN_POINT ( 'NONE',  ( -1.474999999999999867, -3.354999999999999982, -0.5400000000000000355 ) ) ;
#2152 = CIRCLE ( 'NONE', #1933, 1.399999999999999911 ) ;
#2153 = VERTEX_POINT ( 'NONE', #2151 ) ;
#2154 = FILL_AREA_STYLE ('',( #1577 ) ) ;
#2155 =( NAMED_UNIT ( * ) SI_UNIT ( $, .STERADIAN. ) SOLID_ANGLE_UNIT ( ) );
#2156 = B_SPLINE_CURVE_WITH_KNOTS ( 'NONE', 3,
 ( #209, #2092, #2422, #2941, #975, #1036 ),
 .UNSPECIFIED., .F., .F.,
 ( 4, 2, 4 ),
 ( 0.000000000000000000, 0.5000000000000000000, 1.000000000000000000 ),
 .UNSPECIFIED. ) ;
#2157 = FACE_OUTER_BOUND ( 'NONE', #556, .T. ) ;
#2158 = ADVANCED_FACE ( 'NONE', ( #3575 ), #15, .F. ) ;
#2159 = EDGE_LOOP ( 'NONE', ( #2330, #2090, #1174, #3220 ) ) ;
#2160 = PRESENTATION_STYLE_ASSIGNMENT (( #2484 ) ) ;
#2161 = FILL_AREA_STYLE_COLOUR ( '', #999 ) ;
#2162 = EDGE_CURVE ( 'NONE', #1067, #2995, #1941, .T. ) ;
#2163 = DIRECTION ( 'NONE',  ( 0.000000000000000000, 1.000000000000000000, 0.000000000000000000 ) ) ;
#2164 = ORIENTED_EDGE ( 'NONE', *, *, #2787, .F. ) ;
#2165 = FILL_AREA_STYLE_COLOUR ( '', #2901 ) ;
#2166 = LINE ( 'NONE', #3284, #3004 ) ;
#2167 = VERTEX_POINT ( 'NONE', #1359 ) ;
#2168 = EDGE_LOOP ( 'NONE', ( #2051, #1432, #2920, #2737, #393 ) ) ;
#2169 = DIRECTION ( 'NONE',  ( 0.000000000000000000, 0.000000000000000000, -1.000000000000000000 ) ) ;
#2170 = CARTESIAN_POINT ( 'NONE',  ( 0.3750000000000000000, -0.3549999999998250111, -2.290000000000000036 ) ) ;
#2171 = MECHANICAL_DESIGN_GEOMETRIC_PRESENTATION_REPRESENTATION (  '', ( #1887 ), #2632 ) ;
#2172 = DIRECTION ( 'NONE',  ( 0.000000000000000000, 1.000000000000000000, 0.000000000000000000 ) ) ;
#2173 = UNCERTAINTY_MEASURE_WITH_UNIT (LENGTH_MEASURE( 1.000000000000000082E-05 ), #1063, 'distance_accuracy_value', 'NONE');
#2174 = ORIENTED_EDGE ( 'NONE', *, *, #260, .F. ) ;
#2175 = FILL_AREA_STYLE ('',( #2800 ) ) ;
#2176 = CARTESIAN_POINT ( 'NONE',  ( -0.3200000000000000067, -2.555000000000000160, 5.250000000000000000 ) ) ;
#2177 = EDGE_LOOP ( 'NONE', ( #1349, #67, #326, #1479 ) ) ;
#2178 = VECTOR ( 'NONE', #2452, 1000.000000000000000 ) ;
#2179 = ADVANCED_FACE ( 'NONE', ( #1149 ), #300, .F. ) ;
#2180 = CARTESIAN_POINT ( 'NONE',  ( 0.000000000000000000, 1.645000000000000018, 2.250000000000000000 ) ) ;
#2181 =( GEOMETRIC_REPRESENTATION_CONTEXT ( 3 ) GLOBAL_UNCERTAINTY_ASSIGNED_CONTEXT ( ( #1552 ) ) GLOBAL_UNIT_ASSIGNED_CONTEXT ( ( #2669, #457, #2685 ) ) REPRESENTATION_CONTEXT ( 'NONE', 'WORKASPACE' ) );
#2182 = DIRECTION ( 'NONE',  ( 0.000000000000000000, 0.000000000000000000, -1.000000000000000000 ) ) ;
#2183 = EDGE_LOOP ( 'NONE', ( #459, #1566, #3623, #2219 ) ) ;
#2184 = CARTESIAN_POINT ( 'NONE',  ( 0.4749999999999999778, 3.104999999999999982, -0.5400000000000000355 ) ) ;
#2185 =( GEOMETRIC_REPRESENTATION_CONTEXT ( 3 ) GLOBAL_UNCERTAINTY_ASSIGNED_CONTEXT ( ( #2683 ) ) GLOBAL_UNIT_ASSIGNED_CONTEXT ( ( #1284, #3515, #989 ) ) REPRESENTATION_CONTEXT ( 'NONE', 'WORKASPACE' ) );
#2186 = VECTOR ( 'NONE', #3405, 1000.000000000000000 ) ;
#2187 = SURFACE_SIDE_STYLE ('',( #3173 ) ) ;
#2188 = VECTOR ( 'NONE', #2654, 1000.000000000000000 ) ;
#2189 = VERTEX_POINT ( 'NONE', #536 ) ;
#2190 = CARTESIAN_POINT ( 'NONE',  ( 0.000000000000000000, 1.645000000000000018, 0.000000000000000000 ) ) ;
#2191 = LINE ( 'NONE', #3124, #2264 ) ;
#2192 = COLOUR_RGB ( '',0.1137254901960784298, 0.1137254901960784298, 0.1137254901960784298 ) ;
#2193 = CARTESIAN_POINT ( 'NONE',  ( -1.019529978402680559, -0.1530020670184583931, -3.763745009422397203 ) ) ;
#2194 = EDGE_LOOP ( 'NONE', ( #1693, #3017, #2918, #92 ) ) ;
#2195 = COLOUR_RGB ( '',0.1137254901960784298, 0.1137254901960784298, 0.1137254901960784298 ) ;
#2196 = PLANE ( 'NONE',  #2404 ) ;
#2197 = PRESENTATION_STYLE_ASSIGNMENT (( #3060 ) ) ;
#2198 = VERTEX_POINT ( 'NONE', #558 ) ;
#2199 = MECHANICAL_DESIGN_GEOMETRIC_PRESENTATION_REPRESENTATION (  '', ( #276 ), #2485 ) ;
#2200 = CARTESIAN_POINT ( 'NONE',  ( -1.015623249031801345, -0.8071860144007108051, -3.588785538207701631 ) ) ;
#2201 = VECTOR ( 'NONE', #2705, 1000.000000000000000 ) ;
#2202 = FILL_AREA_STYLE_COLOUR ( '', #3185 ) ;
#2203 = EDGE_LOOP ( 'NONE', ( #170, #3578, #1105, #2214 ) ) ;
#2204 = ADVANCED_FACE ( 'NONE', ( #1678 ), #2496, .T. ) ;
#2205 =( NAMED_UNIT ( * ) SI_UNIT ( $, .STERADIAN. ) SOLID_ANGLE_UNIT ( ) );
#2206 = CARTESIAN_POINT ( 'NONE',  ( 0.3200000000000000067, 0.000000000000000000, 0.000000000000000000 ) ) ;
#2207 = VECTOR ( 'NONE', #2337, 1000.000000000000000 ) ;
#2208 = ADVANCED_FACE ( 'NONE', ( #3451 ), #3465, .T. ) ;
#2209 = UNCERTAINTY_MEASURE_WITH_UNIT (LENGTH_MEASURE( 1.000000000000000082E-05 ), #983, 'distance_accuracy_value', 'NONE');
#2210 = FACE_OUTER_BOUND ( 'NONE', #3591, .T. ) ;
#2211 = SURFACE_STYLE_FILL_AREA ( #1884 ) ;
#2212 = DIRECTION ( 'NONE',  ( -1.000000000000000000, 2.464667489455050086E-16, 0.000000000000000000 ) ) ;
#2213 = FACE_BOUND ( 'NONE', #1524, .T. ) ;
#2214 = ORIENTED_EDGE ( 'NONE', *, *, #2927, .T. ) ;
#2215 = CARTESIAN_POINT ( 'NONE',  ( 0.4749999999999999778, 3.104999999999999982, -0.5400000000000000355 ) ) ;
#2216 = SURFACE_SIDE_STYLE ('',( #3626 ) ) ;
#2217 = ORIENTED_EDGE ( 'NONE', *, *, #2571, .F. ) ;
#2218 = CARTESIAN_POINT ( 'NONE',  ( -1.324999999999999956, 1.645000000000000018, 0.6049999999999999822 ) ) ;
#2219 = ORIENTED_EDGE ( 'NONE', *, *, #266, .F. ) ;
#2220 = EDGE_CURVE ( 'NONE', #1295, #2815, #332, .T. ) ;
#2221 = CARTESIAN_POINT ( 'NONE',  ( 1.324999999999999956, 1.645000000000000018, 6.254999999999999893 ) ) ;
#2222 = EDGE_CURVE ( 'NONE', #1888, #1178, #2890, .T. ) ;
#2223 = LINE ( 'NONE', #1604, #422 ) ;
#2224 = ORIENTED_EDGE ( 'NONE', *, *, #3505, .F. ) ;
#2225 = DIRECTION ( 'NONE',  ( 0.000000000000000000, 0.000000000000000000, 1.000000000000000000 ) ) ;
#2226 = ORIENTED_EDGE ( 'NONE', *, *, #2934, .F. ) ;
#2227 = DIRECTION ( 'NONE',  ( -2.710505431213760099E-16, 0.000000000000000000, -1.000000000000000000 ) ) ;
#2228 = ORIENTED_EDGE ( 'NONE', *, *, #1966, .F. ) ;
#2229 = MECHANICAL_DESIGN_GEOMETRIC_PRESENTATION_REPRESENTATION (  '', ( #3526 ), #1299 ) ;
#2230 = COLOUR_RGB ( '',0.8313725490196077761, 0.8392156862745098200, 0.8313725490196077761 ) ;
#2231 = UNCERTAINTY_MEASURE_WITH_UNIT (LENGTH_MEASURE( 1.000000000000000082E-05 ), #1083, 'distance_accuracy_value', 'NONE');
#2232 =( LENGTH_UNIT ( ) NAMED_UNIT ( * ) SI_UNIT ( .MILLI., .METRE. ) );
#2233 = EDGE_CURVE ( 'NONE', #3159, #1804, #384, .T. ) ;
#2234 = CIRCLE ( 'NONE', #84, 0.5820000000000000728 ) ;
#2235 =( NAMED_UNIT ( * ) SI_UNIT ( $, .STERADIAN. ) SOLID_ANGLE_UNIT ( ) );
#2236 = CARTESIAN_POINT ( 'NONE',  ( -1.049671748628929979, 0.1490193320420090117, -3.499012908524560039 ) ) ;
#2237 = LINE ( 'NONE', #2503, #2258 ) ;
#2238 = PRESENTATION_LAYER_ASSIGNMENT (  '', '', ( #2877 ) ) ;
#2239 = VERTEX_POINT ( 'NONE', #1490 ) ;
#2240 = EDGE_CURVE ( 'NONE', #1570, #1013, #2617, .T. ) ;
#2241 =( GEOMETRIC_REPRESENTATION_CONTEXT ( 3 ) GLOBAL_UNCERTAINTY_ASSIGNED_CONTEXT ( ( #2139 ) ) GLOBAL_UNIT_ASSIGNED_CONTEXT ( ( #2046, #3170, #642 ) ) REPRESENTATION_CONTEXT ( 'NONE', 'WORKASPACE' ) );
#2242 = PRESENTATION_STYLE_ASSIGNMENT (( #530 ) ) ;
#2243 = VERTEX_POINT ( 'NONE', #2563 ) ;
#2244 = FILL_AREA_STYLE ('',( #854 ) ) ;
#2245 = VECTOR ( 'NONE', #611, 1000.000000000000000 ) ;
#2246 = CARTESIAN_POINT ( 'NONE',  ( 1.875000000000000000, 0.1490193320422379952, -3.499012908524619991 ) ) ;
#2247 = CARTESIAN_POINT ( 'NONE',  ( 0.4749999999999999778, -1.354999999999820126, -2.290000000000000036 ) ) ;
#2248 =( GEOMETRIC_REPRESENTATION_CONTEXT ( 3 ) GLOBAL_UNCERTAINTY_ASSIGNED_CONTEXT ( ( #483 ) ) GLOBAL_UNIT_ASSIGNED_CONTEXT ( ( #390, #2064, #2913 ) ) REPRESENTATION_CONTEXT ( 'NONE', 'WORKASPACE' ) );
#2249 = VERTEX_POINT ( 'NONE', #885 ) ;
#2250 = PRESENTATION_LAYER_ASSIGNMENT (  '', '', ( #48 ) ) ;
#2251 = DIRECTION ( 'NONE',  ( 0.000000000000000000, 1.000000000000000000, 0.000000000000000000 ) ) ;
#2252 = DIRECTION ( 'NONE',  ( 1.000000000000000000, 0.000000000000000000, 0.000000000000000000 ) ) ;
#2253 =( NAMED_UNIT ( * ) PLANE_ANGLE_UNIT ( ) SI_UNIT ( $, .RADIAN. ) );
#2254 = COLOUR_RGB ( '',0.1137254901960784298, 0.1137254901960784298, 0.1137254901960784298 ) ;
#2255 =( LENGTH_UNIT ( ) NAMED_UNIT ( * ) SI_UNIT ( .MILLI., .METRE. ) );
#2256 = AXIS2_PLACEMENT_3D ( 'NONE', #2307, #3438, #1495 ) ;
#2257 = DIRECTION ( 'NONE',  ( -7.744301232039317914E-17, 1.000000000000000000, 0.000000000000000000 ) ) ;
#2258 = VECTOR ( 'NONE', #1996, 1000.000000000000000 ) ;
#2259 = ORIENTED_EDGE ( 'NONE', *, *, #266, .T. ) ;
#2260 =( LENGTH_UNIT ( ) NAMED_UNIT ( * ) SI_UNIT ( .MILLI., .METRE. ) );
#2261 = STYLED_ITEM ( 'NONE', ( #1435 ), #3080 ) ;
#2262 = EDGE_CURVE ( 'NONE', #2094, #2590, #68, .T. ) ;
#2263 = CARTESIAN_POINT ( 'NONE',  ( 0.3200000000000000067, -2.555000000000000160, 1.610000000000000098 ) ) ;
#2264 = VECTOR ( 'NONE', #1711, 1000.000000000000000 ) ;
#2265 = ORIENTED_EDGE ( 'NONE', *, *, #1294, .F. ) ;
#2266 = EDGE_CURVE ( 'NONE', #3605, #3601, #1525, .T. ) ;
#2267 = CARTESIAN_POINT ( 'NONE',  ( -0.3200000000000000067, 0.000000000000000000, 0.000000000000000000 ) ) ;
#2268 = ORIENTED_EDGE ( 'NONE', *, *, #2889, .T. ) ;
#2269 = SURFACE_STYLE_USAGE ( .BOTH. , #1129 ) ;
#2270 = CARTESIAN_POINT ( 'NONE',  ( 0.4749999999999999778, 3.104999999999999982, -3.330669073875469621E-16 ) ) ;
#2271 = PRESENTATION_STYLE_ASSIGNMENT (( #844 ) ) ;
#2272 = FACE_OUTER_BOUND ( 'NONE', #1034, .T. ) ;
#2273 = PRESENTATION_STYLE_ASSIGNMENT (( #5 ) ) ;
#2274 = ORIENTED_EDGE ( 'NONE', *, *, #3162, .T. ) ;
#2275 = SURFACE_STYLE_USAGE ( .BOTH. , #615 ) ;
#2276 = CARTESIAN_POINT ( 'NONE',  ( 0.4749999999999999778, 0.6450000000001029354, -2.290000000000000036 ) ) ;
#2277 = ORIENTED_EDGE ( 'NONE', *, *, #918, .T. ) ;
#2278 = PLANE ( 'NONE',  #259 ) ;
#2279 = EDGE_CURVE ( 'NONE', #875, #1423, #1020, .T. ) ;
#2280 = PLANE ( 'NONE',  #1538 ) ;
#2281 = DIRECTION ( 'NONE',  ( 0.000000000000000000, 1.000000000000000000, 0.000000000000000000 ) ) ;
#2282 = MECHANICAL_DESIGN_GEOMETRIC_PRESENTATION_REPRESENTATION (  '', ( #1413 ), #2868 ) ;
#2283 = ORIENTED_EDGE ( 'NONE', *, *, #2233, .F. ) ;
#2284 = EDGE_CURVE ( 'NONE', #1178, #1830, #3394, .T. ) ;
#2285 = CARTESIAN_POINT ( 'NONE',  ( -1.925000000000000044, -4.955000000000000071, 0.000000000000000000 ) ) ;
#2286 = PLANE ( 'NONE',  #3070 ) ;
#2287 =( NAMED_UNIT ( * ) PLANE_ANGLE_UNIT ( ) SI_UNIT ( $, .RADIAN. ) );
#2288 = FILL_AREA_STYLE_COLOUR ( '', #569 ) ;
#2289 = CARTESIAN_POINT ( 'NONE',  ( -1.474999999999999867, 3.104999999999999982, 0.000000000000000000 ) ) ;
#2290 = LINE ( 'NONE', #279, #1615 ) ;
#2291 = ORIENTED_EDGE ( 'NONE', *, *, #2668, .F. ) ;
#2292 =( NAMED_UNIT ( * ) PLANE_ANGLE_UNIT ( ) SI_UNIT ( $, .RADIAN. ) );
#2293 = COLOUR_RGB ( '',0.1137254901960784298, 0.1137254901960784298, 0.1137254901960784298 ) ;
#2294 = LINE ( 'NONE', #2263, #3538 ) ;
#2295 = EDGE_LOOP ( 'NONE', ( #2766, #3567, #794, #3223 ) ) ;
#2296 = VECTOR ( 'NONE', #1816, 1000.000000000000000 ) ;
#2297 =( NAMED_UNIT ( * ) SI_UNIT ( $, .STERADIAN. ) SOLID_ANGLE_UNIT ( ) );
#2298 =( NAMED_UNIT ( * ) SI_UNIT ( $, .STERADIAN. ) SOLID_ANGLE_UNIT ( ) );
#2299 = VERTEX_POINT ( 'NONE', #1762 ) ;
#2300 = PRESENTATION_LAYER_ASSIGNMENT (  '', '', ( #3547 ) ) ;
#2301 = SURFACE_STYLE_FILL_AREA ( #3192 ) ;
#2302 = CARTESIAN_POINT ( 'NONE',  ( 0.8332575694955850487, -1.354999999999830118, -0.5400000000000000355 ) ) ;
#2303 = MECHANICAL_DESIGN_GEOMETRIC_PRESENTATION_REPRESENTATION (  '', ( #1676 ), #3428 ) ;
#2304 = EDGE_CURVE ( 'NONE', #2732, #236, #674, .T. ) ;
#2305 = DIRECTION ( 'NONE',  ( 1.000000000000000000, 1.210528139307180060E-15, 0.000000000000000000 ) ) ;
#2306 = MECHANICAL_DESIGN_GEOMETRIC_PRESENTATION_REPRESENTATION (  '', ( #3373 ), #3621 ) ;
#2307 = CARTESIAN_POINT ( 'NONE',  ( 0.3200000000000000067, 0.000000000000000000, 0.000000000000000000 ) ) ;
#2308 = DIRECTION ( 'NONE',  ( 3.942553354492740080E-16, 0.000000000000000000, -1.000000000000000000 ) ) ;
#2309 = ORIENTED_EDGE ( 'NONE', *, *, #2304, .T. ) ;
#2310 = AXIS2_PLACEMENT_3D ( 'NONE', #1478, #2308, #2606 ) ;
#2311 = DIRECTION ( 'NONE',  ( -8.752388879802259066E-17, 1.000000000000000000, 0.000000000000000000 ) ) ;
#2312 = VERTEX_POINT ( 'NONE', #2978 ) ;
#2313 = PRESENTATION_LAYER_ASSIGNMENT (  '', '', ( #1393 ) ) ;
#2314 = SURFACE_STYLE_USAGE ( .BOTH. , #655 ) ;
#2315 = DIRECTION ( 'NONE',  ( -1.000000000000000000, -2.252887631138709814E-16, 0.000000000000000000 ) ) ;
#2316 = ORIENTED_EDGE ( 'NONE', *, *, #2850, .F. ) ;
#2317 = DIRECTION ( 'NONE',  ( 1.000000000000000000, 9.856383386231855129E-17, 0.000000000000000000 ) ) ;
#2318 = FILL_AREA_STYLE_COLOUR ( '', #2831 ) ;
#2319 = CARTESIAN_POINT ( 'NONE',  ( 1.774999998923969979, -0.3549999999998250111, -2.640000000000000124 ) ) ;
#2320 = EDGE_CURVE ( 'NONE', #2596, #875, #2945, .T. ) ;
#2321 = SURFACE_STYLE_FILL_AREA ( #349 ) ;
#2322 = CARTESIAN_POINT ( 'NONE',  ( 1.009770316632945253, -0.7468031826228039849, -3.653469018834811788 ) ) ;
#2323 = ORIENTED_EDGE ( 'NONE', *, *, #2514, .T. ) ;
#2324 = CARTESIAN_POINT ( 'NONE',  ( 0.3200000000000000067, 1.645000000000000018, 2.250000000000000000 ) ) ;
#2325 = EDGE_CURVE ( 'NONE', #1357, #1671, #3485, .T. ) ;
#2326 = VERTEX_POINT ( 'NONE', #2373 ) ;
#2327 = LINE ( 'NONE', #151, #1956 ) ;
#2328 = LINE ( 'NONE', #1742, #621 ) ;
#2329 = PRESENTATION_STYLE_ASSIGNMENT (( #1796 ) ) ;
#2330 = ORIENTED_EDGE ( 'NONE', *, *, #1071, .T. ) ;
#2331 = DIRECTION ( 'NONE',  ( 0.000000000000000000, -1.000000000000000000, -3.815374214025230061E-16 ) ) ;
#2332 = DIRECTION ( 'NONE',  ( -1.000000000000000000, 0.000000000000000000, 3.273063162220390326E-16 ) ) ;
#2333 = LINE ( 'NONE', #908, #2188 ) ;
#2334 = CARTESIAN_POINT ( 'NONE',  ( -0.3200000000000000067, 4.265000000000240377, 2.250000000000000000 ) ) ;
#2335 = CARTESIAN_POINT ( 'NONE',  ( 0.3200000000000000067, -2.555000000000000160, 5.250000000000000000 ) ) ;
#2336 = FILL_AREA_STYLE ('',( #1169 ) ) ;
#2337 = DIRECTION ( 'NONE',  ( -1.000000000000000000, 0.000000000000000000, 0.000000000000000000 ) ) ;
#2338 = ORIENTED_EDGE ( 'NONE', *, *, #1593, .T. ) ;
#2339 = FACE_OUTER_BOUND ( 'NONE', #188, .T. ) ;
#2340 = PRESENTATION_LAYER_ASSIGNMENT (  '', '', ( #2123 ) ) ;
#2341 = LINE ( 'NONE', #428, #2012 ) ;
#2342 = EDGE_CURVE ( 'NONE', #3189, #3296, #2581, .T. ) ;
#2343 = UNCERTAINTY_MEASURE_WITH_UNIT (LENGTH_MEASURE( 1.000000000000000082E-05 ), #394, 'distance_accuracy_value', 'NONE');
#2344 = ORIENTED_EDGE ( 'NONE', *, *, #2537, .T. ) ;
#2345 =( GEOMETRIC_REPRESENTATION_CONTEXT ( 3 ) GLOBAL_UNCERTAINTY_ASSIGNED_CONTEXT ( ( #451 ) ) GLOBAL_UNIT_ASSIGNED_CONTEXT ( ( #1012, #1872, #2937 ) ) REPRESENTATION_CONTEXT ( 'NONE', 'WORKASPACE' ) );
#2346 =( NAMED_UNIT ( * ) PLANE_ANGLE_UNIT ( ) SI_UNIT ( $, .RADIAN. ) );
#2347 = EDGE_CURVE ( 'NONE', #1423, #1744, #2843, .T. ) ;
#2348 =( NAMED_UNIT ( * ) SI_UNIT ( $, .STERADIAN. ) SOLID_ANGLE_UNIT ( ) );
#2349 = ORIENTED_EDGE ( 'NONE', *, *, #2113, .F. ) ;
#2350 = PRESENTATION_LAYER_ASSIGNMENT (  '', '', ( #3479 ) ) ;
#2351 = FACE_OUTER_BOUND ( 'NONE', #3023, .T. ) ;
#2352 = CARTESIAN_POINT ( 'NONE',  ( 0.3200000000000000067, -2.555000000000000160, 1.610000000000000098 ) ) ;
#2353 =( NAMED_UNIT ( * ) PLANE_ANGLE_UNIT ( ) SI_UNIT ( $, .RADIAN. ) );
#2354 = STYLED_ITEM ( 'NONE', ( #2492 ), #1554 ) ;
#2355 = VERTEX_POINT ( 'NONE', #158 ) ;
#2356 = LINE ( 'NONE', #1527, #2523 ) ;
#2357 = COLOUR_RGB ( '',0.1137254901960784298, 0.1137254901960784298, 0.1137254901960784298 ) ;
#2358 = PRESENTATION_STYLE_ASSIGNMENT (( #1237 ) ) ;
#2359 = CARTESIAN_POINT ( 'NONE',  ( 0.3200000000000000067, 4.265000000000240377, -3.720000000000000195 ) ) ;
#2360 = EDGE_LOOP ( 'NONE', ( #1380, #583, #491, #2482 ) ) ;
#2361 = VECTOR ( 'NONE', #2583, 1000.000000000000000 ) ;
#2362 = VECTOR ( 'NONE', #641, 1000.000000000000000 ) ;
#2363 = LINE ( 'NONE', #952, #1903 ) ;
#2364 = ORIENTED_EDGE ( 'NONE', *, *, #2342, .F. ) ;
#2365 = FACE_OUTER_BOUND ( 'NONE', #1007, .T. ) ;
#2366 = VECTOR ( 'NONE', #3348, 1000.000000000000000 ) ;
#2367 = EDGE_CURVE ( 'NONE', #1092, #211, #2999, .T. ) ;
#2368 = AXIS2_PLACEMENT_3D ( 'NONE', #1618, #301, #1150 ) ;
#2369 = CARTESIAN_POINT ( 'NONE',  ( 1.775000000000000133, -0.3549999999998250111, -2.290000000000000036 ) ) ;
#2370 = ORIENTED_EDGE ( 'NONE', *, *, #480, .F. ) ;
#2371 = MECHANICAL_DESIGN_GEOMETRIC_PRESENTATION_REPRESENTATION (  '', ( #1451 ), #573 ) ;
#2372 = EDGE_CURVE ( 'NONE', #1592, #471, #978, .T. ) ;
#2373 = CARTESIAN_POINT ( 'NONE',  ( 1.324999999999999956, 0.2450000000000049916, 3.604999999999999982 ) ) ;
#2374 = DIRECTION ( 'NONE',  ( 1.000000000000000000, 0.000000000000000000, 0.000000000000000000 ) ) ;
#2375 = CARTESIAN_POINT ( 'NONE',  ( 1.474999999999999867, 3.104999999999999982, -0.5400000000000000355 ) ) ;
#2376 = CARTESIAN_POINT ( 'NONE',  ( -1.324999999999999956, -4.955000000000000071, 4.254999999999999893 ) ) ;
#2377 = FILL_AREA_STYLE_COLOUR ( '', #742 ) ;
#2378 =( NAMED_UNIT ( * ) SI_UNIT ( $, .STERADIAN. ) SOLID_ANGLE_UNIT ( ) );
#2379 = CARTESIAN_POINT ( 'NONE',  ( -1.324999999999999956, -4.955000000000000071, 6.254999999999999893 ) ) ;
#2380 = UNCERTAINTY_MEASURE_WITH_UNIT (LENGTH_MEASURE( 1.000000000000000082E-05 ), #2690, 'distance_accuracy_value', 'NONE');
#2381 = ORIENTED_EDGE ( 'NONE', *, *, #1489, .T. ) ;
#2382 = FILL_AREA_STYLE ('',( #932 ) ) ;
#2383 = CARTESIAN_POINT ( 'NONE',  ( -1.474999999999999867, 3.104999999999999982, 0.000000000000000000 ) ) ;
#2384 = ORIENTED_EDGE ( 'NONE', *, *, #2576, .F. ) ;
#2385 = PLANE ( 'NONE',  #1835 ) ;
#2386 = LINE ( 'NONE', #190, #94 ) ;
#2387 = ORIENTED_EDGE ( 'NONE', *, *, #1709, .T. ) ;
#2388 = CARTESIAN_POINT ( 'NONE',  ( 1.103655826766130055, 0.2312013343974539670, -3.356677923650309925 ) ) ;
#2389 = CARTESIAN_POINT ( 'NONE',  ( 0.3200000000000000067, -2.555000000000000160, 2.250000000000000000 ) ) ;
#2390 = CARTESIAN_POINT ( 'NONE',  ( 0.000000000000000000, 0.2450000000000049916, 0.000000000000000000 ) ) ;
#2391 = EDGE_CURVE ( 'NONE', #706, #156, #2427, .T. ) ;
#2392 =( NAMED_UNIT ( * ) SI_UNIT ( $, .STERADIAN. ) SOLID_ANGLE_UNIT ( ) );
#2393 = APPLICATION_PROTOCOL_DEFINITION ( 'draft international standard', 'automotive_design', 1998, #1514 ) ;
#2394 =( NAMED_UNIT ( * ) PLANE_ANGLE_UNIT ( ) SI_UNIT ( $, .RADIAN. ) );
#2395 = SURFACE_STYLE_USAGE ( .BOTH. , #2735 ) ;
#2396 = ORIENTED_EDGE ( 'NONE', *, *, #2325, .F. ) ;
#2397 = DIRECTION ( 'NONE',  ( 1.000000000000000000, 0.000000000000000000, 0.000000000000000000 ) ) ;
#2398 = SURFACE_SIDE_STYLE ('',( #2740 ) ) ;
#2399 = SURFACE_STYLE_USAGE ( .BOTH. , #3037 ) ;
#2400 = VERTEX_POINT ( 'NONE', #1039 ) ;
#2401 = DIRECTION ( 'NONE',  ( 0.000000000000000000, 0.000000000000000000, 1.000000000000000000 ) ) ;
#2402 = LINE ( 'NONE', #976, #3422 ) ;
#2403 = ORIENTED_EDGE ( 'NONE', *, *, #3278, .F. ) ;
#2404 = AXIS2_PLACEMENT_3D ( 'NONE', #2746, #1351, #1988 ) ;
#2405 = COLOUR_RGB ( '',0.1137254901960784298, 0.1137254901960784298, 0.1137254901960784298 ) ;
#2406 = PRESENTATION_LAYER_ASSIGNMENT (  '', '', ( #2534 ) ) ;
#2407 =( NAMED_UNIT ( * ) SI_UNIT ( $, .STERADIAN. ) SOLID_ANGLE_UNIT ( ) );
#2408 = MECHANICAL_DESIGN_GEOMETRIC_PRESENTATION_REPRESENTATION (  '', ( #668 ), #1721 ) ;
#2409 = EDGE_CURVE ( 'NONE', #2326, #1162, #692, .T. ) ;
#2410 =( NAMED_UNIT ( * ) SI_UNIT ( $, .STERADIAN. ) SOLID_ANGLE_UNIT ( ) );
#2411 = FACE_BOUND ( 'NONE', #1246, .T. ) ;
#2412 = DIRECTION ( 'NONE',  ( 0.000000000000000000, -1.000000000000000000, 0.000000000000000000 ) ) ;
#2413 =( GEOMETRIC_REPRESENTATION_CONTEXT ( 3 ) GLOBAL_UNCERTAINTY_ASSIGNED_CONTEXT ( ( #17 ) ) GLOBAL_UNIT_ASSIGNED_CONTEXT ( ( #2698, #1603, #3237 ) ) REPRESENTATION_CONTEXT ( 'NONE', 'WORKASPACE' ) );
#2414 =( NAMED_UNIT ( * ) PLANE_ANGLE_UNIT ( ) SI_UNIT ( $, .RADIAN. ) );
#2415 = EDGE_CURVE ( 'NONE', #2071, #140, #3506, .T. ) ;
#2416 = CARTESIAN_POINT ( 'NONE',  ( -1.012042294603429093, 0.02765993216258818416, -3.658769344020273540 ) ) ;
#2417 =( NAMED_UNIT ( * ) PLANE_ANGLE_UNIT ( ) SI_UNIT ( $, .RADIAN. ) );
#2418 = DIRECTION ( 'NONE',  ( 0.000000000000000000, 0.000000000000000000, 1.000000000000000000 ) ) ;
#2419 = PRESENTATION_LAYER_ASSIGNMENT (  '', '', ( #3550 ) ) ;
#2420 = VERTEX_POINT ( 'NONE', #1894 ) ;
#2421 = COLOUR_RGB ( '',0.1137254901960784298, 0.1137254901960784298, 0.1137254901960784298 ) ;
#2422 = CARTESIAN_POINT ( 'NONE',  ( -1.155452509030970187, -1.023719786256370057, -3.213760225607550147 ) ) ;
#2423 = CARTESIAN_POINT ( 'NONE',  ( 1.017825621228601429, -0.1076224897756905274, -3.735428697935100573 ) ) ;
#2424 = ORIENTED_EDGE ( 'NONE', *, *, #176, .T. ) ;
#2425 = STYLED_ITEM ( 'NONE', ( #2636 ), #3608 ) ;
#2426 = PRESENTATION_LAYER_ASSIGNMENT (  '', '', ( #3325 ) ) ;
#2427 = LINE ( 'NONE', #1818, #1499 ) ;
#2428 = DIRECTION ( 'NONE',  ( -1.000000000000000000, 0.000000000000000000, 0.000000000000000000 ) ) ;
#2429 = PLANE ( 'NONE',  #949 ) ;
#2430 = ORIENTED_EDGE ( 'NONE', *, *, #808, .T. ) ;
#2431 = PRESENTATION_STYLE_ASSIGNMENT (( #1316 ) ) ;
#2432 = VECTOR ( 'NONE', #3570, 1000.000000000000000 ) ;
#2433 = DIRECTION ( 'NONE',  ( 0.000000000000000000, 0.000000000000000000, -1.000000000000000000 ) ) ;
#2434 = VERTEX_POINT ( 'NONE', #3569 ) ;
#2435 =( NAMED_UNIT ( * ) SI_UNIT ( $, .STERADIAN. ) SOLID_ANGLE_UNIT ( ) );
#2436 = CARTESIAN_POINT ( 'NONE',  ( -0.3200000000000000067, 3.625000000000239808, 1.610000000000000098 ) ) ;
#2437 = DIRECTION ( 'NONE',  ( 0.000000000000000000, 1.000000000000000000, 0.000000000000000000 ) ) ;
#2438 = LINE ( 'NONE', #1369, #2939 ) ;
#2439 = ORIENTED_EDGE ( 'NONE', *, *, #2867, .F. ) ;
#2440 = ADVANCED_FACE ( 'NONE', ( #2351 ), #460, .F. ) ;
#2441 = CARTESIAN_POINT ( 'NONE',  ( -0.3200000000000000067, -2.555000000000000160, 4.610000000000000320 ) ) ;
#2442 = LINE ( 'NONE', #173, #1425 ) ;
#2443 = DIRECTION ( 'NONE',  ( 0.000000000000000000, 1.000000000000000000, 0.000000000000000000 ) ) ;
#2444 = ORIENTED_EDGE ( 'NONE', *, *, #2745, .F. ) ;
#2445 = CARTESIAN_POINT ( 'NONE',  ( -1.474999999999999867, 3.104999999999999982, -0.5400000000000000355 ) ) ;
#2446 = LINE ( 'NONE', #2731, #2610 ) ;
#2447 = DIRECTION ( 'NONE',  ( -1.000000000000000000, 0.000000000000000000, 0.000000000000000000 ) ) ;
#2448 = EDGE_LOOP ( 'NONE', ( #783, #3128, #511, #2568, #1427, #2444 ) ) ;
#2449 = DIRECTION ( 'NONE',  ( 6.052640696535880578E-16, 1.000000000000000000, 0.000000000000000000 ) ) ;
#2450 = PRESENTATION_STYLE_ASSIGNMENT (( #1562 ) ) ;
#2451 = ORIENTED_EDGE ( 'NONE', *, *, #2571, .T. ) ;
#2452 = DIRECTION ( 'NONE',  ( 0.000000000000000000, 0.000000000000000000, 1.000000000000000000 ) ) ;
#2453 = DIRECTION ( 'NONE',  ( 1.000000000000000000, 0.000000000000000000, 7.345407793778430133E-16 ) ) ;
#2454 = DIRECTION ( 'NONE',  ( -1.000000000000000000, 0.000000000000000000, 0.000000000000000000 ) ) ;
#2455 = FILL_AREA_STYLE ('',( #2137 ) ) ;
#2456 = STYLED_ITEM ( 'NONE', ( #1576 ), #19 ) ;
#2457 = CARTESIAN_POINT ( 'NONE',  ( 1.925000000000000044, 4.955000000000000071, 6.859999999999999432 ) ) ;
#2458 = ORIENTED_EDGE ( 'NONE', *, *, #3229, .F. ) ;
#2459 = SURFACE_STYLE_FILL_AREA ( #282 ) ;
#2460 = EDGE_CURVE ( 'NONE', #3101, #156, #193, .T. ) ;
#2461 = CYLINDRICAL_SURFACE ( 'NONE', #1005, 0.5820000000000000728 ) ;
#2462 = EDGE_LOOP ( 'NONE', ( #1927, #2748, #2011, #206 ) ) ;
#2463 =( GEOMETRIC_REPRESENTATION_CONTEXT ( 3 ) GLOBAL_UNCERTAINTY_ASSIGNED_CONTEXT ( ( #1812 ) ) GLOBAL_UNIT_ASSIGNED_CONTEXT ( ( #3514, #116, #1223 ) ) REPRESENTATION_CONTEXT ( 'NONE', 'WORKASPACE' ) );
#2464 = EDGE_CURVE ( 'NONE', #1609, #215, #3265, .T. ) ;
#2465 = CARTESIAN_POINT ( 'NONE',  ( -1.012066692603796669, -0.7364077284282879443, -3.659547341923099495 ) ) ;
#2466 = SURFACE_STYLE_USAGE ( .BOTH. , #1146 ) ;
#2467 = VECTOR ( 'NONE', #1250, 1000.000000000000000 ) ;
#2468 = VECTOR ( 'NONE', #1022, 1000.000000000000000 ) ;
#2469 = ORIENTED_EDGE ( 'NONE', *, *, #1118, .T. ) ;
#2470 = VECTOR ( 'NONE', #223, 1000.000000000000000 ) ;
#2471 = VECTOR ( 'NONE', #27, 1000.000000000000000 ) ;
#2472 = SURFACE_STYLE_FILL_AREA ( #786 ) ;
#2473 = SURFACE_STYLE_USAGE ( .BOTH. , #333 ) ;
#2474 = MECHANICAL_DESIGN_GEOMETRIC_PRESENTATION_REPRESENTATION (  '', ( #717 ), #146 ) ;
#2475 = EDGE_LOOP ( 'NONE', ( #3153, #3530, #1910, #355, #869, #1086, #519, #240, #2558, #308 ) ) ;
#2476 = CARTESIAN_POINT ( 'NONE',  ( 0.4749999999999999778, -0.8590193320417850442, -3.499012908524500087 ) ) ;
#2477 = DIRECTION ( 'NONE',  ( 0.000000000000000000, 1.000000000000000000, 0.000000000000000000 ) ) ;
#2478 = VECTOR ( 'NONE', #2994, 1000.000000000000000 ) ;
#2479 = SURFACE_STYLE_USAGE ( .BOTH. , #2010 ) ;
#2480 = PLANE ( 'NONE',  #383 ) ;
#2481 = SURFACE_STYLE_USAGE ( .BOTH. , #825 ) ;
#2482 = ORIENTED_EDGE ( 'NONE', *, *, #1324, .T. ) ;
#2483 = STYLED_ITEM ( 'NONE', ( #3336 ), #1971 ) ;
#2484 = SURFACE_STYLE_USAGE ( .BOTH. , #1388 ) ;
#2485 =( GEOMETRIC_REPRESENTATION_CONTEXT ( 3 ) GLOBAL_UNCERTAINTY_ASSIGNED_CONTEXT ( ( #2639 ) ) GLOBAL_UNIT_ASSIGNED_CONTEXT ( ( #712, #2394, #768 ) ) REPRESENTATION_CONTEXT ( 'NONE', 'WORKASPACE' ) );
#2486 = SURFACE_SIDE_STYLE ('',( #8 ) ) ;
#2487 = FILL_AREA_STYLE ('',( #262 ) ) ;
#2488 = ORIENTED_EDGE ( 'NONE', *, *, #2494, .F. ) ;
#2489 = AXIS2_PLACEMENT_3D ( 'NONE', #2218, #2227, #2491 ) ;
#2490 = EDGE_CURVE ( 'NONE', #2167, #759, #584, .T. ) ;
#2491 = DIRECTION ( 'NONE',  ( -1.000000000000000000, 0.000000000000000000, 2.710505431213760099E-16 ) ) ;
#2492 = PRESENTATION_STYLE_ASSIGNMENT (( #3086 ) ) ;
#2493 = EDGE_LOOP ( 'NONE', ( #543, #2813, #1110, #896 ) ) ;
#2494 = EDGE_CURVE ( 'NONE', #1162, #1761, #286, .T. ) ;
#2495 = STYLED_ITEM ( 'NONE', ( #2450 ), #2962 ) ;
#2496 = PLANE ( 'NONE',  #2546 ) ;
#2497 =( NAMED_UNIT ( * ) PLANE_ANGLE_UNIT ( ) SI_UNIT ( $, .RADIAN. ) );
#2498 = UNCERTAINTY_MEASURE_WITH_UNIT (LENGTH_MEASURE( 1.000000000000000082E-05 ), #883, 'distance_accuracy_value', 'NONE');
#2499 = CARTESIAN_POINT ( 'NONE',  ( 0.000000000000000000, 1.645000000000000018, 0.000000000000000000 ) ) ;
#2500 = CARTESIAN_POINT ( 'NONE',  ( 0.3200000000000000067, 4.265000000000240377, -3.720000000000000195 ) ) ;
#2501 = FACE_BOUND ( 'NONE', #2716, .T. ) ;
#2502 = MECHANICAL_DESIGN_GEOMETRIC_PRESENTATION_REPRESENTATION (  '', ( #2040 ), #55 ) ;
#2503 = CARTESIAN_POINT ( 'NONE',  ( -1.324999999999999956, 1.645000000000000018, 6.254999999999999893 ) ) ;
#2504 = CARTESIAN_POINT ( 'NONE',  ( -0.6750000000000000444, 1.645000000000000018, 3.604999999999999982 ) ) ;
#2505 = VECTOR ( 'NONE', #2795, 1000.000000000000000 ) ;
#2506 = ORIENTED_EDGE ( 'NONE', *, *, #1919, .T. ) ;
#2507 = FACE_OUTER_BOUND ( 'NONE', #1756, .T. ) ;
#2508 = UNCERTAINTY_MEASURE_WITH_UNIT (LENGTH_MEASURE( 1.000000000000000082E-05 ), #1186, 'distance_accuracy_value', 'NONE');
#2509 = VERTEX_POINT ( 'NONE', #3588 ) ;
#2510 =( NAMED_UNIT ( * ) PLANE_ANGLE_UNIT ( ) SI_UNIT ( $, .RADIAN. ) );
#2511 = ORIENTED_EDGE ( 'NONE', *, *, #2347, .F. ) ;
#2512 = PRESENTATION_STYLE_ASSIGNMENT (( #2269 ) ) ;
#2513 = SURFACE_STYLE_FILL_AREA ( #1399 ) ;
#2514 = EDGE_CURVE ( 'NONE', #3267, #3354, #1901, .T. ) ;
#2515 =( NAMED_UNIT ( * ) SI_UNIT ( $, .STERADIAN. ) SOLID_ANGLE_UNIT ( ) );
#2516 = LINE ( 'NONE', #590, #2505 ) ;
#2517 = CARTESIAN_POINT ( 'NONE',  ( 1.027148444387091963, -0.4153461729873697550, -3.789109623423706719 ) ) ;
#2518 = CARTESIAN_POINT ( 'NONE',  ( -0.3750000000000000000, -0.3549999999998250111, -2.640000000000000124 ) ) ;
#2519 = VERTEX_POINT ( 'NONE', #3326 ) ;
#2520 = DIRECTION ( 'NONE',  ( 0.000000000000000000, 0.000000000000000000, 1.000000000000000000 ) ) ;
#2521 = FILL_AREA_STYLE ('',( #1686 ) ) ;
#2522 = ORIENTED_EDGE ( 'NONE', *, *, #529, .F. ) ;
#2523 = VECTOR ( 'NONE', #2305, 1000.000000000000000 ) ;
#2524 =( LENGTH_UNIT ( ) NAMED_UNIT ( * ) SI_UNIT ( .MILLI., .METRE. ) );
#2525 = SURFACE_SIDE_STYLE ('',( #1992 ) ) ;
#2526 = ORIENTED_EDGE ( 'NONE', *, *, #1694, .F. ) ;
#2527 = DIRECTION ( 'NONE',  ( 0.000000000000000000, 0.000000000000000000, 1.000000000000000000 ) ) ;
#2528 = UNCERTAINTY_MEASURE_WITH_UNIT (LENGTH_MEASURE( 1.000000000000000082E-05 ), #2048, 'distance_accuracy_value', 'NONE');
#2529 =( GEOMETRIC_REPRESENTATION_CONTEXT ( 3 ) GLOBAL_UNCERTAINTY_ASSIGNED_CONTEXT ( ( #2643 ) ) GLOBAL_UNIT_ASSIGNED_CONTEXT ( ( #3298, #307, #3059 ) ) REPRESENTATION_CONTEXT ( 'NONE', 'WORKASPACE' ) );
#2530 = COLOUR_RGB ( '',0.1137254901960784298, 0.1137254901960784298, 0.1137254901960784298 ) ;
#2531 = ADVANCED_FACE ( 'NONE', ( #1093 ), #267, .F. ) ;
#2532 = DIRECTION ( 'NONE',  ( 1.000000000000000000, 0.000000000000000000, 0.000000000000000000 ) ) ;
#2533 = DIRECTION ( 'NONE',  ( 0.000000000000000000, 1.000000000000000000, 0.000000000000000000 ) ) ;
#2534 = STYLED_ITEM ( 'NONE', ( #544 ), #475 ) ;
#2535 = ORIENTED_EDGE ( 'NONE', *, *, #2266, .F. ) ;
#2536 = CARTESIAN_POINT ( 'NONE',  ( 0.4749999999999999778, 3.104999999999999982, -0.5400000000000000355 ) ) ;
#2537 = EDGE_CURVE ( 'NONE', #3296, #1877, #28, .T. ) ;
#2538 = LINE ( 'NONE', #650, #3360 ) ;
#2539 = STYLED_ITEM ( 'NONE', ( #2329 ), #1667 ) ;
#2540 = UNCERTAINTY_MEASURE_WITH_UNIT (LENGTH_MEASURE( 1.000000000000000082E-05 ), #3396, 'distance_accuracy_value', 'NONE');
#2541 = ORIENTED_EDGE ( 'NONE', *, *, #2342, .T. ) ;
#2542 = FACE_OUTER_BOUND ( 'NONE', #3163, .T. ) ;
#2543 = LINE ( 'NONE', #2804, #1803 ) ;
#2544 = CARTESIAN_POINT ( 'NONE',  ( 0.3200000000000000067, 4.955000000000000071, 6.859999999999999432 ) ) ;
#2545 = EDGE_LOOP ( 'NONE', ( #1214, #531, #972, #935 ) ) ;
#2546 = AXIS2_PLACEMENT_3D ( 'NONE', #1507, #606, #1233 ) ;
#2547 = FACE_OUTER_BOUND ( 'NONE', #1405, .T. ) ;
#2548 = DIRECTION ( 'NONE',  ( 0.000000000000000000, -1.000000000000000000, 0.000000000000000000 ) ) ;
#2549 = SURFACE_SIDE_STYLE ('',( #873 ) ) ;
#2550 =( NAMED_UNIT ( * ) PLANE_ANGLE_UNIT ( ) SI_UNIT ( $, .RADIAN. ) );
#2551 = PRESENTATION_LAYER_ASSIGNMENT (  '', '', ( #570 ) ) ;
#2552 = EDGE_CURVE ( 'NONE', #1057, #2837, #3341, .T. ) ;
#2553 = EDGE_LOOP ( 'NONE', ( #3443, #1121, #359, #2506, #2323 ) ) ;
#2554 = LINE ( 'NONE', #2034, #88 ) ;
#2555 = VECTOR ( 'NONE', #2332, 1000.000000000000000 ) ;
#2556 =( GEOMETRIC_REPRESENTATION_CONTEXT ( 3 ) GLOBAL_UNCERTAINTY_ASSIGNED_CONTEXT ( ( #2380 ) ) GLOBAL_UNIT_ASSIGNED_CONTEXT ( ( #2690, #3266, #1589 ) ) REPRESENTATION_CONTEXT ( 'NONE', 'WORKASPACE' ) );
#2557 = EDGE_CURVE ( 'NONE', #2085, #1948, #1952, .T. ) ;
#2558 = ORIENTED_EDGE ( 'NONE', *, *, #3352, .T. ) ;
#2559 = CARTESIAN_POINT ( 'NONE',  ( 0.3200000000000000067, 4.265000000000240377, 0.000000000000000000 ) ) ;
#2560 = PRESENTATION_STYLE_ASSIGNMENT (( #1759 ) ) ;
#2561 = SURFACE_SIDE_STYLE ('',( #1431 ) ) ;
#2562 = ORIENTED_EDGE ( 'NONE', *, *, #1852, .F. ) ;
#2563 = CARTESIAN_POINT ( 'NONE',  ( 1.925000000000000044, 4.955000000000000071, 0.000000000000000000 ) ) ;
#2564 =( LENGTH_UNIT ( ) NAMED_UNIT ( * ) SI_UNIT ( .MILLI., .METRE. ) );
#2565 = CARTESIAN_POINT ( 'NONE',  ( 0.3200000000000000067, 0.000000000000000000, 0.000000000000000000 ) ) ;
#2566 = FILL_AREA_STYLE_COLOUR ( '', #1265 ) ;
#2567 = FILL_AREA_STYLE ('',( #321 ) ) ;
#2568 = ORIENTED_EDGE ( 'NONE', *, *, #2490, .F. ) ;
#2569 = ORIENTED_EDGE ( 'NONE', *, *, #3411, .F. ) ;
#2570 = SURFACE_STYLE_FILL_AREA ( #3133 ) ;
#2571 = EDGE_CURVE ( 'NONE', #3629, #2101, #2749, .T. ) ;
#2572 = FILL_AREA_STYLE_COLOUR ( '', #2667 ) ;
#2573 = LINE ( 'NONE', #2627, #3355 ) ;
#2574 = STYLED_ITEM ( 'NONE', ( #3489 ), #171 ) ;
#2575 = EDGE_LOOP ( 'NONE', ( #3488, #671, #1311, #604 ) ) ;
#2576 = EDGE_CURVE ( 'NONE', #1171, #2094, #1651, .T. ) ;
#2577 = CARTESIAN_POINT ( 'NONE',  ( -0.3750000000000000000, -0.3549999999998250111, -0.5400000000000729772 ) ) ;
#2578 = LINE ( 'NONE', #137, #513 ) ;
#2579 =( NAMED_UNIT ( * ) SI_UNIT ( $, .STERADIAN. ) SOLID_ANGLE_UNIT ( ) );
#2580 = CARTESIAN_POINT ( 'NONE',  ( -0.3200000000000000067, -2.555000000000000160, 1.610000000000000098 ) ) ;
#2581 = B_SPLINE_CURVE_WITH_KNOTS ( 'NONE', 3,
 ( #3211, #3282, #762, #1837, #2388, #212 ),
 .UNSPECIFIED., .F., .F.,
 ( 4, 2, 4 ),
 ( 0.000000000000000000, 0.5000000000000000000, 1.000000000000000000 ),
 .UNSPECIFIED. ) ;
#2582 = PRESENTATION_LAYER_ASSIGNMENT (  '', '', ( #826 ) ) ;
#2583 = DIRECTION ( 'NONE',  ( 0.000000000000000000, 0.000000000000000000, -1.000000000000000000 ) ) ;
#2584 = STYLED_ITEM ( 'NONE', ( #3207 ), #911 ) ;
#2585 = ORIENTED_EDGE ( 'NONE', *, *, #357, .F. ) ;
#2586 = FILL_AREA_STYLE_COLOUR ( '', #551 ) ;
#2587 = STYLED_ITEM ( 'NONE', ( #3498 ), #1199 ) ;
#2588 = COLOUR_RGB ( '',0.1137254901960784298, 0.1137254901960784298, 0.1137254901960784298 ) ;
#2589 = LINE ( 'NONE', #2276, #1539 ) ;
#2590 = VERTEX_POINT ( 'NONE', #2445 ) ;
#2591 = VECTOR ( 'NONE', #160, 1000.000000000000000 ) ;
#2592 =( LENGTH_UNIT ( ) NAMED_UNIT ( * ) SI_UNIT ( .MILLI., .METRE. ) );
#2593 = MECHANICAL_DESIGN_GEOMETRIC_PRESENTATION_REPRESENTATION (  '', ( #557 ), #560 ) ;
#2594 =( NAMED_UNIT ( * ) PLANE_ANGLE_UNIT ( ) SI_UNIT ( $, .RADIAN. ) );
#2595 = DIRECTION ( 'NONE',  ( 0.000000000000000000, 1.000000000000000000, 0.000000000000000000 ) ) ;
#2596 = VERTEX_POINT ( 'NONE', #3631 ) ;
#2597 = EDGE_CURVE ( 'NONE', #1940, #2644, #817, .T. ) ;
#2598 = VECTOR ( 'NONE', #1982, 1000.000000000000000 ) ;
#2599 = DIRECTION ( 'NONE',  ( 0.000000000000000000, 0.000000000000000000, -1.000000000000000000 ) ) ;
#2600 = CARTESIAN_POINT ( 'NONE',  ( 0.3200000000000000067, 3.625000000000239808, 1.610000000000000098 ) ) ;
#2601 = CARTESIAN_POINT ( 'NONE',  ( 0.4749999999999999778, 3.104999999999999982, -0.5400000000000000355 ) ) ;
#2602 = ADVANCED_FACE ( 'NONE', ( #11 ), #3063, .T. ) ;
#2603 = CARTESIAN_POINT ( 'NONE',  ( 1.474999999999999867, 3.104999999999999982, 3.885780586188049864E-16 ) ) ;
#2604 = VECTOR ( 'NONE', #1799, 1000.000000000000000 ) ;
#2605 = FACE_OUTER_BOUND ( 'NONE', #1972, .T. ) ;
#2606 = DIRECTION ( 'NONE',  ( -1.000000000000000000, 0.000000000000000000, -3.942553354492742052E-16 ) ) ;
#2607 = STYLED_ITEM ( 'NONE', ( #3258 ), #2645 ) ;
#2608 = ORIENTED_EDGE ( 'NONE', *, *, #589, .F. ) ;
#2609 = MECHANICAL_DESIGN_GEOMETRIC_PRESENTATION_REPRESENTATION (  '', ( #570 ), #624 ) ;
#2610 = VECTOR ( 'NONE', #997, 1000.000000000000000 ) ;
#2611 = ORIENTED_EDGE ( 'NONE', *, *, #3388, .T. ) ;
#2612 = MECHANICAL_DESIGN_GEOMETRIC_PRESENTATION_REPRESENTATION (  '', ( #2097 ), #1687 ) ;
#2613 = SURFACE_STYLE_FILL_AREA ( #358 ) ;
#2614 = DIRECTION ( 'NONE',  ( 0.000000000000000000, -1.000000000000000000, -3.815374214025230061E-16 ) ) ;
#2615 = ORIENTED_EDGE ( 'NONE', *, *, #1098, .T. ) ;
#2616 = ADVANCED_FACE ( 'NONE', ( #1211 ), #121, .T. ) ;
#2617 = LINE ( 'NONE', #2077, #1854 ) ;
#2618 = DIRECTION ( 'NONE',  ( 1.000000000000000000, 0.000000000000000000, 7.345407793778430133E-16 ) ) ;
#2619 = DIRECTION ( 'NONE',  ( -0.000000000000000000, 1.000000000000000000, 0.000000000000000000 ) ) ;
#2620 = EDGE_CURVE ( 'NONE', #2880, #2640, #2328, .T. ) ;
#2621 = FACE_OUTER_BOUND ( 'NONE', #1649, .T. ) ;
#2622 = DIRECTION ( 'NONE',  ( -1.000000000000000000, 0.000000000000000000, 0.000000000000000000 ) ) ;
#2623 = ORIENTED_EDGE ( 'NONE', *, *, #1204, .F. ) ;
#2624 = CARTESIAN_POINT ( 'NONE',  ( 0.3750000000000000000, -0.3549999999998250111, -0.5400000000000000355 ) ) ;
#2625 = DIRECTION ( 'NONE',  ( 1.000000000000000000, 0.000000000000000000, 0.000000000000000000 ) ) ;
#2626 = ORIENTED_EDGE ( 'NONE', *, *, #930, .T. ) ;
#2627 = CARTESIAN_POINT ( 'NONE',  ( 1.925000000000000044, 4.955000000000000071, 0.000000000000000000 ) ) ;
#2628 = LINE ( 'NONE', #673, #2296 ) ;
#2629 = ORIENTED_EDGE ( 'NONE', *, *, #1623, .T. ) ;
#2630 = PRODUCT ( '2125280200', '2125280200', '', ( #730 ) ) ;
#2631 = DIRECTION ( 'NONE',  ( 2.956915015869555306E-16, 0.000000000000000000, -1.000000000000000000 ) ) ;
#2632 =( GEOMETRIC_REPRESENTATION_CONTEXT ( 3 ) GLOBAL_UNCERTAINTY_ASSIGNED_CONTEXT ( ( #2540 ) ) GLOBAL_UNIT_ASSIGNED_CONTEXT ( ( #3396, #1080, #2515 ) ) REPRESENTATION_CONTEXT ( 'NONE', 'WORKASPACE' ) );
#2633 = PLANE ( 'NONE',  #1326 ) ;
#2634 = LINE ( 'NONE', #2891, #1602 ) ;
#2635 = CARTESIAN_POINT ( 'NONE',  ( -0.8332575694955840495, 0.6450000000001758771, -0.5400000000000000355 ) ) ;
#2636 = PRESENTATION_STYLE_ASSIGNMENT (( #3199 ) ) ;
#2637 = PLANE ( 'NONE',  #614 ) ;
#2638 = CARTESIAN_POINT ( 'NONE',  ( -1.875000000000000000, 0.1490193320422379952, -3.499012908524619991 ) ) ;
#2639 = UNCERTAINTY_MEASURE_WITH_UNIT (LENGTH_MEASURE( 1.000000000000000082E-05 ), #712, 'distance_accuracy_value', 'NONE');
#2640 = VERTEX_POINT ( 'NONE', #2559 ) ;
#2641 = ADVANCED_FACE ( 'NONE', ( #1723 ), #3429, .F. ) ;
#2642 = LINE ( 'NONE', #1811, #2704 ) ;
#2643 = UNCERTAINTY_MEASURE_WITH_UNIT (LENGTH_MEASURE( 1.000000000000000082E-05 ), #3298, 'distance_accuracy_value', 'NONE');
#2644 = VERTEX_POINT ( 'NONE', #186 ) ;
#2645 = ADVANCED_FACE ( 'NONE', ( #221 ), #2480, .T. ) ;
#2646 = AXIS2_PLACEMENT_3D ( 'NONE', #2014, #75, #373 ) ;
#2647 = COLOUR_RGB ( '',0.1137254901960784298, 0.1137254901960784298, 0.1137254901960784298 ) ;
#2648 = CARTESIAN_POINT ( 'NONE',  ( 0.3200000000000000067, 3.625000000000239808, 0.000000000000000000 ) ) ;
#2649 = STYLED_ITEM ( 'NONE', ( #3027 ), #1464 ) ;
#2650 = CARTESIAN_POINT ( 'NONE',  ( 1.049671748628719925, 0.1490193320422379952, -3.499012908524619991 ) ) ;
#2651 = VERTEX_POINT ( 'NONE', #1283 ) ;
#2652 = MECHANICAL_DESIGN_GEOMETRIC_PRESENTATION_REPRESENTATION (  '', ( #2539 ), #1970 ) ;
#2653 = DIRECTION ( 'NONE',  ( 2.478176394252610131E-15, 0.000000000000000000, -1.000000000000000000 ) ) ;
#2654 = DIRECTION ( 'NONE',  ( -1.000000000000000000, 0.000000000000000000, 0.000000000000000000 ) ) ;
#2655 = ORIENTED_EDGE ( 'NONE', *, *, #323, .F. ) ;
#2656 = CARTESIAN_POINT ( 'NONE',  ( 1.049671748628649759, -0.8590193320419790002, -3.499012908524619991 ) ) ;
#2657 =( NAMED_UNIT ( * ) PLANE_ANGLE_UNIT ( ) SI_UNIT ( $, .RADIAN. ) );
#2658 = COLOUR_RGB ( '',0.1137254901960784298, 0.1137254901960784298, 0.1137254901960784298 ) ;
#2659 = DIRECTION ( 'NONE',  ( 0.000000000000000000, 0.000000000000000000, -1.000000000000000000 ) ) ;
#2660 = FILL_AREA_STYLE_COLOUR ( '', #1025 ) ;
#2661 = ORIENTED_EDGE ( 'NONE', *, *, #3213, .F. ) ;
#2662 = FILL_AREA_STYLE ('',( #1264 ) ) ;
#2663 = EDGE_CURVE ( 'NONE', #1057, #294, #1580, .T. ) ;
#2664 = LINE ( 'NONE', #2383, #832 ) ;
#2665 = ORIENTED_EDGE ( 'NONE', *, *, #3147, .T. ) ;
#2666 = FILL_AREA_STYLE ('',( #1267 ) ) ;
#2667 = COLOUR_RGB ( '',0.1137254901960784298, 0.1137254901960784298, 0.1137254901960784298 ) ;
#2668 = EDGE_CURVE ( 'NONE', #471, #1744, #470, .T. ) ;
#2669 =( LENGTH_UNIT ( ) NAMED_UNIT ( * ) SI_UNIT ( .MILLI., .METRE. ) );
#2670 = VECTOR ( 'NONE', #3332, 1000.000000000000000 ) ;
#2671 = CARTESIAN_POINT ( 'NONE',  ( 1.024350052060551963, 0.08917606722654433660, -3.584457883773470854 ) ) ;
#2672 = ORIENTED_EDGE ( 'NONE', *, *, #1731, .F. ) ;
#2673 = VECTOR ( 'NONE', #781, 1000.000000000000000 ) ;
#2674 =( NAMED_UNIT ( * ) SI_UNIT ( $, .STERADIAN. ) SOLID_ANGLE_UNIT ( ) );
#2675 = SURFACE_SIDE_STYLE ('',( #1558 ) ) ;
#2676 =( GEOMETRIC_REPRESENTATION_CONTEXT ( 3 ) GLOBAL_UNCERTAINTY_ASSIGNED_CONTEXT ( ( #303 ) ) GLOBAL_UNIT_ASSIGNED_CONTEXT ( ( #1102, #1732, #71 ) ) REPRESENTATION_CONTEXT ( 'NONE', 'WORKASPACE' ) );
#2677 = PRESENTATION_STYLE_ASSIGNMENT (( #1560 ) ) ;
#2678 = FILL_AREA_STYLE ('',( #984 ) ) ;
#2679 = UNCERTAINTY_MEASURE_WITH_UNIT (LENGTH_MEASURE( 1.000000000000000082E-05 ), #2108, 'distance_accuracy_value', 'NONE');
#2680 = ORIENTED_EDGE ( 'NONE', *, *, #1163, .T. ) ;
#2681 = DIRECTION ( 'NONE',  ( 0.000000000000000000, 0.000000000000000000, 1.000000000000000000 ) ) ;
#2682 = CARTESIAN_POINT ( 'NONE',  ( 1.354795897113270087, -1.354999999999830118, -2.290000000000000036 ) ) ;
#2683 = UNCERTAINTY_MEASURE_WITH_UNIT (LENGTH_MEASURE( 1.000000000000000082E-05 ), #1284, 'distance_accuracy_value', 'NONE');
#2684 = VERTEX_POINT ( 'NONE', #3534 ) ;
#2685 =( NAMED_UNIT ( * ) SI_UNIT ( $, .STERADIAN. ) SOLID_ANGLE_UNIT ( ) );
#2686 = LINE ( 'NONE', #758, #2777 ) ;
#2687 = ORIENTED_EDGE ( 'NONE', *, *, #2764, .T. ) ;
#2688 = EDGE_CURVE ( 'NONE', #2519, #2249, #1346, .T. ) ;
#2689 = DIRECTION ( 'NONE',  ( 0.000000000000000000, 1.000000000000000000, 0.000000000000000000 ) ) ;
#2690 =( LENGTH_UNIT ( ) NAMED_UNIT ( * ) SI_UNIT ( .MILLI., .METRE. ) );
#2691 = FILL_AREA_STYLE_COLOUR ( '', #605 ) ;
#2692 = FACE_OUTER_BOUND ( 'NONE', #2575, .T. ) ;
#2693 = ADVANCED_FACE ( 'NONE', ( #1011 ), #2718, .F. ) ;
#2694 = FACE_OUTER_BOUND ( 'NONE', #2183, .T. ) ;
#2695 = FILL_AREA_STYLE_COLOUR ( '', #3287 ) ;
#2696 = PRESENTATION_STYLE_ASSIGNMENT (( #523 ) ) ;
#2697 = FACE_OUTER_BOUND ( 'NONE', #1701, .T. ) ;
#2698 =( LENGTH_UNIT ( ) NAMED_UNIT ( * ) SI_UNIT ( .MILLI., .METRE. ) );
#2699 = AXIS2_PLACEMENT_3D ( 'NONE', #1716, #1753, #1986 ) ;
#2700 = CARTESIAN_POINT ( 'NONE',  ( 0.8332575694955850487, -1.354999999999830118, -0.5400000000000000355 ) ) ;
#2701 = LINE ( 'NONE', #3566, #271 ) ;
#2702 = ORIENTED_EDGE ( 'NONE', *, *, #2927, .F. ) ;
#2703 = COLOUR_RGB ( '',0.1137254901960784298, 0.1137254901960784298, 0.1137254901960784298 ) ;
#2704 = VECTOR ( 'NONE', #1224, 1000.000000000000000 ) ;
#2705 = DIRECTION ( 'NONE',  ( 0.000000000000000000, 0.000000000000000000, 1.000000000000000000 ) ) ;
#2706 = STYLED_ITEM ( 'NONE', ( #306 ), #572 ) ;
#2707 = CARTESIAN_POINT ( 'NONE',  ( -1.474999999999999867, -3.354999999999999982, 0.000000000000000000 ) ) ;
#2708 = PRESENTATION_STYLE_ASSIGNMENT (( #1573 ) ) ;
#2709 = ORIENTED_EDGE ( 'NONE', *, *, #930, .F. ) ;
#2710 = CARTESIAN_POINT ( 'NONE',  ( 0.4749999999999999778, -0.3549999999997409672, -3.207999999999999741 ) ) ;
#2711 = VECTOR ( 'NONE', #1591, 1000.000000000000000 ) ;
#2712 = CARTESIAN_POINT ( 'NONE',  ( -1.875000000000000000, -0.3549999999997409672, -3.207999999999999741 ) ) ;
#2713 = DIRECTION ( 'NONE',  ( 1.000000000000000000, 0.000000000000000000, 0.000000000000000000 ) ) ;
#2714 = FILL_AREA_STYLE ('',( #128 ) ) ;
#2715 = EDGE_CURVE ( 'NONE', #3605, #2916, #1625, .T. ) ;
#2716 = EDGE_LOOP ( 'NONE', ( #1813, #1994, #2964, #2174, #974, #725, #838, #429, #381, #2396 ) ) ;
#2717 = DIRECTION ( 'NONE',  ( -7.744301232039317914E-17, 1.000000000000000000, 0.000000000000000000 ) ) ;
#2718 = PLANE ( 'NONE',  #677 ) ;
#2719 = CARTESIAN_POINT ( 'NONE',  ( -0.3200000000000000067, 6.625000000000000000, 4.384999999999999787 ) ) ;
#2720 = UNCERTAINTY_MEASURE_WITH_UNIT (LENGTH_MEASURE( 1.000000000000000082E-05 ), #1117, 'distance_accuracy_value', 'NONE');
#2721 = B_SPLINE_CURVE_WITH_KNOTS ( 'NONE', 3,
 ( #565, #1403, #2517, #1115, #3095, #40, #893, #696, #111, #1786, #3491, #350, #2322, #1529, #667 ),
 .UNSPECIFIED., .F., .F.,
 ( 4, 2, 2, 2, 1, 2, 2, 4 ),
 ( 0.000000000000000000, 0.2500000000000046629, 0.3750000000000068834, 0.4375000000000081601, 0.4687500000000082712, 0.4843750000000087153, 0.5000000000000091038, 1.000000000000000000 ),
 .UNSPECIFIED. ) ;
#2722 = ORIENTED_EDGE ( 'NONE', *, *, #697, .T. ) ;
#2723 = DIRECTION ( 'NONE',  ( 3.252606517456509851E-16, 0.000000000000000000, -1.000000000000000000 ) ) ;
#2724 = VECTOR ( 'NONE', #1540, 999.9999999999998863 ) ;
#2725 = CARTESIAN_POINT ( 'NONE',  ( 1.026713003686730019, -0.2454479286891243783, -3.781216121699474630 ) ) ;
#2726 = COLOUR_RGB ( '',0.1137254901960784298, 0.1137254901960784298, 0.1137254901960784298 ) ;
#2727 = EDGE_LOOP ( 'NONE', ( #1628, #2107, #3132, #3421, #245 ) ) ;
#2728 = STYLED_ITEM ( 'NONE', ( #1358 ), #3639 ) ;
#2729 = AXIS2_PLACEMENT_3D ( 'NONE', #2929, #1766, #948 ) ;
#2730 = DIRECTION ( 'NONE',  ( -1.636531581110189986E-16, 0.000000000000000000, -1.000000000000000000 ) ) ;
#2731 = CARTESIAN_POINT ( 'NONE',  ( 1.925000000000000044, 4.955000000000000071, 6.859999999999999432 ) ) ;
#2732 = VERTEX_POINT ( 'NONE', #1734 ) ;
#2733 = VECTOR ( 'NONE', #1879, 1000.000000000000000 ) ;
#2734 =( LENGTH_UNIT ( ) NAMED_UNIT ( * ) SI_UNIT ( .MILLI., .METRE. ) );
#2735 = SURFACE_SIDE_STYLE ('',( #3311 ) ) ;
#2736 = AXIS2_PLACEMENT_3D ( 'NONE', #772, #3011, #508 ) ;
#2737 = ORIENTED_EDGE ( 'NONE', *, *, #382, .F. ) ;
#2738 = PRESENTATION_STYLE_ASSIGNMENT (( #1905 ) ) ;
#2739 = EDGE_CURVE ( 'NONE', #2916, #1225, #1794, .T. ) ;
#2740 = SURFACE_STYLE_FILL_AREA ( #1930 ) ;
#2741 = CARTESIAN_POINT ( 'NONE',  ( -0.4749999999999999778, -1.354999999999830118, -2.640000000000000124 ) ) ;
#2742 = DIRECTION ( 'NONE',  ( 0.000000000000000000, 0.000000000000000000, -1.000000000000000000 ) ) ;
#2743 = ORIENTED_EDGE ( 'NONE', *, *, #2415, .T. ) ;
#2744 = DIRECTION ( 'NONE',  ( 1.000000000000000000, 0.000000000000000000, 0.000000000000000000 ) ) ;
#2745 = EDGE_CURVE ( 'NONE', #1230, #2312, #2290, .T. ) ;
#2746 = CARTESIAN_POINT ( 'NONE',  ( 0.000000000000000000, 3.104999999999999982, 0.000000000000000000 ) ) ;
#2747 = CARTESIAN_POINT ( 'NONE',  ( -1.474999999999999867, -3.354999999999999982, -0.5400000000000000355 ) ) ;
#2748 = ORIENTED_EDGE ( 'NONE', *, *, #3523, .T. ) ;
#2749 = LINE ( 'NONE', #3374, #960 ) ;
#2750 = VERTEX_POINT ( 'NONE', #566 ) ;
#2751 = FILL_AREA_STYLE ('',( #1902 ) ) ;
#2752 = UNCERTAINTY_MEASURE_WITH_UNIT (LENGTH_MEASURE( 1.000000000000000082E-05 ), #586, 'distance_accuracy_value', 'NONE');
#2753 = CARTESIAN_POINT ( 'NONE',  ( -0.4749999999999999778, -3.354999999999999982, 0.000000000000000000 ) ) ;
#2754 = DIRECTION ( 'NONE',  ( -0.000000000000000000, 1.000000000000000000, 0.000000000000000000 ) ) ;
#2755 = SURFACE_SIDE_STYLE ('',( #2211 ) ) ;
#2756 = CARTESIAN_POINT ( 'NONE',  ( 0.6750000000000000444, 1.645000000000000018, 0.6049999999999999822 ) ) ;
#2757 = DIRECTION ( 'NONE',  ( 1.636531581110189986E-16, 0.000000000000000000, 1.000000000000000000 ) ) ;
#2758 = DIRECTION ( 'NONE',  ( 2.252887631138709814E-16, -1.000000000000000000, 0.000000000000000000 ) ) ;
#2759 = EDGE_CURVE ( 'NONE', #2239, #3520, #304, .T. ) ;
#2760 = ORIENTED_EDGE ( 'NONE', *, *, #2460, .F. ) ;
#2761 = CARTESIAN_POINT ( 'NONE',  ( 1.874999999999929834, -1.354999999999999982, -2.640000000000000124 ) ) ;
#2762 = ADVANCED_BREP_SHAPE_REPRESENTATION ( '2125280200', ( #862, #3024 ), #1859 ) ;
#2763 = FILL_AREA_STYLE_COLOUR ( '', #2405 ) ;
#2764 = EDGE_CURVE ( 'NONE', #3267, #2355, #1962, .T. ) ;
#2765 = DIRECTION ( 'NONE',  ( 1.000000000000000000, 0.000000000000000000, 0.000000000000000000 ) ) ;
#2766 = ORIENTED_EDGE ( 'NONE', *, *, #192, .F. ) ;
#2767 = STYLED_ITEM ( 'NONE', ( #3033 ), #694 ) ;
#2768 =( NAMED_UNIT ( * ) PLANE_ANGLE_UNIT ( ) SI_UNIT ( $, .RADIAN. ) );
#2769 = DIRECTION ( 'NONE',  ( 0.000000000000000000, 1.000000000000000000, 0.000000000000000000 ) ) ;
#2770 =( GEOMETRIC_REPRESENTATION_CONTEXT ( 3 ) GLOBAL_UNCERTAINTY_ASSIGNED_CONTEXT ( ( #3131 ) ) GLOBAL_UNIT_ASSIGNED_CONTEXT ( ( #3339, #814, #2783 ) ) REPRESENTATION_CONTEXT ( 'NONE', 'WORKASPACE' ) );
#2771 = STYLED_ITEM ( 'NONE', ( #1123 ), #318 ) ;
#2772 = FILL_AREA_STYLE ('',( #1074 ) ) ;
#2773 = ORIENTED_EDGE ( 'NONE', *, *, #1053, .F. ) ;
#2774 = CARTESIAN_POINT ( 'NONE',  ( 0.8332575694955850487, -1.354999999999830118, -2.290000000000000036 ) ) ;
#2775 = PRESENTATION_STYLE_ASSIGNMENT (( #843 ) ) ;
#2776 =( LENGTH_UNIT ( ) NAMED_UNIT ( * ) SI_UNIT ( .MILLI., .METRE. ) );
#2777 = VECTOR ( 'NONE', #2443, 1000.000000000000000 ) ;
#2778 = SURFACE_SIDE_STYLE ('',( #41 ) ) ;
#2779 = DIRECTION ( 'NONE',  ( -1.000000000000000000, 0.000000000000000000, 0.000000000000000000 ) ) ;
#2780 = FILL_AREA_STYLE_COLOUR ( '', #2870 ) ;
#2781 = ADVANCED_FACE ( 'NONE', ( #1154, #3074, #1661, #1116 ), #1460, .F. ) ;
#2782 = MECHANICAL_DESIGN_GEOMETRIC_PRESENTATION_REPRESENTATION (  '', ( #3369 ), #1789 ) ;
#2783 =( NAMED_UNIT ( * ) SI_UNIT ( $, .STERADIAN. ) SOLID_ANGLE_UNIT ( ) );
#2784 = PLANE ( 'NONE',  #157 ) ;
#2785 = ORIENTED_EDGE ( 'NONE', *, *, #1324, .F. ) ;
#2786 = VECTOR ( 'NONE', #1674, 1000.000000000000000 ) ;
#2787 = EDGE_CURVE ( 'NONE', #161, #597, #2237, .T. ) ;
#2788 = CARTESIAN_POINT ( 'NONE',  ( -0.3200000000000000067, 7.264999999999999680, -3.720000000000000195 ) ) ;
#2789 = DIRECTION ( 'NONE',  ( -1.000000000000000000, 0.000000000000000000, 0.000000000000000000 ) ) ;
#2790 = ORIENTED_EDGE ( 'NONE', *, *, #547, .T. ) ;
#2791 =( GEOMETRIC_REPRESENTATION_CONTEXT ( 3 ) GLOBAL_UNCERTAINTY_ASSIGNED_CONTEXT ( ( #2930 ) ) GLOBAL_UNIT_ASSIGNED_CONTEXT ( ( #731, #3006, #2130 ) ) REPRESENTATION_CONTEXT ( 'NONE', 'WORKASPACE' ) );
#2792 = SURFACE_STYLE_FILL_AREA ( #3636 ) ;
#2793 = UNCERTAINTY_MEASURE_WITH_UNIT (LENGTH_MEASURE( 1.000000000000000082E-05 ), #791, 'distance_accuracy_value', 'NONE');
#2794 =( NAMED_UNIT ( * ) PLANE_ANGLE_UNIT ( ) SI_UNIT ( $, .RADIAN. ) );
#2795 = DIRECTION ( 'NONE',  ( 0.000000000000000000, 0.000000000000000000, 1.000000000000000000 ) ) ;
#2796 =( GEOMETRIC_REPRESENTATION_CONTEXT ( 3 ) GLOBAL_UNCERTAINTY_ASSIGNED_CONTEXT ( ( #1279 ) ) GLOBAL_UNIT_ASSIGNED_CONTEXT ( ( #2776, #2414, #1082 ) ) REPRESENTATION_CONTEXT ( 'NONE', 'WORKASPACE' ) );
#2797 =( LENGTH_UNIT ( ) NAMED_UNIT ( * ) SI_UNIT ( .MILLI., .METRE. ) );
#2798 = CARTESIAN_POINT ( 'NONE',  ( 0.3200000000000000067, 0.000000000000000000, 0.000000000000000000 ) ) ;
#2799 = EDGE_LOOP ( 'NONE', ( #770, #2806, #1107, #3241 ) ) ;
#2800 = FILL_AREA_STYLE_COLOUR ( '', #660 ) ;
#2801 = ORIENTED_EDGE ( 'NONE', *, *, #148, .F. ) ;
#2802 = CARTESIAN_POINT ( 'NONE',  ( -1.925000000000000044, -4.955000000000000071, 6.859999999999999432 ) ) ;
#2803 = CARTESIAN_POINT ( 'NONE',  ( -1.019511474121581163, -0.5581084556090326609, -3.763049297169799079 ) ) ;
#2804 = CARTESIAN_POINT ( 'NONE',  ( -1.354795897113270087, -1.354999999999830118, -2.640000000000000124 ) ) ;
#2805 = SURFACE_STYLE_USAGE ( .BOTH. , #2561 ) ;
#2806 = ORIENTED_EDGE ( 'NONE', *, *, #3191, .T. ) ;
#2807 = EDGE_CURVE ( 'NONE', #263, #534, #3109, .T. ) ;
#2808 = EDGE_CURVE ( 'NONE', #3601, #875, #3399, .T. ) ;
#2809 = PLANE ( 'NONE',  #1530 ) ;
#2810 = DIRECTION ( 'NONE',  ( 0.000000000000000000, 0.000000000000000000, -1.000000000000000000 ) ) ;
#2811 = FILL_AREA_STYLE ('',( #3364 ) ) ;
#2812 = CARTESIAN_POINT ( 'NONE',  ( -0.4749999999999999778, -1.354999999999820126, -0.5400000000000000355 ) ) ;
#2813 = ORIENTED_EDGE ( 'NONE', *, *, #2715, .T. ) ;
#2814 = CARTESIAN_POINT ( 'NONE',  ( 1.354795897113090231, -1.354999999999999982, -2.640000000000000124 ) ) ;
#2815 = VERTEX_POINT ( 'NONE', #612 ) ;
#2816 = DIRECTION ( 'NONE',  ( 0.000000000000000000, 1.452867232811399672E-16, 1.000000000000000000 ) ) ;
#2817 = DIRECTION ( 'NONE',  ( -1.000000000000000000, 0.000000000000000000, 0.000000000000000000 ) ) ;
#2818 = DIRECTION ( 'NONE',  ( 0.000000000000000000, 1.000000000000000000, 0.000000000000000000 ) ) ;
#2819 = DIRECTION ( 'NONE',  ( 0.000000000000000000, 1.000000000000000000, 0.000000000000000000 ) ) ;
#2820 = EDGE_LOOP ( 'NONE', ( #1270, #2853, #986, #2148 ) ) ;
#2821 =( GEOMETRIC_REPRESENTATION_CONTEXT ( 3 ) GLOBAL_UNCERTAINTY_ASSIGNED_CONTEXT ( ( #954 ) ) GLOBAL_UNIT_ASSIGNED_CONTEXT ( ( #3596, #2134, #467 ) ) REPRESENTATION_CONTEXT ( 'NONE', 'WORKASPACE' ) );
#2822 = VECTOR ( 'NONE', #1815, 1000.000000000000000 ) ;
#2823 = PRODUCT_RELATED_PRODUCT_CATEGORY ( 'part', '', ( #2630 ) ) ;
#2824 =( LENGTH_UNIT ( ) NAMED_UNIT ( * ) SI_UNIT ( .MILLI., .METRE. ) );
#2825 = PRESENTATION_STYLE_ASSIGNMENT (( #2473 ) ) ;
#2826 = STYLED_ITEM ( 'NONE', ( #2677 ), #302 ) ;
#2827 = CARTESIAN_POINT ( 'NONE',  ( 1.925000000000000044, -4.955000000000000071, 6.859999999999999432 ) ) ;
#2828 = EDGE_CURVE ( 'NONE', #1481, #3189, #3096, .T. ) ;
#2829 = CARTESIAN_POINT ( 'NONE',  ( -0.3200000000000000067, 3.625000000000239808, 0.000000000000000000 ) ) ;
#2830 = DIRECTION ( 'NONE',  ( 0.000000000000000000, 0.000000000000000000, 1.000000000000000000 ) ) ;
#2831 = COLOUR_RGB ( '',0.1137254901960784298, 0.1137254901960784298, 0.1137254901960784298 ) ;
#2832 = ORIENTED_EDGE ( 'NONE', *, *, #1639, .T. ) ;
#2833 = DIRECTION ( 'NONE',  ( 0.000000000000000000, -1.000000000000000000, 0.000000000000000000 ) ) ;
#2834 =( GEOMETRIC_REPRESENTATION_CONTEXT ( 3 ) GLOBAL_UNCERTAINTY_ASSIGNED_CONTEXT ( ( #1285 ) ) GLOBAL_UNIT_ASSIGNED_CONTEXT ( ( #3416, #86, #2579 ) ) REPRESENTATION_CONTEXT ( 'NONE', 'WORKASPACE' ) );
#2835 = DIRECTION ( 'NONE',  ( -1.000000000000000000, 0.000000000000000000, 0.000000000000000000 ) ) ;
#2836 = COLOUR_RGB ( '',0.1137254901960784298, 0.1137254901960784298, 0.1137254901960784298 ) ;
#2837 = VERTEX_POINT ( 'NONE', #337 ) ;
#2838 = SURFACE_STYLE_FILL_AREA ( #598 ) ;
#2839 = CARTESIAN_POINT ( 'NONE',  ( -1.324999999999999956, 1.645000000000000018, 0.6049999999999999822 ) ) ;
#2840 = DIRECTION ( 'NONE',  ( 0.000000000000000000, -1.000000000000000000, 9.918373218849658764E-17 ) ) ;
#2841 = VECTOR ( 'NONE', #2251, 1000.000000000000000 ) ;
#2842 = VERTEX_POINT ( 'NONE', #592 ) ;
#2843 = CIRCLE ( 'NONE', #3137, 1.100000000000000311 ) ;
#2844 = FILL_AREA_STYLE ('',( #1729 ) ) ;
#2845 = PLANE ( 'NONE',  #22 ) ;
#2846 = AXIS2_PLACEMENT_3D ( 'NONE', #638, #3165, #600 ) ;
#2847 = PLANE ( 'NONE',  #3638 ) ;
#2848 = DIRECTION ( 'NONE',  ( 1.000000000000000000, 0.000000000000000000, 0.000000000000000000 ) ) ;
#2849 = EDGE_LOOP ( 'NONE', ( #501, #905, #631, #1582, #3561, #2888, #97, #232 ) ) ;
#2850 = EDGE_CURVE ( 'NONE', #1198, #236, #1135, .T. ) ;
#2851 = PRESENTATION_STYLE_ASSIGNMENT (( #73 ) ) ;
#2852 = AXIS2_PLACEMENT_3D ( 'NONE', #3283, #1612, #230 ) ;
#2853 = ORIENTED_EDGE ( 'NONE', *, *, #106, .T. ) ;
#2854 = ADVANCED_FACE ( 'NONE', ( #1699 ), #3420, .F. ) ;
#2855 =( NAMED_UNIT ( * ) SI_UNIT ( $, .STERADIAN. ) SOLID_ANGLE_UNIT ( ) );
#2856 =( NAMED_UNIT ( * ) SI_UNIT ( $, .STERADIAN. ) SOLID_ANGLE_UNIT ( ) );
#2857 = SURFACE_STYLE_FILL_AREA ( #1776 ) ;
#2858 = FACE_OUTER_BOUND ( 'NONE', #2493, .T. ) ;
#2859 = ORIENTED_EDGE ( 'NONE', *, *, #2372, .F. ) ;
#2860 = LINE ( 'NONE', #679, #735 ) ;
#2861 = LINE ( 'NONE', #2334, #3593 ) ;
#2862 = SURFACE_STYLE_FILL_AREA ( #2914 ) ;
#2863 = ORIENTED_EDGE ( 'NONE', *, *, #2113, .T. ) ;
#2864 =( NAMED_UNIT ( * ) SI_UNIT ( $, .STERADIAN. ) SOLID_ANGLE_UNIT ( ) );
#2865 = EDGE_CURVE ( 'NONE', #352, #1557, #2065, .T. ) ;
#2866 = ORIENTED_EDGE ( 'NONE', *, *, #3057, .T. ) ;
#2867 = EDGE_CURVE ( 'NONE', #1253, #2651, #894, .T. ) ;
#2868 =( GEOMETRIC_REPRESENTATION_CONTEXT ( 3 ) GLOBAL_UNCERTAINTY_ASSIGNED_CONTEXT ( ( #943 ) ) GLOBAL_UNIT_ASSIGNED_CONTEXT ( ( #821, #2253, #1960 ) ) REPRESENTATION_CONTEXT ( 'NONE', 'WORKASPACE' ) );
#2869 = ORIENTED_EDGE ( 'NONE', *, *, #2759, .T. ) ;
#2870 = COLOUR_RGB ( '',0.1137254901960784298, 0.1137254901960784298, 0.1137254901960784298 ) ;
#2871 = FACE_OUTER_BOUND ( 'NONE', #749, .T. ) ;
#2872 = DIRECTION ( 'NONE',  ( -1.000000000000000000, 0.000000000000000000, 0.000000000000000000 ) ) ;
#2873 = MECHANICAL_DESIGN_GEOMETRIC_PRESENTATION_REPRESENTATION (  '', ( #1175 ), #2529 ) ;
#2874 =( GEOMETRIC_REPRESENTATION_CONTEXT ( 3 ) GLOBAL_UNCERTAINTY_ASSIGNED_CONTEXT ( ( #1510 ) ) GLOBAL_UNIT_ASSIGNED_CONTEXT ( ( #180, #1275, #2392 ) ) REPRESENTATION_CONTEXT ( 'NONE', 'WORKASPACE' ) );
#2875 = ORIENTED_EDGE ( 'NONE', *, *, #1690, .T. ) ;
#2876 = LINE ( 'NONE', #715, #1422 ) ;
#2877 = STYLED_ITEM ( 'NONE', ( #719 ), #1094 ) ;
#2878 =( GEOMETRIC_REPRESENTATION_CONTEXT ( 3 ) GLOBAL_UNCERTAINTY_ASSIGNED_CONTEXT ( ( #490 ) ) GLOBAL_UNIT_ASSIGNED_CONTEXT ( ( #528, #813, #3297 ) ) REPRESENTATION_CONTEXT ( 'NONE', 'WORKASPACE' ) );
#2879 = CARTESIAN_POINT ( 'NONE',  ( 1.925000000000000044, -4.955000000000000071, 6.859999999999999432 ) ) ;
#2880 = VERTEX_POINT ( 'NONE', #2359 ) ;
#2881 = AXIS2_PLACEMENT_3D ( 'NONE', #461, #2128, #2447 ) ;
#2882 =( LENGTH_UNIT ( ) NAMED_UNIT ( * ) SI_UNIT ( .MILLI., .METRE. ) );
#2883 = VECTOR ( 'NONE', #79, 1000.000000000000000 ) ;
#2884 =( NAMED_UNIT ( * ) SI_UNIT ( $, .STERADIAN. ) SOLID_ANGLE_UNIT ( ) );
#2885 = CARTESIAN_POINT ( 'NONE',  ( 1.324999999999999956, 1.645000000000000018, 6.254999999999999893 ) ) ;
#2886 = DIRECTION ( 'NONE',  ( 0.000000000000000000, 0.5000221795955599458, -0.8660125980102747478 ) ) ;
#2887 = B_SPLINE_CURVE_WITH_KNOTS ( 'NONE', 3,
 ( #1065, #1303, #2416, #2193, #3316, #3557 ),
 .UNSPECIFIED., .F., .F.,
 ( 4, 2, 4 ),
 ( 0.000000000000000000, 0.5000000000000000000, 1.000000000000000000 ),
 .UNSPECIFIED. ) ;
#2888 = ORIENTED_EDGE ( 'NONE', *, *, #431, .T. ) ;
#2889 = EDGE_CURVE ( 'NONE', #3584, #759, #970, .T. ) ;
#2890 = LINE ( 'NONE', #1456, #567 ) ;
#2891 = CARTESIAN_POINT ( 'NONE',  ( 1.775000000000000133, -0.3549999999998250111, -2.640000000000000124 ) ) ;
#2892 = DIRECTION ( 'NONE',  ( 0.000000000000000000, 1.000000000000000000, 0.000000000000000000 ) ) ;
#2893 = AXIS2_PLACEMENT_3D ( 'NONE', #2577, #2631, #83 ) ;
#2894 = PRESENTATION_STYLE_ASSIGNMENT (( #89 ) ) ;
#2895 =( NAMED_UNIT ( * ) PLANE_ANGLE_UNIT ( ) SI_UNIT ( $, .RADIAN. ) );
#2896 = VECTOR ( 'NONE', #2212, 1000.000000000000000 ) ;
#2897 = ORIENTED_EDGE ( 'NONE', *, *, #323, .T. ) ;
#2898 = DIRECTION ( 'NONE',  ( 0.000000000000000000, -1.000000000000000000, 0.000000000000000000 ) ) ;
#2899 = MECHANICAL_DESIGN_GEOMETRIC_PRESENTATION_REPRESENTATION (  '', ( #2035 ), #1619 ) ;
#2900 = CARTESIAN_POINT ( 'NONE',  ( 0.3750000000000000000, -0.3549999999998250111, -2.640000000000000124 ) ) ;
#2901 = COLOUR_RGB ( '',0.8313725490196077761, 0.8392156862745098200, 0.8313725490196077761 ) ;
#2902 = ORIENTED_EDGE ( 'NONE', *, *, #784, .F. ) ;
#2903 =( NAMED_UNIT ( * ) PLANE_ANGLE_UNIT ( ) SI_UNIT ( $, .RADIAN. ) );
#2904 = DIRECTION ( 'NONE',  ( -1.000000000000000000, 0.000000000000000000, 1.084202172485499873E-16 ) ) ;
#2905 = ORIENTED_EDGE ( 'NONE', *, *, #850, .T. ) ;
#2906 = PRESENTATION_STYLE_ASSIGNMENT (( #3154 ) ) ;
#2907 =( NAMED_UNIT ( * ) SI_UNIT ( $, .STERADIAN. ) SOLID_ANGLE_UNIT ( ) );
#2908 = EDGE_CURVE ( 'NONE', #1707, #1592, #1448, .T. ) ;
#2909 = SURFACE_SIDE_STYLE ('',( #1257 ) ) ;
#2910 = ORIENTED_EDGE ( 'NONE', *, *, #1923, .F. ) ;
#2911 = FILL_AREA_STYLE_COLOUR ( '', #31 ) ;
#2912 = PRESENTATION_STYLE_ASSIGNMENT (( #3455 ) ) ;
#2913 =( NAMED_UNIT ( * ) SI_UNIT ( $, .STERADIAN. ) SOLID_ANGLE_UNIT ( ) );
#2914 = FILL_AREA_STYLE ('',( #2660 ) ) ;
#2915 = ADVANCED_FACE ( 'NONE', ( #3175 ), #1824, .F. ) ;
#2916 = VERTEX_POINT ( 'NONE', #1261 ) ;
#2917 = SURFACE_STYLE_FILL_AREA ( #2117 ) ;
#2918 = ORIENTED_EDGE ( 'NONE', *, *, #2284, .T. ) ;
#2919 = LINE ( 'NONE', #1504, #607 ) ;
#2920 = ORIENTED_EDGE ( 'NONE', *, *, #289, .T. ) ;
#2921 =( GEOMETRIC_REPRESENTATION_CONTEXT ( 3 ) GLOBAL_UNCERTAINTY_ASSIGNED_CONTEXT ( ( #3100 ) ) GLOBAL_UNIT_ASSIGNED_CONTEXT ( ( #3271, #447, #200 ) ) REPRESENTATION_CONTEXT ( 'NONE', 'WORKASPACE' ) );
#2922 = FACE_OUTER_BOUND ( 'NONE', #646, .T. ) ;
#2923 = UNCERTAINTY_MEASURE_WITH_UNIT (LENGTH_MEASURE( 1.000000000000000082E-05 ), #2232, 'distance_accuracy_value', 'NONE');
#2924 = LINE ( 'NONE', #925, #2591 ) ;
#2925 = VERTEX_POINT ( 'NONE', #2379 ) ;
#2926 = LINE ( 'NONE', #419, #249 ) ;
#2927 = EDGE_CURVE ( 'NONE', #3338, #2312, #2032, .T. ) ;
#2928 =( NAMED_UNIT ( * ) PLANE_ANGLE_UNIT ( ) SI_UNIT ( $, .RADIAN. ) );
#2929 = CARTESIAN_POINT ( 'NONE',  ( 1.925000000000000044, -4.955000000000000071, 6.859999999999999432 ) ) ;
#2930 = UNCERTAINTY_MEASURE_WITH_UNIT (LENGTH_MEASURE( 1.000000000000000082E-05 ), #731, 'distance_accuracy_value', 'NONE');
#2931 = EDGE_LOOP ( 'NONE', ( #2424, #515, #3218, #775, #52, #549 ) ) ;
#2932 = MECHANICAL_DESIGN_GEOMETRIC_PRESENTATION_REPRESENTATION (  '', ( #659 ), #1059 ) ;
#2933 = PLANE ( 'NONE',  #201 ) ;
#2934 = EDGE_CURVE ( 'NONE', #2596, #471, #1143, .T. ) ;
#2935 = PRESENTATION_LAYER_ASSIGNMENT (  '', '', ( #599 ) ) ;
#2936 = CONICAL_SURFACE ( 'NONE', #2124, 0.6531812678228640090, 0.5759586525000000012 ) ;
#2937 =( NAMED_UNIT ( * ) SI_UNIT ( $, .STERADIAN. ) SOLID_ANGLE_UNIT ( ) );
#2938 = EDGE_LOOP ( 'NONE', ( #1817, #2562, #1985, #2338, #863 ) ) ;
#2939 = VECTOR ( 'NONE', #2779, 1000.000000000000000 ) ;
#2940 =( GEOMETRIC_REPRESENTATION_CONTEXT ( 3 ) GLOBAL_UNCERTAINTY_ASSIGNED_CONTEXT ( ( #2103 ) ) GLOBAL_UNIT_ASSIGNED_CONTEXT ( ( #2882, #2903, #1831 ) ) REPRESENTATION_CONTEXT ( 'NONE', 'WORKASPACE' ) );
#2941 = CARTESIAN_POINT ( 'NONE',  ( -1.256702175378360042, -1.189117180775210114, -2.927300478067440093 ) ) ;
#2942 = CARTESIAN_POINT ( 'NONE',  ( 1.014919369419514217, -0.03783100428271042592, -3.696178717507994538 ) ) ;
#2943 = ORIENTED_EDGE ( 'NONE', *, *, #1966, .T. ) ;
#2944 =( GEOMETRIC_REPRESENTATION_CONTEXT ( 3 ) GLOBAL_UNCERTAINTY_ASSIGNED_CONTEXT ( ( #2752 ) ) GLOBAL_UNIT_ASSIGNED_CONTEXT ( ( #586, #2510, #51 ) ) REPRESENTATION_CONTEXT ( 'NONE', 'WORKASPACE' ) );
#2945 = LINE ( 'NONE', #1292, #2201 ) ;
#2946 =( LENGTH_UNIT ( ) NAMED_UNIT ( * ) SI_UNIT ( .MILLI., .METRE. ) );
#2947 = FILL_AREA_STYLE_COLOUR ( '', #1484 ) ;
#2948 = APPLICATION_PROTOCOL_DEFINITION ( 'draft international standard', 'automotive_design', 1998, #3401 ) ;
#2949 = COLOUR_RGB ( '',0.1137254901960784298, 0.1137254901960784298, 0.1137254901960784298 ) ;
#2950 = FACE_OUTER_BOUND ( 'NONE', #819, .T. ) ;
#2951 = CARTESIAN_POINT ( 'NONE',  ( -0.6750000000000000444, 1.645000000000000018, 3.604999999999999982 ) ) ;
#2952 = VECTOR ( 'NONE', #2653, 1000.000000000000000 ) ;
#2953 = FILL_AREA_STYLE ('',( #3474 ) ) ;
#2954 = DIRECTION ( 'NONE',  ( 0.000000000000000000, 1.000000000000000000, 0.000000000000000000 ) ) ;
#2955 = MECHANICAL_DESIGN_GEOMETRIC_PRESENTATION_REPRESENTATION (  '', ( #1680 ), #849 ) ;
#2956 = LINE ( 'NONE', #1581, #34 ) ;
#2957 = ADVANCED_FACE ( 'NONE', ( #1516 ), #112, .F. ) ;
#2958 = ORIENTED_EDGE ( 'NONE', *, *, #1645, .T. ) ;
#2959 = CARTESIAN_POINT ( 'NONE',  ( 1.324999999999999956, 1.645000000000000018, 3.254999999999999893 ) ) ;
#2960 = VECTOR ( 'NONE', #3217, 1000.000000000000000 ) ;
#2961 = VECTOR ( 'NONE', #1165, 1000.000000000000000 ) ;
#2962 = ADVANCED_FACE ( 'NONE', ( #2694 ), #2037, .T. ) ;
#2963 = CARTESIAN_POINT ( 'NONE',  ( -0.4749999999999999778, 0.6450000000001758771, -0.5400000000000000355 ) ) ;
#2964 = ORIENTED_EDGE ( 'NONE', *, *, #2052, .F. ) ;
#2965 =( GEOMETRIC_REPRESENTATION_CONTEXT ( 3 ) GLOBAL_UNCERTAINTY_ASSIGNED_CONTEXT ( ( #446 ) ) GLOBAL_UNIT_ASSIGNED_CONTEXT ( ( #801, #3342, #12 ) ) REPRESENTATION_CONTEXT ( 'NONE', 'WORKASPACE' ) );
#2966 = CARTESIAN_POINT ( 'NONE',  ( 0.3200000000000000067, 3.625000000000239808, -3.720000000000000195 ) ) ;
#2967 = CARTESIAN_POINT ( 'NONE',  ( -1.324999999999999956, 1.645000000000000018, 4.254999999999999893 ) ) ;
#2968 = LINE ( 'NONE', #163, #44 ) ;
#2969 = SURFACE_SIDE_STYLE ('',( #1868 ) ) ;
#2970 = DIRECTION ( 'NONE',  ( 8.752388879802259066E-17, -1.000000000000000000, 0.000000000000000000 ) ) ;
#2971 =( NAMED_UNIT ( * ) SI_UNIT ( $, .STERADIAN. ) SOLID_ANGLE_UNIT ( ) );
#2972 = EDGE_LOOP ( 'NONE', ( #1653, #2370, #1726, #62 ) ) ;
#2973 = SURFACE_SIDE_STYLE ('',( #1629 ) ) ;
#2974 = ADVANCED_FACE ( 'NONE', ( #750 ), #3289, .F. ) ;
#2975 = FILL_AREA_STYLE ('',( #1289 ) ) ;
#2976 = ORIENTED_EDGE ( 'NONE', *, *, #895, .T. ) ;
#2977 = EDGE_CURVE ( 'NONE', #236, #3114, #1381, .T. ) ;
#2978 = CARTESIAN_POINT ( 'NONE',  ( -0.3200000000000000067, 6.625000000000000000, -3.720000000000000195 ) ) ;
#2979 = FACE_OUTER_BOUND ( 'NONE', #2448, .T. ) ;
#2980 = CARTESIAN_POINT ( 'NONE',  ( 0.6750000000000000444, 1.645000000000000018, 0.6049999999999999822 ) ) ;
#2981 = CARTESIAN_POINT ( 'NONE',  ( 1.103655826765830072, -0.9412013343974290347, -3.356677923650349893 ) ) ;
#2982 =( LENGTH_UNIT ( ) NAMED_UNIT ( * ) SI_UNIT ( .MILLI., .METRE. ) );
#2983 = DIRECTION ( 'NONE',  ( 0.000000000000000000, 1.000000000000000000, 0.000000000000000000 ) ) ;
#2984 = FACE_OUTER_BOUND ( 'NONE', #3392, .T. ) ;
#2985 = PLANE ( 'NONE',  #3531 ) ;
#2986 = DIRECTION ( 'NONE',  ( 1.000000000000000000, 0.000000000000000000, 0.000000000000000000 ) ) ;
#2987 =( NAMED_UNIT ( * ) PLANE_ANGLE_UNIT ( ) SI_UNIT ( $, .RADIAN. ) );
#2988 = DIRECTION ( 'NONE',  ( -1.000000000000000000, 0.000000000000000000, 0.000000000000000000 ) ) ;
#2989 =( GEOMETRIC_REPRESENTATION_CONTEXT ( 3 ) GLOBAL_UNCERTAINTY_ASSIGNED_CONTEXT ( ( #701 ) ) GLOBAL_UNIT_ASSIGNED_CONTEXT ( ( #2260, #2292, #2864 ) ) REPRESENTATION_CONTEXT ( 'NONE', 'WORKASPACE' ) );
#2990 = ORIENTED_EDGE ( 'NONE', *, *, #3549, .F. ) ;
#2991 = DIRECTION ( 'NONE',  ( -0.000000000000000000, 0.8660125980102747478, 0.5000221795955599458 ) ) ;
#2992 = AXIS2_PLACEMENT_3D ( 'NONE', #700, #1190, #1827 ) ;
#2993 = SURFACE_SIDE_STYLE ('',( #495 ) ) ;
#2994 = DIRECTION ( 'NONE',  ( 0.000000000000000000, -1.000000000000000000, 0.000000000000000000 ) ) ;
#2995 = VERTEX_POINT ( 'NONE', #2270 ) ;
#2996 = VECTOR ( 'NONE', #3518, 1000.000000000000000 ) ;
#2997 =( GEOMETRIC_REPRESENTATION_CONTEXT ( 3 ) GLOBAL_UNCERTAINTY_ASSIGNED_CONTEXT ( ( #1801 ) ) GLOBAL_UNIT_ASSIGNED_CONTEXT ( ( #2592, #2039, #2855 ) ) REPRESENTATION_CONTEXT ( 'NONE', 'WORKASPACE' ) );
#2998 = VECTOR ( 'NONE', #3581, 1000.000000000000000 ) ;
#2999 = LINE ( 'NONE', #1272, #2724 ) ;
#3000 = LINE ( 'NONE', #1336, #392 ) ;
#3001 = PLANE ( 'NONE',  #2881 ) ;
#3002 = ORIENTED_EDGE ( 'NONE', *, *, #542, .F. ) ;
#3003 = EDGE_CURVE ( 'NONE', #2750, #330, #3089, .T. ) ;
#3004 = VECTOR ( 'NONE', #2819, 1000.000000000000000 ) ;
#3005 =( NAMED_UNIT ( * ) PLANE_ANGLE_UNIT ( ) SI_UNIT ( $, .RADIAN. ) );
#3006 =( NAMED_UNIT ( * ) PLANE_ANGLE_UNIT ( ) SI_UNIT ( $, .RADIAN. ) );
#3007 = VECTOR ( 'NONE', #2595, 1000.000000000000000 ) ;
#3008 = EDGE_CURVE ( 'NONE', #2842, #1752, #1959, .T. ) ;
#3009 = EDGE_LOOP ( 'NONE', ( #1471, #2785, #1792, #2015 ) ) ;
#3010 = SURFACE_STYLE_FILL_AREA ( #2154 ) ;
#3011 = DIRECTION ( 'NONE',  ( 0.000000000000000000, -1.000000000000000000, 0.000000000000000000 ) ) ;
#3012 = FACE_OUTER_BOUND ( 'NONE', #2475, .T. ) ;
#3013 = SURFACE_STYLE_FILL_AREA ( #2455 ) ;
#3014 = SURFACE_STYLE_USAGE ( .BOTH. , #280 ) ;
#3015 = AXIS2_PLACEMENT_3D ( 'NONE', #1544, #2713, #504 ) ;
#3016 = UNCERTAINTY_MEASURE_WITH_UNIT (LENGTH_MEASURE( 1.000000000000000082E-05 ), #329, 'distance_accuracy_value', 'NONE');
#3017 = ORIENTED_EDGE ( 'NONE', *, *, #1828, .T. ) ;
#3018 = FILL_AREA_STYLE_COLOUR ( '', #35 ) ;
#3019 = VECTOR ( 'NONE', #517, 1000.000000000000000 ) ;
#3020 = SURFACE_STYLE_USAGE ( .BOTH. , #3099 ) ;
#3021 = DIRECTION ( 'NONE',  ( 0.000000000000000000, -1.000000000000000000, 0.000000000000000000 ) ) ;
#3022 =( GEOMETRIC_REPRESENTATION_CONTEXT ( 3 ) GLOBAL_UNCERTAINTY_ASSIGNED_CONTEXT ( ( #3232 ) ) GLOBAL_UNIT_ASSIGNED_CONTEXT ( ( #1775, #619, #2884 ) ) REPRESENTATION_CONTEXT ( 'NONE', 'WORKASPACE' ) );
#3023 = EDGE_LOOP ( 'NONE', ( #1462, #3042, #2451, #2526 ) ) ;
#3024 = AXIS2_PLACEMENT_3D ( 'NONE', #3574, #3331, #520 ) ;
#3025 = FILL_AREA_STYLE ('',( #1916 ) ) ;
#3026 = DIRECTION ( 'NONE',  ( 1.000000000000000000, 0.000000000000000000, -2.710505431213760099E-16 ) ) ;
#3027 = PRESENTATION_STYLE_ASSIGNMENT (( #213 ) ) ;
#3028 = ORIENTED_EDGE ( 'NONE', *, *, #1071, .F. ) ;
#3029 = AXIS2_PLACEMENT_3D ( 'NONE', #1942, #1679, #1979 ) ;
#3030 = EDGE_CURVE ( 'NONE', #42, #1171, #3344, .T. ) ;
#3031 =( LENGTH_UNIT ( ) NAMED_UNIT ( * ) SI_UNIT ( .MILLI., .METRE. ) );
#3032 = COLOUR_RGB ( '',0.1137254901960784298, 0.1137254901960784298, 0.1137254901960784298 ) ;
#3033 = PRESENTATION_STYLE_ASSIGNMENT (( #917 ) ) ;
#3034 = CARTESIAN_POINT ( 'NONE',  ( -1.474999999999999867, 3.104999999999999982, 0.000000000000000000 ) ) ;
#3035 = ADVANCED_FACE ( 'NONE', ( #2547 ), #3637, .F. ) ;
#3036 =( LENGTH_UNIT ( ) NAMED_UNIT ( * ) SI_UNIT ( .MILLI., .METRE. ) );
#3037 = SURFACE_SIDE_STYLE ('',( #1367 ) ) ;
#3038 = SURFACE_STYLE_FILL_AREA ( #293 ) ;
#3039 = ORIENTED_EDGE ( 'NONE', *, *, #2557, .F. ) ;
#3040 = LINE ( 'NONE', #242, #1777 ) ;
#3041 = FACE_OUTER_BOUND ( 'NONE', #3009, .T. ) ;
#3042 = ORIENTED_EDGE ( 'NONE', *, *, #3411, .T. ) ;
#3043 = CARTESIAN_POINT ( 'NONE',  ( -1.028176287101101538, -0.4585275203260941179, -3.790006996673604522 ) ) ;
#3044 = CARTESIAN_POINT ( 'NONE',  ( -1.049671748628649759, -0.8590193320419790002, -3.499012908524619991 ) ) ;
#3045 = CARTESIAN_POINT ( 'NONE',  ( 0.3200000000000000067, 1.645000000000000018, 1.610000000000000098 ) ) ;
#3046 = ORIENTED_EDGE ( 'NONE', *, *, #1755, .T. ) ;
#3047 = CARTESIAN_POINT ( 'NONE',  ( 0.6199999999100029857, 0.2450000000000049916, 3.604999999999999982 ) ) ;
#3048 = CARTESIAN_POINT ( 'NONE',  ( 0.6999999999999999556, -2.754999999999999893, 8.259999999999999787 ) ) ;
#3049 = UNCERTAINTY_MEASURE_WITH_UNIT (LENGTH_MEASURE( 1.000000000000000082E-05 ), #64, 'distance_accuracy_value', 'NONE');
#3050 = DIRECTION ( 'NONE',  ( 3.273063162220390326E-16, 0.000000000000000000, 1.000000000000000000 ) ) ;
#3051 = FILL_AREA_STYLE ('',( #3272 ) ) ;
#3052 = PRESENTATION_STYLE_ASSIGNMENT (( #3533 ) ) ;
#3053 = CARTESIAN_POINT ( 'NONE',  ( -1.925000000000000044, 4.955000000000000071, 6.859999999999999432 ) ) ;
#3054 = FILL_AREA_STYLE ('',( #1713 ) ) ;
#3055 =( GEOMETRIC_REPRESENTATION_CONTEXT ( 3 ) GLOBAL_UNCERTAINTY_ASSIGNED_CONTEXT ( ( #2923 ) ) GLOBAL_UNIT_ASSIGNED_CONTEXT ( ( #2232, #2794, #1730 ) ) REPRESENTATION_CONTEXT ( 'NONE', 'WORKASPACE' ) );
#3056 = ORIENTED_EDGE ( 'NONE', *, *, #2597, .T. ) ;
#3057 = EDGE_CURVE ( 'NONE', #527, #2189, #1416, .T. ) ;
#3058 = DIRECTION ( 'NONE',  ( 1.000000000000000000, 0.000000000000000000, 0.000000000000000000 ) ) ;
#3059 =( NAMED_UNIT ( * ) SI_UNIT ( $, .STERADIAN. ) SOLID_ANGLE_UNIT ( ) );
#3060 = SURFACE_STYLE_USAGE ( .BOTH. , #1391 ) ;
#3061 = ORIENTED_EDGE ( 'NONE', *, *, #1736, .F. ) ;
#3062 =( GEOMETRIC_REPRESENTATION_CONTEXT ( 3 ) GLOBAL_UNCERTAINTY_ASSIGNED_CONTEXT ( ( #3204 ) ) GLOBAL_UNIT_ASSIGNED_CONTEXT ( ( #1640, #1323, #1281 ) ) REPRESENTATION_CONTEXT ( 'NONE', 'WORKASPACE' ) );
#3063 = PLANE ( 'NONE',  #2846 ) ;
#3064 = LINE ( 'NONE', #2247, #1329 ) ;
#3065 = MECHANICAL_DESIGN_GEOMETRIC_PRESENTATION_REPRESENTATION (  '', ( #599 ), #82 ) ;
#3066 = PRESENTATION_LAYER_ASSIGNMENT (  '', '', ( #3239 ) ) ;
#3067 = ORIENTED_EDGE ( 'NONE', *, *, #3213, .T. ) ;
#3068 = COLOUR_RGB ( '',0.1137254901960784298, 0.1137254901960784298, 0.1137254901960784298 ) ;
#3069 = PRESENTATION_LAYER_ASSIGNMENT (  '', '', ( #3526 ) ) ;
#3070 = AXIS2_PLACEMENT_3D ( 'NONE', #2457, #2758, #1347 ) ;
#3071 = CARTESIAN_POINT ( 'NONE',  ( -1.354795897113450165, 0.6449999999999999067, -2.640000000000000124 ) ) ;
#3072 = VECTOR ( 'NONE', #2020, 1000.000000000000000 ) ;
#3073 =( NAMED_UNIT ( * ) SI_UNIT ( $, .STERADIAN. ) SOLID_ANGLE_UNIT ( ) );
#3074 = FACE_BOUND ( 'NONE', #305, .T. ) ;
#3075 = LINE ( 'NONE', #1643, #1069 ) ;
#3076 = ORIENTED_EDGE ( 'NONE', *, *, #2977, .T. ) ;
#3077 = COLOUR_RGB ( '',0.8313725490196077761, 0.8392156862745098200, 0.8313725490196077761 ) ;
#3078 = SURFACE_SIDE_STYLE ('',( #1968 ) ) ;
#3079 =( GEOMETRIC_REPRESENTATION_CONTEXT ( 3 ) GLOBAL_UNCERTAINTY_ASSIGNED_CONTEXT ( ( #235 ) ) GLOBAL_UNIT_ASSIGNED_CONTEXT ( ( #272, #54, #1398 ) ) REPRESENTATION_CONTEXT ( 'NONE', 'WORKASPACE' ) );
#3080 = ADVANCED_FACE ( 'NONE', ( #37 ), #1079, .T. ) ;
#3081 = ORIENTED_EDGE ( 'NONE', *, *, #895, .F. ) ;
#3082 = VECTOR ( 'NONE', #2730, 1000.000000000000000 ) ;
#3083 = EDGE_CURVE ( 'NONE', #140, #2133, #2860, .T. ) ;
#3084 =( NAMED_UNIT ( * ) SI_UNIT ( $, .STERADIAN. ) SOLID_ANGLE_UNIT ( ) );
#3085 =( GEOMETRIC_REPRESENTATION_CONTEXT ( 3 ) GLOBAL_UNCERTAINTY_ASSIGNED_CONTEXT ( ( #1099 ) ) GLOBAL_UNIT_ASSIGNED_CONTEXT ( ( #1886, #810, #2971 ) ) REPRESENTATION_CONTEXT ( 'NONE', 'WORKASPACE' ) );
#3086 = SURFACE_STYLE_USAGE ( .BOTH. , #533 ) ;
#3087 = ORIENTED_EDGE ( 'NONE', *, *, #2135, .F. ) ;
#3088 = COLOUR_RGB ( '',0.8313725490196077761, 0.8392156862745098200, 0.8313725490196077761 ) ;
#3089 = LINE ( 'NONE', #3048, #1984 ) ;
#3090 = VECTOR ( 'NONE', #3486, 1000.000000000000000 ) ;
#3091 = UNCERTAINTY_MEASURE_WITH_UNIT (LENGTH_MEASURE( 1.000000000000000082E-05 ), #2824, 'distance_accuracy_value', 'NONE');
#3092 = FILL_AREA_STYLE_COLOUR ( '', #1111 ) ;
#3093 = SURFACE_STYLE_FILL_AREA ( #1981 ) ;
#3094 = PRESENTATION_LAYER_ASSIGNMENT (  '', '', ( #1512 ) ) ;
#3095 = CARTESIAN_POINT ( 'NONE',  ( 1.022757445694227885, -0.5187504407063961986, -3.767435184248858260 ) ) ;
#3096 = LINE ( 'NONE', #1421, #1620 ) ;
#3097 = ORIENTED_EDGE ( 'NONE', *, *, #1185, .T. ) ;
#3098 = DIRECTION ( 'NONE',  ( 3.252606517456509851E-16, 0.000000000000000000, -1.000000000000000000 ) ) ;
#3099 = SURFACE_SIDE_STYLE ('',( #776 ) ) ;
#3100 = UNCERTAINTY_MEASURE_WITH_UNIT (LENGTH_MEASURE( 1.000000000000000082E-05 ), #3271, 'distance_accuracy_value', 'NONE');
#3101 = VERTEX_POINT ( 'NONE', #2352 ) ;
#3102 = CARTESIAN_POINT ( 'NONE',  ( -1.049671748628649759, -0.8590193320419790002, -3.499012908524619991 ) ) ;
#3103 = FILL_AREA_STYLE ('',( #1974 ) ) ;
#3104 = LINE ( 'NONE', #690, #1374 ) ;
#3105 = EDGE_LOOP ( 'NONE', ( #1387, #1779, #1375, #685 ) ) ;
#3106 = EDGE_CURVE ( 'NONE', #1295, #3150, #2578, .T. ) ;
#3107 = FILL_AREA_STYLE_COLOUR ( '', #1248 ) ;
#3108 =( LENGTH_UNIT ( ) NAMED_UNIT ( * ) SI_UNIT ( .MILLI., .METRE. ) );
#3109 = LINE ( 'NONE', #3365, #1197 ) ;
#3110 = VERTEX_POINT ( 'NONE', #346 ) ;
#3111 = DIRECTION ( 'NONE',  ( 0.000000000000000000, -1.000000000000000000, 0.000000000000000000 ) ) ;
#3112 = PRESENTATION_LAYER_ASSIGNMENT (  '', '', ( #1413 ) ) ;
#3113 = CARTESIAN_POINT ( 'NONE',  ( 0.6199999999100029857, -4.955000000000000071, 3.604999999999999982 ) ) ;
#3114 = VERTEX_POINT ( 'NONE', #2302 ) ;
#3115 = FACE_OUTER_BOUND ( 'NONE', #1188, .T. ) ;
#3116 = CARTESIAN_POINT ( 'NONE',  ( 0.3750000000000000000, -0.3549999999998250111, -2.290000000000000036 ) ) ;
#3117 = ORIENTED_EDGE ( 'NONE', *, *, #2055, .T. ) ;
#3118 = STYLED_ITEM ( 'NONE', ( #2068 ), #654 ) ;
#3119 = VECTOR ( 'NONE', #3187, 1000.000000000000000 ) ;
#3120 = DIRECTION ( 'NONE',  ( 0.000000000000000000, 0.000000000000000000, 1.000000000000000000 ) ) ;
#3121 =( NAMED_UNIT ( * ) PLANE_ANGLE_UNIT ( ) SI_UNIT ( $, .RADIAN. ) );
#3122 = ADVANCED_FACE ( 'NONE', ( #2922 ), #2633, .F. ) ;
#3123 = AXIS2_PLACEMENT_3D ( 'NONE', #1764, #3436, #2872 ) ;
#3124 = CARTESIAN_POINT ( 'NONE',  ( 1.925000000000000044, -4.955000000000000071, 0.000000000000000000 ) ) ;
#3125 = CARTESIAN_POINT ( 'NONE',  ( 1.474999999999999867, 3.104999999999999982, 4.336808689942019708E-16 ) ) ;
#3126 = CARTESIAN_POINT ( 'NONE',  ( -1.875000000000000000, -0.3549999999997409672, -3.790000000000000036 ) ) ;
#3127 = EDGE_CURVE ( 'NONE', #2837, #1357, #965, .T. ) ;
#3128 = ORIENTED_EDGE ( 'NONE', *, *, #3083, .T. ) ;
#3129 = CARTESIAN_POINT ( 'NONE',  ( 1.354795897113270087, 0.6450000000001029354, -2.640000000000000124 ) ) ;
#3130 = PRESENTATION_LAYER_ASSIGNMENT (  '', '', ( #1672 ) ) ;
#3131 = UNCERTAINTY_MEASURE_WITH_UNIT (LENGTH_MEASURE( 1.000000000000000082E-05 ), #3339, 'distance_accuracy_value', 'NONE');
#3132 = ORIENTED_EDGE ( 'NONE', *, *, #3057, .F. ) ;
#3133 = FILL_AREA_STYLE ('',( #3268 ) ) ;
#3134 = DIRECTION ( 'NONE',  ( 1.000000000000000000, 0.000000000000000000, -3.273063162220390326E-16 ) ) ;
#3135 = COLOUR_RGB ( '',0.1137254901960784298, 0.1137254901960784298, 0.1137254901960784298 ) ;
#3136 = ORIENTED_EDGE ( 'NONE', *, *, #2052, .T. ) ;
#3137 = AXIS2_PLACEMENT_3D ( 'NONE', #229, #747, #1878 ) ;
#3138 = DIRECTION ( 'NONE',  ( 0.000000000000000000, 0.000000000000000000, 1.000000000000000000 ) ) ;
#3139 = CARTESIAN_POINT ( 'NONE',  ( -0.3200000000000000067, -2.555000000000000160, 4.610000000000000320 ) ) ;
#3140 = PRESENTATION_LAYER_ASSIGNMENT (  '', '', ( #103 ) ) ;
#3141 = EDGE_CURVE ( 'NONE', #3226, #3101, #3193, .T. ) ;
#3142 = DIRECTION ( 'NONE',  ( 1.000000000000000000, 0.000000000000000000, 0.000000000000000000 ) ) ;
#3143 =( NAMED_UNIT ( * ) PLANE_ANGLE_UNIT ( ) SI_UNIT ( $, .RADIAN. ) );
#3144 = AXIS2_PLACEMENT_3D ( 'NONE', #3492, #630, #3158 ) ;
#3145 = VERTEX_POINT ( 'NONE', #3155 ) ;
#3146 = VECTOR ( 'NONE', #2374, 1000.000000000000000 ) ;
#3147 = EDGE_CURVE ( 'NONE', #2189, #3114, #3565, .T. ) ;
#3148 = DIRECTION ( 'NONE',  ( -7.744301232039317914E-17, 1.000000000000000000, 0.000000000000000000 ) ) ;
#3149 = MECHANICAL_DESIGN_GEOMETRIC_PRESENTATION_REPRESENTATION (  '', ( #336 ), #2676 ) ;
#3150 = VERTEX_POINT ( 'NONE', #3139 ) ;
#3151 = LINE ( 'NONE', #880, #602 ) ;
#3152 = DIRECTION ( 'NONE',  ( 0.000000000000000000, -0.8660125980102747478, -0.5000221795955599458 ) ) ;
#3153 = ORIENTED_EDGE ( 'NONE', *, *, #1949, .T. ) ;
#3154 = SURFACE_STYLE_USAGE ( .BOTH. , #124 ) ;
#3155 = CARTESIAN_POINT ( 'NONE',  ( -1.925000000000000044, -4.955000000000000071, 0.000000000000000000 ) ) ;
#3156 = DIRECTION ( 'NONE',  ( 0.000000000000000000, -1.000000000000000000, 0.000000000000000000 ) ) ;
#3157 = DIRECTION ( 'NONE',  ( 0.000000000000000000, -1.000000000000000000, 0.000000000000000000 ) ) ;
#3158 = DIRECTION ( 'NONE',  ( -7.744301232039317914E-17, 1.000000000000000000, 0.000000000000000000 ) ) ;
#3159 = VERTEX_POINT ( 'NONE', #1763 ) ;
#3160 = DIRECTION ( 'NONE',  ( 0.000000000000000000, -1.000000000000000000, 0.000000000000000000 ) ) ;
#3161 = DIRECTION ( 'NONE',  ( 1.000000000000000000, 0.000000000000000000, 0.000000000000000000 ) ) ;
#3162 = EDGE_CURVE ( 'NONE', #3145, #3456, #1216, .T. ) ;
#3163 = EDGE_LOOP ( 'NONE', ( #613, #1052, #284, #2430, #462, #1533 ) ) ;
#3164 = PRODUCT_DEFINITION_SHAPE ( 'NONE', 'NONE',  #2069 ) ;
#3165 = DIRECTION ( 'NONE',  ( -1.000000000000000000, 0.000000000000000000, 0.000000000000000000 ) ) ;
#3166 = ORIENTED_EDGE ( 'NONE', *, *, #192, .T. ) ;
#3167 = DIRECTION ( 'NONE',  ( 0.000000000000000000, 0.000000000000000000, 1.000000000000000000 ) ) ;
#3168 = SURFACE_STYLE_FILL_AREA ( #2061 ) ;
#3169 = MECHANICAL_DESIGN_GEOMETRIC_PRESENTATION_REPRESENTATION (  '', ( #2706 ), #2989 ) ;
#3170 =( NAMED_UNIT ( * ) PLANE_ANGLE_UNIT ( ) SI_UNIT ( $, .RADIAN. ) );
#3171 = LINE ( 'NONE', #664, #1364 ) ;
#3172 = AXIS2_PLACEMENT_3D ( 'NONE', #1869, #751, #2717 ) ;
#3173 = SURFACE_STYLE_FILL_AREA ( #2063 ) ;
#3174 = PLANE ( 'NONE',  #956 ) ;
#3175 = FACE_OUTER_BOUND ( 'NONE', #2545, .T. ) ;
#3176 = MECHANICAL_DESIGN_GEOMETRIC_PRESENTATION_REPRESENTATION (  '', ( #2584 ), #258 ) ;
#3177 = VECTOR ( 'NONE', #2816, 1000.000000000000000 ) ;
#3178 = ORIENTED_EDGE ( 'NONE', *, *, #339, .F. ) ;
#3179 = MECHANICAL_DESIGN_GEOMETRIC_PRESENTATION_REPRESENTATION (  '', ( #1368 ), #1963 ) ;
#3180 = COLOUR_RGB ( '',0.8313725490196077761, 0.8392156862745098200, 0.8313725490196077761 ) ;
#3181 = VERTEX_POINT ( 'NONE', #693 ) ;
#3182 = STYLED_ITEM ( 'NONE', ( #1626 ), #1298 ) ;
#3183 = PRESENTATION_STYLE_ASSIGNMENT (( #703 ) ) ;
#3184 = EDGE_CURVE ( 'NONE', #2312, #2167, #1491, .T. ) ;
#3185 = COLOUR_RGB ( '',0.8313725490196077761, 0.8392156862745098200, 0.8313725490196077761 ) ;
#3186 = FILL_AREA_STYLE_COLOUR ( '', #1194 ) ;
#3187 = DIRECTION ( 'NONE',  ( -1.000000000000000000, 0.000000000000000000, 3.273063162220390326E-16 ) ) ;
#3188 = CARTESIAN_POINT ( 'NONE',  ( 0.3200000000000000067, 6.625000000000000000, 4.384999999999999787 ) ) ;
#3189 = VERTEX_POINT ( 'NONE', #3212 ) ;
#3190 = AXIS2_PLACEMENT_3D ( 'NONE', #3273, #2454, #2116 ) ;
#3191 = EDGE_CURVE ( 'NONE', #923, #1253, #2024, .T. ) ;
#3192 = FILL_AREA_STYLE ('',( #1181 ) ) ;
#3193 = LINE ( 'NONE', #1234, #2961 ) ;
#3194 = PRESENTATION_LAYER_ASSIGNMENT (  '', '', ( #1676 ) ) ;
#3195 = UNCERTAINTY_MEASURE_WITH_UNIT (LENGTH_MEASURE( 1.000000000000000082E-05 ), #296, 'distance_accuracy_value', 'NONE');
#3196 = DIRECTION ( 'NONE',  ( 1.000000000000000000, 0.000000000000000000, 0.000000000000000000 ) ) ;
#3197 = SURFACE_SIDE_STYLE ('',( #2047 ) ) ;
#3198 = VECTOR ( 'NONE', #2817, 1000.000000000000000 ) ;
#3199 = SURFACE_STYLE_USAGE ( .BOTH. , #421 ) ;
#3200 = PRESENTATION_LAYER_ASSIGNMENT (  '', '', ( #1139 ) ) ;
#3201 = ORIENTED_EDGE ( 'NONE', *, *, #2663, .F. ) ;
#3202 = MECHANICAL_DESIGN_GEOMETRIC_PRESENTATION_REPRESENTATION (  '', ( #2425 ), #682 ) ;
#3203 = PLANE ( 'NONE',  #945 ) ;
#3204 = UNCERTAINTY_MEASURE_WITH_UNIT (LENGTH_MEASURE( 1.000000000000000082E-05 ), #1640, 'distance_accuracy_value', 'NONE');
#3205 = ORIENTED_EDGE ( 'NONE', *, *, #1118, .F. ) ;
#3206 = VECTOR ( 'NONE', #3381, 1000.000000000000000 ) ;
#3207 = PRESENTATION_STYLE_ASSIGNMENT (( #2105 ) ) ;
#3208 = SURFACE_STYLE_USAGE ( .BOTH. , #1470 ) ;
#3209 = ORIENTED_EDGE ( 'NONE', *, *, #2514, .F. ) ;
#3210 = ADVANCED_FACE ( 'NONE', ( #1200 ), #3452, .T. ) ;
#3211 = CARTESIAN_POINT ( 'NONE',  ( 1.354795897113270087, 0.6450000000001029354, -2.640000000000000124 ) ) ;
#3212 = CARTESIAN_POINT ( 'NONE',  ( 1.354795897113270087, 0.6450000000001029354, -2.640000000000000124 ) ) ;
#3213 = EDGE_CURVE ( 'NONE', #1788, #2299, #2446, .T. ) ;
#3214 = LINE ( 'NONE', #2635, #1658 ) ;
#3215 = FILL_AREA_STYLE ('',( #3471 ) ) ;
#3216 =( NAMED_UNIT ( * ) SI_UNIT ( $, .STERADIAN. ) SOLID_ANGLE_UNIT ( ) );
#3217 = DIRECTION ( 'NONE',  ( 1.000000000000000000, 0.000000000000000000, 0.000000000000000000 ) ) ;
#3218 = ORIENTED_EDGE ( 'NONE', *, *, #1163, .F. ) ;
#3219 = SURFACE_STYLE_FILL_AREA ( #2662 ) ;
#3220 = ORIENTED_EDGE ( 'NONE', *, *, #3141, .T. ) ;
#3221 = CARTESIAN_POINT ( 'NONE',  ( 0.8332575694955850487, -1.354999999999830118, -2.290000000000000036 ) ) ;
#3222 = CARTESIAN_POINT ( 'NONE',  ( 1.041902287906676605, 0.1371915883557222604, -3.519497949901869038 ) ) ;
#3223 = ORIENTED_EDGE ( 'NONE', *, *, #2557, .T. ) ;
#3224 = PRESENTATION_LAYER_ASSIGNMENT (  '', '', ( #820 ) ) ;
#3225 = LINE ( 'NONE', #1040, #855 ) ;
#3226 = VERTEX_POINT ( 'NONE', #2389 ) ;
#3227 = CARTESIAN_POINT ( 'NONE',  ( 0.8332575694955850487, 0.6450000000001758771, -2.290000000000000036 ) ) ;
#3228 =( NAMED_UNIT ( * ) SI_UNIT ( $, .STERADIAN. ) SOLID_ANGLE_UNIT ( ) );
#3229 = EDGE_CURVE ( 'NONE', #1481, #1877, #3000, .T. ) ;
#3230 = DIRECTION ( 'NONE',  ( 1.000000000000000000, 0.000000000000000000, 0.000000000000000000 ) ) ;
#3231 = SURFACE_SIDE_STYLE ('',( #199 ) ) ;
#3232 = UNCERTAINTY_MEASURE_WITH_UNIT (LENGTH_MEASURE( 1.000000000000000082E-05 ), #1775, 'distance_accuracy_value', 'NONE');
#3233 = ORIENTED_EDGE ( 'NONE', *, *, #636, .F. ) ;
#3234 = MECHANICAL_DESIGN_GEOMETRIC_PRESENTATION_REPRESENTATION (  '', ( #595 ), #3062 ) ;
#3235 = DIRECTION ( 'NONE',  ( 3.252606517456509851E-16, 0.000000000000000000, -1.000000000000000000 ) ) ;
#3236 = EDGE_CURVE ( 'NONE', #123, #2167, #2109, .T. ) ;
#3237 =( NAMED_UNIT ( * ) SI_UNIT ( $, .STERADIAN. ) SOLID_ANGLE_UNIT ( ) );
#3238 =( GEOMETRIC_REPRESENTATION_CONTEXT ( 3 ) GLOBAL_UNCERTAINTY_ASSIGNED_CONTEXT ( ( #410 ) ) GLOBAL_UNIT_ASSIGNED_CONTEXT ( ( #1503, #639, #938 ) ) REPRESENTATION_CONTEXT ( 'NONE', 'WORKASPACE' ) );
#3239 = STYLED_ITEM ( 'NONE', ( #3517 ), #405 ) ;
#3240 = UNCERTAINTY_MEASURE_WITH_UNIT (LENGTH_MEASURE( 1.000000000000000082E-05 ), #704, 'distance_accuracy_value', 'NONE');
#3241 = ORIENTED_EDGE ( 'NONE', *, *, #2620, .T. ) ;
#3242 = PLANE ( 'NONE',  #1177 ) ;
#3243 = PRESENTATION_LAYER_ASSIGNMENT (  '', '', ( #1836 ) ) ;
#3244 = MECHANICAL_DESIGN_GEOMETRIC_PRESENTATION_REPRESENTATION (  '', ( #2534 ), #2878 ) ;
#3245 = AXIS2_PLACEMENT_3D ( 'NONE', #1802, #1819, #980 ) ;
#3246 = LINE ( 'NONE', #1585, #2478 ) ;
#3247 = EDGE_LOOP ( 'NONE', ( #466, #2403, #2259, #640 ) ) ;
#3248 = DIRECTION ( 'NONE',  ( 8.752388879802259066E-17, -1.000000000000000000, 0.000000000000000000 ) ) ;
#3249 = PRESENTATION_LAYER_ASSIGNMENT (  '', '', ( #2483 ) ) ;
#3250 = ORIENTED_EDGE ( 'NONE', *, *, #3523, .F. ) ;
#3251 =( NAMED_UNIT ( * ) SI_UNIT ( $, .STERADIAN. ) SOLID_ANGLE_UNIT ( ) );
#3252 = VECTOR ( 'NONE', #2659, 1000.000000000000000 ) ;
#3253 = PLANE ( 'NONE',  #3015 ) ;
#3254 = ORIENTED_EDGE ( 'NONE', *, *, #524, .T. ) ;
#3255 = EDGE_CURVE ( 'NONE', #330, #2239, #3225, .T. ) ;
#3256 = FILL_AREA_STYLE_COLOUR ( '', #1455 ) ;
#3257 = LINE ( 'NONE', #487, #3484 ) ;
#3258 = PRESENTATION_STYLE_ASSIGNMENT (( #2399 ) ) ;
#3259 = STYLED_ITEM ( 'NONE', ( #1452 ), #2616 ) ;
#3260 = LINE ( 'NONE', #147, #1122 ) ;
#3261 = ORIENTED_EDGE ( 'NONE', *, *, #2279, .T. ) ;
#3262 = EDGE_CURVE ( 'NONE', #1520, #3520, #3589, .T. ) ;
#3263 = CARTESIAN_POINT ( 'NONE',  ( 1.016703140291746355, -0.08474342732568571068, -3.724073542393908198 ) ) ;
#3264 = VERTEX_POINT ( 'NONE', #2707 ) ;
#3265 = LINE ( 'NONE', #1313, #1081 ) ;
#3266 =( NAMED_UNIT ( * ) PLANE_ANGLE_UNIT ( ) SI_UNIT ( $, .RADIAN. ) );
#3267 = VERTEX_POINT ( 'NONE', #1293 ) ;
#3268 = FILL_AREA_STYLE_COLOUR ( '', #2703 ) ;
#3269 = SURFACE_STYLE_FILL_AREA ( #2678 ) ;
#3270 =( LENGTH_UNIT ( ) NAMED_UNIT ( * ) SI_UNIT ( .MILLI., .METRE. ) );
#3271 =( LENGTH_UNIT ( ) NAMED_UNIT ( * ) SI_UNIT ( .MILLI., .METRE. ) );
#3272 = FILL_AREA_STYLE_COLOUR ( '', #877 ) ;
#3273 = CARTESIAN_POINT ( 'NONE',  ( 0.4749999999999999778, 3.104999999999999982, -3.330669073875469621E-16 ) ) ;
#3274 = PRESENTATION_STYLE_ASSIGNMENT (( #3580 ) ) ;
#3275 = EDGE_CURVE ( 'NONE', #2880, #2434, #707, .T. ) ;
#3276 = CARTESIAN_POINT ( 'NONE',  ( -0.6999999999999999556, 0.000000000000000000, 0.000000000000000000 ) ) ;
#3277 = ORIENTED_EDGE ( 'NONE', *, *, #856, .F. ) ;
#3278 = EDGE_CURVE ( 'NONE', #2400, #733, #159, .T. ) ;
#3279 = DIRECTION ( 'NONE',  ( 3.026320348267940289E-16, -1.000000000000000000, 0.000000000000000000 ) ) ;
#3280 = CARTESIAN_POINT ( 'NONE',  ( 0.000000000000000000, -3.354999999999999982, 0.000000000000000000 ) ) ;
#3281 = ORIENTED_EDGE ( 'NONE', *, *, #2220, .T. ) ;
#3282 = CARTESIAN_POINT ( 'NONE',  ( 1.306118583880460093, 0.5620017492279060223, -2.783748684987519706 ) ) ;
#3283 = CARTESIAN_POINT ( 'NONE',  ( 0.3750000000000000000, -0.3549999999998250111, -2.640000000000000124 ) ) ;
#3284 = CARTESIAN_POINT ( 'NONE',  ( -0.3200000000000000067, 3.625000000000239808, -3.720000000000000195 ) ) ;
#3285 = ORIENTED_EDGE ( 'NONE', *, *, #1690, .F. ) ;
#3286 =( NAMED_UNIT ( * ) PLANE_ANGLE_UNIT ( ) SI_UNIT ( $, .RADIAN. ) );
#3287 = COLOUR_RGB ( '',0.8313725490196077761, 0.8392156862745098200, 0.8313725490196077761 ) ;
#3288 = FACE_OUTER_BOUND ( 'NONE', #2054, .T. ) ;
#3289 = PLANE ( 'NONE',  #2368 ) ;
#3290 = B_SPLINE_CURVE_WITH_KNOTS ( 'NONE', 3,
 ( #3071, #277, #1133, #3397, #1383, #2236 ),
 .UNSPECIFIED., .F., .F.,
 ( 4, 2, 4 ),
 ( 0.000000000000000000, 0.5000000000000000000, 1.000000000000000000 ),
 .UNSPECIFIED. ) ;
#3291 = ORIENTED_EDGE ( 'NONE', *, *, #1571, .T. ) ;
#3292 = DIRECTION ( 'NONE',  ( 1.000000000000000000, 9.856383386231855129E-17, 0.000000000000000000 ) ) ;
#3293 = DIRECTION ( 'NONE',  ( -1.000000000000000000, 0.000000000000000000, 0.000000000000000000 ) ) ;
#3294 = CARTESIAN_POINT ( 'NONE',  ( 1.324999999999999956, 1.645000000000000018, 3.604999999999999982 ) ) ;
#3295 = PRESENTATION_LAYER_ASSIGNMENT (  '', '', ( #2767 ) ) ;
#3296 = VERTEX_POINT ( 'NONE', #416 ) ;
#3297 =( NAMED_UNIT ( * ) SI_UNIT ( $, .STERADIAN. ) SOLID_ANGLE_UNIT ( ) );
#3298 =( LENGTH_UNIT ( ) NAMED_UNIT ( * ) SI_UNIT ( .MILLI., .METRE. ) );
#3299 = CARTESIAN_POINT ( 'NONE',  ( 1.019822766684643556, -0.1429970772630437814, -3.750164114216017364 ) ) ;
#3300 = EDGE_LOOP ( 'NONE', ( #816, #3087, #1999, #1235 ) ) ;
#3301 = VECTOR ( 'NONE', #2418, 1000.000000000000000 ) ;
#3302 = PRESENTATION_LAYER_ASSIGNMENT (  '', '', ( #546 ) ) ;
#3303 = EDGE_CURVE ( 'NONE', #1253, #2880, #1917, .T. ) ;
#3304 = PRESENTATION_LAYER_ASSIGNMENT (  '', '', ( #668 ) ) ;
#3305 = LINE ( 'NONE', #1839, #3541 ) ;
#3306 = ORIENTED_EDGE ( 'NONE', *, *, #154, .T. ) ;
#3307 = DIRECTION ( 'NONE',  ( -0.7071067811865480168, 0.000000000000000000, -0.7071067811865470176 ) ) ;
#3308 = PRESENTATION_LAYER_ASSIGNMENT (  '', '', ( #2354 ) ) ;
#3309 = EDGE_CURVE ( 'NONE', #2198, #669, #1055, .T. ) ;
#3310 = SURFACE_SIDE_STYLE ('',( #1617 ) ) ;
#3311 = SURFACE_STYLE_FILL_AREA ( #2714 ) ;
#3312 = MECHANICAL_DESIGN_GEOMETRIC_PRESENTATION_REPRESENTATION (  '', ( #2354 ), #1722 ) ;
#3313 = UNCERTAINTY_MEASURE_WITH_UNIT (LENGTH_MEASURE( 1.000000000000000082E-05 ), #1781, 'distance_accuracy_value', 'NONE');
#3314 = FACE_OUTER_BOUND ( 'NONE', #3633, .T. ) ;
#3315 = CYLINDRICAL_SURFACE ( 'NONE', #576, 1.400000000000000133 ) ;
#3316 = CARTESIAN_POINT ( 'NONE',  ( -1.028186522747488896, -0.2462833417838956040, -3.789992614840612006 ) ) ;
#3317 = PLANE ( 'NONE',  #1239 ) ;
#3318 = STYLED_ITEM ( 'NONE', ( #36 ), #2204 ) ;
#3319 = ORIENTED_EDGE ( 'NONE', *, *, #1751, .T. ) ;
#3320 = LINE ( 'NONE', #2441, #1587 ) ;
#3321 =( GEOMETRIC_REPRESENTATION_CONTEXT ( 3 ) GLOBAL_UNCERTAINTY_ASSIGNED_CONTEXT ( ( #3313 ) ) GLOBAL_UNIT_ASSIGNED_CONTEXT ( ( #1781, #2023, #2006 ) ) REPRESENTATION_CONTEXT ( 'NONE', 'WORKASPACE' ) );
#3322 = DIRECTION ( 'NONE',  ( -1.000000000000000000, 0.000000000000000000, 0.000000000000000000 ) ) ;
#3323 =( GEOMETRIC_REPRESENTATION_CONTEXT ( 3 ) GLOBAL_UNCERTAINTY_ASSIGNED_CONTEXT ( ( #3049 ) ) GLOBAL_UNIT_ASSIGNED_CONTEXT ( ( #64, #2594, #2856 ) ) REPRESENTATION_CONTEXT ( 'NONE', 'WORKASPACE' ) );
#3324 = ORIENTED_EDGE ( 'NONE', *, *, #2320, .T. ) ;
#3325 = STYLED_ITEM ( 'NONE', ( #929 ), #2854 ) ;
#3326 = CARTESIAN_POINT ( 'NONE',  ( 1.324999999999999956, 1.645000000000000018, 3.604999999999999982 ) ) ;
#3327 =( NAMED_UNIT ( * ) PLANE_ANGLE_UNIT ( ) SI_UNIT ( $, .RADIAN. ) );
#3328 = LINE ( 'NONE', #13, #91 ) ;
#3329 = ORIENTED_EDGE ( 'NONE', *, *, #1897, .T. ) ;
#3330 = VECTOR ( 'NONE', #178, 1000.000000000000000 ) ;
#3331 = DIRECTION ( 'NONE',  ( 0.000000000000000000, 0.000000000000000000, 1.000000000000000000 ) ) ;
#3332 = DIRECTION ( 'NONE',  ( 0.000000000000000000, 0.000000000000000000, 1.000000000000000000 ) ) ;
#3333 = PRESENTATION_LAYER_ASSIGNMENT (  '', '', ( #336 ) ) ;
#3334 = ADVANCED_FACE ( 'NONE', ( #2979 ), #1838, .F. ) ;
#3335 = SURFACE_STYLE_USAGE ( .BOTH. , #2755 ) ;
#3336 = PRESENTATION_STYLE_ASSIGNMENT (( #2479 ) ) ;
#3337 = FACE_OUTER_BOUND ( 'NONE', #1049, .T. ) ;
#3338 = VERTEX_POINT ( 'NONE', #518 ) ;
#3339 =( LENGTH_UNIT ( ) NAMED_UNIT ( * ) SI_UNIT ( .MILLI., .METRE. ) );
#3340 = ORIENTED_EDGE ( 'NONE', *, *, #2135, .T. ) ;
#3341 = LINE ( 'NONE', #553, #1613 ) ;
#3342 =( NAMED_UNIT ( * ) PLANE_ANGLE_UNIT ( ) SI_UNIT ( $, .RADIAN. ) );
#3343 = VERTEX_POINT ( 'NONE', #818 ) ;
#3344 = LINE ( 'NONE', #273, #1865 ) ;
#3345 = PRESENTATION_STYLE_ASSIGNMENT (( #275 ) ) ;
#3346 = EDGE_CURVE ( 'NONE', #1671, #1609, #585, .T. ) ;
#3347 = CARTESIAN_POINT ( 'NONE',  ( 0.3200000000000000067, 3.625000000000239808, 1.610000000000000098 ) ) ;
#3348 = DIRECTION ( 'NONE',  ( 0.000000000000000000, 1.000000000000000000, 0.000000000000000000 ) ) ;
#3349 = LINE ( 'NONE', #254, #315 ) ;
#3350 = ORIENTED_EDGE ( 'NONE', *, *, #3309, .T. ) ;
#3351 = PLANE ( 'NONE',  #25 ) ;
#3352 = EDGE_CURVE ( 'NONE', #1338, #534, #3064, .T. ) ;
#3353 =( LENGTH_UNIT ( ) NAMED_UNIT ( * ) SI_UNIT ( .MILLI., .METRE. ) );
#3354 = VERTEX_POINT ( 'NONE', #3044 ) ;
#3355 = VECTOR ( 'NONE', #2315, 1000.000000000000000 ) ;
#3356 = DIRECTION ( 'NONE',  ( 0.000000000000000000, 9.918373218849658764E-17, 1.000000000000000000 ) ) ;
#3357 = VECTOR ( 'NONE', #921, 1000.000000000000114 ) ;
#3358 = DIRECTION ( 'NONE',  ( -1.000000000000000000, 2.464667489455050086E-16, 0.000000000000000000 ) ) ;
#3359 = ORIENTED_EDGE ( 'NONE', *, *, #3236, .T. ) ;
#3360 = VECTOR ( 'NONE', #396, 1000.000000000000000 ) ;
#3361 = CARTESIAN_POINT ( 'NONE',  ( -0.4749999999999999778, 0.6450000000001758771, -2.290000000000000036 ) ) ;
#3362 = PLANE ( 'NONE',  #1142 ) ;
#3363 = PRESENTATION_LAYER_ASSIGNMENT (  '', '', ( #557 ) ) ;
#3364 = FILL_AREA_STYLE_COLOUR ( '', #1308 ) ;
#3365 = CARTESIAN_POINT ( 'NONE',  ( 0.4749999999999999778, 3.104999999999999982, -0.5400000000000000355 ) ) ;
#3366 = VERTEX_POINT ( 'NONE', #3375 ) ;
#3367 = VECTOR ( 'NONE', #2970, 1000.000000000000000 ) ;
#3368 = PLANE ( 'NONE',  #2699 ) ;
#3369 = STYLED_ITEM ( 'NONE', ( #2358 ), #2030 ) ;
#3370 = EDGE_CURVE ( 'NONE', #2916, #1707, #2543, .T. ) ;
#3371 = EDGE_LOOP ( 'NONE', ( #955, #2629, #2228, #3201 ) ) ;
#3372 = SURFACE_STYLE_FILL_AREA ( #2244 ) ;
#3373 = STYLED_ITEM ( 'NONE', ( #1410 ), #2531 ) ;
#3374 = CARTESIAN_POINT ( 'NONE',  ( -1.324999999999999956, 1.645000000000000018, 3.254999999999999893 ) ) ;
#3375 = CARTESIAN_POINT ( 'NONE',  ( 0.8332575694955850487, 0.6450000000001758771, -0.5400000000000000355 ) ) ;
#3376 = CARTESIAN_POINT ( 'NONE',  ( 0.3200000000000000067, 7.264999999999999680, -3.720000000000000195 ) ) ;
#3377 = ORIENTED_EDGE ( 'NONE', *, *, #850, .F. ) ;
#3378 = STYLED_ITEM ( 'NONE', ( #2912 ), #3634 ) ;
#3379 = FILL_AREA_STYLE ('',( #3615 ) ) ;
#3380 = STYLED_ITEM ( 'NONE', ( #194 ), #3334 ) ;
#3381 = DIRECTION ( 'NONE',  ( -1.000000000000000000, 0.000000000000000000, 0.000000000000000000 ) ) ;
#3382 = PRESENTATION_STYLE_ASSIGNMENT (( #252 ) ) ;
#3383 = CARTESIAN_POINT ( 'NONE',  ( -0.6999999999999999556, -4.415000000000000036, 6.859999999999999432 ) ) ;
#3384 = VERTEX_POINT ( 'NONE', #311 ) ;
#3385 = DIRECTION ( 'NONE',  ( 0.000000000000000000, 0.000000000000000000, 1.000000000000000000 ) ) ;
#3386 = LINE ( 'NONE', #1500, #493 ) ;
#3387 = ORIENTED_EDGE ( 'NONE', *, *, #2240, .T. ) ;
#3388 = EDGE_CURVE ( 'NONE', #2189, #1322, #857, .T. ) ;
#3389 = PRESENTATION_STYLE_ASSIGNMENT (( #937 ) ) ;
#3390 =( LENGTH_UNIT ( ) NAMED_UNIT ( * ) SI_UNIT ( .MILLI., .METRE. ) );
#3391 = DIRECTION ( 'NONE',  ( 0.000000000000000000, 0.000000000000000000, 1.000000000000000000 ) ) ;
#3392 = EDGE_LOOP ( 'NONE', ( #2349, #779, #131, #1096 ) ) ;
#3393 = ADVANCED_FACE ( 'NONE', ( #1938 ), #554, .F. ) ;
#3394 = LINE ( 'NONE', #2044, #2362 ) ;
#3395 = SURFACE_STYLE_FILL_AREA ( #2844 ) ;
#3396 =( LENGTH_UNIT ( ) NAMED_UNIT ( * ) SI_UNIT ( .MILLI., .METRE. ) );
#3397 = CARTESIAN_POINT ( 'NONE',  ( -1.155452509031280162, 0.3137197862563860240, -3.213760225607519949 ) ) ;
#3398 = SURFACE_SIDE_STYLE ('',( #1660 ) ) ;
#3399 = LINE ( 'NONE', #2812, #389 ) ;
#3400 = ORIENTED_EDGE ( 'NONE', *, *, #828, .F. ) ;
#3401 = APPLICATION_CONTEXT ( 'automotive_design' ) ;
#3402 = PRESENTATION_LAYER_ASSIGNMENT (  '', '', ( #1887 ) ) ;
#3403 = SURFACE_STYLE_FILL_AREA ( #1157 ) ;
#3404 = ORIENTED_EDGE ( 'NONE', *, *, #2715, .F. ) ;
#3405 = DIRECTION ( 'NONE',  ( -1.000000000000000000, 0.000000000000000000, -3.252606517456509851E-16 ) ) ;
#3406 = PRESENTATION_STYLE_ASSIGNMENT (( #1758 ) ) ;
#3407 = CARTESIAN_POINT ( 'NONE',  ( -1.324999999999999956, 1.645000000000000018, 4.254999999999999893 ) ) ;
#3408 = SURFACE_STYLE_FILL_AREA ( #1161 ) ;
#3409 = EDGE_LOOP ( 'NONE', ( #1414, #2626, #2608, #2268 ) ) ;
#3410 = MECHANICAL_DESIGN_GEOMETRIC_PRESENTATION_REPRESENTATION (  '', ( #2767 ), #2821 ) ;
#3411 = EDGE_CURVE ( 'NONE', #1671, #3629, #574, .T. ) ;
#3412 = MECHANICAL_DESIGN_GEOMETRIC_PRESENTATION_REPRESENTATION (  '', ( #2123 ), #3238 ) ;
#3413 = CARTESIAN_POINT ( 'NONE',  ( 0.3200000000000000067, 4.264999999999999680, 5.250000000000000000 ) ) ;
#3414 = AXIS2_PLACEMENT_3D ( 'NONE', #2967, #3307, #196 ) ;
#3415 =( NAMED_UNIT ( * ) PLANE_ANGLE_UNIT ( ) SI_UNIT ( $, .RADIAN. ) );
#3416 =( LENGTH_UNIT ( ) NAMED_UNIT ( * ) SI_UNIT ( .MILLI., .METRE. ) );
#3417 = ADVANCED_FACE ( 'NONE', ( #1692 ), #752, .T. ) ;
#3418 = VECTOR ( 'NONE', #2625, 1000.000000000000000 ) ;
#3419 = SURFACE_STYLE_USAGE ( .BOTH. , #580 ) ;
#3420 = PLANE ( 'NONE',  #852 ) ;
#3421 = ORIENTED_EDGE ( 'NONE', *, *, #1053, .T. ) ;
#3422 = VECTOR ( 'NONE', #210, 1000.000000000000000 ) ;
#3423 = FILL_AREA_STYLE_COLOUR ( '', #264 ) ;
#3424 = STYLED_ITEM ( 'NONE', ( #1885 ), #1846 ) ;
#3425 = UNCERTAINTY_MEASURE_WITH_UNIT (LENGTH_MEASURE( 1.000000000000000082E-05 ), #1087, 'distance_accuracy_value', 'NONE');
#3426 = ORIENTED_EDGE ( 'NONE', *, *, #761, .T. ) ;
#3427 = DIRECTION ( 'NONE',  ( 1.000000000000000000, 0.000000000000000000, -3.273063162220390326E-16 ) ) ;
#3428 =( GEOMETRIC_REPRESENTATION_CONTEXT ( 3 ) GLOBAL_UNCERTAINTY_ASSIGNED_CONTEXT ( ( #1132 ) ) GLOBAL_UNIT_ASSIGNED_CONTEXT ( ( #2982, #2928, #2378 ) ) REPRESENTATION_CONTEXT ( 'NONE', 'WORKASPACE' ) );
#3429 = PLANE ( 'NONE',  #3559 ) ;
#3430 = LINE ( 'NONE', #3449, #1590 ) ;
#3431 = ORIENTED_EDGE ( 'NONE', *, *, #787, .T. ) ;
#3432 = PRESENTATION_LAYER_ASSIGNMENT (  '', '', ( #1556 ) ) ;
#3433 = EDGE_CURVE ( 'NONE', #140, #1230, #2136, .T. ) ;
#3434 = SURFACE_STYLE_USAGE ( .BOTH. , #85 ) ;
#3435 = PRODUCT_DEFINITION_FORMATION_WITH_SPECIFIED_SOURCE ( 'ANY', '', #2630, .NOT_KNOWN. ) ;
#3436 = DIRECTION ( 'NONE',  ( 0.000000000000000000, 0.8660125980102736376, -0.5000221795955619442 ) ) ;
#3437 = AXIS2_PLACEMENT_3D ( 'NONE', #1842, #3576, #1882 ) ;
#3438 = DIRECTION ( 'NONE',  ( 1.000000000000000000, 0.000000000000000000, 0.000000000000000000 ) ) ;
#3439 = ADVANCED_FACE ( 'NONE', ( #1578 ), #3315, .T. ) ;
#3440 = FILL_AREA_STYLE_COLOUR ( '', #1849 ) ;
#3441 =( NAMED_UNIT ( * ) SI_UNIT ( $, .STERADIAN. ) SOLID_ANGLE_UNIT ( ) );
#3442 = MECHANICAL_DESIGN_GEOMETRIC_PRESENTATION_REPRESENTATION (  '', ( #1929 ), #909 ) ;
#3443 = ORIENTED_EDGE ( 'NONE', *, *, #934, .T. ) ;
#3444 = SURFACE_STYLE_FILL_AREA ( #2953 ) ;
#3445 = AXIS2_PLACEMENT_3D ( 'NONE', #2267, #298, #2769 ) ;
#3446 = CARTESIAN_POINT ( 'NONE',  ( -0.3200000000000000067, 1.645000000000000018, 5.250000000000000000 ) ) ;
#3447 = ORIENTED_EDGE ( 'NONE', *, *, #1160, .F. ) ;
#3448 = FILL_AREA_STYLE_COLOUR ( '', #2647 ) ;
#3449 = CARTESIAN_POINT ( 'NONE',  ( 0.3200000000000000067, 7.264999999999999680, -3.720000000000000195 ) ) ;
#3450 = ORIENTED_EDGE ( 'NONE', *, *, #1593, .F. ) ;
#3451 = FACE_OUTER_BOUND ( 'NONE', #2177, .T. ) ;
#3452 = CYLINDRICAL_SURFACE ( 'NONE', #2852, 1.400000000000000133 ) ;
#3453 = FILL_AREA_STYLE_COLOUR ( '', #1008 ) ;
#3454 = CARTESIAN_POINT ( 'NONE',  ( 1.324999999999999956, -4.955000000000000071, 1.255000000000000115 ) ) ;
#3455 = SURFACE_STYLE_USAGE ( .BOTH. , #1218 ) ;
#3456 = VERTEX_POINT ( 'NONE', #734 ) ;
#3457 = ADVANCED_FACE ( 'NONE', ( #2697 ), #1601, .F. ) ;
#3458 = SURFACE_STYLE_USAGE ( .BOTH. , #1208 ) ;
#3459 = PLANE ( 'NONE',  #1232 ) ;
#3460 = ORIENTED_EDGE ( 'NONE', *, *, #1185, .F. ) ;
#3461 = EDGE_CURVE ( 'NONE', #1067, #2085, #1622, .T. ) ;
#3462 = LINE ( 'NONE', #3407, #1062 ) ;
#3463 = LINE ( 'NONE', #413, #2883 ) ;
#3464 = ORIENTED_EDGE ( 'NONE', *, *, #2934, .T. ) ;
#3465 = CYLINDRICAL_SURFACE ( 'NONE', #847, 1.399999999999999689 ) ;
#3466 = FILL_AREA_STYLE ('',( #1800 ) ) ;
#3467 = CIRCLE ( 'NONE', #708, 1.100000000000000311 ) ;
#3468 =( LENGTH_UNIT ( ) NAMED_UNIT ( * ) SI_UNIT ( .MILLI., .METRE. ) );
#3469 = FACE_OUTER_BOUND ( 'NONE', #1537, .T. ) ;
#3470 = PRESENTATION_LAYER_ASSIGNMENT (  '', '', ( #659 ) ) ;
#3471 = FILL_AREA_STYLE_COLOUR ( '', #851 ) ;
#3472 = CIRCLE ( 'NONE', #1541, 0.5820000000000000728 ) ;
#3473 = ORIENTED_EDGE ( 'NONE', *, *, #114, .T. ) ;
#3474 = FILL_AREA_STYLE_COLOUR ( '', #3600 ) ;
#3475 = VECTOR ( 'NONE', #2311, 1000.000000000000000 ) ;
#3476 = EDGE_CURVE ( 'NONE', #2590, #2021, #3597, .T. ) ;
#3477 = CARTESIAN_POINT ( 'NONE',  ( -1.354795897113270087, 0.6450000000001029354, -2.640000000000000124 ) ) ;
#3478 = ORIENTED_EDGE ( 'NONE', *, *, #3461, .F. ) ;
#3479 = STYLED_ITEM ( 'NONE', ( #1395 ), #1517 ) ;
#3480 =( NAMED_UNIT ( * ) PLANE_ANGLE_UNIT ( ) SI_UNIT ( $, .RADIAN. ) );
#3481 = EDGE_CURVE ( 'NONE', #3456, #2243, #2191, .T. ) ;
#3482 = FILL_AREA_STYLE_COLOUR ( '', #2836 ) ;
#3483 = ORIENTED_EDGE ( 'NONE', *, *, #1774, .T. ) ;
#3484 = VECTOR ( 'NONE', #736, 1000.000000000000000 ) ;
#3485 = LINE ( 'NONE', #996, #3082 ) ;
#3486 = DIRECTION ( 'NONE',  ( 0.000000000000000000, 1.000000000000000000, 0.000000000000000000 ) ) ;
#3487 = CARTESIAN_POINT ( 'NONE',  ( -1.474999999999999867, -3.354999999999999982, 0.000000000000000000 ) ) ;
#3488 = ORIENTED_EDGE ( 'NONE', *, *, #260, .T. ) ;
#3489 = PRESENTATION_STYLE_ASSIGNMENT (( #87 ) ) ;
#3490 = VECTOR ( 'NONE', #678, 1000.000000000000000 ) ;
#3491 = CARTESIAN_POINT ( 'NONE',  ( 1.016295813870395026, -0.6388234673983156364, -3.716125557855507466 ) ) ;
#3492 = CARTESIAN_POINT ( 'NONE',  ( -0.3750000000000000000, -0.3549999999998250111, -2.290000000000000036 ) ) ;
#3493 = COLOUR_RGB ( '',0.1137254901960784298, 0.1137254901960784298, 0.1137254901960784298 ) ;
#3494 = UNCERTAINTY_MEASURE_WITH_UNIT (LENGTH_MEASURE( 1.000000000000000082E-05 ), #1675, 'distance_accuracy_value', 'NONE');
#3495 = ORIENTED_EDGE ( 'NONE', *, *, #3083, .F. ) ;
#3496 =( NAMED_UNIT ( * ) PLANE_ANGLE_UNIT ( ) SI_UNIT ( $, .RADIAN. ) );
#3497 = MECHANICAL_DESIGN_GEOMETRIC_PRESENTATION_REPRESENTATION (  '', ( #3325 ), #1088 ) ;
#3498 = PRESENTATION_STYLE_ASSIGNMENT (( #1245 ) ) ;
#3499 = ORIENTED_EDGE ( 'NONE', *, *, #3476, .F. ) ;
#3500 = SURFACE_SIDE_STYLE ('',( #2838 ) ) ;
#3501 = PRESENTATION_LAYER_ASSIGNMENT (  '', '', ( #2097 ) ) ;
#3502 = CARTESIAN_POINT ( 'NONE',  ( 1.925000000000000044, 4.955000000000000071, 5.025000000000000355 ) ) ;
#3503 = CARTESIAN_POINT ( 'NONE',  ( 1.014689316857031454, -0.004343116175700044088, -3.672679604137465859 ) ) ;
#3504 = VERTEX_POINT ( 'NONE', #1961 ) ;
#3505 = EDGE_CURVE ( 'NONE', #3189, #211, #2152, .T. ) ;
#3506 = LINE ( 'NONE', #1255, #507 ) ;
#3507 = FILL_AREA_STYLE ('',( #2165 ) ) ;
#3508 = SURFACE_STYLE_USAGE ( .BOTH. , #2909 ) ;
#3509 = CARTESIAN_POINT ( 'NONE',  ( 1.306118583880119921, -1.272001749227900103, -2.783748684987519706 ) ) ;
#3510 = EDGE_CURVE ( 'NONE', #1547, #3343, #891, .T. ) ;
#3511 = FILL_AREA_STYLE ('',( #1575 ) ) ;
#3512 = SURFACE_SIDE_STYLE ('',( #443 ) ) ;
#3513 = VERTEX_POINT ( 'NONE', #2827 ) ;
#3514 =( LENGTH_UNIT ( ) NAMED_UNIT ( * ) SI_UNIT ( .MILLI., .METRE. ) );
#3515 =( NAMED_UNIT ( * ) PLANE_ANGLE_UNIT ( ) SI_UNIT ( $, .RADIAN. ) );
#3516 = ORIENTED_EDGE ( 'NONE', *, *, #3510, .T. ) ;
#3517 = PRESENTATION_STYLE_ASSIGNMENT (( #454 ) ) ;
#3518 = DIRECTION ( 'NONE',  ( 1.000000000000000000, 2.252887631138709814E-16, 0.000000000000000000 ) ) ;
#3519 = CARTESIAN_POINT ( 'NONE',  ( -0.8332575694955840495, 0.6450000000001749889, -0.5400000000000729772 ) ) ;
#3520 = VERTEX_POINT ( 'NONE', #628 ) ;
#3521 = PRESENTATION_STYLE_ASSIGNMENT (( #177 ) ) ;
#3522 = MECHANICAL_DESIGN_GEOMETRIC_PRESENTATION_REPRESENTATION (  '', ( #2574 ), #933 ) ;
#3523 = EDGE_CURVE ( 'NONE', #2021, #1171, #564, .T. ) ;
#3524 =( NAMED_UNIT ( * ) SI_UNIT ( $, .STERADIAN. ) SOLID_ANGLE_UNIT ( ) );
#3525 = ORIENTED_EDGE ( 'NONE', *, *, #2222, .F. ) ;
#3526 = STYLED_ITEM ( 'NONE', ( #1772 ), #456 ) ;
#3527 = CARTESIAN_POINT ( 'NONE',  ( 0.3750000000000000000, -0.3549999999998250111, -2.290000000000000036 ) ) ;
#3528 = ADVANCED_FACE ( 'NONE', ( #2501, #1438 ), #2847, .F. ) ;
#3529 = UNCERTAINTY_MEASURE_WITH_UNIT (LENGTH_MEASURE( 1.000000000000000082E-05 ), #1340, 'distance_accuracy_value', 'NONE');
#3530 = ORIENTED_EDGE ( 'NONE', *, *, #2162, .T. ) ;
#3531 = AXIS2_PLACEMENT_3D ( 'NONE', #789, #2754, #2397 ) ;
#3532 = FACE_OUTER_BOUND ( 'NONE', #3595, .T. ) ;
#3533 = SURFACE_STYLE_USAGE ( .BOTH. , #807 ) ;
#3534 = CARTESIAN_POINT ( 'NONE',  ( -0.6999999999999999556, -2.004999999999999893, 8.259999999999999787 ) ) ;
#3535 = PRESENTATION_LAYER_ASSIGNMENT (  '', '', ( #2771 ) ) ;
#3536 = ORIENTED_EDGE ( 'NONE', *, *, #3106, .F. ) ;
#3537 = SURFACE_SIDE_STYLE ('',( #376 ) ) ;
#3538 = VECTOR ( 'NONE', #1173, 1000.000000000000000 ) ;
#3539 = AXIS2_PLACEMENT_3D ( 'NONE', #1935, #3058, #492 ) ;
#3540 = CARTESIAN_POINT ( 'NONE',  ( -0.8332575694955840495, 0.6450000000001758771, -2.290000000000000036 ) ) ;
#3541 = VECTOR ( 'NONE', #3248, 1000.000000000000000 ) ;
#3542 = CARTESIAN_POINT ( 'NONE',  ( -0.4749999999999999778, 3.104999999999999982, -0.5400000000000000355 ) ) ;
#3543 = EDGE_LOOP ( 'NONE', ( #3319, #3536, #397, #2381 ) ) ;
#3544 = AXIS2_PLACEMENT_3D ( 'NONE', #3376, #2840, #2789 ) ;
#3545 = CARTESIAN_POINT ( 'NONE',  ( 0.3200000000000000067, -2.555000000000000160, 1.610000000000000098 ) ) ;
#3546 = CARTESIAN_POINT ( 'NONE',  ( 1.874999999999960032, -0.8590193320419790002, -3.499012908524619991 ) ) ;
#3547 = STYLED_ITEM ( 'NONE', ( #1630 ), #1822 ) ;
#3548 = ORIENTED_EDGE ( 'NONE', *, *, #1509, .T. ) ;
#3549 = EDGE_CURVE ( 'NONE', #593, #1338, #1749, .T. ) ;
#3550 = STYLED_ITEM ( 'NONE', ( #1978 ), #2179 ) ;
#3551 = LINE ( 'NONE', #1023, #726 ) ;
#3552 = PLANE ( 'NONE',  #648 ) ;
#3553 = VECTOR ( 'NONE', #3138, 1000.000000000000000 ) ;
#3554 = DIRECTION ( 'NONE',  ( 0.000000000000000000, 0.000000000000000000, -1.000000000000000000 ) ) ;
#3555 = EDGE_CURVE ( 'NONE', #1547, #669, #2516, .T. ) ;
#3556 = CARTESIAN_POINT ( 'NONE',  ( 0.3750000000000000000, -0.3549999999998250111, -2.640000000000000124 ) ) ;
#3557 = CARTESIAN_POINT ( 'NONE',  ( -1.028181272138312119, -0.3550027573616350018, -3.789999992819999886 ) ) ;
#3558 =( NAMED_UNIT ( * ) SI_UNIT ( $, .STERADIAN. ) SOLID_ANGLE_UNIT ( ) );
#3559 = AXIS2_PLACEMENT_3D ( 'NONE', #737, #2904, #1047 ) ;
#3560 = CARTESIAN_POINT ( 'NONE',  ( 1.324999999999999956, 0.2450000000000049916, 3.254999999999999893 ) ) ;
#3561 = ORIENTED_EDGE ( 'NONE', *, *, #2409, .T. ) ;
#3562 = CYLINDRICAL_SURFACE ( 'NONE', #3539, 0.5820000000000000728 ) ;
#3563 =( GEOMETRIC_REPRESENTATION_CONTEXT ( 3 ) GLOBAL_UNCERTAINTY_ASSIGNED_CONTEXT ( ( #1546 ) ) GLOBAL_UNIT_ASSIGNED_CONTEXT ( ( #3031, #465, #2410 ) ) REPRESENTATION_CONTEXT ( 'NONE', 'WORKASPACE' ) );
#3564 = DIRECTION ( 'NONE',  ( 1.000000000000000000, 0.000000000000000000, 0.000000000000000000 ) ) ;
#3565 = CIRCLE ( 'NONE', #3635, 1.100000000000000311 ) ;
#3566 = CARTESIAN_POINT ( 'NONE',  ( 1.474999999999999867, -3.354999999999999982, -0.5400000000000000355 ) ) ;
#3567 = ORIENTED_EDGE ( 'NONE', *, *, #2162, .F. ) ;
#3568 = VECTOR ( 'NONE', #2477, 1000.000000000000000 ) ;
#3569 = CARTESIAN_POINT ( 'NONE',  ( -0.3200000000000000067, 4.265000000000240377, -3.720000000000000195 ) ) ;
#3570 = DIRECTION ( 'NONE',  ( -1.000000000000000000, 0.000000000000000000, 0.000000000000000000 ) ) ;
#3571 =( LENGTH_UNIT ( ) NAMED_UNIT ( * ) SI_UNIT ( .MILLI., .METRE. ) );
#3572 = EDGE_LOOP ( 'NONE', ( #709, #1735, #2905, #2569 ) ) ;
#3573 = CARTESIAN_POINT ( 'NONE',  ( 1.155452509030970187, -1.023719786256370057, -3.213760225607550147 ) ) ;
#3574 = CARTESIAN_POINT ( 'NONE',  ( 0.000000000000000000, 0.000000000000000000, 0.000000000000000000 ) ) ;
#3575 = FACE_OUTER_BOUND ( 'NONE', #224, .T. ) ;
#3576 = DIRECTION ( 'NONE',  ( 0.000000000000000000, 0.000000000000000000, 1.000000000000000000 ) ) ;
#3577 = UNCERTAINTY_MEASURE_WITH_UNIT (LENGTH_MEASURE( 1.000000000000000082E-05 ), #1696, 'distance_accuracy_value', 'NONE');
#3578 = ORIENTED_EDGE ( 'NONE', *, *, #3236, .F. ) ;
#3579 = CARTESIAN_POINT ( 'NONE',  ( 1.474999999999999867, 3.104999999999999982, -0.5400000000000000355 ) ) ;
#3580 = SURFACE_STYLE_USAGE ( .BOTH. , #1031 ) ;
#3581 = DIRECTION ( 'NONE',  ( 0.000000000000000000, 0.000000000000000000, -1.000000000000000000 ) ) ;
#3582 = EDGE_CURVE ( 'NONE', #1225, #352, #3290, .T. ) ;
#3583 = UNCERTAINTY_MEASURE_WITH_UNIT (LENGTH_MEASURE( 1.000000000000000082E-05 ), #132, 'distance_accuracy_value', 'NONE');
#3584 = VERTEX_POINT ( 'NONE', #3 ) ;
#3585 = ADVANCED_FACE ( 'NONE', ( #335 ), #3362, .F. ) ;
#3586 = CARTESIAN_POINT ( 'NONE',  ( 1.023044487261109969, -0.1934664842915207739, -3.767237715072475179 ) ) ;
#3587 = ORIENTED_EDGE ( 'NONE', *, *, #387, .F. ) ;
#3588 = CARTESIAN_POINT ( 'NONE',  ( -1.324999999999999956, -4.955000000000000071, 4.254999999999999893 ) ) ;
#3589 = LINE ( 'NONE', #1256, #1262 ) ;
#3590 = FACE_OUTER_BOUND ( 'NONE', #2203, .T. ) ;
#3591 = EDGE_LOOP ( 'NONE', ( #3046, #681, #80, #1505 ) ) ;
#3592 = DIRECTION ( 'NONE',  ( -1.000000000000000000, 0.000000000000000000, 0.000000000000000000 ) ) ;
#3593 = VECTOR ( 'NONE', #3156, 1000.000000000000000 ) ;
#3594 = LINE ( 'NONE', #1823, #3252 ) ;
#3595 = EDGE_LOOP ( 'NONE', ( #2897, #1038, #1684, #587 ) ) ;
#3596 =( LENGTH_UNIT ( ) NAMED_UNIT ( * ) SI_UNIT ( .MILLI., .METRE. ) );
#3597 = LINE ( 'NONE', #3034, #117 ) ;
#3598 = CARTESIAN_POINT ( 'NONE',  ( 0.6999999999999999556, -2.754999999999999893, 8.259999999999999787 ) ) ;
#3599 =( NAMED_UNIT ( * ) PLANE_ANGLE_UNIT ( ) SI_UNIT ( $, .RADIAN. ) );
#3600 = COLOUR_RGB ( '',0.1137254901960784298, 0.1137254901960784298, 0.1137254901960784298 ) ;
#3601 = VERTEX_POINT ( 'NONE', #666 ) ;
#3602 = PRESENTATION_LAYER_ASSIGNMENT (  '', '', ( #2584 ) ) ;
#3603 = CARTESIAN_POINT ( 'NONE',  ( 1.875000000000000000, -0.3549999999997409672, -3.207999999999999741 ) ) ;
#3604 =( NAMED_UNIT ( * ) SI_UNIT ( $, .STERADIAN. ) SOLID_ANGLE_UNIT ( ) );
#3605 = VERTEX_POINT ( 'NONE', #912 ) ;
#3606 = VECTOR ( 'NONE', #489, 1000.000000000000000 ) ;
#3607 = STYLED_ITEM ( 'NONE', ( #77 ), #361 ) ;
#3608 = ADVANCED_FACE ( 'NONE', ( #711 ), #643, .F. ) ;
#3609 = COLOUR_RGB ( '',0.8313725490196077761, 0.8392156862745098200, 0.8313725490196077761 ) ;
#3610 = SURFACE_SIDE_STYLE ('',( #297 ) ) ;
#3611 = PRESENTATION_STYLE_ASSIGNMENT (( #2466 ) ) ;
#3612 = SURFACE_SIDE_STYLE ('',( #1056 ) ) ;
#3613 = ORIENTED_EDGE ( 'NONE', *, *, #1949, .F. ) ;
#3614 =( GEOMETRIC_REPRESENTATION_CONTEXT ( 3 ) GLOBAL_UNCERTAINTY_ASSIGNED_CONTEXT ( ( #274 ) ) GLOBAL_UNIT_ASSIGNED_CONTEXT ( ( #379, #343, #2348 ) ) REPRESENTATION_CONTEXT ( 'NONE', 'WORKASPACE' ) );
#3615 = FILL_AREA_STYLE_COLOUR ( '', #2658 ) ;
#3616 =( GEOMETRIC_REPRESENTATION_CONTEXT ( 3 ) GLOBAL_UNCERTAINTY_ASSIGNED_CONTEXT ( ( #1321 ) ) GLOBAL_UNIT_ASSIGNED_CONTEXT ( ( #3108, #1103, #1698 ) ) REPRESENTATION_CONTEXT ( 'NONE', 'WORKASPACE' ) );
#3617 = UNCERTAINTY_MEASURE_WITH_UNIT (LENGTH_MEASURE( 1.000000000000000082E-05 ), #1273, 'distance_accuracy_value', 'NONE');
#3618 = EDGE_LOOP ( 'NONE', ( #287, #3516, #2790, #3350 ) ) ;
#3619 = SURFACE_SIDE_STYLE ('',( #3010 ) ) ;
#3620 = MECHANICAL_DESIGN_GEOMETRIC_PRESENTATION_REPRESENTATION (  '', ( #563 ), #3079 ) ;
#3621 =( GEOMETRIC_REPRESENTATION_CONTEXT ( 3 ) GLOBAL_UNCERTAINTY_ASSIGNED_CONTEXT ( ( #1808 ) ) GLOBAL_UNIT_ASSIGNED_CONTEXT ( ( #2524, #2768, #1703 ) ) REPRESENTATION_CONTEXT ( 'NONE', 'WORKASPACE' ) );
#3622 = B_SPLINE_CURVE_WITH_KNOTS ( 'NONE', 3,
 ( #2656, #2981, #3573, #1058, #3509, #1594 ),
 .UNSPECIFIED., .F., .F.,
 ( 4, 2, 4 ),
 ( 0.000000000000000000, 0.5000000000000000000, 1.000000000000000000 ),
 .UNSPECIFIED. ) ;
#3623 = ORIENTED_EDGE ( 'NONE', *, *, #1035, .T. ) ;
#3624 = VECTOR ( 'NONE', #1304, 1000.000000000000000 ) ;
#3625 = SURFACE_STYLE_USAGE ( .BOTH. , #2486 ) ;
#3626 = SURFACE_STYLE_FILL_AREA ( #2487 ) ;
#3627 = PRESENTATION_LAYER_ASSIGNMENT (  '', '', ( #2425 ) ) ;
#3628 =( GEOMETRIC_REPRESENTATION_CONTEXT ( 3 ) GLOBAL_UNCERTAINTY_ASSIGNED_CONTEXT ( ( #985 ) ) GLOBAL_UNIT_ASSIGNED_CONTEXT ( ( #2041, #1485, #2297 ) ) REPRESENTATION_CONTEXT ( 'NONE', 'WORKASPACE' ) );
#3629 = VERTEX_POINT ( 'NONE', #369 ) ;
#3630 = VECTOR ( 'NONE', #860, 1000.000000000000000 ) ;
#3631 = CARTESIAN_POINT ( 'NONE',  ( -0.8332575694955840495, -1.354999999999820126, -2.290000000000069758 ) ) ;
#3632 = CARTESIAN_POINT ( 'NONE',  ( -1.324999999999999956, 1.645000000000000018, 0.6049999999999999822 ) ) ;
#3633 = EDGE_LOOP ( 'NONE', ( #453, #2702, #746, #866 ) ) ;
#3634 = ADVANCED_FACE ( 'NONE', ( #968 ), #1259, .T. ) ;
#3635 = AXIS2_PLACEMENT_3D ( 'NONE', #364, #1782, #2317 ) ;
#3636 = FILL_AREA_STYLE ('',( #3107 ) ) ;
#3637 = PLANE ( 'NONE',  #3029 ) ;
#3638 = AXIS2_PLACEMENT_3D ( 'NONE', #1168, #1152, #18 ) ;
#3639 = ADVANCED_FACE ( 'NONE', ( #2605 ), #1203, .T. ) ;
ENDSEC;
END-ISO-10303-21;
