ISO-10303-21;
HEADER;
FILE_DESCRIPTION (( 'STEP AP214' ),
    '1' );
FILE_NAME ('CPT-9019A-SMT-TR.stp',
    '2026-06-14T00:45:49',
    ( '' ),
    ( '' ),
    'SwSTEP 2.0',
    'SolidWorks 2026',
    '' );
FILE_SCHEMA (( 'AUTOMOTIVE_DESIGN' ));
ENDSEC;

DATA;
#1 = VERTEX_POINT ( 'NONE', #950 ) ;
#2 = EDGE_CURVE ( 'NONE', #307, #828, #790, .T. ) ;
#3 = FACE_OUTER_BOUND ( 'NONE', #533, .T. ) ;
#4 = CARTESIAN_POINT ( 'NONE',  ( 3.000000000000000000, -0.6599484611796659905, -0.009948461179673519575 ) ) ;
#5 = FILL_AREA_STYLE ('',( #1365 ) ) ;
#6 = SURFACE_STYLE_USAGE ( .BOTH. , #743 ) ;
#7 = VERTEX_POINT ( 'NONE', #217 ) ;
#8 = FACE_OUTER_BOUND ( 'NONE', #1047, .T. ) ;
#9 = VERTEX_POINT ( 'NONE', #820 ) ;
#10 = FACE_OUTER_BOUND ( 'NONE', #1018, .T. ) ;
#11 = ADVANCED_FACE ( 'NONE', ( #58 ), #67, .T. ) ;
#12 = UNCERTAINTY_MEASURE_WITH_UNIT (LENGTH_MEASURE( 1.000000000000000082E-05 ), #1068, 'distance_accuracy_value', 'NONE');
#13 = AXIS2_PLACEMENT_3D ( 'NONE', #393, #668, #834 ) ;
#14 = PRESENTATION_LAYER_ASSIGNMENT (  '', '', ( #435 ) ) ;
#15 =( NAMED_UNIT ( * ) PLANE_ANGLE_UNIT ( ) SI_UNIT ( $, .RADIAN. ) );
#16 = ORIENTED_EDGE ( 'NONE', *, *, #651, .F. ) ;
#17 = STYLED_ITEM ( 'NONE', ( #260 ), #319 ) ;
#18 = PRESENTATION_LAYER_ASSIGNMENT (  '', '', ( #1779 ) ) ;
#19 = CARTESIAN_POINT ( 'NONE',  ( 1.699999999999999956, -0.9599484611796689215, 0.9900515388203260381 ) ) ;
#20 = ORIENTED_EDGE ( 'NONE', *, *, #579, .T. ) ;
#21 = COLOUR_RGB ( '',0.1137254901960784298, 0.1137254901960784298, 0.1137254901960784298 ) ;
#22 =( NAMED_UNIT ( * ) PLANE_ANGLE_UNIT ( ) SI_UNIT ( $, .RADIAN. ) );
#23 = SURFACE_SIDE_STYLE ('',( #1491 ) ) ;
#24 = VERTEX_POINT ( 'NONE', #224 ) ;
#25 =( GEOMETRIC_REPRESENTATION_CONTEXT ( 3 ) GLOBAL_UNCERTAINTY_ASSIGNED_CONTEXT ( ( #1197 ) ) GLOBAL_UNIT_ASSIGNED_CONTEXT ( ( #1841, #923, #1655 ) ) REPRESENTATION_CONTEXT ( 'NONE', 'WORKASPACE' ) );
#26 = ORIENTED_EDGE ( 'NONE', *, *, #1586, .F. ) ;
#27 = CARTESIAN_POINT ( 'NONE',  ( -1.699999999999999956, -0.9599484611796540445, -3.509948461179674961 ) ) ;
#28 = DIRECTION ( 'NONE',  ( -7.873781037753950332E-30, 1.000000000000000000, 0.000000000000000000 ) ) ;
#29 = ORIENTED_EDGE ( 'NONE', *, *, #1849, .T. ) ;
#30 = CARTESIAN_POINT ( 'NONE',  ( -4.500000000000000000, -0.9599484611796850198, 5.490051538820329924 ) ) ;
#31 = CARTESIAN_POINT ( 'NONE',  ( 0.000000000000000000, -0.9599484611796659239, -0.009948461179674379998 ) ) ;
#32 = CARTESIAN_POINT ( 'NONE',  ( -1.600000000000000089, -0.9899484611796578459, -2.409948461179674872 ) ) ;
#33 =( NAMED_UNIT ( * ) PLANE_ANGLE_UNIT ( ) SI_UNIT ( $, .RADIAN. ) );
#34 = EDGE_CURVE ( 'NONE', #1357, #852, #1121, .T. ) ;
#35 = DIRECTION ( 'NONE',  ( -1.000000000000000000, -5.383781906156569890E-30, 1.541976423090500169E-15 ) ) ;
#36 = DIRECTION ( 'NONE',  ( -1.000000000000000000, 0.000000000000000000, 0.000000000000000000 ) ) ;
#37 = ORIENTED_EDGE ( 'NONE', *, *, #756, .F. ) ;
#38 =( NAMED_UNIT ( * ) SI_UNIT ( $, .STERADIAN. ) SOLID_ANGLE_UNIT ( ) );
#39 = CARTESIAN_POINT ( 'NONE',  ( 1.699999999999999956, -0.8099484611796540223, -3.509948461179674961 ) ) ;
#40 = DIRECTION ( 'NONE',  ( -1.000000000000000000, 0.000000000000000000, 0.000000000000000000 ) ) ;
#41 = ORIENTED_EDGE ( 'NONE', *, *, #421, .F. ) ;
#42 = CARTESIAN_POINT ( 'NONE',  ( 2.899999999999999911, -0.8099484611796800015, 3.890051538820315180 ) ) ;
#43 = AXIS2_PLACEMENT_3D ( 'NONE', #821, #35, #1857 ) ;
#44 =( NAMED_UNIT ( * ) PLANE_ANGLE_UNIT ( ) SI_UNIT ( $, .RADIAN. ) );
#45 = ADVANCED_FACE ( 'NONE', ( #1258 ), #506, .T. ) ;
#46 = CARTESIAN_POINT ( 'NONE',  ( 0.000000000000000000, -0.9599484611796810229, 4.290051538820324417 ) ) ;
#47 = DIRECTION ( 'NONE',  ( -1.000000000000000000, -6.305654247355880172E-30, 1.807003620809174977E-15 ) ) ;
#48 = AXIS2_PLACEMENT_3D ( 'NONE', #511, #1432, #518 ) ;
#49 = ORIENTED_EDGE ( 'NONE', *, *, #466, .T. ) ;
#50 = VECTOR ( 'NONE', #1402, 1000.000000000000000 ) ;
#51 = MECHANICAL_DESIGN_GEOMETRIC_PRESENTATION_REPRESENTATION (  '', ( #935 ), #375 ) ;
#52 = STYLED_ITEM ( 'NONE', ( #853 ), #1233 ) ;
#53 = SURFACE_STYLE_FILL_AREA ( #324 ) ;
#54 =( GEOMETRIC_REPRESENTATION_CONTEXT ( 3 ) GLOBAL_UNCERTAINTY_ASSIGNED_CONTEXT ( ( #316 ) ) GLOBAL_UNIT_ASSIGNED_CONTEXT ( ( #635, #1584, #1114 ) ) REPRESENTATION_CONTEXT ( 'NONE', 'WORKASPACE' ) );
#55 =( NAMED_UNIT ( * ) SI_UNIT ( $, .STERADIAN. ) SOLID_ANGLE_UNIT ( ) );
#56 = UNCERTAINTY_MEASURE_WITH_UNIT (LENGTH_MEASURE( 1.000000000000000082E-05 ), #783, 'distance_accuracy_value', 'NONE');
#57 = PRESENTATION_LAYER_ASSIGNMENT (  '', '', ( #1290 ) ) ;
#58 = FACE_OUTER_BOUND ( 'NONE', #328, .T. ) ;
#59 =( NAMED_UNIT ( * ) PLANE_ANGLE_UNIT ( ) SI_UNIT ( $, .RADIAN. ) );
#60 = FACE_OUTER_BOUND ( 'NONE', #1248, .T. ) ;
#61 = VERTEX_POINT ( 'NONE', #1554 ) ;
#62 = CARTESIAN_POINT ( 'NONE',  ( 1.699999999999999956, -0.9599484611796810229, 4.290051538820324417 ) ) ;
#63 = EDGE_CURVE ( 'NONE', #705, #1028, #1862, .T. ) ;
#64 = CARTESIAN_POINT ( 'NONE',  ( -4.500000000000000000, -0.9599484611796850198, 5.490051538820329924 ) ) ;
#65 = EDGE_LOOP ( 'NONE', ( #1892, #147, #1343, #1107, #16, #297, #170, #416, #605, #258, #675, #219 ) ) ;
#66 =( NAMED_UNIT ( * ) PLANE_ANGLE_UNIT ( ) SI_UNIT ( $, .RADIAN. ) );
#67 = PLANE ( 'NONE',  #236 ) ;
#68 = FACE_OUTER_BOUND ( 'NONE', #868, .T. ) ;
#69 = PLANE ( 'NONE',  #312 ) ;
#70 = ORIENTED_EDGE ( 'NONE', *, *, #1644, .T. ) ;
#71 = FILL_AREA_STYLE ('',( #1108 ) ) ;
#72 = CARTESIAN_POINT ( 'NONE',  ( -1.699999999999999956, -0.9599484611796850198, 5.490051538820329924 ) ) ;
#73 = EDGE_CURVE ( 'NONE', #74, #748, #513, .T. ) ;
#74 = VERTEX_POINT ( 'NONE', #1462 ) ;
#75 = UNCERTAINTY_MEASURE_WITH_UNIT (LENGTH_MEASURE( 1.000000000000000082E-05 ), #1074, 'distance_accuracy_value', 'NONE');
#76 = CARTESIAN_POINT ( 'NONE',  ( 1.699999999999999956, -0.9599484611796850198, 5.490051538820329924 ) ) ;
#77 = ORIENTED_EDGE ( 'NONE', *, *, #73, .F. ) ;
#78 = STYLED_ITEM ( 'NONE', ( #1294 ), #358 ) ;
#79 = CIRCLE ( 'NONE', #1685, 0.08000000000000020983 ) ;
#80 = MECHANICAL_DESIGN_GEOMETRIC_PRESENTATION_REPRESENTATION (  '', ( #1561 ), #1687 ) ;
#81 = CARTESIAN_POINT ( 'NONE',  ( -4.500000000000000000, 0.1900515388203455058, -3.509948461179670076 ) ) ;
#82 = CARTESIAN_POINT ( 'NONE',  ( -1.600000000000000089, -0.9899484611796528499, -3.659948461179669987 ) ) ;
#83 =( GEOMETRIC_REPRESENTATION_CONTEXT ( 3 ) GLOBAL_UNCERTAINTY_ASSIGNED_CONTEXT ( ( #803 ) ) GLOBAL_UNIT_ASSIGNED_CONTEXT ( ( #1411, #436, #1920 ) ) REPRESENTATION_CONTEXT ( 'NONE', 'WORKASPACE' ) );
#84 = FILL_AREA_STYLE ('',( #693 ) ) ;
#85 = LINE ( 'NONE', #252, #587 ) ;
#86 = DIRECTION ( 'NONE',  ( -1.807003620809169455E-15, 3.501069515317765400E-15, -1.000000000000000000 ) ) ;
#87 = EDGE_CURVE ( 'NONE', #1318, #444, #1168, .T. ) ;
#88 = PRESENTATION_LAYER_ASSIGNMENT (  '', '', ( #124 ) ) ;
#89 =( NAMED_UNIT ( * ) PLANE_ANGLE_UNIT ( ) SI_UNIT ( $, .RADIAN. ) );
#90 = DIRECTION ( 'NONE',  ( -2.385244779468110149E-15, 0.000000000000000000, -1.000000000000000000 ) ) ;
#91 = ORIENTED_EDGE ( 'NONE', *, *, #1789, .T. ) ;
#92 = CARTESIAN_POINT ( 'NONE',  ( 4.500000000000000000, -0.9599484611796540445, -3.509948461179674961 ) ) ;
#93 = CARTESIAN_POINT ( 'NONE',  ( -1.699999999999999956, -0.8099484611796690103, 0.9900515388203260381 ) ) ;
#94 =( NAMED_UNIT ( * ) PLANE_ANGLE_UNIT ( ) SI_UNIT ( $, .RADIAN. ) );
#95 = UNCERTAINTY_MEASURE_WITH_UNIT (LENGTH_MEASURE( 1.000000000000000082E-05 ), #1934, 'distance_accuracy_value', 'NONE');
#96 = FACE_OUTER_BOUND ( 'NONE', #310, .T. ) ;
#97 = DIRECTION ( 'NONE',  ( 0.000000000000000000, -1.000000000000000000, -3.491481338843135327E-15 ) ) ;
#98 = ORIENTED_EDGE ( 'NONE', *, *, #1675, .F. ) ;
#99 = EDGE_CURVE ( 'NONE', #772, #1371, #553, .T. ) ;
#100 = CARTESIAN_POINT ( 'NONE',  ( 4.500000000000000000, -0.9599484611796540445, -3.509948461179674961 ) ) ;
#101 =( NAMED_UNIT ( * ) SI_UNIT ( $, .STERADIAN. ) SOLID_ANGLE_UNIT ( ) );
#102 = CARTESIAN_POINT ( 'NONE',  ( 1.600000000000000089, -0.9899484611796808275, 4.390051538820320509 ) ) ;
#103 = LINE ( 'NONE', #1460, #175 ) ;
#104 = LINE ( 'NONE', #273, #1311 ) ;
#105 = PRESENTATION_STYLE_ASSIGNMENT (( #1455 ) ) ;
#106 = DIRECTION ( 'NONE',  ( 1.000000000000000000, 6.151391435745259859E-30, -1.761828530288939972E-15 ) ) ;
#107 = ORIENTED_EDGE ( 'NONE', *, *, #815, .T. ) ;
#108 = ADVANCED_FACE ( 'NONE', ( #1135 ), #1445, .F. ) ;
#109 = SURFACE_SIDE_STYLE ('',( #237 ) ) ;
#110 = VERTEX_POINT ( 'NONE', #1588 ) ;
#111 = EDGE_CURVE ( 'NONE', #1387, #185, #104, .T. ) ;
#112 = CIRCLE ( 'NONE', #1535, 0.3249999999999997891 ) ;
#113 = LINE ( 'NONE', #1481, #1091 ) ;
#114 = VECTOR ( 'NONE', #333, 1000.000000000000000 ) ;
#115 = DIRECTION ( 'NONE',  ( 0.000000000000000000, -1.000000000000000000, -3.491481338843135327E-15 ) ) ;
#116 = AXIS2_PLACEMENT_3D ( 'NONE', #934, #1854, #1390 ) ;
#117 = AXIS2_PLACEMENT_3D ( 'NONE', #1650, #492, #1662 ) ;
#118 = PRESENTATION_LAYER_ASSIGNMENT (  '', '', ( #1085 ) ) ;
#119 = PRESENTATION_STYLE_ASSIGNMENT (( #880 ) ) ;
#120 = VECTOR ( 'NONE', #894, 1000.000000000000000 ) ;
#121 = VECTOR ( 'NONE', #1684, 1000.000000000000000 ) ;
#122 = LINE ( 'NONE', #1771, #1353 ) ;
#123 = ORIENTED_EDGE ( 'NONE', *, *, #1391, .F. ) ;
#124 = STYLED_ITEM ( 'NONE', ( #1833 ), #1882 ) ;
#125 = LINE ( 'NONE', #401, #441 ) ;
#126 = ORIENTED_EDGE ( 'NONE', *, *, #1444, .T. ) ;
#127 = CARTESIAN_POINT ( 'NONE',  ( 4.500000000000000000, -0.6599484611796730960, 1.990051538820325261 ) ) ;
#128 = FACE_OUTER_BOUND ( 'NONE', #1225, .T. ) ;
#129 = EDGE_CURVE ( 'NONE', #1900, #290, #112, .T. ) ;
#130 = CARTESIAN_POINT ( 'NONE',  ( -1.600000000000000089, 0.07005153882034530211, -3.539948461179670325 ) ) ;
#131 = CARTESIAN_POINT ( 'NONE',  ( 1.600000000000000089, 0.1900515388203455058, -3.509948461179670076 ) ) ;
#132 = EDGE_LOOP ( 'NONE', ( #1765, #1426, #459, #565 ) ) ;
#133 = FILL_AREA_STYLE_COLOUR ( '', #1661 ) ;
#134 = ORIENTED_EDGE ( 'NONE', *, *, #1861, .F. ) ;
#135 = CYLINDRICAL_SURFACE ( 'NONE', #1314, 0.1200000000000003147 ) ;
#136 = LINE ( 'NONE', #633, #275 ) ;
#137 = PRESENTATION_STYLE_ASSIGNMENT (( #1921 ) ) ;
#138 = EDGE_CURVE ( 'NONE', #1145, #1656, #1181, .T. ) ;
#139 = LINE ( 'NONE', #1830, #804 ) ;
#140 = DIRECTION ( 'NONE',  ( 0.000000000000000000, 3.491481338843135327E-15, -1.000000000000000000 ) ) ;
#141 = VERTEX_POINT ( 'NONE', #428 ) ;
#142 = ORIENTED_EDGE ( 'NONE', *, *, #470, .F. ) ;
#143 = SURFACE_STYLE_USAGE ( .BOTH. , #1497 ) ;
#144 = PRESENTATION_LAYER_ASSIGNMENT (  '', '', ( #1560 ) ) ;
#145 = MECHANICAL_DESIGN_GEOMETRIC_PRESENTATION_REPRESENTATION (  '', ( #1599 ), #1627 ) ;
#146 = CARTESIAN_POINT ( 'NONE',  ( 4.500000000000000000, -0.9599484611796850198, 5.490051538820329924 ) ) ;
#147 = ORIENTED_EDGE ( 'NONE', *, *, #1596, .F. ) ;
#148 = VECTOR ( 'NONE', #691, 1000.000000000000000 ) ;
#149 =( NAMED_UNIT ( * ) SI_UNIT ( $, .STERADIAN. ) SOLID_ANGLE_UNIT ( ) );
#150 = ORIENTED_EDGE ( 'NONE', *, *, #138, .T. ) ;
#151 = MECHANICAL_DESIGN_GEOMETRIC_PRESENTATION_REPRESENTATION (  '', ( #1818 ), #502 ) ;
#152 = PRESENTATION_LAYER_ASSIGNMENT (  '', '', ( #278 ) ) ;
#153 = SURFACE_SIDE_STYLE ('',( #1510 ) ) ;
#154 = SURFACE_STYLE_FILL_AREA ( #1663 ) ;
#155 = SURFACE_SIDE_STYLE ('',( #1512 ) ) ;
#156 =( LENGTH_UNIT ( ) NAMED_UNIT ( * ) SI_UNIT ( .MILLI., .METRE. ) );
#157 = ORIENTED_EDGE ( 'NONE', *, *, #244, .F. ) ;
#158 = EDGE_CURVE ( 'NONE', #1656, #1200, #686, .T. ) ;
#159 = DIRECTION ( 'NONE',  ( 0.000000000000000000, -1.000000000000000000, -3.491481338843135327E-15 ) ) ;
#160 = ORIENTED_EDGE ( 'NONE', *, *, #569, .T. ) ;
#161 = FILL_AREA_STYLE_COLOUR ( '', #1753 ) ;
#162 = CARTESIAN_POINT ( 'NONE',  ( 3.000000000000000000, -0.9599484611796689215, 0.9900515388203260381 ) ) ;
#163 = CARTESIAN_POINT ( 'NONE',  ( 1.600000000000000089, 0.1900515388203140033, 5.490051538820329924 ) ) ;
#164 = EDGE_LOOP ( 'NONE', ( #398, #1834, #552, #256 ) ) ;
#165 = LINE ( 'NONE', #764, #1448 ) ;
#166 = ORIENTED_EDGE ( 'NONE', *, *, #661, .F. ) ;
#167 =( LENGTH_UNIT ( ) NAMED_UNIT ( * ) SI_UNIT ( .MILLI., .METRE. ) );
#168 = ADVANCED_FACE ( 'NONE', ( #253 ), #1905, .F. ) ;
#169 = CARTESIAN_POINT ( 'NONE',  ( 4.500000000000000000, -0.9599484611796659239, -0.009948461179674379998 ) ) ;
#170 = ORIENTED_EDGE ( 'NONE', *, *, #594, .T. ) ;
#171 = CARTESIAN_POINT ( 'NONE',  ( 0.000000000000000000, -0.6599484611796730960, 1.990051538820335253 ) ) ;
#172 =( GEOMETRIC_REPRESENTATION_CONTEXT ( 3 ) GLOBAL_UNCERTAINTY_ASSIGNED_CONTEXT ( ( #1078 ) ) GLOBAL_UNIT_ASSIGNED_CONTEXT ( ( #514, #1550, #1273 ) ) REPRESENTATION_CONTEXT ( 'NONE', 'WORKASPACE' ) );
#173 = ORIENTED_EDGE ( 'NONE', *, *, #2, .T. ) ;
#174 = VECTOR ( 'NONE', #1612, 1000.000000000000000 ) ;
#175 = VECTOR ( 'NONE', #418, 1000.000000000000000 ) ;
#176 = STYLED_ITEM ( 'NONE', ( #1407 ), #1148 ) ;
#177 = CARTESIAN_POINT ( 'NONE',  ( -4.500000000000000000, -0.6599484611796730960, 1.990051538820339916 ) ) ;
#178 = ORIENTED_EDGE ( 'NONE', *, *, #158, .T. ) ;
#179 = VECTOR ( 'NONE', #354, 1000.000000000000000 ) ;
#180 = PRESENTATION_STYLE_ASSIGNMENT (( #1806 ) ) ;
#181 = AXIS2_PLACEMENT_3D ( 'NONE', #1259, #1717, #90 ) ;
#182 = DIRECTION ( 'NONE',  ( 0.000000000000000000, 1.000000000000000000, 3.491481338843135327E-15 ) ) ;
#183 = VECTOR ( 'NONE', #140, 1000.000000000000000 ) ;
#184 = EDGE_CURVE ( 'NONE', #1478, #1772, #1063, .T. ) ;
#185 = VERTEX_POINT ( 'NONE', #163 ) ;
#186 =( NAMED_UNIT ( * ) PLANE_ANGLE_UNIT ( ) SI_UNIT ( $, .RADIAN. ) );
#187 =( LENGTH_UNIT ( ) NAMED_UNIT ( * ) SI_UNIT ( .MILLI., .METRE. ) );
#188 = LINE ( 'NONE', #46, #442 ) ;
#189 = ORIENTED_EDGE ( 'NONE', *, *, #111, .F. ) ;
#190 = CARTESIAN_POINT ( 'NONE',  ( 1.600000000000000089, 0.07005153882031329993, 5.640051538820329391 ) ) ;
#191 = UNCERTAINTY_MEASURE_WITH_UNIT (LENGTH_MEASURE( 1.000000000000000082E-05 ), #1408, 'distance_accuracy_value', 'NONE');
#192 = EDGE_CURVE ( 'NONE', #1775, #1551, #326, .T. ) ;
#193 = SURFACE_STYLE_USAGE ( .BOTH. , #631 ) ;
#194 = ADVANCED_FACE ( 'NONE', ( #293 ), #457, .F. ) ;
#195 = DIRECTION ( 'NONE',  ( 0.000000000000000000, -1.000000000000000000, -3.491481338843135327E-15 ) ) ;
#196 =( NAMED_UNIT ( * ) SI_UNIT ( $, .STERADIAN. ) SOLID_ANGLE_UNIT ( ) );
#197 = LINE ( 'NONE', #952, #1065 ) ;
#198 = ORIENTED_EDGE ( 'NONE', *, *, #322, .F. ) ;
#199 = PLANE ( 'NONE',  #472 ) ;
#200 = DIRECTION ( 'NONE',  ( 1.000000000000000000, -5.383781906156569890E-30, 1.541976423090500169E-15 ) ) ;
#201 = SURFACE_STYLE_USAGE ( .BOTH. , #356 ) ;
#202 = FACE_OUTER_BOUND ( 'NONE', #566, .T. ) ;
#203 = AXIS2_PLACEMENT_3D ( 'NONE', #1196, #449, #905 ) ;
#204 = CARTESIAN_POINT ( 'NONE',  ( 4.500000000000000000, -0.6599484611796730960, 1.990051538820325261 ) ) ;
#205 = VECTOR ( 'NONE', #795, 1000.000000000000000 ) ;
#206 = LINE ( 'NONE', #1556, #1811 ) ;
#207 = SURFACE_STYLE_FILL_AREA ( #1843 ) ;
#208 = AXIS2_PLACEMENT_3D ( 'NONE', #130, #1217, #1332 ) ;
#209 = VERTEX_POINT ( 'NONE', #1051 ) ;
#210 = ADVANCED_FACE ( 'NONE', ( #1378 ), #1218, .T. ) ;
#211 =( GEOMETRIC_REPRESENTATION_CONTEXT ( 3 ) GLOBAL_UNCERTAINTY_ASSIGNED_CONTEXT ( ( #1578 ) ) GLOBAL_UNIT_ASSIGNED_CONTEXT ( ( #855, #1337, #1487 ) ) REPRESENTATION_CONTEXT ( 'NONE', 'WORKASPACE' ) );
#212 = COLOUR_RGB ( '',0.1137254901960784298, 0.1137254901960784298, 0.1137254901960784298 ) ;
#213 =( NAMED_UNIT ( * ) PLANE_ANGLE_UNIT ( ) SI_UNIT ( $, .RADIAN. ) );
#214 = PRESENTATION_LAYER_ASSIGNMENT (  '', '', ( #308 ) ) ;
#215 = ORIENTED_EDGE ( 'NONE', *, *, #1016, .T. ) ;
#216 = PRESENTATION_STYLE_ASSIGNMENT (( #629 ) ) ;
#217 = CARTESIAN_POINT ( 'NONE',  ( -4.500000000000000000, 0.9900515388203460221, -3.509948461179670076 ) ) ;
#218 =( NAMED_UNIT ( * ) SI_UNIT ( $, .STERADIAN. ) SOLID_ANGLE_UNIT ( ) );
#219 = ORIENTED_EDGE ( 'NONE', *, *, #345, .F. ) ;
#220 = ADVANCED_FACE ( 'NONE', ( #285 ), #890, .T. ) ;
#221 = DIRECTION ( 'NONE',  ( 0.000000000000000000, -3.491481338843135327E-15, 1.000000000000000000 ) ) ;
#222 = ORIENTED_EDGE ( 'NONE', *, *, #796, .F. ) ;
#223 = FILL_AREA_STYLE ('',( #1704 ) ) ;
#224 = CARTESIAN_POINT ( 'NONE',  ( 1.699999999999999956, -0.8099484611796849975, 5.490051538820329924 ) ) ;
#225 = PRESENTATION_STYLE_ASSIGNMENT (( #648 ) ) ;
#226 = DIRECTION ( 'NONE',  ( -1.000000000000000000, -7.570943305532650155E-30, 2.168404344971010446E-15 ) ) ;
#227 = ORIENTED_EDGE ( 'NONE', *, *, #281, .T. ) ;
#228 = LINE ( 'NONE', #1574, #679 ) ;
#229 = DIRECTION ( 'NONE',  ( 0.000000000000000000, 1.000000000000000000, 3.491481338843135327E-15 ) ) ;
#230 = UNCERTAINTY_MEASURE_WITH_UNIT (LENGTH_MEASURE( 1.000000000000000082E-05 ), #655, 'distance_accuracy_value', 'NONE');
#231 = DIRECTION ( 'NONE',  ( 0.000000000000000000, 1.000000000000000000, 3.491481338843135327E-15 ) ) ;
#232 = CARTESIAN_POINT ( 'NONE',  ( 4.500000000000000000, -0.9599484611796729183, 1.990051538820325261 ) ) ;
#233 = FACE_OUTER_BOUND ( 'NONE', #600, .T. ) ;
#234 = ORIENTED_EDGE ( 'NONE', *, *, #539, .F. ) ;
#235 = COLOUR_RGB ( '',0.1137254901960784298, 0.1137254901960784298, 0.1137254901960784298 ) ;
#236 = AXIS2_PLACEMENT_3D ( 'NONE', #1873, #1579, #521 ) ;
#237 = SURFACE_STYLE_FILL_AREA ( #432 ) ;
#238 = LINE ( 'NONE', #547, #1118 ) ;
#239 = VECTOR ( 'NONE', #40, 1000.000000000000000 ) ;
#240 = DIRECTION ( 'NONE',  ( 0.000000000000000000, -1.000000000000000000, -3.491481338843135327E-15 ) ) ;
#241 = STYLED_ITEM ( 'NONE', ( #1022 ), #1030 ) ;
#242 = SURFACE_SIDE_STYLE ('',( #1453 ) ) ;
#243 = VECTOR ( 'NONE', #1887, 1000.000000000000000 ) ;
#244 = EDGE_CURVE ( 'NONE', #1371, #772, #1413, .T. ) ;
#245 = MECHANICAL_DESIGN_GEOMETRIC_PRESENTATION_REPRESENTATION (  '', ( #1035 ), #311 ) ;
#246 = DIRECTION ( 'NONE',  ( -1.000000000000000000, 0.000000000000000000, 0.000000000000000000 ) ) ;
#247 = CIRCLE ( 'NONE', #979, 0.08000000000000020983 ) ;
#248 = DIRECTION ( 'NONE',  ( 0.000000000000000000, 3.491481338843135327E-15, -1.000000000000000000 ) ) ;
#249 = ORIENTED_EDGE ( 'NONE', *, *, #909, .F. ) ;
#250 = PLANE ( 'NONE',  #13 ) ;
#251 = CARTESIAN_POINT ( 'NONE',  ( 1.600000000000000089, 0.07005153882031370238, 5.520051538820330173 ) ) ;
#252 = CARTESIAN_POINT ( 'NONE',  ( -1.699999999999999956, -0.9599484611796689215, 0.9900515388203260381 ) ) ;
#253 = FACE_OUTER_BOUND ( 'NONE', #832, .T. ) ;
#254 = ADVANCED_FACE ( 'NONE', ( #1712 ), #1870, .F. ) ;
#255 = SURFACE_SIDE_STYLE ('',( #276 ) ) ;
#256 = ORIENTED_EDGE ( 'NONE', *, *, #661, .T. ) ;
#257 = DIRECTION ( 'NONE',  ( 0.000000000000000000, 1.000000000000000000, 3.491481338843135327E-15 ) ) ;
#258 = ORIENTED_EDGE ( 'NONE', *, *, #331, .F. ) ;
#259 = DIRECTION ( 'NONE',  ( 0.000000000000000000, -1.000000000000000000, -3.491481338843135327E-15 ) ) ;
#260 = PRESENTATION_STYLE_ASSIGNMENT (( #1616 ) ) ;
#261 = FILL_AREA_STYLE ('',( #1610 ) ) ;
#262 = SURFACE_STYLE_FILL_AREA ( #1304 ) ;
#263 = FILL_AREA_STYLE_COLOUR ( '', #817 ) ;
#264 = ORIENTED_EDGE ( 'NONE', *, *, #1269, .F. ) ;
#265 = ADVANCED_FACE ( 'NONE', ( #202 ), #1256, .F. ) ;
#266 = MECHANICAL_DESIGN_GEOMETRIC_PRESENTATION_REPRESENTATION (  '', ( #78 ), #775 ) ;
#267 = ORIENTED_EDGE ( 'NONE', *, *, #711, .F. ) ;
#268 = VECTOR ( 'NONE', #507, 1000.000000000000000 ) ;
#269 = FACE_OUTER_BOUND ( 'NONE', #914, .T. ) ;
#270 = VECTOR ( 'NONE', #931, 1000.000000000000000 ) ;
#271 = CARTESIAN_POINT ( 'NONE',  ( 3.225000000000000089, -0.8099484611796800015, 3.890051538820319621 ) ) ;
#272 = PRESENTATION_LAYER_ASSIGNMENT (  '', '', ( #733 ) ) ;
#273 = CARTESIAN_POINT ( 'NONE',  ( 1.600000000000000089, -0.9599484611796850198, 5.490051538820329924 ) ) ;
#274 = LINE ( 'NONE', #722, #270 ) ;
#275 = VECTOR ( 'NONE', #1836, 1000.000000000000000 ) ;
#276 = SURFACE_STYLE_FILL_AREA ( #1907 ) ;
#277 = ORIENTED_EDGE ( 'NONE', *, *, #1808, .F. ) ;
#278 = STYLED_ITEM ( 'NONE', ( #1802 ), #1901 ) ;
#279 = AXIS2_PLACEMENT_3D ( 'NONE', #1134, #349, #1401 ) ;
#280 = ORIENTED_EDGE ( 'NONE', *, *, #63, .T. ) ;
#281 = EDGE_CURVE ( 'NONE', #9, #717, #1598, .T. ) ;
#282 = PRESENTATION_STYLE_ASSIGNMENT (( #1014 ) ) ;
#283 = SURFACE_STYLE_FILL_AREA ( #1777 ) ;
#284 = CARTESIAN_POINT ( 'NONE',  ( -1.600000000000000089, -0.9899484611796849354, 5.640051538820329391 ) ) ;
#285 = FACE_OUTER_BOUND ( 'NONE', #295, .T. ) ;
#286 = FILL_AREA_STYLE_COLOUR ( '', #645 ) ;
#287 = LINE ( 'NONE', #882, #1038 ) ;
#288 = ORIENTED_EDGE ( 'NONE', *, *, #1306, .T. ) ;
#289 = CARTESIAN_POINT ( 'NONE',  ( 1.699999999999999956, -0.9599484611796580413, -2.309948461179680113 ) ) ;
#290 = VERTEX_POINT ( 'NONE', #271 ) ;
#291 = DIRECTION ( 'NONE',  ( 1.000000000000000000, 0.000000000000000000, 0.000000000000000000 ) ) ;
#292 = FILL_AREA_STYLE ('',( #1807 ) ) ;
#293 = FACE_OUTER_BOUND ( 'NONE', #1033, .T. ) ;
#294 = SURFACE_SIDE_STYLE ('',( #789 ) ) ;
#295 = EDGE_LOOP ( 'NONE', ( #1184, #1534, #1709, #234, #1456, #762, #1919, #481 ) ) ;
#296 = CARTESIAN_POINT ( 'NONE',  ( -4.500000000000000000, -0.9599484611796540445, -3.509948461179674961 ) ) ;
#297 = ORIENTED_EDGE ( 'NONE', *, *, #986, .F. ) ;
#298 = DIRECTION ( 'NONE',  ( 1.000000000000000000, 1.008631129473300061E-29, -2.710505431213755563E-15 ) ) ;
#299 = DIRECTION ( 'NONE',  ( 0.000000000000000000, 3.491481338843135327E-15, -1.000000000000000000 ) ) ;
#300 = PRESENTATION_LAYER_ASSIGNMENT (  '', '', ( #1597 ) ) ;
#301 = VECTOR ( 'NONE', #1735, 1000.000000000000000 ) ;
#302 = DIRECTION ( 'NONE',  ( 0.000000000000000000, 3.491481338843135327E-15, -1.000000000000000000 ) ) ;
#303 = PRESENTATION_LAYER_ASSIGNMENT (  '', '', ( #241 ) ) ;
#304 = EDGE_CURVE ( 'NONE', #290, #772, #103, .T. ) ;
#305 = AXIS2_PLACEMENT_3D ( 'NONE', #1206, #315, #302 ) ;
#306 = VECTOR ( 'NONE', #1457, 1000.000000000000000 ) ;
#307 = VERTEX_POINT ( 'NONE', #1133 ) ;
#308 = STYLED_ITEM ( 'NONE', ( #225 ), #1504 ) ;
#309 = CARTESIAN_POINT ( 'NONE',  ( 1.600000000000000089, -0.8099484611796690103, 0.9900515388203260381 ) ) ;
#310 = EDGE_LOOP ( 'NONE', ( #942, #778, #1493, #782 ) ) ;
#311 =( GEOMETRIC_REPRESENTATION_CONTEXT ( 3 ) GLOBAL_UNCERTAINTY_ASSIGNED_CONTEXT ( ( #1219 ) ) GLOBAL_UNIT_ASSIGNED_CONTEXT ( ( #940, #524, #1420 ) ) REPRESENTATION_CONTEXT ( 'NONE', 'WORKASPACE' ) );
#312 = AXIS2_PLACEMENT_3D ( 'NONE', #665, #1874, #525 ) ;
#313 = CARTESIAN_POINT ( 'NONE',  ( 0.000000000000000000, 0.9900515388203299239, 0.9900515388203321443 ) ) ;
#314 =( NAMED_UNIT ( * ) PLANE_ANGLE_UNIT ( ) SI_UNIT ( $, .RADIAN. ) );
#315 = DIRECTION ( 'NONE',  ( 0.000000000000000000, 1.000000000000000000, 3.491481338843135327E-15 ) ) ;
#316 = UNCERTAINTY_MEASURE_WITH_UNIT (LENGTH_MEASURE( 1.000000000000000082E-05 ), #635, 'distance_accuracy_value', 'NONE');
#317 = DIRECTION ( 'NONE',  ( -1.000000000000000000, 0.000000000000000000, 0.000000000000000000 ) ) ;
#318 = ORIENTED_EDGE ( 'NONE', *, *, #2, .F. ) ;
#319 = ADVANCED_FACE ( 'NONE', ( #1015 ), #568, .T. ) ;
#320 = CARTESIAN_POINT ( 'NONE',  ( 4.500000000000000000, -0.9599484611796540445, -3.509948461179674961 ) ) ;
#321 = VERTEX_POINT ( 'NONE', #1881 ) ;
#322 = EDGE_CURVE ( 'NONE', #1686, #1270, #85, .T. ) ;
#323 = DIRECTION ( 'NONE',  ( 0.000000000000000000, 3.491481338843135327E-15, -1.000000000000000000 ) ) ;
#324 = FILL_AREA_STYLE ('',( #636 ) ) ;
#325 =( NAMED_UNIT ( * ) SI_UNIT ( $, .STERADIAN. ) SOLID_ANGLE_UNIT ( ) );
#326 = LINE ( 'NONE', #171, #676 ) ;
#327 = CARTESIAN_POINT ( 'NONE',  ( 1.600000000000000089, -0.9899484611796689482, 0.9900515388203250389 ) ) ;
#328 = EDGE_LOOP ( 'NONE', ( #1334, #485, #895, #126 ) ) ;
#329 = DIRECTION ( 'NONE',  ( 1.000000000000000000, 0.000000000000000000, 0.000000000000000000 ) ) ;
#330 = ORIENTED_EDGE ( 'NONE', *, *, #1596, .T. ) ;
#331 = EDGE_CURVE ( 'NONE', #430, #719, #1309, .T. ) ;
#332 = PLANE ( 'NONE',  #1654 ) ;
#333 = DIRECTION ( 'NONE',  ( 0.000000000000000000, -1.000000000000000000, -3.491481338843135327E-15 ) ) ;
#334 = MECHANICAL_DESIGN_GEOMETRIC_PRESENTATION_REPRESENTATION (  '', ( #1085 ), #1340 ) ;
#335 = VECTOR ( 'NONE', #1292, 1000.000000000000000 ) ;
#336 =( GEOMETRIC_REPRESENTATION_CONTEXT ( 3 ) GLOBAL_UNCERTAINTY_ASSIGNED_CONTEXT ( ( #662 ) ) GLOBAL_UNIT_ASSIGNED_CONTEXT ( ( #856, #1143, #1891 ) ) REPRESENTATION_CONTEXT ( 'NONE', 'WORKASPACE' ) );
#337 =( NAMED_UNIT ( * ) PLANE_ANGLE_UNIT ( ) SI_UNIT ( $, .RADIAN. ) );
#338 = MECHANICAL_DESIGN_GEOMETRIC_PRESENTATION_REPRESENTATION (  '', ( #241 ), #740 ) ;
#339 = CARTESIAN_POINT ( 'NONE',  ( 0.000000000000000000, -0.8099484611796690103, 0.9900515388203260381 ) ) ;
#340 =( NAMED_UNIT ( * ) PLANE_ANGLE_UNIT ( ) SI_UNIT ( $, .RADIAN. ) );
#341 = EDGE_LOOP ( 'NONE', ( #1614, #1021, #173, #37 ) ) ;
#342 = MECHANICAL_DESIGN_GEOMETRIC_PRESENTATION_REPRESENTATION (  '', ( #877 ), #589 ) ;
#343 = COLOUR_RGB ( '',0.1137254901960784298, 0.1137254901960784298, 0.1137254901960784298 ) ;
#344 = CARTESIAN_POINT ( 'NONE',  ( 1.600000000000000089, 0.07005153882031329993, 5.640051538820329391 ) ) ;
#345 = EDGE_CURVE ( 'NONE', #1812, #321, #863, .T. ) ;
#346 = MECHANICAL_DESIGN_GEOMETRIC_PRESENTATION_REPRESENTATION (  '', ( #124 ), #879 ) ;
#347 = DIRECTION ( 'NONE',  ( 1.626303258728256059E-15, -4.065758146820630583E-15, 1.000000000000000000 ) ) ;
#348 = FILL_AREA_STYLE_COLOUR ( '', #771 ) ;
#349 = DIRECTION ( 'NONE',  ( 0.000000000000000000, 0.000000000000000000, 1.000000000000000000 ) ) ;
#350 = DIRECTION ( 'NONE',  ( -1.000000000000000000, -4.845403715540910028E-30, 1.387778780781450014E-15 ) ) ;
#351 = SURFACE_STYLE_FILL_AREA ( #1835 ) ;
#352 = DIRECTION ( 'NONE',  ( 1.561251128379120074E-15, -3.491481338843135327E-15, 1.000000000000000000 ) ) ;
#353 = ORIENTED_EDGE ( 'NONE', *, *, #545, .T. ) ;
#354 = DIRECTION ( 'NONE',  ( 0.000000000000000000, -3.491481338843135327E-15, 1.000000000000000000 ) ) ;
#355 = SURFACE_STYLE_USAGE ( .BOTH. , #1852 ) ;
#356 = SURFACE_SIDE_STYLE ('',( #1702 ) ) ;
#357 = ORIENTED_EDGE ( 'NONE', *, *, #387, .T. ) ;
#358 = ADVANCED_FACE ( 'NONE', ( #1167 ), #396, .F. ) ;
#359 = SURFACE_STYLE_USAGE ( .BOTH. , #1569 ) ;
#360 = DIRECTION ( 'NONE',  ( -1.445602896647340100E-15, 3.491481338843135327E-15, -1.000000000000000000 ) ) ;
#361 = CARTESIAN_POINT ( 'NONE',  ( 1.600000000000000089, 0.1900515388203140033, 5.520051538820330173 ) ) ;
#362 = VERTEX_POINT ( 'NONE', #603 ) ;
#363 = DIRECTION ( 'NONE',  ( 1.000000000000000000, 5.047295537021770040E-30, -1.445602896647340100E-15 ) ) ;
#364 = LINE ( 'NONE', #669, #1782 ) ;
#365 = DIRECTION ( 'NONE',  ( -1.000000000000000000, 0.000000000000000000, 0.000000000000000000 ) ) ;
#366 = VECTOR ( 'NONE', #534, 1000.000000000000000 ) ;
#367 = CARTESIAN_POINT ( 'NONE',  ( 1.600000000000000089, -0.9899484611796528499, -3.659948461179674872 ) ) ;
#368 = ADVANCED_FACE ( 'NONE', ( #10 ), #586, .F. ) ;
#369 = MECHANICAL_DESIGN_GEOMETRIC_PRESENTATION_REPRESENTATION (  '', ( #1560 ), #998 ) ;
#370 = LINE ( 'NONE', #1842, #967 ) ;
#371 = FILL_AREA_STYLE ('',( #798 ) ) ;
#372 =( NAMED_UNIT ( * ) PLANE_ANGLE_UNIT ( ) SI_UNIT ( $, .RADIAN. ) );
#373 = ORIENTED_EDGE ( 'NONE', *, *, #129, .T. ) ;
#374 =( GEOMETRIC_REPRESENTATION_CONTEXT ( 3 ) GLOBAL_UNCERTAINTY_ASSIGNED_CONTEXT ( ( #1379 ) ) GLOBAL_UNIT_ASSIGNED_CONTEXT ( ( #1399, #1102, #786 ) ) REPRESENTATION_CONTEXT ( 'NONE', 'WORKASPACE' ) );
#375 =( GEOMETRIC_REPRESENTATION_CONTEXT ( 3 ) GLOBAL_UNCERTAINTY_ASSIGNED_CONTEXT ( ( #604 ) ) GLOBAL_UNIT_ASSIGNED_CONTEXT ( ( #1537, #736, #463 ) ) REPRESENTATION_CONTEXT ( 'NONE', 'WORKASPACE' ) );
#376 = LINE ( 'NONE', #993, #1215 ) ;
#377 = VECTOR ( 'NONE', #1054, 1000.000000000000000 ) ;
#378 = LINE ( 'NONE', #1585, #1440 ) ;
#379 =( LENGTH_UNIT ( ) NAMED_UNIT ( * ) SI_UNIT ( .MILLI., .METRE. ) );
#380 = ORIENTED_EDGE ( 'NONE', *, *, #1571, .T. ) ;
#381 = UNCERTAINTY_MEASURE_WITH_UNIT (LENGTH_MEASURE( 1.000000000000000082E-05 ), #1794, 'distance_accuracy_value', 'NONE');
#382 =( NAMED_UNIT ( * ) PLANE_ANGLE_UNIT ( ) SI_UNIT ( $, .RADIAN. ) );
#383 =( LENGTH_UNIT ( ) NAMED_UNIT ( * ) SI_UNIT ( .MILLI., .METRE. ) );
#384 = PLANE ( 'NONE',  #409 ) ;
#385 = CARTESIAN_POINT ( 'NONE',  ( 0.000000000000000000, 0.1900515388203455058, -3.539948461179670325 ) ) ;
#386 = ORIENTED_EDGE ( 'NONE', *, *, #1205, .F. ) ;
#387 = EDGE_CURVE ( 'NONE', #828, #1522, #758, .T. ) ;
#388 = DIRECTION ( 'NONE',  ( -1.000000000000000000, 0.000000000000000000, 0.000000000000000000 ) ) ;
#389 = CYLINDRICAL_SURFACE ( 'NONE', #1691, 0.1199999999999998845 ) ;
#390 = SURFACE_STYLE_FILL_AREA ( #1149 ) ;
#391 = SURFACE_SIDE_STYLE ('',( #262 ) ) ;
#392 = ORIENTED_EDGE ( 'NONE', *, *, #281, .F. ) ;
#393 = CARTESIAN_POINT ( 'NONE',  ( 1.600000000000000089, -0.9899484611796849354, 5.640051538820329391 ) ) ;
#394 = EDGE_CURVE ( 'NONE', #1464, #9, #737, .T. ) ;
#395 = CYLINDRICAL_SURFACE ( 'NONE', #707, 0.3249999999999997891 ) ;
#396 = PLANE ( 'NONE',  #865 ) ;
#397 = CARTESIAN_POINT ( 'NONE',  ( 1.600000000000000089, 0.07005153882031370238, 5.520051538820330173 ) ) ;
#398 = ORIENTED_EDGE ( 'NONE', *, *, #1822, .T. ) ;
#399 = VECTOR ( 'NONE', #182, 1000.000000000000000 ) ;
#400 = COLOUR_RGB ( '',0.1137254901960784298, 0.1137254901960784298, 0.1137254901960784298 ) ;
#401 = CARTESIAN_POINT ( 'NONE',  ( 7.432205892388139206E-15, -0.9899484611796849354, 5.560051538820320438 ) ) ;
#402 = DIRECTION ( 'NONE',  ( 0.000000000000000000, 3.491481338843135327E-15, -1.000000000000000000 ) ) ;
#403 = VECTOR ( 'NONE', #881, 1000.000000000000000 ) ;
#404 =( GEOMETRIC_REPRESENTATION_CONTEXT ( 3 ) GLOBAL_UNCERTAINTY_ASSIGNED_CONTEXT ( ( #1400 ) ) GLOBAL_UNIT_ASSIGNED_CONTEXT ( ( #1653, #1190, #440 ) ) REPRESENTATION_CONTEXT ( 'NONE', 'WORKASPACE' ) );
#405 = AXIS2_PLACEMENT_3D ( 'NONE', #313, #928, #1049 ) ;
#406 = ADVANCED_FACE ( 'NONE', ( #128 ), #1801, .F. ) ;
#407 = CARTESIAN_POINT ( 'NONE',  ( -4.500000000000000000, -0.6599484611796659905, -0.009948461179659419742 ) ) ;
#408 = AXIS2_PLACEMENT_3D ( 'NONE', #296, #1368, #159 ) ;
#409 = AXIS2_PLACEMENT_3D ( 'NONE', #1274, #632, #1683 ) ;
#410 = DIRECTION ( 'NONE',  ( -1.000000000000000000, -6.310852008237850187E-30, 1.807003620809170244E-15 ) ) ;
#411 = PRESENTATION_LAYER_ASSIGNMENT (  '', '', ( #1634 ) ) ;
#412 = CARTESIAN_POINT ( 'NONE',  ( 1.699999999999999956, -0.9599484611796540445, -3.509948461179674961 ) ) ;
#413 = CARTESIAN_POINT ( 'NONE',  ( -1.600000000000000089, -0.9899484611796808275, 4.390051538820324950 ) ) ;
#414 = ORIENTED_EDGE ( 'NONE', *, *, #1652, .F. ) ;
#415 = CARTESIAN_POINT ( 'NONE',  ( -4.500000000000000000, -0.9599484611796540445, -3.509948461179674961 ) ) ;
#416 = ORIENTED_EDGE ( 'NONE', *, *, #1644, .F. ) ;
#417 = LINE ( 'NONE', #1623, #971 ) ;
#418 = DIRECTION ( 'NONE',  ( 0.000000000000000000, 1.000000000000000000, 3.491481338843135327E-15 ) ) ;
#419 = PRODUCT_RELATED_PRODUCT_CATEGORY ( 'part', '', ( #1138 ) ) ;
#420 =( NAMED_UNIT ( * ) PLANE_ANGLE_UNIT ( ) SI_UNIT ( $, .RADIAN. ) );
#421 = EDGE_CURVE ( 'NONE', #1775, #1280, #1050, .T. ) ;
#422 = CARTESIAN_POINT ( 'NONE',  ( -1.600000000000000089, 0.1900515388203135037, 5.640051538820329391 ) ) ;
#423 = DIRECTION ( 'NONE',  ( 0.000000000000000000, 1.000000000000000000, 3.491481338843135327E-15 ) ) ;
#424 = VERTEX_POINT ( 'NONE', #946 ) ;
#425 = LINE ( 'NONE', #1592, #148 ) ;
#426 = ORIENTED_EDGE ( 'NONE', *, *, #421, .T. ) ;
#427 = SURFACE_STYLE_USAGE ( .BOTH. , #1768 ) ;
#428 = CARTESIAN_POINT ( 'NONE',  ( -4.500000000000000000, 0.9900515388203150469, 5.490051538820329924 ) ) ;
#429 = CARTESIAN_POINT ( 'NONE',  ( 3.000000000000000000, -0.9599484611796659239, -0.009948461179674379998 ) ) ;
#430 = VERTEX_POINT ( 'NONE', #39 ) ;
#431 = ADVANCED_FACE ( 'NONE', ( #1839 ), #1374, .F. ) ;
#432 = FILL_AREA_STYLE ('',( #133 ) ) ;
#433 = STYLED_ITEM ( 'NONE', ( #1351 ), #406 ) ;
#434 = ORIENTED_EDGE ( 'NONE', *, *, #1799, .T. ) ;
#435 = STYLED_ITEM ( 'NONE', ( #864 ), #108 ) ;
#436 =( NAMED_UNIT ( * ) PLANE_ANGLE_UNIT ( ) SI_UNIT ( $, .RADIAN. ) );
#437 = CIRCLE ( 'NONE', #208, 0.1199999999999998845 ) ;
#438 = COLOUR_RGB ( '',0.1137254901960784298, 0.1137254901960784298, 0.1137254901960784298 ) ;
#439 = STYLED_ITEM ( 'NONE', ( #282 ), #959 ) ;
#440 =( NAMED_UNIT ( * ) SI_UNIT ( $, .STERADIAN. ) SOLID_ANGLE_UNIT ( ) );
#441 = VECTOR ( 'NONE', #554, 1000.000000000000000 ) ;
#442 = VECTOR ( 'NONE', #792, 1000.000000000000000 ) ;
#443 = CARTESIAN_POINT ( 'NONE',  ( 1.699999999999999956, -0.8099484611796690103, 0.9900515388203260381 ) ) ;
#444 = VERTEX_POINT ( 'NONE', #1109 ) ;
#445 =( GEOMETRIC_REPRESENTATION_CONTEXT ( 3 ) GLOBAL_UNCERTAINTY_ASSIGNED_CONTEXT ( ( #637 ) ) GLOBAL_UNIT_ASSIGNED_CONTEXT ( ( #458, #337, #1242 ) ) REPRESENTATION_CONTEXT ( 'NONE', 'WORKASPACE' ) );
#446 = EDGE_LOOP ( 'NONE', ( #613, #1466, #574, #924 ) ) ;
#447 = ADVANCED_FACE ( 'NONE', ( #1867 ), #332, .F. ) ;
#448 = DIRECTION ( 'NONE',  ( 1.000000000000000000, 0.000000000000000000, 0.000000000000000000 ) ) ;
#449 = DIRECTION ( 'NONE',  ( 1.761828530288939972E-15, -3.491481338843135327E-15, 1.000000000000000000 ) ) ;
#450 =( LENGTH_UNIT ( ) NAMED_UNIT ( * ) SI_UNIT ( .MILLI., .METRE. ) );
#451 = VERTEX_POINT ( 'NONE', #1829 ) ;
#452 = FILL_AREA_STYLE_COLOUR ( '', #1257 ) ;
#453 = ORIENTED_EDGE ( 'NONE', *, *, #1499, .T. ) ;
#454 = DIRECTION ( 'NONE',  ( 2.710505431213753985E-15, -6.776263578034384569E-15, 1.000000000000000000 ) ) ;
#455 = DIRECTION ( 'NONE',  ( 1.000000000000000000, 7.873781037753950332E-30, -2.255140518769850012E-15 ) ) ;
#456 = EDGE_CURVE ( 'NONE', #1699, #24, #1268, .T. ) ;
#457 = PLANE ( 'NONE',  #305 ) ;
#458 =( LENGTH_UNIT ( ) NAMED_UNIT ( * ) SI_UNIT ( .MILLI., .METRE. ) );
#459 = ORIENTED_EDGE ( 'NONE', *, *, #1111, .T. ) ;
#460 = SURFACE_SIDE_STYLE ('',( #1804 ) ) ;
#461 = VERTEX_POINT ( 'NONE', #659 ) ;
#462 = MECHANICAL_DESIGN_GEOMETRIC_PRESENTATION_REPRESENTATION (  '', ( #733 ), #1281 ) ;
#463 =( NAMED_UNIT ( * ) SI_UNIT ( $, .STERADIAN. ) SOLID_ANGLE_UNIT ( ) );
#464 = COLOUR_RGB ( '',0.1137254901960784298, 0.1137254901960784298, 0.1137254901960784298 ) ;
#465 = MECHANICAL_DESIGN_GEOMETRIC_PRESENTATION_REPRESENTATION (  '', ( #1468 ), #1283 ) ;
#466 = EDGE_CURVE ( 'NONE', #185, #1656, #517, .T. ) ;
#467 = MECHANICAL_DESIGN_GEOMETRIC_PRESENTATION_REPRESENTATION (  '', ( #1000 ), #1749 ) ;
#468 = AXIS2_PLACEMENT_3D ( 'NONE', #1009, #1769, #1150 ) ;
#469 = COLOUR_RGB ( '',0.1137254901960784298, 0.1137254901960784298, 0.1137254901960784298 ) ;
#470 = EDGE_CURVE ( 'NONE', #1208, #1422, #1227, .T. ) ;
#471 = CARTESIAN_POINT ( 'NONE',  ( 1.699999999999999956, -0.8099484611796580191, -2.309948461179674783 ) ) ;
#472 = AXIS2_PLACEMENT_3D ( 'NONE', #1164, #1774, #1910 ) ;
#473 = ORIENTED_EDGE ( 'NONE', *, *, #522, .F. ) ;
#474 = VECTOR ( 'NONE', #1275, 1000.000000000000000 ) ;
#475 =( LENGTH_UNIT ( ) NAMED_UNIT ( * ) SI_UNIT ( .MILLI., .METRE. ) );
#476 = PLANE ( 'NONE',  #938 ) ;
#477 = ORIENTED_EDGE ( 'NONE', *, *, #1913, .T. ) ;
#478 = SURFACE_STYLE_FILL_AREA ( #1059 ) ;
#479 = DIRECTION ( 'NONE',  ( 0.000000000000000000, -1.000000000000000000, -3.491481338843135327E-15 ) ) ;
#480 = CARTESIAN_POINT ( 'NONE',  ( 2.575000000000000178, -0.8099484611796800015, 3.890051538820315180 ) ) ;
#481 = ORIENTED_EDGE ( 'NONE', *, *, #345, .T. ) ;
#482 = EDGE_CURVE ( 'NONE', #1928, #1145, #1087, .T. ) ;
#483 = CARTESIAN_POINT ( 'NONE',  ( 4.500000000000000000, -0.6599484611796659905, -0.009948461179673519575 ) ) ;
#484 = DIRECTION ( 'NONE',  ( -1.000000000000000000, 0.000000000000000000, 0.000000000000000000 ) ) ;
#485 = ORIENTED_EDGE ( 'NONE', *, *, #1249, .F. ) ;
#486 = CARTESIAN_POINT ( 'NONE',  ( 1.699999999999999956, -0.8099484611796810007, 4.290051538820324417 ) ) ;
#487 = ORIENTED_EDGE ( 'NONE', *, *, #1205, .T. ) ;
#488 = EDGE_CURVE ( 'NONE', #1464, #1619, #1397, .T. ) ;
#489 = CARTESIAN_POINT ( 'NONE',  ( 1.600000000000000089, -0.9899484611796578459, -2.409948461179680201 ) ) ;
#490 = PRESENTATION_STYLE_ASSIGNMENT (( #1826 ) ) ;
#491 = ORIENTED_EDGE ( 'NONE', *, *, #909, .T. ) ;
#492 = DIRECTION ( 'NONE',  ( 1.000000000000000000, 6.310852008237850187E-30, -1.807003620809170244E-15 ) ) ;
#493 = PRESENTATION_STYLE_ASSIGNMENT (( #355 ) ) ;
#494 = LINE ( 'NONE', #31, #1688 ) ;
#495 =( GEOMETRIC_REPRESENTATION_CONTEXT ( 3 ) GLOBAL_UNCERTAINTY_ASSIGNED_CONTEXT ( ( #1832 ) ) GLOBAL_UNIT_ASSIGNED_CONTEXT ( ( #1943, #314, #1778 ) ) REPRESENTATION_CONTEXT ( 'NONE', 'WORKASPACE' ) );
#496 = UNCERTAINTY_MEASURE_WITH_UNIT (LENGTH_MEASURE( 1.000000000000000082E-05 ), #1414, 'distance_accuracy_value', 'NONE');
#497 = VECTOR ( 'NONE', #195, 1000.000000000000000 ) ;
#498 = PRESENTATION_LAYER_ASSIGNMENT (  '', '', ( #1346 ) ) ;
#499 = PRESENTATION_LAYER_ASSIGNMENT (  '', '', ( #1506 ) ) ;
#500 = FILL_AREA_STYLE ('',( #664 ) ) ;
#501 = EDGE_LOOP ( 'NONE', ( #29, #1260, #26, #434 ) ) ;
#502 =( GEOMETRIC_REPRESENTATION_CONTEXT ( 3 ) GLOBAL_UNCERTAINTY_ASSIGNED_CONTEXT ( ( #1519 ) ) GLOBAL_UNIT_ASSIGNED_CONTEXT ( ( #925, #340, #1488 ) ) REPRESENTATION_CONTEXT ( 'NONE', 'WORKASPACE' ) );
#503 =( NAMED_UNIT ( * ) SI_UNIT ( $, .STERADIAN. ) SOLID_ANGLE_UNIT ( ) );
#504 = VECTOR ( 'NONE', #1756, 1000.000000000000000 ) ;
#505 = DIRECTION ( 'NONE',  ( 0.000000000000000000, 1.000000000000000000, 3.491481338843135327E-15 ) ) ;
#506 = PLANE ( 'NONE',  #839 ) ;
#507 = DIRECTION ( 'NONE',  ( -1.000000000000000000, -7.570943305532650155E-30, 2.168404344971010446E-15 ) ) ;
#508 = CARTESIAN_POINT ( 'NONE',  ( 1.699999999999999956, -0.8099484611796580191, -2.309948461179674783 ) ) ;
#509 = SURFACE_STYLE_FILL_AREA ( #1864 ) ;
#510 = ORIENTED_EDGE ( 'NONE', *, *, #466, .F. ) ;
#511 = CARTESIAN_POINT ( 'NONE',  ( 0.000000000000000000, -0.9599484611796689215, 0.9900515388203260381 ) ) ;
#512 = EDGE_CURVE ( 'NONE', #1772, #893, #1608, .T. ) ;
#513 = LINE ( 'NONE', #1915, #1780 ) ;
#514 =( LENGTH_UNIT ( ) NAMED_UNIT ( * ) SI_UNIT ( .MILLI., .METRE. ) );
#515 = LINE ( 'NONE', #831, #1188 ) ;
#516 = ORIENTED_EDGE ( 'NONE', *, *, #99, .F. ) ;
#517 = LINE ( 'NONE', #1239, #706 ) ;
#518 = DIRECTION ( 'NONE',  ( 0.000000000000000000, 3.491481338843135327E-15, -1.000000000000000000 ) ) ;
#519 = VERTEX_POINT ( 'NONE', #555 ) ;
#520 = MECHANICAL_DESIGN_GEOMETRIC_PRESENTATION_REPRESENTATION (  '', ( #433 ), #495 ) ;
#521 = DIRECTION ( 'NONE',  ( -1.445602896647340100E-15, 0.000000000000000000, -1.000000000000000000 ) ) ;
#522 = EDGE_CURVE ( 'NONE', #24, #1387, #1158, .T. ) ;
#523 = PLANE ( 'NONE',  #1055 ) ;
#524 =( NAMED_UNIT ( * ) PLANE_ANGLE_UNIT ( ) SI_UNIT ( $, .RADIAN. ) );
#525 = DIRECTION ( 'NONE',  ( -3.785471652766310364E-30, 1.000000000000000000, 0.000000000000000000 ) ) ;
#526 = ORIENTED_EDGE ( 'NONE', *, *, #620, .T. ) ;
#527 = MECHANICAL_DESIGN_GEOMETRIC_PRESENTATION_REPRESENTATION (  '', ( #808 ), #404 ) ;
#528 = VECTOR ( 'NONE', #259, 1000.000000000000000 ) ;
#529 = SURFACE_STYLE_FILL_AREA ( #1876 ) ;
#530 = AXIS2_PLACEMENT_3D ( 'NONE', #1759, #873, #1032 ) ;
#531 = FILL_AREA_STYLE ('',( #680 ) ) ;
#532 = DIRECTION ( 'NONE',  ( 1.541976423090500169E-15, 3.491481338843135327E-15, -1.000000000000000000 ) ) ;
#533 = EDGE_LOOP ( 'NONE', ( #1073, #1517, #227, #725 ) ) ;
#534 = DIRECTION ( 'NONE',  ( 0.000000000000000000, -1.000000000000000000, -3.491481338843135327E-15 ) ) ;
#535 = VECTOR ( 'NONE', #630, 1000.000000000000000 ) ;
#536 = FILL_AREA_STYLE ('',( #937 ) ) ;
#537 = PRESENTATION_STYLE_ASSIGNMENT (( #1288 ) ) ;
#538 = ORIENTED_EDGE ( 'NONE', *, *, #889, .T. ) ;
#539 = EDGE_CURVE ( 'NONE', #852, #1619, #79, .T. ) ;
#540 = PRESENTATION_STYLE_ASSIGNMENT (( #1437 ) ) ;
#541 =( LENGTH_UNIT ( ) NAMED_UNIT ( * ) SI_UNIT ( .MILLI., .METRE. ) );
#542 =( NAMED_UNIT ( * ) PLANE_ANGLE_UNIT ( ) SI_UNIT ( $, .RADIAN. ) );
#543 = LINE ( 'NONE', #422, #174 ) ;
#544 = ORIENTED_EDGE ( 'NONE', *, *, #1364, .F. ) ;
#545 = EDGE_CURVE ( 'NONE', #921, #1613, #378, .T. ) ;
#546 = CARTESIAN_POINT ( 'NONE',  ( 1.600000000000000089, -0.9899484611796849354, 5.640051538820329391 ) ) ;
#547 = CARTESIAN_POINT ( 'NONE',  ( 0.000000000000000000, 0.9900515388203460221, -3.509948461179670076 ) ) ;
#548 = EDGE_CURVE ( 'NONE', #290, #1900, #1370, .T. ) ;
#549 = CARTESIAN_POINT ( 'NONE',  ( -9.822871682718670172E-15, 0.07005153882034530211, -3.539948461179670325 ) ) ;
#550 =( LENGTH_UNIT ( ) NAMED_UNIT ( * ) SI_UNIT ( .MILLI., .METRE. ) );
#551 = CARTESIAN_POINT ( 'NONE',  ( -1.699999999999999956, -0.8099484611796540223, -3.509948461179674961 ) ) ;
#552 = ORIENTED_EDGE ( 'NONE', *, *, #539, .T. ) ;
#553 = CIRCLE ( 'NONE', #1658, 0.3249999999999997891 ) ;
#554 = DIRECTION ( 'NONE',  ( 1.000000000000000000, 5.678207479149500228E-30, -1.626303258728260004E-15 ) ) ;
#555 = CARTESIAN_POINT ( 'NONE',  ( 3.000000000000000000, -0.6599484611796730960, 1.990051538820325261 ) ) ;
#556 = CIRCLE ( 'NONE', #1786, 0.08000000000000020983 ) ;
#557 = AXIS2_PLACEMENT_3D ( 'NONE', #773, #1944, #1645 ) ;
#558 = LINE ( 'NONE', #1793, #844 ) ;
#559 = VECTOR ( 'NONE', #1209, 1000.000000000000000 ) ;
#560 = DIRECTION ( 'NONE',  ( -1.000000000000000000, 0.000000000000000000, 3.180326372624150547E-15 ) ) ;
#561 = ADVANCED_FACE ( 'NONE', ( #1888 ), #250, .F. ) ;
#562 =( GEOMETRIC_REPRESENTATION_CONTEXT ( 3 ) GLOBAL_UNCERTAINTY_ASSIGNED_CONTEXT ( ( #1672 ) ) GLOBAL_UNIT_ASSIGNED_CONTEXT ( ( #1246, #59, #1434 ) ) REPRESENTATION_CONTEXT ( 'NONE', 'WORKASPACE' ) );
#563 = CARTESIAN_POINT ( 'NONE',  ( -1.600000000000000089, -0.9899484611796849354, 5.640051538820329391 ) ) ;
#564 =( NAMED_UNIT ( * ) SI_UNIT ( $, .STERADIAN. ) SOLID_ANGLE_UNIT ( ) );
#565 = ORIENTED_EDGE ( 'NONE', *, *, #73, .T. ) ;
#566 = EDGE_LOOP ( 'NONE', ( #386, #123, #1639, #918 ) ) ;
#567 = FILL_AREA_STYLE ('',( #1912 ) ) ;
#568 = PLANE ( 'NONE',  #933 ) ;
#569 = EDGE_CURVE ( 'NONE', #1837, #1348, #1147, .T. ) ;
#570 = SURFACE_STYLE_USAGE ( .BOTH. , #721 ) ;
#571 =( NAMED_UNIT ( * ) PLANE_ANGLE_UNIT ( ) SI_UNIT ( $, .RADIAN. ) );
#572 = SURFACE_STYLE_FILL_AREA ( #851 ) ;
#573 = SURFACE_STYLE_USAGE ( .BOTH. , #255 ) ;
#574 = ORIENTED_EDGE ( 'NONE', *, *, #1937, .T. ) ;
#575 = VERTEX_POINT ( 'NONE', #1140 ) ;
#576 = FACE_OUTER_BOUND ( 'NONE', #981, .T. ) ;
#577 = DIRECTION ( 'NONE',  ( -1.000000000000000000, 0.000000000000000000, 2.168404344971010446E-15 ) ) ;
#578 = ORIENTED_EDGE ( 'NONE', *, *, #1322, .T. ) ;
#579 = EDGE_CURVE ( 'NONE', #1354, #963, #1741, .T. ) ;
#580 = CARTESIAN_POINT ( 'NONE',  ( -1.699999999999999956, -0.9599484611796850198, 5.490051538820329924 ) ) ;
#581 = MECHANICAL_DESIGN_GEOMETRIC_PRESENTATION_REPRESENTATION (  '', ( #1779 ), #703 ) ;
#582 = ORIENTED_EDGE ( 'NONE', *, *, #1269, .T. ) ;
#583 = COLOUR_RGB ( '',0.1137254901960784298, 0.1137254901960784298, 0.1137254901960784298 ) ;
#584 = LINE ( 'NONE', #320, #1479 ) ;
#585 = VECTOR ( 'NONE', #248, 1000.000000000000000 ) ;
#586 = PLANE ( 'NONE',  #203 ) ;
#587 = VECTOR ( 'NONE', #1896, 1000.000000000000000 ) ;
#588 = PRESENTATION_STYLE_ASSIGNMENT (( #1490 ) ) ;
#589 =( GEOMETRIC_REPRESENTATION_CONTEXT ( 3 ) GLOBAL_UNCERTAINTY_ASSIGNED_CONTEXT ( ( #760 ) ) GLOBAL_UNIT_ASSIGNED_CONTEXT ( ( #475, #1347, #149 ) ) REPRESENTATION_CONTEXT ( 'NONE', 'WORKASPACE' ) );
#590 = CARTESIAN_POINT ( 'NONE',  ( 1.600000000000000089, -0.9099484611796530009, -3.659948461179674872 ) ) ;
#591 = VECTOR ( 'NONE', #1236, 1000.000000000000000 ) ;
#592 = CARTESIAN_POINT ( 'NONE',  ( -1.699999999999999956, -0.8099484611796690103, 0.9900515388203260381 ) ) ;
#593 = ORIENTED_EDGE ( 'NONE', *, *, #1019, .F. ) ;
#594 = EDGE_CURVE ( 'NONE', #7, #765, #238, .T. ) ;
#595 = CARTESIAN_POINT ( 'NONE',  ( -1.600000000000000089, -0.9899484611796578459, -2.409948461179674872 ) ) ;
#596 = ORIENTED_EDGE ( 'NONE', *, *, #1789, .F. ) ;
#597 = CARTESIAN_POINT ( 'NONE',  ( 1.600000000000000089, -0.9899484611796578459, -2.409948461179680201 ) ) ;
#598 = ORIENTED_EDGE ( 'NONE', *, *, #720, .F. ) ;
#599 = FILL_AREA_STYLE_COLOUR ( '', #1317 ) ;
#600 = EDGE_LOOP ( 'NONE', ( #160, #1298, #1127, #1869 ) ) ;
#601 = ADVANCED_FACE ( 'NONE', ( #1300 ), #1894, .F. ) ;
#602 = PLANE ( 'NONE',  #1122 ) ;
#603 = CARTESIAN_POINT ( 'NONE',  ( -3.000000000000000000, -0.9599484611796659239, -0.009948461179665279638 ) ) ;
#604 = UNCERTAINTY_MEASURE_WITH_UNIT (LENGTH_MEASURE( 1.000000000000000082E-05 ), #1537, 'distance_accuracy_value', 'NONE');
#605 = ORIENTED_EDGE ( 'NONE', *, *, #1330, .F. ) ;
#606 = SURFACE_STYLE_USAGE ( .BOTH. , #460 ) ;
#607 = EDGE_LOOP ( 'NONE', ( #380, #1886, #1744, #453, #1718, #1165, #1194, #842 ) ) ;
#608 = AXIS2_PLACEMENT_3D ( 'NONE', #1721, #229, #987 ) ;
#609 = PRESENTATION_LAYER_ASSIGNMENT (  '', '', ( #1372 ) ) ;
#610 = EDGE_CURVE ( 'NONE', #717, #1478, #1384, .T. ) ;
#611 = AXIS2_PLACEMENT_3D ( 'NONE', #1781, #479, #1529 ) ;
#612 = STYLED_ITEM ( 'NONE', ( #1523 ), #1454 ) ;
#613 = ORIENTED_EDGE ( 'NONE', *, *, #711, .T. ) ;
#614 = PRESENTATION_LAYER_ASSIGNMENT (  '', '', ( #1818 ) ) ;
#615 = LINE ( 'NONE', #1659, #120 ) ;
#616 = LINE ( 'NONE', #781, #121 ) ;
#617 = ORIENTED_EDGE ( 'NONE', *, *, #1516, .F. ) ;
#618 = DIRECTION ( 'NONE',  ( 0.000000000000000000, 1.000000000000000000, 3.491481338843135327E-15 ) ) ;
#619 = SURFACE_STYLE_USAGE ( .BOTH. , #1271 ) ;
#620 = EDGE_CURVE ( 'NONE', #362, #1318, #206, .T. ) ;
#621 = CARTESIAN_POINT ( 'NONE',  ( -3.000000000000000000, -0.6599484611796689881, 0.9900515388203260381 ) ) ;
#622 = EDGE_LOOP ( 'NONE', ( #1583, #649, #1649, #1053 ) ) ;
#623 = PRESENTATION_STYLE_ASSIGNMENT (( #1729 ) ) ;
#624 = DIRECTION ( 'NONE',  ( 0.000000000000000000, 1.000000000000000000, 3.491481338843135327E-15 ) ) ;
#625 = DIRECTION ( 'NONE',  ( -1.000000000000000000, 0.000000000000000000, 1.913297951445009890E-15 ) ) ;
#626 = ORIENTED_EDGE ( 'NONE', *, *, #1652, .T. ) ;
#627 = DIRECTION ( 'NONE',  ( 0.000000000000000000, -1.000000000000000000, -3.491481338843135327E-15 ) ) ;
#628 = LINE ( 'NONE', #770, #114 ) ;
#629 = SURFACE_STYLE_USAGE ( .BOTH. , #1577 ) ;
#630 = DIRECTION ( 'NONE',  ( 0.000000000000000000, -3.491481338843135327E-15, 1.000000000000000000 ) ) ;
#631 = SURFACE_SIDE_STYLE ('',( #1728 ) ) ;
#632 = DIRECTION ( 'NONE',  ( 0.000000000000000000, -1.000000000000000000, -3.491481338843135327E-15 ) ) ;
#633 = CARTESIAN_POINT ( 'NONE',  ( -1.600000000000000089, -0.9599484611796540445, -3.509948461179674961 ) ) ;
#634 = ORIENTED_EDGE ( 'NONE', *, *, #482, .F. ) ;
#635 =( LENGTH_UNIT ( ) NAMED_UNIT ( * ) SI_UNIT ( .MILLI., .METRE. ) );
#636 = FILL_AREA_STYLE_COLOUR ( '', #876 ) ;
#637 = UNCERTAINTY_MEASURE_WITH_UNIT (LENGTH_MEASURE( 1.000000000000000082E-05 ), #458, 'distance_accuracy_value', 'NONE');
#638 = DIRECTION ( 'NONE',  ( 1.000000000000000000, 0.000000000000000000, 0.000000000000000000 ) ) ;
#639 = ORIENTED_EDGE ( 'NONE', *, *, #1179, .T. ) ;
#640 = MECHANICAL_DESIGN_GEOMETRIC_PRESENTATION_REPRESENTATION (  '', ( #802 ), #172 ) ;
#641 =( LENGTH_UNIT ( ) NAMED_UNIT ( * ) SI_UNIT ( .MILLI., .METRE. ) );
#642 = UNCERTAINTY_MEASURE_WITH_UNIT (LENGTH_MEASURE( 1.000000000000000082E-05 ), #187, 'distance_accuracy_value', 'NONE');
#643 = MECHANICAL_DESIGN_GEOMETRIC_PRESENTATION_REPRESENTATION (  '', ( #1058 ), #1252 ) ;
#644 = FILL_AREA_STYLE ('',( #1705 ) ) ;
#645 = COLOUR_RGB ( '',0.1137254901960784298, 0.1137254901960784298, 0.1137254901960784298 ) ;
#646 = MECHANICAL_DESIGN_GEOMETRIC_PRESENTATION_REPRESENTATION (  '', ( #1506 ), #374 ) ;
#647 = PRESENTATION_LAYER_ASSIGNMENT (  '', '', ( #439 ) ) ;
#648 = SURFACE_STYLE_USAGE ( .BOTH. , #1264 ) ;
#649 = ORIENTED_EDGE ( 'NONE', *, *, #129, .F. ) ;
#650 = VECTOR ( 'NONE', #1485, 1000.000000000000000 ) ;
#651 = EDGE_CURVE ( 'NONE', #813, #1163, #370, .T. ) ;
#652 = PRESENTATION_LAYER_ASSIGNMENT (  '', '', ( #1380 ) ) ;
#653 =( NAMED_UNIT ( * ) SI_UNIT ( $, .STERADIAN. ) SOLID_ANGLE_UNIT ( ) );
#654 = DIRECTION ( 'NONE',  ( 1.000000000000000000, 5.451079179983480254E-30, -1.561251128379120074E-15 ) ) ;
#655 =( LENGTH_UNIT ( ) NAMED_UNIT ( * ) SI_UNIT ( .MILLI., .METRE. ) );
#656 = PLANE ( 'NONE',  #1254 ) ;
#657 = ORIENTED_EDGE ( 'NONE', *, *, #1216, .T. ) ;
#658 = LINE ( 'NONE', #81, #243 ) ;
#659 = CARTESIAN_POINT ( 'NONE',  ( -1.600000000000000089, -0.9899484611796849354, 5.560051538820330208 ) ) ;
#660 = EDGE_CURVE ( 'NONE', #1363, #753, #939, .T. ) ;
#661 = EDGE_CURVE ( 'NONE', #1619, #1, #1095, .T. ) ;
#662 = UNCERTAINTY_MEASURE_WITH_UNIT (LENGTH_MEASURE( 1.000000000000000082E-05 ), #856, 'distance_accuracy_value', 'NONE');
#663 = ORIENTED_EDGE ( 'NONE', *, *, #1750, .F. ) ;
#664 = FILL_AREA_STYLE_COLOUR ( '', #583 ) ;
#665 = CARTESIAN_POINT ( 'NONE',  ( 3.000000000000000000, -0.6599484611796730960, 1.990051538820325261 ) ) ;
#666 = ORIENTED_EDGE ( 'NONE', *, *, #1620, .F. ) ;
#667 = LINE ( 'NONE', #1425, #1603 ) ;
#668 = DIRECTION ( 'NONE',  ( -1.626303258728260004E-15, 3.491481338843135327E-15, -1.000000000000000000 ) ) ;
#669 = CARTESIAN_POINT ( 'NONE',  ( -4.500000000000000000, -0.9599484611796850198, 5.490051538820329924 ) ) ;
#670 = ORIENTED_EDGE ( 'NONE', *, *, #1261, .F. ) ;
#671 = CARTESIAN_POINT ( 'NONE',  ( 0.000000000000000000, -0.9899484611796689482, 0.9900515388203250389 ) ) ;
#672 = ADVANCED_FACE ( 'NONE', ( #1403 ), #523, .T. ) ;
#673 = DIRECTION ( 'NONE',  ( 0.000000000000000000, 1.000000000000000000, 3.491481338843135327E-15 ) ) ;
#674 = SURFACE_SIDE_STYLE ('',( #509 ) ) ;
#675 = ORIENTED_EDGE ( 'NONE', *, *, #1538, .T. ) ;
#676 = VECTOR ( 'NONE', #897, 1000.000000000000000 ) ;
#677 = MECHANICAL_DESIGN_GEOMETRIC_PRESENTATION_REPRESENTATION (  '', ( #1566 ), #875 ) ;
#678 = SURFACE_STYLE_USAGE ( .BOTH. , #824 ) ;
#679 = VECTOR ( 'NONE', #1250, 1000.000000000000000 ) ;
#680 = FILL_AREA_STYLE_COLOUR ( '', #1180 ) ;
#681 =( GEOMETRIC_REPRESENTATION_CONTEXT ( 3 ) GLOBAL_UNCERTAINTY_ASSIGNED_CONTEXT ( ( #739 ) ) GLOBAL_UNIT_ASSIGNED_CONTEXT ( ( #1737, #1082, #941 ) ) REPRESENTATION_CONTEXT ( 'NONE', 'WORKASPACE' ) );
#682 = SURFACE_STYLE_USAGE ( .BOTH. , #988 ) ;
#683 = DIRECTION ( 'NONE',  ( -1.000000000000000000, 0.000000000000000000, 0.000000000000000000 ) ) ;
#684 = UNCERTAINTY_MEASURE_WITH_UNIT (LENGTH_MEASURE( 1.000000000000000082E-05 ), #996, 'distance_accuracy_value', 'NONE');
#685 = VECTOR ( 'NONE', #97, 1000.000000000000000 ) ;
#686 = LINE ( 'NONE', #1469, #870 ) ;
#687 = EDGE_CURVE ( 'NONE', #519, #1522, #1706, .T. ) ;
#688 = FILL_AREA_STYLE_COLOUR ( '', #1443 ) ;
#689 = SURFACE_SIDE_STYLE ('',( #1106 ) ) ;
#690 = ORIENTED_EDGE ( 'NONE', *, *, #815, .F. ) ;
#691 = DIRECTION ( 'NONE',  ( 0.000000000000000000, -1.000000000000000000, -3.491481338843135327E-15 ) ) ;
#692 = DIRECTION ( 'NONE',  ( 2.710505431213753985E-15, -4.065758146820630583E-15, 1.000000000000000000 ) ) ;
#693 = FILL_AREA_STYLE_COLOUR ( '', #1151 ) ;
#694 =( NAMED_UNIT ( * ) SI_UNIT ( $, .STERADIAN. ) SOLID_ANGLE_UNIT ( ) );
#695 =( NAMED_UNIT ( * ) SI_UNIT ( $, .STERADIAN. ) SOLID_ANGLE_UNIT ( ) );
#696 = DIRECTION ( 'NONE',  ( -1.000000000000000000, 0.000000000000000000, 0.000000000000000000 ) ) ;
#697 = ORIENTED_EDGE ( 'NONE', *, *, #1750, .T. ) ;
#698 = ADVANCED_FACE ( 'NONE', ( #1419 ), #656, .T. ) ;
#699 =( LENGTH_UNIT ( ) NAMED_UNIT ( * ) SI_UNIT ( .MILLI., .METRE. ) );
#700 = SURFACE_SIDE_STYLE ('',( #980 ) ) ;
#701 = CARTESIAN_POINT ( 'NONE',  ( 1.699999999999999956, -0.8099484611796690103, 0.9900515388203260381 ) ) ;
#702 = CARTESIAN_POINT ( 'NONE',  ( 2.899999999999999911, -0.8099484611796800015, 3.890051538820315180 ) ) ;
#703 =( GEOMETRIC_REPRESENTATION_CONTEXT ( 3 ) GLOBAL_UNCERTAINTY_ASSIGNED_CONTEXT ( ( #75 ) ) GLOBAL_UNIT_ASSIGNED_CONTEXT ( ( #1074, #784, #653 ) ) REPRESENTATION_CONTEXT ( 'NONE', 'WORKASPACE' ) );
#704 = FILL_AREA_STYLE_COLOUR ( '', #1820 ) ;
#705 = VERTEX_POINT ( 'NONE', #232 ) ;
#706 = VECTOR ( 'NONE', #1692, 1000.000000000000000 ) ;
#707 = AXIS2_PLACEMENT_3D ( 'NONE', #1711, #827, #1587 ) ;
#708 = COLOUR_RGB ( '',0.1137254901960784298, 0.1137254901960784298, 0.1137254901960784298 ) ;
#709 = CARTESIAN_POINT ( 'NONE',  ( -3.000000000000000000, -0.9599484611796729183, 1.990051538820335253 ) ) ;
#710 = ORIENTED_EDGE ( 'NONE', *, *, #1808, .T. ) ;
#711 = EDGE_CURVE ( 'NONE', #461, #61, #1770, .T. ) ;
#712 = PRESENTATION_LAYER_ASSIGNMENT (  '', '', ( #1904 ) ) ;
#713 = DIRECTION ( 'NONE',  ( 0.000000000000000000, 1.000000000000000000, 3.491481338843135327E-15 ) ) ;
#714 = AXIS2_PLACEMENT_3D ( 'NONE', #339, #822, #1730 ) ;
#715 = FILL_AREA_STYLE_COLOUR ( '', #1722 ) ;
#716 = DIRECTION ( 'NONE',  ( 1.000000000000000000, 6.680244093117049283E-30, -1.913297951445009890E-15 ) ) ;
#717 = VERTEX_POINT ( 'NONE', #1010 ) ;
#718 =( LENGTH_UNIT ( ) NAMED_UNIT ( * ) SI_UNIT ( .MILLI., .METRE. ) );
#719 = VERTEX_POINT ( 'NONE', #412 ) ;
#720 = EDGE_CURVE ( 'NONE', #1354, #1200, #543, .T. ) ;
#721 = SURFACE_SIDE_STYLE ('',( #1743 ) ) ;
#722 = CARTESIAN_POINT ( 'NONE',  ( 0.000000000000000000, -0.8099484611796849975, 5.490051538820329924 ) ) ;
#723 = DIRECTION ( 'NONE',  ( 1.000000000000000000, 9.774995213324390187E-30, -2.710505431213755563E-15 ) ) ;
#724 = ORIENTED_EDGE ( 'NONE', *, *, #1611, .T. ) ;
#725 = ORIENTED_EDGE ( 'NONE', *, *, #1763, .T. ) ;
#726 = SURFACE_SIDE_STYLE ('',( #1329 ) ) ;
#727 = CARTESIAN_POINT ( 'NONE',  ( 1.600000000000000089, -0.9899484611796528499, -3.579948461179674801 ) ) ;
#728 = FILL_AREA_STYLE_COLOUR ( '', #212 ) ;
#729 = ADVANCED_FACE ( 'NONE', ( #96 ), #1312, .F. ) ;
#730 = SURFACE_STYLE_USAGE ( .BOTH. , #23 ) ;
#731 = ORIENTED_EDGE ( 'NONE', *, *, #1480, .T. ) ;
#732 = LINE ( 'NONE', #910, #377 ) ;
#733 = STYLED_ITEM ( 'NONE', ( #493 ), #447 ) ;
#734 = ORIENTED_EDGE ( 'NONE', *, *, #1611, .F. ) ;
#735 = COLOUR_RGB ( '',0.1137254901960784298, 0.1137254901960784298, 0.1137254901960784298 ) ;
#736 =( NAMED_UNIT ( * ) PLANE_ANGLE_UNIT ( ) SI_UNIT ( $, .RADIAN. ) );
#737 = LINE ( 'NONE', #597, #972 ) ;
#738 = AXIS2_PLACEMENT_3D ( 'NONE', #407, #1624, #560 ) ;
#739 = UNCERTAINTY_MEASURE_WITH_UNIT (LENGTH_MEASURE( 1.000000000000000082E-05 ), #1737, 'distance_accuracy_value', 'NONE');
#740 =( GEOMETRIC_REPRESENTATION_CONTEXT ( 3 ) GLOBAL_UNCERTAINTY_ASSIGNED_CONTEXT ( ( #56 ) ) GLOBAL_UNIT_ASSIGNED_CONTEXT ( ( #783, #1838, #912 ) ) REPRESENTATION_CONTEXT ( 'NONE', 'WORKASPACE' ) );
#741 = PRESENTATION_LAYER_ASSIGNMENT (  '', '', ( #52 ) ) ;
#742 = AXIS2_PLACEMENT_3D ( 'NONE', #1369, #1676, #28 ) ;
#743 = SURFACE_SIDE_STYLE ('',( #899 ) ) ;
#744 = ORIENTED_EDGE ( 'NONE', *, *, #1179, .F. ) ;
#745 = EDGE_CURVE ( 'NONE', #748, #1928, #1916, .T. ) ;
#746 = MECHANICAL_DESIGN_GEOMETRIC_PRESENTATION_REPRESENTATION (  '', ( #1290 ), #1189 ) ;
#747 = CARTESIAN_POINT ( 'NONE',  ( 1.699999999999999956, -0.8099484611796810007, 4.290051538820324417 ) ) ;
#748 = VERTEX_POINT ( 'NONE', #1286 ) ;
#749 = EDGE_CURVE ( 'NONE', #321, #9, #840, .T. ) ;
#750 = CARTESIAN_POINT ( 'NONE',  ( 0.000000000000000000, -0.6599484611796659905, -0.009948461179673519575 ) ) ;
#751 = SURFACE_SIDE_STYLE ('',( #1187 ) ) ;
#752 = SURFACE_STYLE_USAGE ( .BOTH. , #155 ) ;
#753 = VERTEX_POINT ( 'NONE', #169 ) ;
#754 = CARTESIAN_POINT ( 'NONE',  ( -1.600000000000000089, 0.1900515388203140033, 5.490051538820329924 ) ) ;
#755 = ORIENTED_EDGE ( 'NONE', *, *, #111, .T. ) ;
#756 = EDGE_CURVE ( 'NONE', #753, #828, #494, .T. ) ;
#757 = PRESENTATION_STYLE_ASSIGNMENT (( #767 ) ) ;
#758 = LINE ( 'NONE', #162, #1367 ) ;
#759 = UNCERTAINTY_MEASURE_WITH_UNIT (LENGTH_MEASURE( 1.000000000000000082E-05 ), #156, 'distance_accuracy_value', 'NONE');
#760 = UNCERTAINTY_MEASURE_WITH_UNIT (LENGTH_MEASURE( 1.000000000000000082E-05 ), #475, 'distance_accuracy_value', 'NONE');
#761 = PLANE ( 'NONE',  #944 ) ;
#762 = ORIENTED_EDGE ( 'NONE', *, *, #1693, .F. ) ;
#763 = DIRECTION ( 'NONE',  ( 0.000000000000000000, 3.491481338843135327E-15, -1.000000000000000000 ) ) ;
#764 = CARTESIAN_POINT ( 'NONE',  ( -4.500000000000000000, -0.6599484611796730960, 1.990051538820339916 ) ) ;
#765 = VERTEX_POINT ( 'NONE', #1076 ) ;
#766 = COLOUR_RGB ( '',0.6588235294117646967, 0.6196078431372549211, 0.5607843137254902022 ) ;
#767 = SURFACE_STYLE_USAGE ( .BOTH. , #1518 ) ;
#768 = EDGE_CURVE ( 'NONE', #963, #575, #274, .T. ) ;
#769 = MECHANICAL_DESIGN_GEOMETRIC_PRESENTATION_REPRESENTATION (  '', ( #1719 ), #1406 ) ;
#770 = CARTESIAN_POINT ( 'NONE',  ( -1.699999999999999956, -0.8099484611796810007, 4.290051538820324417 ) ) ;
#771 = COLOUR_RGB ( '',0.1137254901960784298, 0.1137254901960784298, 0.1137254901960784298 ) ;
#772 = VERTEX_POINT ( 'NONE', #1549 ) ;
#773 = CARTESIAN_POINT ( 'NONE',  ( 4.500000000000000000, -0.9599484611796850198, 5.490051538820329924 ) ) ;
#774 = MECHANICAL_DESIGN_GEOMETRIC_PRESENTATION_REPRESENTATION (  '', ( #176 ), #54 ) ;
#775 =( GEOMETRIC_REPRESENTATION_CONTEXT ( 3 ) GLOBAL_UNCERTAINTY_ASSIGNED_CONTEXT ( ( #684 ) ) GLOBAL_UNIT_ASSIGNED_CONTEXT ( ( #996, #1889, #1441 ) ) REPRESENTATION_CONTEXT ( 'NONE', 'WORKASPACE' ) );
#776 =( NAMED_UNIT ( * ) SI_UNIT ( $, .STERADIAN. ) SOLID_ANGLE_UNIT ( ) );
#777 = COLOUR_RGB ( '',0.1137254901960784298, 0.1137254901960784298, 0.1137254901960784298 ) ;
#778 = ORIENTED_EDGE ( 'NONE', *, *, #1355, .F. ) ;
#779 = SURFACE_STYLE_FILL_AREA ( #500 ) ;
#780 = DIRECTION ( 'NONE',  ( 1.000000000000000000, 8.044127262128451124E-30, -2.303929616531700078E-15 ) ) ;
#781 = CARTESIAN_POINT ( 'NONE',  ( 4.500000000000000000, -0.9599484611796540445, -3.509948461179674961 ) ) ;
#782 = ORIENTED_EDGE ( 'NONE', *, *, #1480, .F. ) ;
#783 =( LENGTH_UNIT ( ) NAMED_UNIT ( * ) SI_UNIT ( .MILLI., .METRE. ) );
#784 =( NAMED_UNIT ( * ) PLANE_ANGLE_UNIT ( ) SI_UNIT ( $, .RADIAN. ) );
#785 = VERTEX_POINT ( 'NONE', #1176 ) ;
#786 =( NAMED_UNIT ( * ) SI_UNIT ( $, .STERADIAN. ) SOLID_ANGLE_UNIT ( ) );
#787 = UNCERTAINTY_MEASURE_WITH_UNIT (LENGTH_MEASURE( 1.000000000000000082E-05 ), #1360, 'distance_accuracy_value', 'NONE');
#788 = EDGE_CURVE ( 'NONE', #1798, #1686, #628, .T. ) ;
#789 = SURFACE_STYLE_FILL_AREA ( #1514 ) ;
#790 = LINE ( 'NONE', #1284, #1503 ) ;
#791 = FILL_AREA_STYLE_COLOUR ( '', #1211 ) ;
#792 = DIRECTION ( 'NONE',  ( -1.000000000000000000, 0.000000000000000000, 0.000000000000000000 ) ) ;
#793 = CARTESIAN_POINT ( 'NONE',  ( 0.000000000000000000, -0.8099484611796540223, -3.509948461179674961 ) ) ;
#794 = ORIENTED_EDGE ( 'NONE', *, *, #1160, .T. ) ;
#795 = DIRECTION ( 'NONE',  ( 1.000000000000000000, 5.678207479149500228E-30, -1.626303258728260004E-15 ) ) ;
#796 = EDGE_CURVE ( 'NONE', #1113, #209, #1376, .T. ) ;
#797 = DIRECTION ( 'NONE',  ( 0.000000000000000000, 3.491481338843135327E-15, -1.000000000000000000 ) ) ;
#798 = FILL_AREA_STYLE_COLOUR ( '', #777 ) ;
#799 = ORIENTED_EDGE ( 'NONE', *, *, #1620, .T. ) ;
#800 = PRESENTATION_STYLE_ASSIGNMENT (( #201 ) ) ;
#801 = ORIENTED_EDGE ( 'NONE', *, *, #192, .T. ) ;
#802 = STYLED_ITEM ( 'NONE', ( #1112 ), #601 ) ;
#803 = UNCERTAINTY_MEASURE_WITH_UNIT (LENGTH_MEASURE( 1.000000000000000082E-05 ), #1411, 'distance_accuracy_value', 'NONE');
#804 = VECTOR ( 'NONE', #638, 1000.000000000000000 ) ;
#805 = COLOUR_RGB ( '',0.6588235294117646967, 0.6196078431372549211, 0.5607843137254902022 ) ;
#806 = DIRECTION ( 'NONE',  ( 0.000000000000000000, 1.000000000000000000, 3.491481338843135327E-15 ) ) ;
#807 = MECHANICAL_DESIGN_GEOMETRIC_PRESENTATION_REPRESENTATION (  '', ( #439 ), #211 ) ;
#808 = STYLED_ITEM ( 'NONE', ( #588 ), #194 ) ;
#809 = DIRECTION ( 'NONE',  ( 0.000000000000000000, -1.000000000000000000, -3.491481338843135327E-15 ) ) ;
#810 = VECTOR ( 'NONE', #763, 1000.000000000000000 ) ;
#811 = PRODUCT_DEFINITION ( 'UNKNOWN', '', #1544, #1461 ) ;
#812 =( LENGTH_UNIT ( ) NAMED_UNIT ( * ) SI_UNIT ( .MILLI., .METRE. ) );
#813 = VERTEX_POINT ( 'NONE', #1253 ) ;
#814 = STYLED_ITEM ( 'NONE', ( #1629 ), #1526 ) ;
#815 = EDGE_CURVE ( 'NONE', #1613, #1280, #139, .T. ) ;
#816 = LINE ( 'NONE', #1291, #1093 ) ;
#817 = COLOUR_RGB ( '',0.1137254901960784298, 0.1137254901960784298, 0.1137254901960784298 ) ;
#818 = CARTESIAN_POINT ( 'NONE',  ( 1.699999999999999956, -0.9599484611796850198, 5.490051538820329924 ) ) ;
#819 = FILL_AREA_STYLE ('',( #348 ) ) ;
#820 = CARTESIAN_POINT ( 'NONE',  ( 1.600000000000000089, -0.8099484611796580191, -2.409948461179674872 ) ) ;
#821 = CARTESIAN_POINT ( 'NONE',  ( 4.500000000000000000, -0.9599484611796540445, -3.509948461179674961 ) ) ;
#822 = DIRECTION ( 'NONE',  ( 0.000000000000000000, 1.000000000000000000, 3.491481338843135327E-15 ) ) ;
#823 = ORIENTED_EDGE ( 'NONE', *, *, #1160, .F. ) ;
#824 = SURFACE_SIDE_STYLE ('',( #1267 ) ) ;
#825 = APPLICATION_CONTEXT ( 'automotive_design' ) ;
#826 = ADVANCED_FACE ( 'NONE', ( #1679 ), #1341, .T. ) ;
#827 = DIRECTION ( 'NONE',  ( 0.000000000000000000, 1.000000000000000000, 3.491481338843135327E-15 ) ) ;
#828 = VERTEX_POINT ( 'NONE', #429 ) ;
#829 = PRESENTATION_STYLE_ASSIGNMENT (( #949 ) ) ;
#830 = PRESENTATION_STYLE_ASSIGNMENT (( #193 ) ) ;
#831 = CARTESIAN_POINT ( 'NONE',  ( -1.008308020411520070E-14, 0.07005153882034580171, -3.659948461179669987 ) ) ;
#832 = EDGE_LOOP ( 'NONE', ( #663, #189, #473, #1559, #734, #264, #799, #215, #1940, #249, #1840, #1080 ) ) ;
#833 = DIRECTION ( 'NONE',  ( 0.000000000000000000, 3.491481338843135327E-15, -1.000000000000000000 ) ) ;
#834 = DIRECTION ( 'NONE',  ( -1.000000000000000000, 0.000000000000000000, 1.626303258728260004E-15 ) ) ;
#835 = EDGE_CURVE ( 'NONE', #852, #1837, #920, .T. ) ;
#836 = DIRECTION ( 'NONE',  ( 0.000000000000000000, 3.491481338843135327E-15, -1.000000000000000000 ) ) ;
#837 = APPLICATION_PROTOCOL_DEFINITION ( 'draft international standard', 'automotive_design', 1998, #825 ) ;
#838 = DIRECTION ( 'NONE',  ( -1.000000000000000000, 0.000000000000000000, 0.000000000000000000 ) ) ;
#839 = AXIS2_PLACEMENT_3D ( 'NONE', #1696, #350, #970 ) ;
#840 = LINE ( 'NONE', #1446, #932 ) ;
#841 = SURFACE_SIDE_STYLE ('',( #572 ) ) ;
#842 = ORIENTED_EDGE ( 'NONE', *, *, #1773, .F. ) ;
#843 = PRESENTATION_LAYER_ASSIGNMENT (  '', '', ( #808 ) ) ;
#844 = VECTOR ( 'NONE', #448, 1000.000000000000000 ) ;
#845 = FACE_OUTER_BOUND ( 'NONE', #164, .T. ) ;
#846 = CARTESIAN_POINT ( 'NONE',  ( 1.600000000000000089, -0.9099484611796530009, -3.579948461179674801 ) ) ;
#847 =( GEOMETRIC_REPRESENTATION_CONTEXT ( 3 ) GLOBAL_UNCERTAINTY_ASSIGNED_CONTEXT ( ( #1075 ) ) GLOBAL_UNIT_ASSIGNED_CONTEXT ( ( #812, #1885, #1708 ) ) REPRESENTATION_CONTEXT ( 'NONE', 'WORKASPACE' ) );
#848 = FILL_AREA_STYLE_COLOUR ( '', #1813 ) ;
#849 = UNCERTAINTY_MEASURE_WITH_UNIT (LENGTH_MEASURE( 1.000000000000000082E-05 ), #383, 'distance_accuracy_value', 'NONE');
#850 = SURFACE_SIDE_STYLE ('',( #1024 ) ) ;
#851 = FILL_AREA_STYLE ('',( #1325 ) ) ;
#852 = VERTEX_POINT ( 'NONE', #590 ) ;
#853 = PRESENTATION_STYLE_ASSIGNMENT (( #1918 ) ) ;
#854 = PRESENTATION_STYLE_ASSIGNMENT (( #1575 ) ) ;
#855 =( LENGTH_UNIT ( ) NAMED_UNIT ( * ) SI_UNIT ( .MILLI., .METRE. ) );
#856 =( LENGTH_UNIT ( ) NAMED_UNIT ( * ) SI_UNIT ( .MILLI., .METRE. ) );
#857 = CARTESIAN_POINT ( 'NONE',  ( -1.699999999999999956, -0.8099484611796810007, 4.290051538820324417 ) ) ;
#858 = DIRECTION ( 'NONE',  ( 0.000000000000000000, -1.000000000000000000, -3.491481338843135327E-15 ) ) ;
#859 = ORIENTED_EDGE ( 'NONE', *, *, #1861, .T. ) ;
#860 = EDGE_CURVE ( 'NONE', #1028, #519, #1026, .T. ) ;
#861 = CARTESIAN_POINT ( 'NONE',  ( -1.699999999999999956, -0.8099484611796580191, -2.309948461179674783 ) ) ;
#862 = ORIENTED_EDGE ( 'NONE', *, *, #1306, .F. ) ;
#863 = LINE ( 'NONE', #1282, #366 ) ;
#864 = PRESENTATION_STYLE_ASSIGNMENT (( #570 ) ) ;
#865 = AXIS2_PLACEMENT_3D ( 'NONE', #4, #299, #1643 ) ;
#866 = SURFACE_STYLE_USAGE ( .BOTH. , #391 ) ;
#867 = CARTESIAN_POINT ( 'NONE',  ( -1.600000000000000089, -0.9899484611796808275, 4.390051538820324950 ) ) ;
#868 = EDGE_LOOP ( 'NONE', ( #1229, #1525, #1760, #1276, #874, #953, #859, #1831 ) ) ;
#869 = PRESENTATION_LAYER_ASSIGNMENT (  '', '', ( #1719 ) ) ;
#870 = VECTOR ( 'NONE', #246, 1000.000000000000000 ) ;
#871 = STYLED_ITEM ( 'NONE', ( #1279 ), #896 ) ;
#872 = PRESENTATION_LAYER_ASSIGNMENT (  '', '', ( #17 ) ) ;
#873 = DIRECTION ( 'NONE',  ( 1.000000000000000000, 9.774995213324390187E-30, -2.710505431213755563E-15 ) ) ;
#874 = ORIENTED_EDGE ( 'NONE', *, *, #1169, .T. ) ;
#875 =( GEOMETRIC_REPRESENTATION_CONTEXT ( 3 ) GLOBAL_UNCERTAINTY_ASSIGNED_CONTEXT ( ( #1810 ) ) GLOBAL_UNIT_ASSIGNED_CONTEXT ( ( #167, #213, #38 ) ) REPRESENTATION_CONTEXT ( 'NONE', 'WORKASPACE' ) );
#876 = COLOUR_RGB ( '',0.1137254901960784298, 0.1137254901960784298, 0.1137254901960784298 ) ;
#877 = STYLED_ITEM ( 'NONE', ( #1507 ), #1377 ) ;
#878 =( NAMED_UNIT ( * ) SI_UNIT ( $, .STERADIAN. ) SOLID_ANGLE_UNIT ( ) );
#879 =( GEOMETRIC_REPRESENTATION_CONTEXT ( 3 ) GLOBAL_UNCERTAINTY_ASSIGNED_CONTEXT ( ( #759 ) ) GLOBAL_UNIT_ASSIGNED_CONTEXT ( ( #156, #15, #776 ) ) REPRESENTATION_CONTEXT ( 'NONE', 'WORKASPACE' ) );
#880 = SURFACE_STYLE_USAGE ( .BOTH. , #850 ) ;
#881 = DIRECTION ( 'NONE',  ( -1.000000000000000000, 0.000000000000000000, 0.000000000000000000 ) ) ;
#882 = CARTESIAN_POINT ( 'NONE',  ( -4.500000000000000000, -0.6599484611796850864, 5.490051538820329924 ) ) ;
#883 = EDGE_LOOP ( 'NONE', ( #1553, #1101, #801, #1383 ) ) ;
#884 = CARTESIAN_POINT ( 'NONE',  ( -1.600000000000000089, 0.1900515388203294909, 0.9900515388203299239 ) ) ;
#885 = ORIENTED_EDGE ( 'NONE', *, *, #138, .F. ) ;
#886 = LINE ( 'NONE', #701, #1060 ) ;
#887 = CARTESIAN_POINT ( 'NONE',  ( -1.699999999999999956, -0.8099484611796580191, -2.309948461179674783 ) ) ;
#888 = DIRECTION ( 'NONE',  ( -2.255140518769850012E-15, 0.000000000000000000, -1.000000000000000000 ) ) ;
#889 = EDGE_CURVE ( 'NONE', #1738, #1348, #437, .T. ) ;
#890 = PLANE ( 'NONE',  #1878 ) ;
#891 = FILL_AREA_STYLE ('',( #286 ) ) ;
#892 = CARTESIAN_POINT ( 'NONE',  ( -3.000000000000000000, -0.6599484611796730960, 1.990051538820335253 ) ) ;
#893 = VERTEX_POINT ( 'NONE', #1924 ) ;
#894 = DIRECTION ( 'NONE',  ( 0.000000000000000000, 3.491481338843135327E-15, -1.000000000000000000 ) ) ;
#895 = ORIENTED_EDGE ( 'NONE', *, *, #1516, .T. ) ;
#896 = ADVANCED_FACE ( 'NONE', ( #576 ), #1039, .T. ) ;
#897 = DIRECTION ( 'NONE',  ( -1.000000000000000000, 0.000000000000000000, 0.000000000000000000 ) ) ;
#898 = ADVANCED_FACE ( 'NONE', ( #1293 ), #395, .F. ) ;
#899 = SURFACE_STYLE_FILL_AREA ( #1665 ) ;
#900 = EDGE_LOOP ( 'NONE', ( #77, #862, #634, #1622 ) ) ;
#901 = LINE ( 'NONE', #309, #810 ) ;
#902 = ORIENTED_EDGE ( 'NONE', *, *, #1245, .F. ) ;
#903 =( GEOMETRIC_REPRESENTATION_CONTEXT ( 3 ) GLOBAL_UNCERTAINTY_ASSIGNED_CONTEXT ( ( #1302 ) ) GLOBAL_UNIT_ASSIGNED_CONTEXT ( ( #955, #1595, #1110 ) ) REPRESENTATION_CONTEXT ( 'NONE', 'WORKASPACE' ) );
#904 = PRESENTATION_LAYER_ASSIGNMENT (  '', '', ( #935 ) ) ;
#905 = DIRECTION ( 'NONE',  ( 0.000000000000000000, -1.000000000000000000, -3.491481338843135327E-15 ) ) ;
#906 = UNCERTAINTY_MEASURE_WITH_UNIT (LENGTH_MEASURE( 1.000000000000000082E-05 ), #1404, 'distance_accuracy_value', 'NONE');
#907 = COLOUR_RGB ( '',0.1137254901960784298, 0.1137254901960784298, 0.1137254901960784298 ) ;
#908 = EDGE_LOOP ( 'NONE', ( #1266, #134, #491, #198 ) ) ;
#909 = EDGE_CURVE ( 'NONE', #575, #1270, #995, .T. ) ;
#910 = CARTESIAN_POINT ( 'NONE',  ( 0.000000000000000000, -0.6599484611796659905, -0.009948461179660510884 ) ) ;
#911 = ORIENTED_EDGE ( 'NONE', *, *, #687, .T. ) ;
#912 =( NAMED_UNIT ( * ) SI_UNIT ( $, .STERADIAN. ) SOLID_ANGLE_UNIT ( ) );
#913 = FILL_AREA_STYLE_COLOUR ( '', #708 ) ;
#914 = EDGE_LOOP ( 'NONE', ( #373, #1475 ) ) ;
#915 = EDGE_CURVE ( 'NONE', #1318, #813, #364, .T. ) ;
#916 =( NAMED_UNIT ( * ) PLANE_ANGLE_UNIT ( ) SI_UNIT ( $, .RADIAN. ) );
#917 = CARTESIAN_POINT ( 'NONE',  ( 0.000000000000000000, 0.9900515388203150469, 5.490051538820329924 ) ) ;
#918 = ORIENTED_EDGE ( 'NONE', *, *, #620, .F. ) ;
#919 = PRESENTATION_STYLE_ASSIGNMENT (( #1860 ) ) ;
#920 = LINE ( 'NONE', #947, #1505 ) ;
#921 = VERTEX_POINT ( 'NONE', #64 ) ;
#922 = SURFACE_SIDE_STYLE ('',( #1498 ) ) ;
#923 =( NAMED_UNIT ( * ) PLANE_ANGLE_UNIT ( ) SI_UNIT ( $, .RADIAN. ) );
#924 = ORIENTED_EDGE ( 'NONE', *, *, #1299, .F. ) ;
#925 =( LENGTH_UNIT ( ) NAMED_UNIT ( * ) SI_UNIT ( .MILLI., .METRE. ) );
#926 = ORIENTED_EDGE ( 'NONE', *, *, #1538, .F. ) ;
#927 = PRODUCT_DEFINITION_SHAPE ( 'NONE', 'NONE',  #811 ) ;
#928 = DIRECTION ( 'NONE',  ( 0.000000000000000000, -1.000000000000000000, -3.491481338843135327E-15 ) ) ;
#929 = CARTESIAN_POINT ( 'NONE',  ( 4.500000000000000000, -0.6599484611796730960, 1.990051538820325261 ) ) ;
#930 = VECTOR ( 'NONE', #221, 1000.000000000000000 ) ;
#931 = DIRECTION ( 'NONE',  ( -1.000000000000000000, 0.000000000000000000, 0.000000000000000000 ) ) ;
#932 = VECTOR ( 'NONE', #1296, 1000.000000000000000 ) ;
#933 = AXIS2_PLACEMENT_3D ( 'NONE', #671, #1301, #836 ) ;
#934 = CARTESIAN_POINT ( 'NONE',  ( 2.899999999999999911, 0.9900515388203200429, 3.890051538820324950 ) ) ;
#935 = STYLED_ITEM ( 'NONE', ( #180 ), #1044 ) ;
#936 =( GEOMETRIC_REPRESENTATION_CONTEXT ( 3 ) GLOBAL_UNCERTAINTY_ASSIGNED_CONTEXT ( ( #1262 ) ) GLOBAL_UNIT_ASSIGNED_CONTEXT ( ( #718, #1183, #1790 ) ) REPRESENTATION_CONTEXT ( 'NONE', 'WORKASPACE' ) );
#937 = FILL_AREA_STYLE_COLOUR ( '', #735 ) ;
#938 = AXIS2_PLACEMENT_3D ( 'NONE', #887, #1036, #625 ) ;
#939 = LINE ( 'NONE', #973, #497 ) ;
#940 =( LENGTH_UNIT ( ) NAMED_UNIT ( * ) SI_UNIT ( .MILLI., .METRE. ) );
#941 =( NAMED_UNIT ( * ) SI_UNIT ( $, .STERADIAN. ) SOLID_ANGLE_UNIT ( ) );
#942 = ORIENTED_EDGE ( 'NONE', *, *, #470, .T. ) ;
#943 = VECTOR ( 'NONE', #106, 1000.000000000000000 ) ;
#944 = AXIS2_PLACEMENT_3D ( 'NONE', #1392, #1382, #1052 ) ;
#945 = FILL_AREA_STYLE_COLOUR ( '', #469 ) ;
#946 = CARTESIAN_POINT ( 'NONE',  ( 1.600000000000000089, 0.1900515388203455058, -3.539948461179674766 ) ) ;
#947 = CARTESIAN_POINT ( 'NONE',  ( 1.600000000000000089, -0.9099484611796530009, -3.659948461179674872 ) ) ;
#948 = ADVANCED_FACE ( 'NONE', ( #1131 ), #389, .T. ) ;
#949 = SURFACE_STYLE_USAGE ( .BOTH. , #1427 ) ;
#950 = CARTESIAN_POINT ( 'NONE',  ( -1.600000000000000089, -0.9899484611796528499, -3.579948461179669916 ) ) ;
#951 = SURFACE_STYLE_USAGE ( .BOTH. , #1244 ) ;
#952 = CARTESIAN_POINT ( 'NONE',  ( 4.500000000000000000, -0.9599484611796850198, 5.490051538820329924 ) ) ;
#953 = ORIENTED_EDGE ( 'NONE', *, *, #768, .T. ) ;
#954 = CARTESIAN_POINT ( 'NONE',  ( -1.600000000000000089, 0.1900515388203140033, 5.520051538820330173 ) ) ;
#955 =( LENGTH_UNIT ( ) NAMED_UNIT ( * ) SI_UNIT ( .MILLI., .METRE. ) );
#956 = ORIENTED_EDGE ( 'NONE', *, *, #1937, .F. ) ;
#957 = SURFACE_STYLE_FILL_AREA ( #819 ) ;
#958 = EDGE_CURVE ( 'NONE', #1422, #24, #886, .T. ) ;
#959 = ADVANCED_FACE ( 'NONE', ( #1005 ), #135, .T. ) ;
#960 = CARTESIAN_POINT ( 'NONE',  ( 3.000000000000000000, -0.6599484611796730960, 1.990051538820325261 ) ) ;
#961 = CARTESIAN_POINT ( 'NONE',  ( 3.000000000000000000, -0.9599484611796729183, 1.990051538820325261 ) ) ;
#962 = FILL_AREA_STYLE_COLOUR ( '', #343 ) ;
#963 = VERTEX_POINT ( 'NONE', #1186 ) ;
#964 = DIRECTION ( 'NONE',  ( -1.445602896647340100E-15, 0.000000000000000000, -1.000000000000000000 ) ) ;
#965 = APPLICATION_CONTEXT ( 'automotive_design' ) ;
#966 = SURFACE_STYLE_USAGE ( .BOTH. , #1116 ) ;
#967 = VECTOR ( 'NONE', #1682, 1000.000000000000000 ) ;
#968 = PRESENTATION_LAYER_ASSIGNMENT (  '', '', ( #1561 ) ) ;
#969 = MECHANICAL_DESIGN_GEOMETRIC_PRESENTATION_REPRESENTATION (  '', ( #1372 ), #83 ) ;
#970 = DIRECTION ( 'NONE',  ( -4.845403715540910028E-30, 1.000000000000000000, 0.000000000000000000 ) ) ;
#971 = VECTOR ( 'NONE', #1609, 1000.000000000000000 ) ;
#972 = VECTOR ( 'NONE', #1359, 1000.000000000000000 ) ;
#973 = CARTESIAN_POINT ( 'NONE',  ( 4.500000000000000000, -0.6599484611796659905, -0.009948461179673519575 ) ) ;
#974 = VECTOR ( 'NONE', #257, 1000.000000000000000 ) ;
#975 = EDGE_LOOP ( 'NONE', ( #1067, #1336, #1880, #1173 ) ) ;
#976 = EDGE_CURVE ( 'NONE', #1827, #1447, #558, .T. ) ;
#977 = AXIS2_PLACEMENT_3D ( 'NONE', #1144, #47, #999 ) ;
#978 = CARTESIAN_POINT ( 'NONE',  ( -1.600000000000000089, -0.9899484611796578459, -2.409948461179674872 ) ) ;
#979 = AXIS2_PLACEMENT_3D ( 'NONE', #1618, #723, #1492 ) ;
#980 = SURFACE_STYLE_FILL_AREA ( #531 ) ;
#981 = EDGE_LOOP ( 'NONE', ( #477, #353, #107, #1926, #526, #1041, #1515, #617, #1202, #1791, #1098, #626, #1824, #357, #1796, #1576, #724, #578, #731, #1732 ) ) ;
#982 = SURFACE_STYLE_FILL_AREA ( #536 ) ;
#983 = SURFACE_STYLE_USAGE ( .BOTH. , #1716 ) ;
#984 = PLANE ( 'NONE',  #1543 ) ;
#985 = ORIENTED_EDGE ( 'NONE', *, *, #304, .T. ) ;
#986 = EDGE_CURVE ( 'NONE', #7, #813, #417, .T. ) ;
#987 = DIRECTION ( 'NONE',  ( -1.000000000000000000, 0.000000000000000000, 0.000000000000000000 ) ) ;
#988 = SURFACE_SIDE_STYLE ('',( #1723 ) ) ;
#989 = SURFACE_SIDE_STYLE ('',( #390 ) ) ;
#990 = APPLICATION_PROTOCOL_DEFINITION ( 'draft international standard', 'automotive_design', 1998, #965 ) ;
#991 = CARTESIAN_POINT ( 'NONE',  ( -1.699999999999999956, -0.9599484611796810229, 4.290051538820324417 ) ) ;
#992 = ORIENTED_EDGE ( 'NONE', *, *, #1345, .F. ) ;
#993 = CARTESIAN_POINT ( 'NONE',  ( 4.500000000000000000, -0.6599484611796541111, -3.509948461179674961 ) ) ;
#994 = CARTESIAN_POINT ( 'NONE',  ( -1.600000000000000089, -0.9599484611796850198, 5.490051538820329924 ) ) ;
#995 = LINE ( 'NONE', #72, #1657 ) ;
#996 =( LENGTH_UNIT ( ) NAMED_UNIT ( * ) SI_UNIT ( .MILLI., .METRE. ) );
#997 = FILL_AREA_STYLE_COLOUR ( '', #1442 ) ;
#998 =( GEOMETRIC_REPRESENTATION_CONTEXT ( 3 ) GLOBAL_UNCERTAINTY_ASSIGNED_CONTEXT ( ( #1103 ) ) GLOBAL_UNIT_ASSIGNED_CONTEXT ( ( #1602, #571, #695 ) ) REPRESENTATION_CONTEXT ( 'NONE', 'WORKASPACE' ) );
#999 = DIRECTION ( 'NONE',  ( -1.807003620809175766E-15, 3.501069515317778022E-15, -1.000000000000000000 ) ) ;
#1000 = STYLED_ITEM ( 'NONE', ( #1736 ), #729 ) ;
#1001 = ORIENTED_EDGE ( 'NONE', *, *, #1499, .F. ) ;
#1002 = STYLED_ITEM ( 'NONE', ( #1809 ), #210 ) ;
#1003 = LINE ( 'NONE', #884, #650 ) ;
#1004 =( GEOMETRIC_REPRESENTATION_CONTEXT ( 3 ) GLOBAL_UNCERTAINTY_ASSIGNED_CONTEXT ( ( #1520 ) ) GLOBAL_UNIT_ASSIGNED_CONTEXT ( ( #699, #1893, #1335 ) ) REPRESENTATION_CONTEXT ( 'NONE', 'WORKASPACE' ) );
#1005 = FACE_OUTER_BOUND ( 'NONE', #1547, .T. ) ;
#1006 =( LENGTH_UNIT ( ) NAMED_UNIT ( * ) SI_UNIT ( .MILLI., .METRE. ) );
#1007 = UNCERTAINTY_MEASURE_WITH_UNIT (LENGTH_MEASURE( 1.000000000000000082E-05 ), #550, 'distance_accuracy_value', 'NONE');
#1008 = EDGE_CURVE ( 'NONE', #1522, #705, #1642, .T. ) ;
#1009 = CARTESIAN_POINT ( 'NONE',  ( 0.000000000000000000, 0.1900515388203294909, 0.9900515388203299239 ) ) ;
#1010 = CARTESIAN_POINT ( 'NONE',  ( -1.600000000000000089, -0.8099484611796580191, -2.409948461179674872 ) ) ;
#1011 = CARTESIAN_POINT ( 'NONE',  ( -1.600000000000000089, -0.9899484611796689482, 0.9900515388203250389 ) ) ;
#1012 = VERTEX_POINT ( 'NONE', #102 ) ;
#1013 = ORIENTED_EDGE ( 'NONE', *, *, #594, .F. ) ;
#1014 = SURFACE_STYLE_USAGE ( .BOTH. , #726 ) ;
#1015 = FACE_OUTER_BOUND ( 'NONE', #446, .T. ) ;
#1016 = EDGE_CURVE ( 'NONE', #141, #921, #1308, .T. ) ;
#1017 = DIRECTION ( 'NONE',  ( 1.541976423090500169E-15, 3.491481338843135327E-15, -1.000000000000000000 ) ) ;
#1018 = EDGE_LOOP ( 'NONE', ( #1484, #1641, #1223, #222 ) ) ;
#1019 = EDGE_CURVE ( 'NONE', #1900, #1371, #113, .T. ) ;
#1020 = CYLINDRICAL_SURFACE ( 'NONE', #530, 0.08000000000000020983 ) ;
#1021 = ORIENTED_EDGE ( 'NONE', *, *, #1100, .F. ) ;
#1022 = PRESENTATION_STYLE_ASSIGNMENT (( #427 ) ) ;
#1023 = SURFACE_STYLE_USAGE ( .BOTH. , #989 ) ;
#1024 = SURFACE_STYLE_FILL_AREA ( #1600 ) ;
#1025 = COLOUR_RGB ( '',0.6588235294117646967, 0.6196078431372549211, 0.5607843137254902022 ) ;
#1026 = LINE ( 'NONE', #1628, #403 ) ;
#1027 = CARTESIAN_POINT ( 'NONE',  ( -1.699999999999999956, -0.8099484611796810007, 4.290051538820324417 ) ) ;
#1028 = VERTEX_POINT ( 'NONE', #127 ) ;
#1029 = VECTOR ( 'NONE', #1593, 1000.000000000000000 ) ;
#1030 = ADVANCED_FACE ( 'NONE', ( #269 ), #1320, .F. ) ;
#1031 = MECHANICAL_DESIGN_GEOMETRIC_PRESENTATION_REPRESENTATION (  '', ( #17 ), #1783 ) ;
#1032 = DIRECTION ( 'NONE',  ( 2.710505431213753985E-15, -4.065758146820630583E-15, 1.000000000000000000 ) ) ;
#1033 = EDGE_LOOP ( 'NONE', ( #166, #1043, #1486, #277 ) ) ;
#1034 = COLOUR_RGB ( '',0.1137254901960784298, 0.1137254901960784298, 0.1137254901960784298 ) ;
#1035 = STYLED_ITEM ( 'NONE', ( #1698 ), #1465 ) ;
#1036 = DIRECTION ( 'NONE',  ( -1.913297951445009890E-15, 3.491481338843135327E-15, -1.000000000000000000 ) ) ;
#1037 = MECHANICAL_DESIGN_GEOMETRIC_PRESENTATION_REPRESENTATION (  '', ( #814 ), #681 ) ;
#1038 = VECTOR ( 'NONE', #1017, 1000.000000000000000 ) ;
#1039 = PLANE ( 'NONE',  #48 ) ;
#1040 = CARTESIAN_POINT ( 'NONE',  ( -1.600000000000000089, 0.1900515388203455058, -3.539948461179670325 ) ) ;
#1041 = ORIENTED_EDGE ( 'NONE', *, *, #915, .T. ) ;
#1042 = CARTESIAN_POINT ( 'NONE',  ( 1.600000000000000089, -0.8099484611796849975, 5.490051538820329924 ) ) ;
#1043 = ORIENTED_EDGE ( 'NONE', *, *, #488, .F. ) ;
#1044 = ADVANCED_FACE ( 'NONE', ( #1203, #1358 ), #1548, .F. ) ;
#1045 = DIRECTION ( 'NONE',  ( 0.000000000000000000, -3.491481338843135327E-15, 1.000000000000000000 ) ) ;
#1046 =( NAMED_UNIT ( * ) SI_UNIT ( $, .STERADIAN. ) SOLID_ANGLE_UNIT ( ) );
#1047 = EDGE_LOOP ( 'NONE', ( #1605, #926, #1117, #596, #1366, #1212, #1591, #392 ) ) ;
#1048 = ORIENTED_EDGE ( 'NONE', *, *, #1923, .F. ) ;
#1049 = DIRECTION ( 'NONE',  ( 0.000000000000000000, 3.491481338843135327E-15, -1.000000000000000000 ) ) ;
#1050 = LINE ( 'NONE', #1489, #1724 ) ;
#1051 = CARTESIAN_POINT ( 'NONE',  ( -1.600000000000000089, -0.8099484611796819999, 4.390051538820324950 ) ) ;
#1052 = DIRECTION ( 'NONE',  ( -5.047295537021770040E-30, 1.000000000000000000, 0.000000000000000000 ) ) ;
#1053 = ORIENTED_EDGE ( 'NONE', *, *, #244, .T. ) ;
#1054 = DIRECTION ( 'NONE',  ( 1.000000000000000000, 0.000000000000000000, 0.000000000000000000 ) ) ;
#1055 = AXIS2_PLACEMENT_3D ( 'NONE', #1234, #1081, #1697 ) ;
#1056 = ORIENTED_EDGE ( 'NONE', *, *, #1245, .T. ) ;
#1057 = VECTOR ( 'NONE', #673, 1000.000000000000000 ) ;
#1058 = STYLED_ITEM ( 'NONE', ( #1681 ), #11 ) ;
#1059 = FILL_AREA_STYLE ('',( #161 ) ) ;
#1060 = VECTOR ( 'NONE', #1045, 1000.000000000000000 ) ;
#1061 = AXIS2_PLACEMENT_3D ( 'NONE', #42, #505, #365 ) ;
#1062 = VECTOR ( 'NONE', #780, 1000.000000000000000 ) ;
#1063 = LINE ( 'NONE', #1198, #1316 ) ;
#1064 = UNCERTAINTY_MEASURE_WITH_UNIT (LENGTH_MEASURE( 1.000000000000000082E-05 ), #379, 'distance_accuracy_value', 'NONE');
#1065 = VECTOR ( 'NONE', #36, 1000.000000000000000 ) ;
#1066 = EDGE_CURVE ( 'NONE', #1200, #1928, #1412, .T. ) ;
#1067 = ORIENTED_EDGE ( 'NONE', *, *, #687, .F. ) ;
#1068 =( LENGTH_UNIT ( ) NAMED_UNIT ( * ) SI_UNIT ( .MILLI., .METRE. ) );
#1069 = ORIENTED_EDGE ( 'NONE', *, *, #1084, .F. ) ;
#1070 = CARTESIAN_POINT ( 'NONE',  ( 7.432205892388139206E-15, -0.9099484611796850864, 5.560051538820330208 ) ) ;
#1071 = CARTESIAN_POINT ( 'NONE',  ( -1.600000000000000089, 0.07005153882031329993, 5.640051538820340049 ) ) ;
#1072 = VERTEX_POINT ( 'NONE', #1800 ) ;
#1073 = ORIENTED_EDGE ( 'NONE', *, *, #1424, .T. ) ;
#1074 =( LENGTH_UNIT ( ) NAMED_UNIT ( * ) SI_UNIT ( .MILLI., .METRE. ) );
#1075 = UNCERTAINTY_MEASURE_WITH_UNIT (LENGTH_MEASURE( 1.000000000000000082E-05 ), #812, 'distance_accuracy_value', 'NONE');
#1076 = CARTESIAN_POINT ( 'NONE',  ( 4.500000000000000000, 0.9900515388203460221, -3.509948461179670076 ) ) ;
#1077 = CARTESIAN_POINT ( 'NONE',  ( 1.600000000000000089, -0.9899484611796578459, -2.409948461179674872 ) ) ;
#1078 = UNCERTAINTY_MEASURE_WITH_UNIT (LENGTH_MEASURE( 1.000000000000000082E-05 ), #514, 'distance_accuracy_value', 'NONE');
#1079 = DIRECTION ( 'NONE',  ( -1.000000000000000000, -5.047295537021770040E-30, 1.445602896647340100E-15 ) ) ;
#1080 = ORIENTED_EDGE ( 'NONE', *, *, #579, .F. ) ;
#1081 = DIRECTION ( 'NONE',  ( 0.000000000000000000, 1.000000000000000000, 3.491481338843135327E-15 ) ) ;
#1082 =( NAMED_UNIT ( * ) PLANE_ANGLE_UNIT ( ) SI_UNIT ( $, .RADIAN. ) );
#1083 = EDGE_LOOP ( 'NONE', ( #1632, #639, #1859, #1436 ) ) ;
#1084 = EDGE_CURVE ( 'NONE', #748, #461, #556, .T. ) ;
#1085 = STYLED_ITEM ( 'NONE', ( #137 ), #368 ) ;
#1086 = DIRECTION ( 'NONE',  ( 2.710505431213753985E-15, -4.065758146820630583E-15, 1.000000000000000000 ) ) ;
#1087 = LINE ( 'NONE', #344, #205 ) ;
#1088 = PRESENTATION_STYLE_ASSIGNMENT (( #730 ) ) ;
#1089 =( GEOMETRIC_REPRESENTATION_CONTEXT ( 3 ) GLOBAL_UNCERTAINTY_ASSIGNED_CONTEXT ( ( #95 ) ) GLOBAL_UNIT_ASSIGNED_CONTEXT ( ( #1934, #1637, #325 ) ) REPRESENTATION_CONTEXT ( 'NONE', 'WORKASPACE' ) );
#1090 = COLOUR_RGB ( '',0.1137254901960784298, 0.1137254901960784298, 0.1137254901960784298 ) ;
#1091 = VECTOR ( 'NONE', #713, 1000.000000000000000 ) ;
#1092 = DIRECTION ( 'NONE',  ( 0.000000000000000000, -3.491481338843135327E-15, 1.000000000000000000 ) ) ;
#1093 = VECTOR ( 'NONE', #833, 1000.000000000000000 ) ;
#1094 = COLOUR_RGB ( '',0.6588235294117646967, 0.6196078431372549211, 0.5607843137254902022 ) ;
#1095 = LINE ( 'NONE', #1545, #268 ) ;
#1096 = DIRECTION ( 'NONE',  ( 0.000000000000000000, 3.491481338843135327E-15, -1.000000000000000000 ) ) ;
#1097 = CARTESIAN_POINT ( 'NONE',  ( 1.600000000000000089, 0.1900515388203415090, -2.409948461179670431 ) ) ;
#1098 = ORIENTED_EDGE ( 'NONE', *, *, #1330, .T. ) ;
#1099 =( GEOMETRIC_REPRESENTATION_CONTEXT ( 3 ) GLOBAL_UNCERTAINTY_ASSIGNED_CONTEXT ( ( #1240 ) ) GLOBAL_UNIT_ASSIGNED_CONTEXT ( ( #450, #1473, #564 ) ) REPRESENTATION_CONTEXT ( 'NONE', 'WORKASPACE' ) );
#1100 = EDGE_CURVE ( 'NONE', #307, #1363, #1690, .T. ) ;
#1101 = ORIENTED_EDGE ( 'NONE', *, *, #1923, .T. ) ;
#1102 =( NAMED_UNIT ( * ) PLANE_ANGLE_UNIT ( ) SI_UNIT ( $, .RADIAN. ) );
#1103 = UNCERTAINTY_MEASURE_WITH_UNIT (LENGTH_MEASURE( 1.000000000000000082E-05 ), #1602, 'distance_accuracy_value', 'NONE');
#1104 = SURFACE_SIDE_STYLE ('',( #351 ) ) ;
#1105 = LINE ( 'NONE', #1707, #1352 ) ;
#1106 = SURFACE_STYLE_FILL_AREA ( #1604 ) ;
#1107 = ORIENTED_EDGE ( 'NONE', *, *, #1444, .F. ) ;
#1108 = FILL_AREA_STYLE_COLOUR ( '', #1631 ) ;
#1109 = CARTESIAN_POINT ( 'NONE',  ( -4.500000000000000000, -0.6599484611796659905, -0.009948461179660070264 ) ) ;
#1110 =( NAMED_UNIT ( * ) SI_UNIT ( $, .STERADIAN. ) SOLID_ANGLE_UNIT ( ) );
#1111 = EDGE_CURVE ( 'NONE', #785, #74, #1474, .T. ) ;
#1112 = PRESENTATION_STYLE_ASSIGNMENT (( #951 ) ) ;
#1113 = VERTEX_POINT ( 'NONE', #1828 ) ;
#1114 =( NAMED_UNIT ( * ) SI_UNIT ( $, .STERADIAN. ) SOLID_ANGLE_UNIT ( ) );
#1115 = PRESENTATION_LAYER_ASSIGNMENT (  '', '', ( #78 ) ) ;
#1116 = SURFACE_SIDE_STYLE ('',( #1868 ) ) ;
#1117 = ORIENTED_EDGE ( 'NONE', *, *, #1849, .F. ) ;
#1118 = VECTOR ( 'NONE', #1451, 1000.000000000000000 ) ;
#1119 = MECHANICAL_DESIGN_GEOMETRIC_PRESENTATION_REPRESENTATION (  '', ( #1346 ), #1089 ) ;
#1120 = PRODUCT_CONTEXT ( 'NONE', #825, 'mechanical' ) ;
#1121 = LINE ( 'NONE', #367, #50 ) ;
#1122 = AXIS2_PLACEMENT_3D ( 'NONE', #978, #1710, #1740 ) ;
#1123 = ADVANCED_FACE ( 'NONE', ( #3 ), #602, .T. ) ;
#1124 = AXIS2_PLACEMENT_3D ( 'NONE', #929, #1251, #627 ) ;
#1125 = CARTESIAN_POINT ( 'NONE',  ( -1.600000000000000089, -0.8099484611796540223, -3.509948461179674961 ) ) ;
#1126 = FILL_AREA_STYLE_COLOUR ( '', #907 ) ;
#1127 = ORIENTED_EDGE ( 'NONE', *, *, #34, .T. ) ;
#1128 = SURFACE_SIDE_STYLE ('',( #529 ) ) ;
#1129 = VECTOR ( 'NONE', #716, 1000.000000000000000 ) ;
#1130 = VECTOR ( 'NONE', #317, 1000.000000000000000 ) ;
#1131 = FACE_OUTER_BOUND ( 'NONE', #1660, .T. ) ;
#1132 = EDGE_LOOP ( 'NONE', ( #1815, #1647, #142, #1865 ) ) ;
#1133 = CARTESIAN_POINT ( 'NONE',  ( 3.000000000000000000, -0.6599484611796659905, -0.009948461179673519575 ) ) ;
#1134 = CARTESIAN_POINT ( 'NONE',  ( 0.000000000000000000, 0.000000000000000000, 0.000000000000000000 ) ) ;
#1135 = FACE_OUTER_BOUND ( 'NONE', #1846, .T. ) ;
#1136 = FILL_AREA_STYLE_COLOUR ( '', #464 ) ;
#1137 = ORIENTED_EDGE ( 'NONE', *, *, #548, .F. ) ;
#1138 = PRODUCT ( 'CPT-9019A-SMT-TR', 'CPT-9019A-SMT-TR', '', ( #1120 ) ) ;
#1139 = DIRECTION ( 'NONE',  ( 0.000000000000000000, -1.000000000000000000, -3.491481338843135327E-15 ) ) ;
#1140 = CARTESIAN_POINT ( 'NONE',  ( -1.699999999999999956, -0.8099484611796849975, 5.490051538820329924 ) ) ;
#1141 =( NAMED_UNIT ( * ) SI_UNIT ( $, .STERADIAN. ) SOLID_ANGLE_UNIT ( ) );
#1142 = UNCERTAINTY_MEASURE_WITH_UNIT (LENGTH_MEASURE( 1.000000000000000082E-05 ), #541, 'distance_accuracy_value', 'NONE');
#1143 =( NAMED_UNIT ( * ) PLANE_ANGLE_UNIT ( ) SI_UNIT ( $, .RADIAN. ) );
#1144 = CARTESIAN_POINT ( 'NONE',  ( 1.600000000000000089, 0.07005153882034530211, -3.539948461179674766 ) ) ;
#1145 = VERTEX_POINT ( 'NONE', #190 ) ;
#1146 = CARTESIAN_POINT ( 'NONE',  ( -4.500000000000000000, -0.9599484611796659239, -0.009948461179661810191 ) ) ;
#1147 = LINE ( 'NONE', #82, #335 ) ;
#1148 = ADVANCED_FACE ( 'NONE', ( #1734 ), #1866, .F. ) ;
#1149 = FILL_AREA_STYLE ('',( #1914 ) ) ;
#1150 = DIRECTION ( 'NONE',  ( 0.000000000000000000, 3.491481338843135327E-15, -1.000000000000000000 ) ) ;
#1151 = COLOUR_RGB ( '',0.1137254901960784298, 0.1137254901960784298, 0.1137254901960784298 ) ;
#1152 = CARTESIAN_POINT ( 'NONE',  ( 0.000000000000000000, -0.6599484611796689881, 0.9900515388203260381 ) ) ;
#1153 = CARTESIAN_POINT ( 'NONE',  ( -1.600000000000000089, -0.9899484611796578459, -2.409948461179674872 ) ) ;
#1154 = COLOUR_RGB ( '',0.6588235294117646967, 0.6196078431372549211, 0.5607843137254902022 ) ;
#1155 = ORIENTED_EDGE ( 'NONE', *, *, #1667, .T. ) ;
#1156 = PRESENTATION_LAYER_ASSIGNMENT (  '', '', ( #1002 ) ) ;
#1157 = MECHANICAL_DESIGN_GEOMETRIC_PRESENTATION_REPRESENTATION (  '', ( #52 ), #1004 ) ;
#1158 = LINE ( 'NONE', #1746, #1467 ) ;
#1159 = EDGE_CURVE ( 'NONE', #1363, #1028, #376, .T. ) ;
#1160 = EDGE_CURVE ( 'NONE', #765, #1725, #228, .T. ) ;
#1161 = SURFACE_STYLE_FILL_AREA ( #1472 ) ;
#1162 = LINE ( 'NONE', #1313, #1570 ) ;
#1163 = VERTEX_POINT ( 'NONE', #1700 ) ;
#1164 = CARTESIAN_POINT ( 'NONE',  ( -3.000000000000000000, -0.6599484611796730960, 1.990051538820335253 ) ) ;
#1165 = ORIENTED_EDGE ( 'NONE', *, *, #915, .F. ) ;
#1166 = SURFACE_STYLE_FILL_AREA ( #567 ) ;
#1167 = FACE_OUTER_BOUND ( 'NONE', #341, .T. ) ;
#1168 = LINE ( 'NONE', #1295, #301 ) ;
#1169 = EDGE_CURVE ( 'NONE', #209, #963, #1850, .T. ) ;
#1170 = DIRECTION ( 'NONE',  ( 0.000000000000000000, 3.491481338843135327E-15, -1.000000000000000000 ) ) ;
#1171 = SURFACE_STYLE_USAGE ( .BOTH. , #841 ) ;
#1172 = ORIENTED_EDGE ( 'NONE', *, *, #720, .T. ) ;
#1173 = ORIENTED_EDGE ( 'NONE', *, *, #1008, .F. ) ;
#1174 = FILL_AREA_STYLE_COLOUR ( '', #1154 ) ;
#1175 =( NAMED_UNIT ( * ) PLANE_ANGLE_UNIT ( ) SI_UNIT ( $, .RADIAN. ) );
#1176 = CARTESIAN_POINT ( 'NONE',  ( 1.600000000000000089, -0.9899484611796849354, 5.560051538820320438 ) ) ;
#1177 = CARTESIAN_POINT ( 'NONE',  ( -1.600000000000000089, -0.9099484611796530009, -3.659948461179669987 ) ) ;
#1178 = EDGE_LOOP ( 'NONE', ( #1001, #666, #823, #1013 ) ) ;
#1179 = EDGE_CURVE ( 'NONE', #519, #307, #816, .T. ) ;
#1180 = COLOUR_RGB ( '',0.6588235294117646967, 0.6196078431372549211, 0.5607843137254902022 ) ;
#1181 = CIRCLE ( 'NONE', #1565, 0.1200000000000003147 ) ;
#1182 = PRESENTATION_LAYER_ASSIGNMENT (  '', '', ( #1000 ) ) ;
#1183 =( NAMED_UNIT ( * ) PLANE_ANGLE_UNIT ( ) SI_UNIT ( $, .RADIAN. ) );
#1184 = ORIENTED_EDGE ( 'NONE', *, *, #749, .T. ) ;
#1185 = AXIS2_PLACEMENT_3D ( 'NONE', #1817, #1238, #323 ) ;
#1186 = CARTESIAN_POINT ( 'NONE',  ( -1.600000000000000089, -0.8099484611796849975, 5.490051538820329924 ) ) ;
#1187 = SURFACE_STYLE_FILL_AREA ( #292 ) ;
#1188 = VECTOR ( 'NONE', #226, 1000.000000000000000 ) ;
#1189 =( GEOMETRIC_REPRESENTATION_CONTEXT ( 3 ) GLOBAL_UNCERTAINTY_ASSIGNED_CONTEXT ( ( #906 ) ) GLOBAL_UNIT_ASSIGNED_CONTEXT ( ( #1404, #372, #218 ) ) REPRESENTATION_CONTEXT ( 'NONE', 'WORKASPACE' ) );
#1190 =( NAMED_UNIT ( * ) PLANE_ANGLE_UNIT ( ) SI_UNIT ( $, .RADIAN. ) );
#1191 = FACE_OUTER_BOUND ( 'NONE', #501, .T. ) ;
#1192 = ORIENTED_EDGE ( 'NONE', *, *, #1159, .F. ) ;
#1193 = CARTESIAN_POINT ( 'NONE',  ( 1.600000000000000089, 0.07005153882034580171, -3.659948461179674872 ) ) ;
#1194 = ORIENTED_EDGE ( 'NONE', *, *, #87, .T. ) ;
#1195 = DIRECTION ( 'NONE',  ( -1.000000000000000000, -1.302504717178867874E-29, 2.710505431213755563E-15 ) ) ;
#1196 = CARTESIAN_POINT ( 'NONE',  ( -1.600000000000000089, -0.9899484611796808275, 4.390051538820324950 ) ) ;
#1197 = UNCERTAINTY_MEASURE_WITH_UNIT (LENGTH_MEASURE( 1.000000000000000082E-05 ), #1841, 'distance_accuracy_value', 'NONE');
#1198 = CARTESIAN_POINT ( 'NONE',  ( 0.000000000000000000, -0.8099484611796540223, -3.509948461179674961 ) ) ;
#1199 = DIRECTION ( 'NONE',  ( -5.047295537021770040E-30, 1.000000000000000000, 0.000000000000000000 ) ) ;
#1200 = VERTEX_POINT ( 'NONE', #954 ) ;
#1201 = FILL_AREA_STYLE ('',( #599 ) ) ;
#1202 = ORIENTED_EDGE ( 'NONE', *, *, #976, .T. ) ;
#1203 = FACE_BOUND ( 'NONE', #1315, .T. ) ;
#1204 = FILL_AREA_STYLE_COLOUR ( '', #1025 ) ;
#1205 = EDGE_CURVE ( 'NONE', #451, #362, #667, .T. ) ;
#1206 = CARTESIAN_POINT ( 'NONE',  ( 0.000000000000000000, -0.9899484611796689482, 0.9900515388203250389 ) ) ;
#1207 = LINE ( 'NONE', #146, #1130 ) ;
#1208 = VERTEX_POINT ( 'NONE', #62 ) ;
#1209 = DIRECTION ( 'NONE',  ( 1.000000000000000000, 4.008146455870210232E-30, -1.147978770866999938E-15 ) ) ;
#1210 = SURFACE_SIDE_STYLE ('',( #283 ) ) ;
#1211 = COLOUR_RGB ( '',0.1137254901960784298, 0.1137254901960784298, 0.1137254901960784298 ) ;
#1212 = ORIENTED_EDGE ( 'NONE', *, *, #184, .F. ) ;
#1213 =( GEOMETRIC_REPRESENTATION_CONTEXT ( 3 ) GLOBAL_UNCERTAINTY_ASSIGNED_CONTEXT ( ( #496 ) ) GLOBAL_UNIT_ASSIGNED_CONTEXT ( ( #1414, #66, #1726 ) ) REPRESENTATION_CONTEXT ( 'NONE', 'WORKASPACE' ) );
#1214 = PRESENTATION_LAYER_ASSIGNMENT (  '', '', ( #1566 ) ) ;
#1215 = VECTOR ( 'NONE', #1720, 1000.000000000000000 ) ;
#1216 = EDGE_CURVE ( 'NONE', #1072, #1812, #658, .T. ) ;
#1217 = DIRECTION ( 'NONE',  ( -1.000000000000000000, -6.305654247355880172E-30, 1.807003620809174977E-15 ) ) ;
#1218 = PLANE ( 'NONE',  #611 ) ;
#1219 = UNCERTAINTY_MEASURE_WITH_UNIT (LENGTH_MEASURE( 1.000000000000000082E-05 ), #940, 'distance_accuracy_value', 'NONE');
#1220 = ADVANCED_FACE ( 'NONE', ( #1552 ), #199, .F. ) ;
#1221 = COLOUR_RGB ( '',0.1137254901960784298, 0.1137254901960784298, 0.1137254901960784298 ) ;
#1222 = FILL_AREA_STYLE_COLOUR ( '', #1221 ) ;
#1223 = ORIENTED_EDGE ( 'NONE', *, *, #1739, .F. ) ;
#1224 = CARTESIAN_POINT ( 'NONE',  ( -1.699999999999999956, -0.8099484611796810007, 4.290051538820324417 ) ) ;
#1225 = EDGE_LOOP ( 'NONE', ( #1069, #1908, #1875, #598, #20, #1237, #1530, #267 ) ) ;
#1226 = FILL_AREA_STYLE ('',( #945 ) ) ;
#1227 = LINE ( 'NONE', #486, #399 ) ;
#1228 = CARTESIAN_POINT ( 'NONE',  ( 0.000000000000000000, -0.8099484611796819999, 4.390051538820324950 ) ) ;
#1229 = ORIENTED_EDGE ( 'NONE', *, *, #958, .T. ) ;
#1230 = PRESENTATION_STYLE_ASSIGNMENT (( #619 ) ) ;
#1231 = SURFACE_STYLE_USAGE ( .BOTH. , #294 ) ;
#1232 = ORIENTED_EDGE ( 'NONE', *, *, #1111, .F. ) ;
#1233 = ADVANCED_FACE ( 'NONE', ( #845 ), #1020, .T. ) ;
#1234 = CARTESIAN_POINT ( 'NONE',  ( 0.000000000000000000, 0.1900515388203294909, 0.9900515388203299239 ) ) ;
#1235 = CARTESIAN_POINT ( 'NONE',  ( -1.600000000000000089, 0.07005153882034580171, -3.659948461179664658 ) ) ;
#1236 = DIRECTION ( 'NONE',  ( 0.000000000000000000, 3.491481338843135327E-15, -1.000000000000000000 ) ) ;
#1237 = ORIENTED_EDGE ( 'NONE', *, *, #1169, .F. ) ;
#1238 = DIRECTION ( 'NONE',  ( 0.000000000000000000, -1.000000000000000000, -3.491481338843135327E-15 ) ) ;
#1239 = CARTESIAN_POINT ( 'NONE',  ( 1.600000000000000089, 0.1900515388203294909, 0.9900515388203299239 ) ) ;
#1240 = UNCERTAINTY_MEASURE_WITH_UNIT (LENGTH_MEASURE( 1.000000000000000082E-05 ), #450, 'distance_accuracy_value', 'NONE');
#1241 = SURFACE_STYLE_FILL_AREA ( #1339 ) ;
#1242 =( NAMED_UNIT ( * ) SI_UNIT ( $, .STERADIAN. ) SOLID_ANGLE_UNIT ( ) );
#1243 =( NAMED_UNIT ( * ) SI_UNIT ( $, .STERADIAN. ) SOLID_ANGLE_UNIT ( ) );
#1244 = SURFACE_SIDE_STYLE ('',( #779 ) ) ;
#1245 = EDGE_CURVE ( 'NONE', #1738, #1072, #1003, .T. ) ;
#1246 =( LENGTH_UNIT ( ) NAMED_UNIT ( * ) SI_UNIT ( .MILLI., .METRE. ) );
#1247 = LINE ( 'NONE', #793, #1568 ) ;
#1248 = EDGE_LOOP ( 'NONE', ( #41, #1048, #487, #992 ) ) ;
#1249 = EDGE_CURVE ( 'NONE', #1827, #893, #1449, .T. ) ;
#1250 = DIRECTION ( 'NONE',  ( 0.000000000000000000, -3.491481338843135327E-15, 1.000000000000000000 ) ) ;
#1251 = DIRECTION ( 'NONE',  ( 0.000000000000000000, -3.491481338843135327E-15, 1.000000000000000000 ) ) ;
#1252 =( GEOMETRIC_REPRESENTATION_CONTEXT ( 3 ) GLOBAL_UNCERTAINTY_ASSIGNED_CONTEXT ( ( #230 ) ) GLOBAL_UNIT_ASSIGNED_CONTEXT ( ( #655, #33, #1856 ) ) REPRESENTATION_CONTEXT ( 'NONE', 'WORKASPACE' ) );
#1253 = CARTESIAN_POINT ( 'NONE',  ( -4.500000000000000000, -0.9599484611796540445, -3.509948461179674961 ) ) ;
#1254 = AXIS2_PLACEMENT_3D ( 'NONE', #1152, #1898, #1170 ) ;
#1255 = PRESENTATION_LAYER_ASSIGNMENT (  '', '', ( #1599 ) ) ;
#1256 = PLANE ( 'NONE',  #738 ) ;
#1257 = COLOUR_RGB ( '',0.1137254901960784298, 0.1137254901960784298, 0.1137254901960784298 ) ;
#1258 = FACE_OUTER_BOUND ( 'NONE', #1389, .T. ) ;
#1259 = CARTESIAN_POINT ( 'NONE',  ( -3.000000000000000000, -0.6599484611796659905, -0.009948461179664630852 ) ) ;
#1260 = ORIENTED_EDGE ( 'NONE', *, *, #331, .T. ) ;
#1261 = EDGE_CURVE ( 'NONE', #705, #110, #1766, .T. ) ;
#1262 = UNCERTAINTY_MEASURE_WITH_UNIT (LENGTH_MEASURE( 1.000000000000000082E-05 ), #718, 'distance_accuracy_value', 'NONE');
#1263 = CARTESIAN_POINT ( 'NONE',  ( -1.600000000000000089, -0.8099484611796690103, 0.9900515388203260381 ) ) ;
#1264 = SURFACE_SIDE_STYLE ('',( #207 ) ) ;
#1265 = PRESENTATION_STYLE_ASSIGNMENT (( #1421 ) ) ;
#1266 = ORIENTED_EDGE ( 'NONE', *, *, #788, .F. ) ;
#1267 = SURFACE_STYLE_FILL_AREA ( #71 ) ;
#1268 = LINE ( 'NONE', #818, #1625 ) ;
#1269 = EDGE_CURVE ( 'NONE', #1725, #110, #425, .T. ) ;
#1270 = VERTEX_POINT ( 'NONE', #580 ) ;
#1271 = SURFACE_SIDE_STYLE ('',( #1241 ) ) ;
#1272 = ORIENTED_EDGE ( 'NONE', *, *, #482, .T. ) ;
#1273 =( NAMED_UNIT ( * ) SI_UNIT ( $, .STERADIAN. ) SOLID_ANGLE_UNIT ( ) );
#1274 = CARTESIAN_POINT ( 'NONE',  ( 0.000000000000000000, -0.8099484611796690103, 0.9900515388203260381 ) ) ;
#1275 = DIRECTION ( 'NONE',  ( -1.000000000000000000, 0.000000000000000000, 0.000000000000000000 ) ) ;
#1276 = ORIENTED_EDGE ( 'NONE', *, *, #796, .T. ) ;
#1277 = FILL_AREA_STYLE_COLOUR ( '', #1816 ) ;
#1278 = CARTESIAN_POINT ( 'NONE',  ( 1.600000000000000089, -0.9899484611796689482, 0.9900515388203250389 ) ) ;
#1279 = PRESENTATION_STYLE_ASSIGNMENT (( #682 ) ) ;
#1280 = VERTEX_POINT ( 'NONE', #709 ) ;
#1281 =( GEOMETRIC_REPRESENTATION_CONTEXT ( 3 ) GLOBAL_UNCERTAINTY_ASSIGNED_CONTEXT ( ( #191 ) ) GLOBAL_UNIT_ASSIGNED_CONTEXT ( ( #1408, #22, #503 ) ) REPRESENTATION_CONTEXT ( 'NONE', 'WORKASPACE' ) );
#1282 = CARTESIAN_POINT ( 'NONE',  ( 1.600000000000000089, -0.9599484611796540445, -3.509948461179674961 ) ) ;
#1283 =( GEOMETRIC_REPRESENTATION_CONTEXT ( 3 ) GLOBAL_UNCERTAINTY_ASSIGNED_CONTEXT ( ( #1752 ) ) GLOBAL_UNIT_ASSIGNED_CONTEXT ( ( #1323, #420, #1482 ) ) REPRESENTATION_CONTEXT ( 'NONE', 'WORKASPACE' ) );
#1284 = CARTESIAN_POINT ( 'NONE',  ( 3.000000000000000000, -0.6599484611796659905, -0.009948461179673519575 ) ) ;
#1285 = PRESENTATION_LAYER_ASSIGNMENT (  '', '', ( #176 ) ) ;
#1286 = CARTESIAN_POINT ( 'NONE',  ( -1.600000000000000089, -0.9099484611796860856, 5.640051538820329391 ) ) ;
#1287 = MECHANICAL_DESIGN_GEOMETRIC_PRESENTATION_REPRESENTATION (  '', ( #1350 ), #936 ) ;
#1288 = SURFACE_STYLE_USAGE ( .BOTH. , #674 ) ;
#1289 = ORIENTED_EDGE ( 'NONE', *, *, #158, .F. ) ;
#1290 = STYLED_ITEM ( 'NONE', ( #1265 ), #1714 ) ;
#1291 = CARTESIAN_POINT ( 'NONE',  ( 3.000000000000000000, -0.6599484611796689881, 0.9900515388203260381 ) ) ;
#1292 = DIRECTION ( 'NONE',  ( 0.000000000000000000, 1.000000000000000000, 3.491481338843135327E-15 ) ) ;
#1293 = FACE_OUTER_BOUND ( 'NONE', #1395, .T. ) ;
#1294 = PRESENTATION_STYLE_ASSIGNMENT (( #1023 ) ) ;
#1295 = CARTESIAN_POINT ( 'NONE',  ( -4.500000000000000000, -0.6599484611796659905, -0.009948461179659419742 ) ) ;
#1296 = DIRECTION ( 'NONE',  ( 0.000000000000000000, -3.491481338843135327E-15, 1.000000000000000000 ) ) ;
#1297 = DIRECTION ( 'NONE',  ( 0.000000000000000000, 1.000000000000000000, 3.491481338843135327E-15 ) ) ;
#1298 = ORIENTED_EDGE ( 'NONE', *, *, #1667, .F. ) ;
#1299 = EDGE_CURVE ( 'NONE', #461, #785, #125, .T. ) ;
#1300 = FACE_OUTER_BOUND ( 'NONE', #1305, .T. ) ;
#1301 = DIRECTION ( 'NONE',  ( 0.000000000000000000, -1.000000000000000000, -3.491481338843135327E-15 ) ) ;
#1302 = UNCERTAINTY_MEASURE_WITH_UNIT (LENGTH_MEASURE( 1.000000000000000082E-05 ), #955, 'distance_accuracy_value', 'NONE');
#1303 = DIRECTION ( 'NONE',  ( -1.000000000000000000, -5.678207479149500228E-30, 1.626303258728260004E-15 ) ) ;
#1304 = FILL_AREA_STYLE ('',( #688 ) ) ;
#1305 = EDGE_LOOP ( 'NONE', ( #1431, #414, #70, #794, #582, #670, #280, #1192 ) ) ;
#1306 = EDGE_CURVE ( 'NONE', #1145, #74, #1621, .T. ) ;
#1307 = LINE ( 'NONE', #415, #1415 ) ;
#1308 = LINE ( 'NONE', #1615, #528 ) ;
#1309 = LINE ( 'NONE', #1762, #1689 ) ;
#1310 = STYLED_ITEM ( 'NONE', ( #1879 ), #898 ) ;
#1311 = VECTOR ( 'NONE', #1754, 1000.000000000000000 ) ;
#1312 = PLANE ( 'NONE',  #1848 ) ;
#1313 = CARTESIAN_POINT ( 'NONE',  ( 1.699999999999999956, -0.8099484611796580191, -2.309948461179674783 ) ) ;
#1314 = AXIS2_PLACEMENT_3D ( 'NONE', #251, #1748, #1761 ) ;
#1315 = EDGE_LOOP ( 'NONE', ( #157, #516 ) ) ;
#1316 = VECTOR ( 'NONE', #1821, 1000.000000000000000 ) ;
#1317 = COLOUR_RGB ( '',0.1137254901960784298, 0.1137254901960784298, 0.1137254901960784298 ) ;
#1318 = VERTEX_POINT ( 'NONE', #1146 ) ;
#1319 = VECTOR ( 'NONE', #1929, 1000.000000000000000 ) ;
#1320 = PLANE ( 'NONE',  #1185 ) ;
#1321 = FILL_AREA_STYLE ('',( #715 ) ) ;
#1322 = EDGE_CURVE ( 'NONE', #1699, #1208, #1745, .T. ) ;
#1323 =( LENGTH_UNIT ( ) NAMED_UNIT ( * ) SI_UNIT ( .MILLI., .METRE. ) );
#1324 = DIRECTION ( 'NONE',  ( -1.000000000000000000, 0.000000000000000000, 1.147978770866999938E-15 ) ) ;
#1325 = FILL_AREA_STYLE_COLOUR ( '', #21 ) ;
#1326 = LINE ( 'NONE', #1011, #1909 ) ;
#1327 = ORIENTED_EDGE ( 'NONE', *, *, #1763, .F. ) ;
#1328 = VERTEX_POINT ( 'NONE', #100 ) ;
#1329 = SURFACE_STYLE_FILL_AREA ( #1776 ) ;
#1330 = EDGE_CURVE ( 'NONE', #719, #1328, #1307, .T. ) ;
#1331 = DIRECTION ( 'NONE',  ( -1.000000000000000000, 0.000000000000000000, 0.000000000000000000 ) ) ;
#1332 = DIRECTION ( 'NONE',  ( -1.807003620809175766E-15, 3.501069515317778022E-15, -1.000000000000000000 ) ) ;
#1333 = CARTESIAN_POINT ( 'NONE',  ( -1.699999999999999956, -0.9599484611796580413, -2.309948461179674783 ) ) ;
#1334 = ORIENTED_EDGE ( 'NONE', *, *, #512, .T. ) ;
#1335 =( NAMED_UNIT ( * ) SI_UNIT ( $, .STERADIAN. ) SOLID_ANGLE_UNIT ( ) );
#1336 = ORIENTED_EDGE ( 'NONE', *, *, #860, .F. ) ;
#1337 =( NAMED_UNIT ( * ) PLANE_ANGLE_UNIT ( ) SI_UNIT ( $, .RADIAN. ) );
#1338 = LINE ( 'NONE', #917, #1319 ) ;
#1339 = FILL_AREA_STYLE ('',( #728 ) ) ;
#1340 =( GEOMETRIC_REPRESENTATION_CONTEXT ( 3 ) GLOBAL_UNCERTAINTY_ASSIGNED_CONTEXT ( ( #381 ) ) GLOBAL_UNIT_ASSIGNED_CONTEXT ( ( #1794, #1819, #878 ) ) REPRESENTATION_CONTEXT ( 'NONE', 'WORKASPACE' ) );
#1341 = CYLINDRICAL_SURFACE ( 'NONE', #1564, 0.08000000000000020983 ) ;
#1342 = LINE ( 'NONE', #592, #504 ) ;
#1343 = ORIENTED_EDGE ( 'NONE', *, *, #184, .T. ) ;
#1344 = VECTOR ( 'NONE', #797, 1000.000000000000000 ) ;
#1345 = EDGE_CURVE ( 'NONE', #1280, #362, #615, .T. ) ;
#1346 = STYLED_ITEM ( 'NONE', ( #1088 ), #826 ) ;
#1347 =( NAMED_UNIT ( * ) PLANE_ANGLE_UNIT ( ) SI_UNIT ( $, .RADIAN. ) );
#1348 = VERTEX_POINT ( 'NONE', #1235 ) ;
#1349 = DIRECTION ( 'NONE',  ( 1.000000000000000000, 0.000000000000000000, 0.000000000000000000 ) ) ;
#1350 = STYLED_ITEM ( 'NONE', ( #540 ), #1220 ) ;
#1351 = PRESENTATION_STYLE_ASSIGNMENT (( #143 ) ) ;
#1352 = VECTOR ( 'NONE', #360, 1000.000000000000000 ) ;
#1353 = VECTOR ( 'NONE', #696, 1000.000000000000000 ) ;
#1354 = VERTEX_POINT ( 'NONE', #754 ) ;
#1355 = EDGE_CURVE ( 'NONE', #1798, #1422, #1640, .T. ) ;
#1356 = SURFACE_STYLE_FILL_AREA ( #1939 ) ;
#1357 = VERTEX_POINT ( 'NONE', #1193 ) ;
#1358 = FACE_OUTER_BOUND ( 'NONE', #1178, .T. ) ;
#1359 = DIRECTION ( 'NONE',  ( 0.000000000000000000, 1.000000000000000000, 3.491481338843135327E-15 ) ) ;
#1360 =( LENGTH_UNIT ( ) NAMED_UNIT ( * ) SI_UNIT ( .MILLI., .METRE. ) );
#1361 = EDGE_LOOP ( 'NONE', ( #1056, #657, #1911, #1674 ) ) ;
#1362 = SURFACE_STYLE_USAGE ( .BOTH. , #1494 ) ;
#1363 = VERTEX_POINT ( 'NONE', #483 ) ;
#1364 = EDGE_CURVE ( 'NONE', #1387, #1113, #901, .T. ) ;
#1365 = FILL_AREA_STYLE_COLOUR ( '', #1090 ) ;
#1366 = ORIENTED_EDGE ( 'NONE', *, *, #512, .F. ) ;
#1367 = VECTOR ( 'NONE', #1636, 1000.000000000000000 ) ;
#1368 = DIRECTION ( 'NONE',  ( 0.000000000000000000, -3.491481338843135327E-15, 1.000000000000000000 ) ) ;
#1369 = CARTESIAN_POINT ( 'NONE',  ( 1.600000000000000089, -0.9899484611796808275, 4.390051538820324950 ) ) ;
#1370 = CIRCLE ( 'NONE', #608, 0.3249999999999997891 ) ;
#1371 = VERTEX_POINT ( 'NONE', #1825 ) ;
#1372 = STYLED_ITEM ( 'NONE', ( #800 ), #948 ) ;
#1373 = CARTESIAN_POINT ( 'NONE',  ( -1.600000000000000089, -0.9099484611796850864, 5.560051538820330208 ) ) ;
#1374 = PLANE ( 'NONE',  #1124 ) ;
#1375 = AXIS2_PLACEMENT_3D ( 'NONE', #1396, #363, #964 ) ;
#1376 = LINE ( 'NONE', #1228, #239 ) ;
#1377 = ADVANCED_FACE ( 'NONE', ( #1797 ), #1648, .F. ) ;
#1378 = FACE_OUTER_BOUND ( 'NONE', #1083, .T. ) ;
#1379 = UNCERTAINTY_MEASURE_WITH_UNIT (LENGTH_MEASURE( 1.000000000000000082E-05 ), #1399, 'distance_accuracy_value', 'NONE');
#1380 = STYLED_ITEM ( 'NONE', ( #537 ), #1703 ) ;
#1381 = MECHANICAL_DESIGN_GEOMETRIC_PRESENTATION_REPRESENTATION (  '', ( #1634 ), #1099 ) ;
#1382 = DIRECTION ( 'NONE',  ( -1.000000000000000000, -5.047295537021770040E-30, 1.445602896647340100E-15 ) ) ;
#1383 = ORIENTED_EDGE ( 'NONE', *, *, #1773, .T. ) ;
#1384 = LINE ( 'NONE', #1263, #1344 ) ;
#1385 = LINE ( 'NONE', #27, #1476 ) ;
#1386 = FACE_OUTER_BOUND ( 'NONE', #1405, .T. ) ;
#1387 = VERTEX_POINT ( 'NONE', #1042 ) ;
#1388 = FILL_AREA_STYLE_COLOUR ( '', #1594 ) ;
#1389 = EDGE_LOOP ( 'NONE', ( #902, #538, #1669, #1677, #710, #1327, #1787, #330 ) ) ;
#1390 = DIRECTION ( 'NONE',  ( -1.000000000000000000, 0.000000000000000000, 0.000000000000000000 ) ) ;
#1391 = EDGE_CURVE ( 'NONE', #444, #451, #732, .T. ) ;
#1392 = CARTESIAN_POINT ( 'NONE',  ( -1.699999999999999956, -0.8099484611796849975, 5.490051538820329924 ) ) ;
#1393 = LINE ( 'NONE', #1581, #1542 ) ;
#1394 = DIRECTION ( 'NONE',  ( 0.000000000000000000, -1.000000000000000000, -3.491481338843135327E-15 ) ) ;
#1395 = EDGE_LOOP ( 'NONE', ( #1137, #985, #1633, #593 ) ) ;
#1396 = CARTESIAN_POINT ( 'NONE',  ( 1.699999999999999956, -0.8099484611796810007, 4.290051538820324417 ) ) ;
#1397 = LINE ( 'NONE', #1278, #1500 ) ;
#1398 = DIRECTION ( 'NONE',  ( -1.000000000000000000, -7.570943305532650155E-30, 2.168404344971010446E-15 ) ) ;
#1399 =( LENGTH_UNIT ( ) NAMED_UNIT ( * ) SI_UNIT ( .MILLI., .METRE. ) );
#1400 = UNCERTAINTY_MEASURE_WITH_UNIT (LENGTH_MEASURE( 1.000000000000000082E-05 ), #1653, 'distance_accuracy_value', 'NONE');
#1401 = DIRECTION ( 'NONE',  ( 1.000000000000000000, 0.000000000000000000, 0.000000000000000000 ) ) ;
#1402 = DIRECTION ( 'NONE',  ( 0.000000000000000000, -1.000000000000000000, -3.491481338843135327E-15 ) ) ;
#1403 = FACE_OUTER_BOUND ( 'NONE', #1361, .T. ) ;
#1404 =( LENGTH_UNIT ( ) NAMED_UNIT ( * ) SI_UNIT ( .MILLI., .METRE. ) );
#1405 = EDGE_LOOP ( 'NONE', ( #1232, #956, #1767, #544, #755, #49, #885, #288 ) ) ;
#1406 =( GEOMETRIC_REPRESENTATION_CONTEXT ( 3 ) GLOBAL_UNCERTAINTY_ASSIGNED_CONTEXT ( ( #1142 ) ) GLOBAL_UNIT_ASSIGNED_CONTEXT ( ( #541, #1458, #101 ) ) REPRESENTATION_CONTEXT ( 'NONE', 'WORKASPACE' ) );
#1407 = PRESENTATION_STYLE_ASSIGNMENT (( #678 ) ) ;
#1408 =( LENGTH_UNIT ( ) NAMED_UNIT ( * ) SI_UNIT ( .MILLI., .METRE. ) );
#1409 = MECHANICAL_DESIGN_GEOMETRIC_PRESENTATION_REPRESENTATION (  '', ( #1310 ), #1536 ) ;
#1410 = PRESENTATION_LAYER_ASSIGNMENT (  '', '', ( #1058 ) ) ;
#1411 =( LENGTH_UNIT ( ) NAMED_UNIT ( * ) SI_UNIT ( .MILLI., .METRE. ) );
#1412 = CIRCLE ( 'NONE', #117, 0.1200000000000003147 ) ;
#1413 = CIRCLE ( 'NONE', #116, 0.3249999999999997891 ) ;
#1414 =( LENGTH_UNIT ( ) NAMED_UNIT ( * ) SI_UNIT ( .MILLI., .METRE. ) );
#1415 = VECTOR ( 'NONE', #329, 1000.000000000000000 ) ;
#1416 = SHAPE_DEFINITION_REPRESENTATION ( #927, #1664 ) ;
#1417 = DIRECTION ( 'NONE',  ( 0.000000000000000000, -1.000000000000000000, -3.491481338843135327E-15 ) ) ;
#1418 = COLOUR_RGB ( '',0.1137254901960784298, 0.1137254901960784298, 0.1137254901960784298 ) ;
#1419 = FACE_OUTER_BOUND ( 'NONE', #883, .T. ) ;
#1420 =( NAMED_UNIT ( * ) SI_UNIT ( $, .STERADIAN. ) SOLID_ANGLE_UNIT ( ) );
#1421 = SURFACE_STYLE_USAGE ( .BOTH. , #689 ) ;
#1422 = VERTEX_POINT ( 'NONE', #747 ) ;
#1423 = AXIS2_PLACEMENT_3D ( 'NONE', #471, #1079, #1199 ) ;
#1424 = EDGE_CURVE ( 'NONE', #1917, #1464, #1532, .T. ) ;
#1425 = CARTESIAN_POINT ( 'NONE',  ( -3.000000000000000000, -0.6599484611796659905, -0.009948461179664190232 ) ) ;
#1426 = ORIENTED_EDGE ( 'NONE', *, *, #1299, .T. ) ;
#1427 = SURFACE_SIDE_STYLE ('',( #957 ) ) ;
#1428 = ORIENTED_EDGE ( 'NONE', *, *, #976, .F. ) ;
#1429 =( NAMED_UNIT ( * ) SI_UNIT ( $, .STERADIAN. ) SOLID_ANGLE_UNIT ( ) );
#1430 = FACE_OUTER_BOUND ( 'NONE', #1495, .T. ) ;
#1431 = ORIENTED_EDGE ( 'NONE', *, *, #660, .T. ) ;
#1432 = DIRECTION ( 'NONE',  ( 0.000000000000000000, -1.000000000000000000, -3.491481338843135327E-15 ) ) ;
#1433 = ORIENTED_EDGE ( 'NONE', *, *, #1693, .T. ) ;
#1434 =( NAMED_UNIT ( * ) SI_UNIT ( $, .STERADIAN. ) SOLID_ANGLE_UNIT ( ) );
#1435 = LINE ( 'NONE', #385, #474 ) ;
#1436 = ORIENTED_EDGE ( 'NONE', *, *, #1159, .T. ) ;
#1437 = SURFACE_STYLE_USAGE ( .BOTH. , #1128 ) ;
#1438 = DIRECTION ( 'NONE',  ( -1.000000000000000000, -9.774995213324390187E-30, 2.710505431213755563E-15 ) ) ;
#1439 = AXIS2_PLACEMENT_3D ( 'NONE', #284, #455, #888 ) ;
#1440 = VECTOR ( 'NONE', #1877, 1000.000000000000000 ) ;
#1441 =( NAMED_UNIT ( * ) SI_UNIT ( $, .STERADIAN. ) SOLID_ANGLE_UNIT ( ) );
#1442 = COLOUR_RGB ( '',0.1137254901960784298, 0.1137254901960784298, 0.1137254901960784298 ) ;
#1443 = COLOUR_RGB ( '',0.1137254901960784298, 0.1137254901960784298, 0.1137254901960784298 ) ;
#1444 = EDGE_CURVE ( 'NONE', #1163, #1772, #1385, .T. ) ;
#1445 = PLANE ( 'NONE',  #468 ) ;
#1446 = CARTESIAN_POINT ( 'NONE',  ( 1.600000000000000089, -0.8099484611796690103, 0.9900515388203260381 ) ) ;
#1447 = VERTEX_POINT ( 'NONE', #289 ) ;
#1448 = VECTOR ( 'NONE', #1394, 1000.000000000000000 ) ;
#1449 = LINE ( 'NONE', #861, #974 ) ;
#1450 = MECHANICAL_DESIGN_GEOMETRIC_PRESENTATION_REPRESENTATION (  '', ( #278 ), #25 ) ;
#1451 = DIRECTION ( 'NONE',  ( 1.000000000000000000, 0.000000000000000000, 0.000000000000000000 ) ) ;
#1452 = FILL_AREA_STYLE ('',( #848 ) ) ;
#1453 = SURFACE_STYLE_FILL_AREA ( #1321 ) ;
#1454 = ADVANCED_FACE ( 'NONE', ( #8 ), #1946, .F. ) ;
#1455 = SURFACE_STYLE_USAGE ( .BOTH. , #1580 ) ;
#1456 = ORIENTED_EDGE ( 'NONE', *, *, #34, .F. ) ;
#1457 = DIRECTION ( 'NONE',  ( 0.000000000000000000, 3.491481338843135327E-15, -1.000000000000000000 ) ) ;
#1458 =( NAMED_UNIT ( * ) PLANE_ANGLE_UNIT ( ) SI_UNIT ( $, .RADIAN. ) );
#1459 = CARTESIAN_POINT ( 'NONE',  ( 0.000000000000000000, -0.9599484611796729183, 1.990051538820325261 ) ) ;
#1460 = CARTESIAN_POINT ( 'NONE',  ( 3.225000000000000089, -0.8099484611796800015, 3.890051538820315180 ) ) ;
#1461 = PRODUCT_DEFINITION_CONTEXT ( 'detailed design', #965, 'design' ) ;
#1462 = CARTESIAN_POINT ( 'NONE',  ( 1.600000000000000089, -0.9099484611796860856, 5.640051538820329391 ) ) ;
#1463 = LINE ( 'NONE', #413, #943 ) ;
#1464 = VERTEX_POINT ( 'NONE', #489 ) ;
#1465 = ADVANCED_FACE ( 'NONE', ( #68 ), #384, .T. ) ;
#1466 = ORIENTED_EDGE ( 'NONE', *, *, #1872, .T. ) ;
#1467 = VECTOR ( 'NONE', #388, 1000.000000000000000 ) ;
#1468 = STYLED_ITEM ( 'NONE', ( #119 ), #168 ) ;
#1469 = CARTESIAN_POINT ( 'NONE',  ( 0.000000000000000000, 0.1900515388203140033, 5.520051538820330173 ) ) ;
#1470 = PRESENTATION_LAYER_ASSIGNMENT (  '', '', ( #871 ) ) ;
#1471 = VECTOR ( 'NONE', #683, 1000.000000000000000 ) ;
#1472 = FILL_AREA_STYLE ('',( #1136 ) ) ;
#1473 =( NAMED_UNIT ( * ) PLANE_ANGLE_UNIT ( ) SI_UNIT ( $, .RADIAN. ) );
#1474 = CIRCLE ( 'NONE', #1509, 0.08000000000000020983 ) ;
#1475 = ORIENTED_EDGE ( 'NONE', *, *, #548, .T. ) ;
#1476 = VECTOR ( 'NONE', #624, 1000.000000000000000 ) ;
#1477 = DIRECTION ( 'NONE',  ( 0.000000000000000000, -1.000000000000000000, -3.491481338843135327E-15 ) ) ;
#1478 = VERTEX_POINT ( 'NONE', #1125 ) ;
#1479 = VECTOR ( 'NONE', #1524, 1000.000000000000000 ) ;
#1480 = EDGE_CURVE ( 'NONE', #1208, #1686, #188, .T. ) ;
#1481 = CARTESIAN_POINT ( 'NONE',  ( 2.575000000000000178, -0.8099484611796800015, 3.890051538820315180 ) ) ;
#1482 =( NAMED_UNIT ( * ) SI_UNIT ( $, .STERADIAN. ) SOLID_ANGLE_UNIT ( ) );
#1483 = DIRECTION ( 'NONE',  ( 0.000000000000000000, -3.491481338843135327E-15, 1.000000000000000000 ) ) ;
#1484 = ORIENTED_EDGE ( 'NONE', *, *, #1713, .F. ) ;
#1485 = DIRECTION ( 'NONE',  ( 0.000000000000000000, -3.491481338843135327E-15, 1.000000000000000000 ) ) ;
#1486 = ORIENTED_EDGE ( 'NONE', *, *, #1424, .F. ) ;
#1487 =( NAMED_UNIT ( * ) SI_UNIT ( $, .STERADIAN. ) SOLID_ANGLE_UNIT ( ) );
#1488 =( NAMED_UNIT ( * ) SI_UNIT ( $, .STERADIAN. ) SOLID_ANGLE_UNIT ( ) );
#1489 = CARTESIAN_POINT ( 'NONE',  ( -3.000000000000000000, -0.6599484611796730960, 1.990051538820335253 ) ) ;
#1490 = SURFACE_STYLE_USAGE ( .BOTH. , #922 ) ;
#1491 = SURFACE_STYLE_FILL_AREA ( #1784 ) ;
#1492 = DIRECTION ( 'NONE',  ( 2.710505431213753985E-15, -4.065758146820630583E-15, 1.000000000000000000 ) ) ;
#1493 = ORIENTED_EDGE ( 'NONE', *, *, #788, .T. ) ;
#1494 = SURFACE_SIDE_STYLE ('',( #1356 ) ) ;
#1495 = EDGE_LOOP ( 'NONE', ( #91, #1805, #1428, #1572 ) ) ;
#1496 = DIRECTION ( 'NONE',  ( -2.168404344971015968E-15, 3.501069515317778022E-15, -1.000000000000000000 ) ) ;
#1497 = SURFACE_SIDE_STYLE ('',( #154 ) ) ;
#1498 = SURFACE_STYLE_FILL_AREA ( #1671 ) ;
#1499 = EDGE_CURVE ( 'NONE', #141, #7, #1393, .T. ) ;
#1500 = VECTOR ( 'NONE', #402, 1000.000000000000000 ) ;
#1501 = ORIENTED_EDGE ( 'NONE', *, *, #387, .F. ) ;
#1502 = MECHANICAL_DESIGN_GEOMETRIC_PRESENTATION_REPRESENTATION (  '', ( #871 ), #903 ) ;
#1503 = VECTOR ( 'NONE', #1417, 1000.000000000000000 ) ;
#1504 = MANIFOLD_SOLID_BREP ( 'NONE', #1847 ) ;
#1505 = VECTOR ( 'NONE', #1398, 1000.000000000000000 ) ;
#1506 = STYLED_ITEM ( 'NONE', ( #1230 ), #220 ) ;
#1507 = PRESENTATION_STYLE_ASSIGNMENT (( #1362 ) ) ;
#1508 = VERTEX_POINT ( 'NONE', #508 ) ;
#1509 = AXIS2_PLACEMENT_3D ( 'NONE', #1942, #1195, #454 ) ;
#1510 = SURFACE_STYLE_FILL_AREA ( #1226 ) ;
#1511 = CIRCLE ( 'NONE', #977, 0.1199999999999998845 ) ;
#1512 = SURFACE_STYLE_FILL_AREA ( #5 ) ;
#1513 = VECTOR ( 'NONE', #1092, 1000.000000000000000 ) ;
#1514 = FILL_AREA_STYLE ('',( #704 ) ) ;
#1515 = ORIENTED_EDGE ( 'NONE', *, *, #651, .T. ) ;
#1516 = EDGE_CURVE ( 'NONE', #1827, #1163, #1105, .T. ) ;
#1517 = ORIENTED_EDGE ( 'NONE', *, *, #394, .T. ) ;
#1518 = SURFACE_SIDE_STYLE ('',( #478 ) ) ;
#1519 = UNCERTAINTY_MEASURE_WITH_UNIT (LENGTH_MEASURE( 1.000000000000000082E-05 ), #925, 'distance_accuracy_value', 'NONE');
#1520 = UNCERTAINTY_MEASURE_WITH_UNIT (LENGTH_MEASURE( 1.000000000000000082E-05 ), #699, 'distance_accuracy_value', 'NONE');
#1521 = FACE_OUTER_BOUND ( 'NONE', #908, .T. ) ;
#1522 = VERTEX_POINT ( 'NONE', #961 ) ;
#1523 = PRESENTATION_STYLE_ASSIGNMENT (( #606 ) ) ;
#1524 = DIRECTION ( 'NONE',  ( 0.000000000000000000, 1.000000000000000000, 3.491481338843135327E-15 ) ) ;
#1525 = ORIENTED_EDGE ( 'NONE', *, *, #522, .T. ) ;
#1526 = ADVANCED_FACE ( 'NONE', ( #1430 ), #476, .T. ) ;
#1527 = SURFACE_SIDE_STYLE ('',( #53 ) ) ;
#1528 = ORIENTED_EDGE ( 'NONE', *, *, #1066, .T. ) ;
#1529 = DIRECTION ( 'NONE',  ( 0.000000000000000000, 3.491481338843135327E-15, -1.000000000000000000 ) ) ;
#1530 = ORIENTED_EDGE ( 'NONE', *, *, #1739, .T. ) ;
#1531 = PRESENTATION_LAYER_ASSIGNMENT (  '', '', ( #433 ) ) ;
#1532 = LINE ( 'NONE', #595, #1062 ) ;
#1533 = LINE ( 'NONE', #1097, #1855 ) ;
#1534 = ORIENTED_EDGE ( 'NONE', *, *, #394, .F. ) ;
#1535 = AXIS2_PLACEMENT_3D ( 'NONE', #702, #231, #838 ) ;
#1536 =( GEOMETRIC_REPRESENTATION_CONTEXT ( 3 ) GLOBAL_UNCERTAINTY_ASSIGNED_CONTEXT ( ( #1064 ) ) GLOBAL_UNIT_ASSIGNED_CONTEXT ( ( #379, #542, #1141 ) ) REPRESENTATION_CONTEXT ( 'NONE', 'WORKASPACE' ) );
#1537 =( LENGTH_UNIT ( ) NAMED_UNIT ( * ) SI_UNIT ( .MILLI., .METRE. ) );
#1538 = EDGE_CURVE ( 'NONE', #430, #321, #1247, .T. ) ;
#1539 = VECTOR ( 'NONE', #1477, 1000.000000000000000 ) ;
#1540 = FILL_AREA_STYLE_COLOUR ( '', #1932 ) ;
#1541 = DIRECTION ( 'NONE',  ( -1.561251128379120074E-15, 0.000000000000000000, -1.000000000000000000 ) ) ;
#1542 = VECTOR ( 'NONE', #1096, 1000.000000000000000 ) ;
#1543 = AXIS2_PLACEMENT_3D ( 'NONE', #1925, #1646, #577 ) ;
#1544 = PRODUCT_DEFINITION_FORMATION_WITH_SPECIFIED_SOURCE ( 'ANY', '', #1138, .NOT_KNOWN. ) ;
#1545 = CARTESIAN_POINT ( 'NONE',  ( 1.600000000000000089, -0.9899484611796528499, -3.579948461179674801 ) ) ;
#1546 = FILL_AREA_STYLE_COLOUR ( '', #1094 ) ;
#1547 = EDGE_LOOP ( 'NONE', ( #1528, #1272, #150, #178 ) ) ;
#1548 = PLANE ( 'NONE',  #405 ) ;
#1549 = CARTESIAN_POINT ( 'NONE',  ( 3.225000000000000089, 0.9900515388203200429, 3.890051538820319621 ) ) ;
#1550 =( NAMED_UNIT ( * ) PLANE_ANGLE_UNIT ( ) SI_UNIT ( $, .RADIAN. ) );
#1551 = VERTEX_POINT ( 'NONE', #177 ) ;
#1552 = FACE_OUTER_BOUND ( 'NONE', #1666, .T. ) ;
#1553 = ORIENTED_EDGE ( 'NONE', *, *, #1391, .T. ) ;
#1554 = CARTESIAN_POINT ( 'NONE',  ( -1.600000000000000089, -0.9899484611796808275, 4.390051538820324950 ) ) ;
#1555 = ADVANCED_FACE ( 'NONE', ( #1386 ), #1844, .F. ) ;
#1556 = CARTESIAN_POINT ( 'NONE',  ( 0.000000000000000000, -0.9599484611796659239, -0.009948461179665489540 ) ) ;
#1557 = SURFACE_STYLE_FILL_AREA ( #371 ) ;
#1558 = PLANE ( 'NONE',  #181 ) ;
#1559 = ORIENTED_EDGE ( 'NONE', *, *, #456, .F. ) ;
#1560 = STYLED_ITEM ( 'NONE', ( #105 ), #698 ) ;
#1561 = STYLED_ITEM ( 'NONE', ( #830 ), #45 ) ;
#1562 = CARTESIAN_POINT ( 'NONE',  ( -1.600000000000000089, -0.8099484611796690103, 0.9900515388203260381 ) ) ;
#1563 = DIRECTION ( 'NONE',  ( -1.541976423090500169E-15, 0.000000000000000000, 1.000000000000000000 ) ) ;
#1564 = AXIS2_PLACEMENT_3D ( 'NONE', #1070, #1695, #347 ) ;
#1565 = AXIS2_PLACEMENT_3D ( 'NONE', #397, #410, #86 ) ;
#1566 = STYLED_ITEM ( 'NONE', ( #757 ), #1123 ) ;
#1567 =( GEOMETRIC_REPRESENTATION_CONTEXT ( 3 ) GLOBAL_UNCERTAINTY_ASSIGNED_CONTEXT ( ( #787 ) ) GLOBAL_UNIT_ASSIGNED_CONTEXT ( ( #1360, #1175, #1046 ) ) REPRESENTATION_CONTEXT ( 'NONE', 'WORKASPACE' ) );
#1568 = VECTOR ( 'NONE', #484, 1000.000000000000000 ) ;
#1569 = SURFACE_SIDE_STYLE ('',( #982 ) ) ;
#1570 = VECTOR ( 'NONE', #423, 1000.000000000000000 ) ;
#1571 = EDGE_CURVE ( 'NONE', #1551, #1613, #165, .T. ) ;
#1572 = ORIENTED_EDGE ( 'NONE', *, *, #1249, .T. ) ;
#1573 = EDGE_CURVE ( 'NONE', #424, #1812, #1533, .T. ) ;
#1574 = CARTESIAN_POINT ( 'NONE',  ( 4.500000000000000000, 0.9900515388203299239, 0.9900515388203321443 ) ) ;
#1575 = SURFACE_STYLE_USAGE ( .BOTH. , #700 ) ;
#1576 = ORIENTED_EDGE ( 'NONE', *, *, #1261, .T. ) ;
#1577 = SURFACE_SIDE_STYLE ('',( #1680 ) ) ;
#1578 = UNCERTAINTY_MEASURE_WITH_UNIT (LENGTH_MEASURE( 1.000000000000000082E-05 ), #855, 'distance_accuracy_value', 'NONE');
#1579 = DIRECTION ( 'NONE',  ( 1.000000000000000000, 5.047295537021770040E-30, -1.445602896647340100E-15 ) ) ;
#1580 = SURFACE_SIDE_STYLE ('',( #1161 ) ) ;
#1581 = CARTESIAN_POINT ( 'NONE',  ( -4.500000000000000000, 0.9900515388203299239, 0.9900515388203321443 ) ) ;
#1582 = LINE ( 'NONE', #1858, #1758 ) ;
#1583 = ORIENTED_EDGE ( 'NONE', *, *, #304, .F. ) ;
#1584 =( NAMED_UNIT ( * ) PLANE_ANGLE_UNIT ( ) SI_UNIT ( $, .RADIAN. ) );
#1585 = CARTESIAN_POINT ( 'NONE',  ( -4.500000000000000000, -0.9599484611796850198, 5.490051538820329924 ) ) ;
#1586 = EDGE_CURVE ( 'NONE', #1447, #719, #1668, .T. ) ;
#1587 = DIRECTION ( 'NONE',  ( -1.000000000000000000, 0.000000000000000000, 0.000000000000000000 ) ) ;
#1588 = CARTESIAN_POINT ( 'NONE',  ( 4.500000000000000000, -0.9599484611796850198, 5.490051538820329924 ) ) ;
#1589 = DIRECTION ( 'NONE',  ( -1.147978770866999938E-15, 3.491481338843135327E-15, -1.000000000000000000 ) ) ;
#1590 = FACE_OUTER_BOUND ( 'NONE', #1757, .T. ) ;
#1591 = ORIENTED_EDGE ( 'NONE', *, *, #610, .F. ) ;
#1592 = CARTESIAN_POINT ( 'NONE',  ( 4.500000000000000000, -0.9599484611796850198, 5.490051538820329924 ) ) ;
#1593 = DIRECTION ( 'NONE',  ( 0.000000000000000000, -1.000000000000000000, -3.491481338843135327E-15 ) ) ;
#1594 = COLOUR_RGB ( '',0.1137254901960784298, 0.1137254901960784298, 0.1137254901960784298 ) ;
#1595 =( NAMED_UNIT ( * ) PLANE_ANGLE_UNIT ( ) SI_UNIT ( $, .RADIAN. ) );
#1596 = EDGE_CURVE ( 'NONE', #1478, #1072, #136, .T. ) ;
#1597 = STYLED_ITEM ( 'NONE', ( #623 ), #672 ) ;
#1598 = LINE ( 'NONE', #1742, #1471 ) ;
#1599 = STYLED_ITEM ( 'NONE', ( #216 ), #254 ) ;
#1600 = FILL_AREA_STYLE ('',( #997 ) ) ;
#1601 = VECTOR ( 'NONE', #291, 1000.000000000000000 ) ;
#1602 =( LENGTH_UNIT ( ) NAMED_UNIT ( * ) SI_UNIT ( .MILLI., .METRE. ) );
#1603 = VECTOR ( 'NONE', #1139, 1000.000000000000000 ) ;
#1604 = FILL_AREA_STYLE ('',( #1126 ) ) ;
#1605 = ORIENTED_EDGE ( 'NONE', *, *, #749, .F. ) ;
#1606 = MECHANICAL_DESIGN_GEOMETRIC_PRESENTATION_REPRESENTATION (  '', ( #308 ), #562 ) ;
#1607 = CARTESIAN_POINT ( 'NONE',  ( 1.699999999999999956, -0.9599484611796689215, 0.9900515388203260381 ) ) ;
#1608 = LINE ( 'NONE', #93, #930 ) ;
#1609 = DIRECTION ( 'NONE',  ( 0.000000000000000000, -1.000000000000000000, -3.491481338843135327E-15 ) ) ;
#1610 = FILL_AREA_STYLE_COLOUR ( '', #805 ) ;
#1611 = EDGE_CURVE ( 'NONE', #110, #1699, #197, .T. ) ;
#1612 = DIRECTION ( 'NONE',  ( 2.255140518769850012E-15, -3.491481338843135327E-15, 1.000000000000000000 ) ) ;
#1613 = VERTEX_POINT ( 'NONE', #1635 ) ;
#1614 = ORIENTED_EDGE ( 'NONE', *, *, #660, .F. ) ;
#1615 = CARTESIAN_POINT ( 'NONE',  ( -4.500000000000000000, -0.9599484611796850198, 5.490051538820329924 ) ) ;
#1616 = SURFACE_STYLE_USAGE ( .BOTH. , #242 ) ;
#1617 = CARTESIAN_POINT ( 'NONE',  ( -1.600000000000000089, -0.9899484611796689482, 0.9900515388203250389 ) ) ;
#1618 = CARTESIAN_POINT ( 'NONE',  ( -1.600000000000000089, -0.9099484611796530009, -3.579948461179669916 ) ) ;
#1619 = VERTEX_POINT ( 'NONE', #727 ) ;
#1620 = EDGE_CURVE ( 'NONE', #1725, #141, #1338, .T. ) ;
#1621 = LINE ( 'NONE', #546, #1539 ) ;
#1622 = ORIENTED_EDGE ( 'NONE', *, *, #745, .F. ) ;
#1623 = CARTESIAN_POINT ( 'NONE',  ( -4.500000000000000000, -0.9599484611796540445, -3.509948461179674961 ) ) ;
#1624 = DIRECTION ( 'NONE',  ( -3.180326372624150547E-15, 3.491481338843135327E-15, -1.000000000000000000 ) ) ;
#1625 = VECTOR ( 'NONE', #618, 1000.000000000000000 ) ;
#1626 = PRESENTATION_LAYER_ASSIGNMENT (  '', '', ( #1310 ) ) ;
#1627 =( GEOMETRIC_REPRESENTATION_CONTEXT ( 3 ) GLOBAL_UNCERTAINTY_ASSIGNED_CONTEXT ( ( #1871 ) ) GLOBAL_UNIT_ASSIGNED_CONTEXT ( ( #641, #186, #55 ) ) REPRESENTATION_CONTEXT ( 'NONE', 'WORKASPACE' ) );
#1628 = CARTESIAN_POINT ( 'NONE',  ( 0.000000000000000000, -0.6599484611796730960, 1.990051538820325261 ) ) ;
#1629 = PRESENTATION_STYLE_ASSIGNMENT (( #1171 ) ) ;
#1630 = PRESENTATION_STYLE_ASSIGNMENT (( #573 ) ) ;
#1631 = COLOUR_RGB ( '',0.1137254901960784298, 0.1137254901960784298, 0.1137254901960784298 ) ;
#1632 = ORIENTED_EDGE ( 'NONE', *, *, #860, .T. ) ;
#1633 = ORIENTED_EDGE ( 'NONE', *, *, #99, .T. ) ;
#1634 = STYLED_ITEM ( 'NONE', ( #1630 ), #1733 ) ;
#1635 = CARTESIAN_POINT ( 'NONE',  ( -4.500000000000000000, -0.9599484611796729183, 1.990051538820339916 ) ) ;
#1636 = DIRECTION ( 'NONE',  ( 0.000000000000000000, -3.491481338843135327E-15, 1.000000000000000000 ) ) ;
#1637 =( NAMED_UNIT ( * ) PLANE_ANGLE_UNIT ( ) SI_UNIT ( $, .RADIAN. ) );
#1638 = LINE ( 'NONE', #867, #685 ) ;
#1639 = ORIENTED_EDGE ( 'NONE', *, *, #87, .F. ) ;
#1640 = LINE ( 'NONE', #1224, #559 ) ;
#1641 = ORIENTED_EDGE ( 'NONE', *, *, #1872, .F. ) ;
#1642 = LINE ( 'NONE', #1459, #1601 ) ;
#1643 = DIRECTION ( 'NONE',  ( -1.000000000000000000, 0.000000000000000000, 0.000000000000000000 ) ) ;
#1644 = EDGE_CURVE ( 'NONE', #1328, #765, #584, .T. ) ;
#1645 = DIRECTION ( 'NONE',  ( -1.000000000000000000, 0.000000000000000000, 0.000000000000000000 ) ) ;
#1646 = DIRECTION ( 'NONE',  ( -2.168404344971010446E-15, 3.491481338843135327E-15, -1.000000000000000000 ) ) ;
#1647 = ORIENTED_EDGE ( 'NONE', *, *, #958, .F. ) ;
#1648 = PLANE ( 'NONE',  #408 ) ;
#1649 = ORIENTED_EDGE ( 'NONE', *, *, #1019, .T. ) ;
#1650 = CARTESIAN_POINT ( 'NONE',  ( -1.600000000000000089, 0.07005153882031370238, 5.520051538820340831 ) ) ;
#1651 = DIRECTION ( 'NONE',  ( 0.000000000000000000, -1.000000000000000000, -3.491481338843135327E-15 ) ) ;
#1652 = EDGE_CURVE ( 'NONE', #1328, #753, #616, .T. ) ;
#1653 =( LENGTH_UNIT ( ) NAMED_UNIT ( * ) SI_UNIT ( .MILLI., .METRE. ) );
#1654 = AXIS2_PLACEMENT_3D ( 'NONE', #30, #200, #1563 ) ;
#1655 =( NAMED_UNIT ( * ) SI_UNIT ( $, .STERADIAN. ) SOLID_ANGLE_UNIT ( ) );
#1656 = VERTEX_POINT ( 'NONE', #361 ) ;
#1657 = VECTOR ( 'NONE', #240, 1000.000000000000000 ) ;
#1658 = AXIS2_PLACEMENT_3D ( 'NONE', #1897, #1922, #1331 ) ;
#1659 = CARTESIAN_POINT ( 'NONE',  ( -3.000000000000000000, -0.9599484611796689215, 0.9900515388203260381 ) ) ;
#1660 = EDGE_LOOP ( 'NONE', ( #1936, #98, #1433, #1155 ) ) ;
#1661 = COLOUR_RGB ( '',0.1137254901960784298, 0.1137254901960784298, 0.1137254901960784298 ) ;
#1662 = DIRECTION ( 'NONE',  ( -1.807003620809169455E-15, 3.501069515317765400E-15, -1.000000000000000000 ) ) ;
#1663 = FILL_AREA_STYLE ('',( #1204 ) ) ;
#1664 = ADVANCED_BREP_SHAPE_REPRESENTATION ( 'CPT-9019A-SMT-TR', ( #1504, #279 ), #445 ) ;
#1665 = FILL_AREA_STYLE ('',( #1222 ) ) ;
#1666 = EDGE_LOOP ( 'NONE', ( #1945, #1803, #426, #690 ) ) ;
#1667 = EDGE_CURVE ( 'NONE', #1357, #1348, #515, .T. ) ;
#1668 = LINE ( 'NONE', #19, #591 ) ;
#1669 = ORIENTED_EDGE ( 'NONE', *, *, #569, .F. ) ;
#1670 = DIRECTION ( 'NONE',  ( -1.000000000000000000, 0.000000000000000000, 0.000000000000000000 ) ) ;
#1671 = FILL_AREA_STYLE ('',( #913 ) ) ;
#1672 = UNCERTAINTY_MEASURE_WITH_UNIT (LENGTH_MEASURE( 1.000000000000000082E-05 ), #1246, 'distance_accuracy_value', 'NONE');
#1673 = LINE ( 'NONE', #327, #1513 ) ;
#1674 = ORIENTED_EDGE ( 'NONE', *, *, #1675, .T. ) ;
#1675 = EDGE_CURVE ( 'NONE', #424, #1738, #1435, .T. ) ;
#1676 = DIRECTION ( 'NONE',  ( -1.000000000000000000, -7.873781037753950332E-30, 2.255140518769850012E-15 ) ) ;
#1677 = ORIENTED_EDGE ( 'NONE', *, *, #1822, .F. ) ;
#1678 = SURFACE_STYLE_FILL_AREA ( #1701 ) ;
#1679 = FACE_OUTER_BOUND ( 'NONE', #132, .T. ) ;
#1680 = SURFACE_STYLE_FILL_AREA ( #223 ) ;
#1681 = PRESENTATION_STYLE_ASSIGNMENT (( #359 ) ) ;
#1682 = DIRECTION ( 'NONE',  ( 1.000000000000000000, 0.000000000000000000, 0.000000000000000000 ) ) ;
#1683 = DIRECTION ( 'NONE',  ( 0.000000000000000000, 3.491481338843135327E-15, -1.000000000000000000 ) ) ;
#1684 = DIRECTION ( 'NONE',  ( 1.541976423090500169E-15, -3.491481338843135327E-15, 1.000000000000000000 ) ) ;
#1685 = AXIS2_PLACEMENT_3D ( 'NONE', #846, #1438, #692 ) ;
#1686 = VERTEX_POINT ( 'NONE', #991 ) ;
#1687 =( GEOMETRIC_REPRESENTATION_CONTEXT ( 3 ) GLOBAL_UNCERTAINTY_ASSIGNED_CONTEXT ( ( #642 ) ) GLOBAL_UNIT_ASSIGNED_CONTEXT ( ( #187, #382, #1243 ) ) REPRESENTATION_CONTEXT ( 'NONE', 'WORKASPACE' ) );
#1688 = VECTOR ( 'NONE', #1670, 1000.000000000000000 ) ;
#1689 = VECTOR ( 'NONE', #115, 1000.000000000000000 ) ;
#1690 = LINE ( 'NONE', #750, #1851 ) ;
#1691 = AXIS2_PLACEMENT_3D ( 'NONE', #549, #1895, #1496 ) ;
#1692 = DIRECTION ( 'NONE',  ( 0.000000000000000000, -3.491481338843135327E-15, 1.000000000000000000 ) ) ;
#1693 = EDGE_CURVE ( 'NONE', #424, #1357, #1511, .T. ) ;
#1694 = PRESENTATION_LAYER_ASSIGNMENT (  '', '', ( #612 ) ) ;
#1695 = DIRECTION ( 'NONE',  ( 1.000000000000000000, 5.678207479149479909E-30, -1.626303258728255073E-15 ) ) ;
#1696 = CARTESIAN_POINT ( 'NONE',  ( -1.600000000000000089, -0.9899484611796528499, -3.659948461179674872 ) ) ;
#1697 = DIRECTION ( 'NONE',  ( 0.000000000000000000, 3.491481338843135327E-15, -1.000000000000000000 ) ) ;
#1698 = PRESENTATION_STYLE_ASSIGNMENT (( #983 ) ) ;
#1699 = VERTEX_POINT ( 'NONE', #76 ) ;
#1700 = CARTESIAN_POINT ( 'NONE',  ( -1.699999999999999956, -0.9599484611796540445, -3.509948461179674961 ) ) ;
#1701 = FILL_AREA_STYLE ('',( #1388 ) ) ;
#1702 = SURFACE_STYLE_FILL_AREA ( #1452 ) ;
#1703 = ADVANCED_FACE ( 'NONE', ( #60 ), #1558, .F. ) ;
#1704 = FILL_AREA_STYLE_COLOUR ( '', #438 ) ;
#1705 = FILL_AREA_STYLE_COLOUR ( '', #400 ) ;
#1706 = LINE ( 'NONE', #960, #1845 ) ;
#1707 = CARTESIAN_POINT ( 'NONE',  ( -1.699999999999999956, -0.9599484611796540445, -3.509948461179674961 ) ) ;
#1708 =( NAMED_UNIT ( * ) SI_UNIT ( $, .STERADIAN. ) SOLID_ANGLE_UNIT ( ) );
#1709 = ORIENTED_EDGE ( 'NONE', *, *, #488, .T. ) ;
#1710 = DIRECTION ( 'NONE',  ( 2.303929616531700078E-15, -3.491481338843135327E-15, 1.000000000000000000 ) ) ;
#1711 = CARTESIAN_POINT ( 'NONE',  ( 2.899999999999999911, -0.8099484611796800015, 3.890051538820315180 ) ) ;
#1712 = FACE_OUTER_BOUND ( 'NONE', #622, .T. ) ;
#1713 = EDGE_CURVE ( 'NONE', #1012, #1113, #1582, .T. ) ;
#1714 = ADVANCED_FACE ( 'NONE', ( #1590 ), #69, .F. ) ;
#1715 = DIRECTION ( 'NONE',  ( -1.000000000000000000, 0.000000000000000000, 0.000000000000000000 ) ) ;
#1716 = SURFACE_SIDE_STYLE ('',( #1557 ) ) ;
#1717 = DIRECTION ( 'NONE',  ( 1.000000000000000000, 8.328037636085910406E-30, -2.385244779468110149E-15 ) ) ;
#1718 = ORIENTED_EDGE ( 'NONE', *, *, #986, .T. ) ;
#1719 = STYLED_ITEM ( 'NONE', ( #854 ), #561 ) ;
#1720 = DIRECTION ( 'NONE',  ( 1.541976423090500169E-15, -3.491481338843135327E-15, 1.000000000000000000 ) ) ;
#1721 = CARTESIAN_POINT ( 'NONE',  ( 2.899999999999999911, -0.8099484611796800015, 3.890051538820315180 ) ) ;
#1722 = COLOUR_RGB ( '',0.6588235294117646967, 0.6196078431372549211, 0.5607843137254902022 ) ;
#1723 = SURFACE_STYLE_FILL_AREA ( #891 ) ;
#1724 = VECTOR ( 'NONE', #1651, 1000.000000000000000 ) ;
#1725 = VERTEX_POINT ( 'NONE', #1731 ) ;
#1726 =( NAMED_UNIT ( * ) SI_UNIT ( $, .STERADIAN. ) SOLID_ANGLE_UNIT ( ) );
#1727 = MECHANICAL_DESIGN_GEOMETRIC_PRESENTATION_REPRESENTATION (  '', ( #612 ), #1755 ) ;
#1728 = SURFACE_STYLE_FILL_AREA ( #644 ) ;
#1729 = SURFACE_STYLE_USAGE ( .BOTH. , #1104 ) ;
#1730 = DIRECTION ( 'NONE',  ( 0.000000000000000000, 3.491481338843135327E-15, -1.000000000000000000 ) ) ;
#1731 = CARTESIAN_POINT ( 'NONE',  ( 4.500000000000000000, 0.9900515388203150469, 5.490051538820329924 ) ) ;
#1732 = ORIENTED_EDGE ( 'NONE', *, *, #322, .T. ) ;
#1733 = ADVANCED_FACE ( 'NONE', ( #233 ), #984, .T. ) ;
#1734 = FACE_OUTER_BOUND ( 'NONE', #1132, .T. ) ;
#1735 = DIRECTION ( 'NONE',  ( 0.000000000000000000, 1.000000000000000000, 3.491481338843135327E-15 ) ) ;
#1736 = PRESENTATION_STYLE_ASSIGNMENT (( #866 ) ) ;
#1737 =( LENGTH_UNIT ( ) NAMED_UNIT ( * ) SI_UNIT ( .MILLI., .METRE. ) );
#1738 = VERTEX_POINT ( 'NONE', #1040 ) ;
#1739 = EDGE_CURVE ( 'NONE', #209, #61, #1638, .T. ) ;
#1740 = DIRECTION ( 'NONE',  ( 0.000000000000000000, -1.000000000000000000, -3.491481338843135327E-15 ) ) ;
#1741 = LINE ( 'NONE', #994, #1029 ) ;
#1742 = CARTESIAN_POINT ( 'NONE',  ( 0.000000000000000000, -0.8099484611796580191, -2.409948461179674872 ) ) ;
#1743 = SURFACE_STYLE_FILL_AREA ( #261 ) ;
#1744 = ORIENTED_EDGE ( 'NONE', *, *, #1016, .F. ) ;
#1745 = LINE ( 'NONE', #1607, #306 ) ;
#1746 = CARTESIAN_POINT ( 'NONE',  ( 0.000000000000000000, -0.8099484611796849975, 5.490051538820329924 ) ) ;
#1747 = MECHANICAL_DESIGN_GEOMETRIC_PRESENTATION_REPRESENTATION (  '', ( #1597 ), #1902 ) ;
#1748 = DIRECTION ( 'NONE',  ( -1.000000000000000000, -6.310852008237850187E-30, 1.807003620809170244E-15 ) ) ;
#1749 =( GEOMETRIC_REPRESENTATION_CONTEXT ( 3 ) GLOBAL_UNCERTAINTY_ASSIGNED_CONTEXT ( ( #1007 ) ) GLOBAL_UNIT_ASSIGNED_CONTEXT ( ( #550, #89, #1884 ) ) REPRESENTATION_CONTEXT ( 'NONE', 'WORKASPACE' ) );
#1750 = EDGE_CURVE ( 'NONE', #185, #1354, #122, .T. ) ;
#1751 = VECTOR ( 'NONE', #806, 1000.000000000000000 ) ;
#1752 = UNCERTAINTY_MEASURE_WITH_UNIT (LENGTH_MEASURE( 1.000000000000000082E-05 ), #1323, 'distance_accuracy_value', 'NONE');
#1753 = COLOUR_RGB ( '',0.1137254901960784298, 0.1137254901960784298, 0.1137254901960784298 ) ;
#1754 = DIRECTION ( 'NONE',  ( 0.000000000000000000, 1.000000000000000000, 3.491481338843135327E-15 ) ) ;
#1755 =( GEOMETRIC_REPRESENTATION_CONTEXT ( 3 ) GLOBAL_UNCERTAINTY_ASSIGNED_CONTEXT ( ( #12 ) ) GLOBAL_UNIT_ASSIGNED_CONTEXT ( ( #1068, #916, #196 ) ) REPRESENTATION_CONTEXT ( 'NONE', 'WORKASPACE' ) );
#1756 = DIRECTION ( 'NONE',  ( 0.000000000000000000, 3.491481338843135327E-15, -1.000000000000000000 ) ) ;
#1757 = EDGE_LOOP ( 'NONE', ( #318, #744, #911, #1501 ) ) ;
#1758 = VECTOR ( 'NONE', #1297, 1000.000000000000000 ) ;
#1759 = CARTESIAN_POINT ( 'NONE',  ( 1.600000000000000089, -0.9099484611796530009, -3.579948461179674801 ) ) ;
#1760 = ORIENTED_EDGE ( 'NONE', *, *, #1364, .T. ) ;
#1761 = DIRECTION ( 'NONE',  ( -1.807003620809169455E-15, 3.501069515317765400E-15, -1.000000000000000000 ) ) ;
#1762 = CARTESIAN_POINT ( 'NONE',  ( 1.699999999999999956, -0.9599484611796540445, -3.509948461179674961 ) ) ;
#1763 = EDGE_CURVE ( 'NONE', #717, #1917, #1899, .T. ) ;
#1764 = CARTESIAN_POINT ( 'NONE',  ( -1.699999999999999956, -0.8099484611796580191, -2.309948461179674783 ) ) ;
#1765 = ORIENTED_EDGE ( 'NONE', *, *, #1084, .T. ) ;
#1766 = LINE ( 'NONE', #92, #1938 ) ;
#1767 = ORIENTED_EDGE ( 'NONE', *, *, #1713, .T. ) ;
#1768 = SURFACE_SIDE_STYLE ('',( #1166 ) ) ;
#1769 = DIRECTION ( 'NONE',  ( 0.000000000000000000, -1.000000000000000000, -3.491481338843135327E-15 ) ) ;
#1770 = LINE ( 'NONE', #1617, #585 ) ;
#1771 = CARTESIAN_POINT ( 'NONE',  ( 4.500000000000000000, 0.1900515388203140033, 5.490051538820329924 ) ) ;
#1772 = VERTEX_POINT ( 'NONE', #551 ) ;
#1773 = EDGE_CURVE ( 'NONE', #1551, #444, #287, .T. ) ;
#1774 = DIRECTION ( 'NONE',  ( 3.180326372624140292E-15, -3.491481338843135327E-15, 1.000000000000000000 ) ) ;
#1775 = VERTEX_POINT ( 'NONE', #892 ) ;
#1776 = FILL_AREA_STYLE ('',( #1174 ) ) ;
#1777 = FILL_AREA_STYLE ('',( #1546 ) ) ;
#1778 =( NAMED_UNIT ( * ) SI_UNIT ( $, .STERADIAN. ) SOLID_ANGLE_UNIT ( ) );
#1779 = STYLED_ITEM ( 'NONE', ( #919 ), #431 ) ;
#1780 = VECTOR ( 'NONE', #1303, 1000.000000000000000 ) ;
#1781 = CARTESIAN_POINT ( 'NONE',  ( 0.000000000000000000, -0.6599484611796689881, 0.9900515388203260381 ) ) ;
#1782 = VECTOR ( 'NONE', #532, 1000.000000000000000 ) ;
#1783 =( GEOMETRIC_REPRESENTATION_CONTEXT ( 3 ) GLOBAL_UNCERTAINTY_ASSIGNED_CONTEXT ( ( #1890 ) ) GLOBAL_UNIT_ASSIGNED_CONTEXT ( ( #1006, #94, #694 ) ) REPRESENTATION_CONTEXT ( 'NONE', 'WORKASPACE' ) );
#1784 = FILL_AREA_STYLE ('',( #1540 ) ) ;
#1785 = LINE ( 'NONE', #443, #183 ) ;
#1786 = AXIS2_PLACEMENT_3D ( 'NONE', #1373, #298, #1086 ) ;
#1787 = ORIENTED_EDGE ( 'NONE', *, *, #610, .T. ) ;
#1788 = PRESENTATION_LAYER_ASSIGNMENT (  '', '', ( #1350 ) ) ;
#1789 = EDGE_CURVE ( 'NONE', #893, #1508, #1935, .T. ) ;
#1790 =( NAMED_UNIT ( * ) SI_UNIT ( $, .STERADIAN. ) SOLID_ANGLE_UNIT ( ) );
#1791 = ORIENTED_EDGE ( 'NONE', *, *, #1586, .T. ) ;
#1792 = PRESENTATION_LAYER_ASSIGNMENT (  '', '', ( #1035 ) ) ;
#1793 = CARTESIAN_POINT ( 'NONE',  ( 0.000000000000000000, -0.9599484611796580413, -2.309948461179674783 ) ) ;
#1794 =( LENGTH_UNIT ( ) NAMED_UNIT ( * ) SI_UNIT ( .MILLI., .METRE. ) );
#1795 = PLANE ( 'NONE',  #1423 ) ;
#1796 = ORIENTED_EDGE ( 'NONE', *, *, #1008, .T. ) ;
#1797 = FACE_OUTER_BOUND ( 'NONE', #65, .T. ) ;
#1798 = VERTEX_POINT ( 'NONE', #1027 ) ;
#1799 = EDGE_CURVE ( 'NONE', #1447, #1508, #1162, .T. ) ;
#1800 = CARTESIAN_POINT ( 'NONE',  ( -1.600000000000000089, 0.1900515388203455058, -3.509948461179670076 ) ) ;
#1801 = PLANE ( 'NONE',  #1439 ) ;
#1802 = PRESENTATION_STYLE_ASSIGNMENT (( #6 ) ) ;
#1803 = ORIENTED_EDGE ( 'NONE', *, *, #192, .F. ) ;
#1804 = SURFACE_STYLE_FILL_AREA ( #1201 ) ;
#1805 = ORIENTED_EDGE ( 'NONE', *, *, #1799, .F. ) ;
#1806 = SURFACE_STYLE_USAGE ( .BOTH. , #153 ) ;
#1807 = FILL_AREA_STYLE_COLOUR ( '', #766 ) ;
#1808 = EDGE_CURVE ( 'NONE', #1, #1917, #1326, .T. ) ;
#1809 = PRESENTATION_STYLE_ASSIGNMENT (( #752 ) ) ;
#1810 = UNCERTAINTY_MEASURE_WITH_UNIT (LENGTH_MEASURE( 1.000000000000000082E-05 ), #167, 'distance_accuracy_value', 'NONE');
#1811 = VECTOR ( 'NONE', #1715, 1000.000000000000000 ) ;
#1812 = VERTEX_POINT ( 'NONE', #131 ) ;
#1813 = COLOUR_RGB ( '',0.1137254901960784298, 0.1137254901960784298, 0.1137254901960784298 ) ;
#1814 = MECHANICAL_DESIGN_GEOMETRIC_PRESENTATION_REPRESENTATION (  '', ( #1904 ), #1213 ) ;
#1815 = ORIENTED_EDGE ( 'NONE', *, *, #456, .T. ) ;
#1816 = COLOUR_RGB ( '',0.1137254901960784298, 0.1137254901960784298, 0.1137254901960784298 ) ;
#1817 = CARTESIAN_POINT ( 'NONE',  ( 2.899999999999999911, -0.8099484611796800015, 3.890051538820315180 ) ) ;
#1818 = STYLED_ITEM ( 'NONE', ( #490 ), #1555 ) ;
#1819 =( NAMED_UNIT ( * ) PLANE_ANGLE_UNIT ( ) SI_UNIT ( $, .RADIAN. ) );
#1820 = COLOUR_RGB ( '',0.1137254901960784298, 0.1137254901960784298, 0.1137254901960784298 ) ;
#1821 = DIRECTION ( 'NONE',  ( -1.000000000000000000, 0.000000000000000000, 0.000000000000000000 ) ) ;
#1822 = EDGE_CURVE ( 'NONE', #1, #1837, #247, .T. ) ;
#1823 = LINE ( 'NONE', #621, #535 ) ;
#1824 = ORIENTED_EDGE ( 'NONE', *, *, #756, .T. ) ;
#1825 = CARTESIAN_POINT ( 'NONE',  ( 2.575000000000000178, 0.9900515388203200429, 3.890051538820324950 ) ) ;
#1826 = SURFACE_STYLE_USAGE ( .BOTH. , #1210 ) ;
#1827 = VERTEX_POINT ( 'NONE', #1333 ) ;
#1828 = CARTESIAN_POINT ( 'NONE',  ( 1.600000000000000089, -0.8099484611796819999, 4.390051538820324950 ) ) ;
#1829 = CARTESIAN_POINT ( 'NONE',  ( -3.000000000000000000, -0.6599484611796659905, -0.009948461179663539711 ) ) ;
#1830 = CARTESIAN_POINT ( 'NONE',  ( 0.000000000000000000, -0.9599484611796729183, 1.990051538820335253 ) ) ;
#1831 = ORIENTED_EDGE ( 'NONE', *, *, #1355, .T. ) ;
#1832 = UNCERTAINTY_MEASURE_WITH_UNIT (LENGTH_MEASURE( 1.000000000000000082E-05 ), #1943, 'distance_accuracy_value', 'NONE');
#1833 = PRESENTATION_STYLE_ASSIGNMENT (( #1231 ) ) ;
#1834 = ORIENTED_EDGE ( 'NONE', *, *, #835, .F. ) ;
#1835 = FILL_AREA_STYLE ('',( #791 ) ) ;
#1836 = DIRECTION ( 'NONE',  ( 0.000000000000000000, 1.000000000000000000, 3.491481338843135327E-15 ) ) ;
#1837 = VERTEX_POINT ( 'NONE', #1177 ) ;
#1838 =( NAMED_UNIT ( * ) PLANE_ANGLE_UNIT ( ) SI_UNIT ( $, .RADIAN. ) );
#1839 = FACE_OUTER_BOUND ( 'NONE', #975, .T. ) ;
#1840 = ORIENTED_EDGE ( 'NONE', *, *, #768, .F. ) ;
#1841 =( LENGTH_UNIT ( ) NAMED_UNIT ( * ) SI_UNIT ( .MILLI., .METRE. ) );
#1842 = CARTESIAN_POINT ( 'NONE',  ( -4.500000000000000000, -0.9599484611796540445, -3.509948461179674961 ) ) ;
#1843 = FILL_AREA_STYLE ('',( #1863 ) ) ;
#1844 = PLANE ( 'NONE',  #742 ) ;
#1845 = VECTOR ( 'NONE', #809, 1000.000000000000000 ) ;
#1846 = EDGE_LOOP ( 'NONE', ( #1289, #510, #697, #1172 ) ) ;
#1847 = CLOSED_SHELL ( 'NONE', ( #254, #1044, #1377, #447, #168, #601, #220, #672, #45, #11, #896, #1882, #698, #406, #108, #1555, #1148, #1901, #210, #1030, #948, #729, #431, #1714, #358, #1526, #265, #1703, #1220, #959, #1733, #1465, #1454, #561, #1233, #368, #1123, #826, #194, #319, #898 ) ) ;
#1848 = AXIS2_PLACEMENT_3D ( 'NONE', #857, #1589, #1324 ) ;
#1849 = EDGE_CURVE ( 'NONE', #1508, #430, #1785, .T. ) ;
#1850 = LINE ( 'NONE', #1562, #179 ) ;
#1851 = VECTOR ( 'NONE', #1349, 1000.000000000000000 ) ;
#1852 = SURFACE_SIDE_STYLE ('',( #1678 ) ) ;
#1853 = PRESENTATION_LAYER_ASSIGNMENT (  '', '', ( #877 ) ) ;
#1854 = DIRECTION ( 'NONE',  ( 0.000000000000000000, 1.000000000000000000, 3.491481338843135327E-15 ) ) ;
#1855 = VECTOR ( 'NONE', #352, 1000.000000000000000 ) ;
#1856 =( NAMED_UNIT ( * ) SI_UNIT ( $, .STERADIAN. ) SOLID_ANGLE_UNIT ( ) );
#1857 = DIRECTION ( 'NONE',  ( -5.383781906156569890E-30, 1.000000000000000000, 0.000000000000000000 ) ) ;
#1858 = CARTESIAN_POINT ( 'NONE',  ( 1.600000000000000089, -0.9899484611796808275, 4.390051538820320509 ) ) ;
#1859 = ORIENTED_EDGE ( 'NONE', *, *, #1100, .T. ) ;
#1860 = SURFACE_STYLE_USAGE ( .BOTH. , #1527 ) ;
#1861 = EDGE_CURVE ( 'NONE', #575, #1798, #1342, .T. ) ;
#1862 = LINE ( 'NONE', #204, #1751 ) ;
#1863 = FILL_AREA_STYLE_COLOUR ( '', #1418 ) ;
#1864 = FILL_AREA_STYLE ('',( #962 ) ) ;
#1865 = ORIENTED_EDGE ( 'NONE', *, *, #1322, .F. ) ;
#1866 = PLANE ( 'NONE',  #1375 ) ;
#1867 = FACE_OUTER_BOUND ( 'NONE', #607, .T. ) ;
#1868 = SURFACE_STYLE_FILL_AREA ( #84 ) ;
#1869 = ORIENTED_EDGE ( 'NONE', *, *, #835, .T. ) ;
#1870 = CYLINDRICAL_SURFACE ( 'NONE', #1061, 0.3249999999999997891 ) ;
#1871 = UNCERTAINTY_MEASURE_WITH_UNIT (LENGTH_MEASURE( 1.000000000000000082E-05 ), #641, 'distance_accuracy_value', 'NONE');
#1872 = EDGE_CURVE ( 'NONE', #61, #1012, #1463, .T. ) ;
#1873 = CARTESIAN_POINT ( 'NONE',  ( -1.699999999999999956, -0.8099484611796540223, -3.509948461179674961 ) ) ;
#1874 = DIRECTION ( 'NONE',  ( -1.000000000000000000, -3.785471652766310364E-30, 1.084202172485499898E-15 ) ) ;
#1875 = ORIENTED_EDGE ( 'NONE', *, *, #1066, .F. ) ;
#1876 = FILL_AREA_STYLE ('',( #1277 ) ) ;
#1877 = DIRECTION ( 'NONE',  ( 1.541976423090500169E-15, 3.491481338843135327E-15, -1.000000000000000000 ) ) ;
#1878 = AXIS2_PLACEMENT_3D ( 'NONE', #1077, #654, #1541 ) ;
#1879 = PRESENTATION_STYLE_ASSIGNMENT (( #966 ) ) ;
#1880 = ORIENTED_EDGE ( 'NONE', *, *, #63, .F. ) ;
#1881 = CARTESIAN_POINT ( 'NONE',  ( 1.600000000000000089, -0.8099484611796540223, -3.509948461179674961 ) ) ;
#1882 = ADVANCED_FACE ( 'NONE', ( #1191 ), #1795, .T. ) ;
#1883 = VECTOR ( 'NONE', #858, 1000.000000000000000 ) ;
#1884 =( NAMED_UNIT ( * ) SI_UNIT ( $, .STERADIAN. ) SOLID_ANGLE_UNIT ( ) );
#1885 =( NAMED_UNIT ( * ) PLANE_ANGLE_UNIT ( ) SI_UNIT ( $, .RADIAN. ) );
#1886 = ORIENTED_EDGE ( 'NONE', *, *, #545, .F. ) ;
#1887 = DIRECTION ( 'NONE',  ( 1.000000000000000000, 0.000000000000000000, 0.000000000000000000 ) ) ;
#1888 = FACE_OUTER_BOUND ( 'NONE', #900, .T. ) ;
#1889 =( NAMED_UNIT ( * ) PLANE_ANGLE_UNIT ( ) SI_UNIT ( $, .RADIAN. ) );
#1890 = UNCERTAINTY_MEASURE_WITH_UNIT (LENGTH_MEASURE( 1.000000000000000082E-05 ), #1006, 'distance_accuracy_value', 'NONE');
#1891 =( NAMED_UNIT ( * ) SI_UNIT ( $, .STERADIAN. ) SOLID_ANGLE_UNIT ( ) );
#1892 = ORIENTED_EDGE ( 'NONE', *, *, #1216, .F. ) ;
#1893 =( NAMED_UNIT ( * ) PLANE_ANGLE_UNIT ( ) SI_UNIT ( $, .RADIAN. ) );
#1894 = PLANE ( 'NONE',  #43 ) ;
#1895 = DIRECTION ( 'NONE',  ( -1.000000000000000000, -7.570943305532669773E-30, 2.168404344971015179E-15 ) ) ;
#1896 = DIRECTION ( 'NONE',  ( 0.000000000000000000, -3.491481338843135327E-15, 1.000000000000000000 ) ) ;
#1897 = CARTESIAN_POINT ( 'NONE',  ( 2.899999999999999911, 0.9900515388203200429, 3.890051538820324950 ) ) ;
#1898 = DIRECTION ( 'NONE',  ( 0.000000000000000000, -1.000000000000000000, -3.491481338843135327E-15 ) ) ;
#1899 = LINE ( 'NONE', #1153, #1883 ) ;
#1900 = VERTEX_POINT ( 'NONE', #480 ) ;
#1901 = ADVANCED_FACE ( 'NONE', ( #1521 ), #761, .F. ) ;
#1902 =( GEOMETRIC_REPRESENTATION_CONTEXT ( 3 ) GLOBAL_UNCERTAINTY_ASSIGNED_CONTEXT ( ( #849 ) ) GLOBAL_UNIT_ASSIGNED_CONTEXT ( ( #383, #44, #1429 ) ) REPRESENTATION_CONTEXT ( 'NONE', 'WORKASPACE' ) );
#1903 = MECHANICAL_DESIGN_GEOMETRIC_PRESENTATION_REPRESENTATION (  '', ( #435 ), #336 ) ;
#1904 = STYLED_ITEM ( 'NONE', ( #829 ), #265 ) ;
#1905 = PLANE ( 'NONE',  #557 ) ;
#1906 = PRESENTATION_LAYER_ASSIGNMENT (  '', '', ( #814 ) ) ;
#1907 = FILL_AREA_STYLE ('',( #263 ) ) ;
#1908 = ORIENTED_EDGE ( 'NONE', *, *, #745, .T. ) ;
#1909 = VECTOR ( 'NONE', #1483, 1000.000000000000000 ) ;
#1910 = DIRECTION ( 'NONE',  ( 0.000000000000000000, -1.000000000000000000, -3.491481338843135327E-15 ) ) ;
#1911 = ORIENTED_EDGE ( 'NONE', *, *, #1573, .F. ) ;
#1912 = FILL_AREA_STYLE_COLOUR ( '', #1034 ) ;
#1913 = EDGE_CURVE ( 'NONE', #1270, #921, #1207, .T. ) ;
#1914 = FILL_AREA_STYLE_COLOUR ( '', #235 ) ;
#1915 = CARTESIAN_POINT ( 'NONE',  ( 1.600000000000000089, -0.9099484611796860856, 5.640051538820329391 ) ) ;
#1916 = LINE ( 'NONE', #563, #1057 ) ;
#1917 = VERTEX_POINT ( 'NONE', #32 ) ;
#1918 = SURFACE_STYLE_USAGE ( .BOTH. , #109 ) ;
#1919 = ORIENTED_EDGE ( 'NONE', *, *, #1573, .T. ) ;
#1920 =( NAMED_UNIT ( * ) SI_UNIT ( $, .STERADIAN. ) SOLID_ANGLE_UNIT ( ) );
#1921 = SURFACE_STYLE_USAGE ( .BOTH. , #751 ) ;
#1922 = DIRECTION ( 'NONE',  ( 0.000000000000000000, 1.000000000000000000, 3.491481338843135327E-15 ) ) ;
#1923 = EDGE_CURVE ( 'NONE', #451, #1775, #1823, .T. ) ;
#1924 = CARTESIAN_POINT ( 'NONE',  ( -1.699999999999999956, -0.8099484611796580191, -2.309948461179674783 ) ) ;
#1925 = CARTESIAN_POINT ( 'NONE',  ( 1.600000000000000089, -0.9899484611796528499, -3.659948461179674872 ) ) ;
#1926 = ORIENTED_EDGE ( 'NONE', *, *, #1345, .T. ) ;
#1927 = DIRECTION ( 'NONE',  ( 1.541976423090500169E-15, -3.491481338843135327E-15, 1.000000000000000000 ) ) ;
#1928 = VERTEX_POINT ( 'NONE', #1071 ) ;
#1929 = DIRECTION ( 'NONE',  ( -1.000000000000000000, 0.000000000000000000, 0.000000000000000000 ) ) ;
#1930 = PRESENTATION_LAYER_ASSIGNMENT (  '', '', ( #802 ) ) ;
#1931 = PRESENTATION_LAYER_ASSIGNMENT (  '', '', ( #1468 ) ) ;
#1932 = COLOUR_RGB ( '',0.6588235294117646967, 0.6196078431372549211, 0.5607843137254902022 ) ;
#1933 = MECHANICAL_DESIGN_GEOMETRIC_PRESENTATION_REPRESENTATION (  '', ( #1002 ), #1567 ) ;
#1934 =( LENGTH_UNIT ( ) NAMED_UNIT ( * ) SI_UNIT ( .MILLI., .METRE. ) );
#1935 = LINE ( 'NONE', #1764, #1129 ) ;
#1936 = ORIENTED_EDGE ( 'NONE', *, *, #889, .F. ) ;
#1937 = EDGE_CURVE ( 'NONE', #1012, #785, #1673, .T. ) ;
#1938 = VECTOR ( 'NONE', #1927, 1000.000000000000000 ) ;
#1939 = FILL_AREA_STYLE ('',( #452 ) ) ;
#1940 = ORIENTED_EDGE ( 'NONE', *, *, #1913, .F. ) ;
#1941 = MECHANICAL_DESIGN_GEOMETRIC_PRESENTATION_REPRESENTATION (  '', ( #1380 ), #847 ) ;
#1942 = CARTESIAN_POINT ( 'NONE',  ( 1.600000000000000089, -0.9099484611796850864, 5.560051538820320438 ) ) ;
#1943 =( LENGTH_UNIT ( ) NAMED_UNIT ( * ) SI_UNIT ( .MILLI., .METRE. ) );
#1944 = DIRECTION ( 'NONE',  ( 0.000000000000000000, 3.491481338843135327E-15, -1.000000000000000000 ) ) ;
#1945 = ORIENTED_EDGE ( 'NONE', *, *, #1571, .F. ) ;
#1946 = PLANE ( 'NONE',  #714 ) ;
ENDSEC;
END-ISO-10303-21;
