ISO-10303-21;
HEADER;
FILE_DESCRIPTION (( 'STEP AP214' ),
    '1' );
FILE_NAME ('Lora E22-900MM22S.STEP',
    '2026-06-14T01:02:02',
    ( '' ),
    ( '' ),
    'SwSTEP 2.0',
    'SolidWorks 2026',
    '' );
FILE_SCHEMA (( 'AUTOMOTIVE_DESIGN' ));
ENDSEC;

DATA;
#1 = VERTEX_POINT ( 'NONE', #4328 ) ;
#2 = ORIENTED_EDGE ( 'NONE', *, *, #6529, .T. ) ;
#3 = ADVANCED_FACE ( 'NONE', ( #5143 ), #8112, .F. ) ;
#4 = VERTEX_POINT ( 'NONE', #2744 ) ;
#5 =( NAMED_UNIT ( * ) PLANE_ANGLE_UNIT ( ) SI_UNIT ( $, .RADIAN. ) );
#6 = UNCERTAINTY_MEASURE_WITH_UNIT (LENGTH_MEASURE( 1.000000000000000082E-05 ), #11679, 'distance_accuracy_value', 'NONE');
#7 = CARTESIAN_POINT ( 'NONE',  ( -5.009999999999999787, -0.2000000000000000111, 1.100000000000000089 ) ) ;
#8 = VECTOR ( 'NONE', #10841, 1000.000000000000000 ) ;
#9 = FILL_AREA_STYLE ('',( #11526 ) ) ;
#10 = CARTESIAN_POINT ( 'NONE',  ( 4.250000000000000000, -4.250000000000000000, 2.500000000000000000 ) ) ;
#11 = FILL_AREA_STYLE ('',( #1978 ) ) ;
#12 = PLANE ( 'NONE',  #5926 ) ;
#13 = UNCERTAINTY_MEASURE_WITH_UNIT (LENGTH_MEASURE( 1.000000000000000082E-05 ), #5414, 'distance_accuracy_value', 'NONE');
#14 = LINE ( 'NONE', #6762, #2734 ) ;
#15 = ORIENTED_EDGE ( 'NONE', *, *, #10159, .T. ) ;
#16 =( GEOMETRIC_REPRESENTATION_CONTEXT ( 3 ) GLOBAL_UNCERTAINTY_ASSIGNED_CONTEXT ( ( #6230 ) ) GLOBAL_UNIT_ASSIGNED_CONTEXT ( ( #12232, #10343, #9162 ) ) REPRESENTATION_CONTEXT ( 'NONE', 'WORKASPACE' ) );
#17 = ORIENTED_EDGE ( 'NONE', *, *, #8641, .T. ) ;
#18 = EDGE_CURVE ( 'NONE', #649, #7455, #3981, .T. ) ;
#19 = ORIENTED_EDGE ( 'NONE', *, *, #6564, .T. ) ;
#20 = EDGE_CURVE ( 'NONE', #1165, #1017, #10127, .T. ) ;
#21 = ORIENTED_EDGE ( 'NONE', *, *, #3347, .F. ) ;
#22 = PRESENTATION_STYLE_ASSIGNMENT (( #1916 ) ) ;
#23 = EDGE_LOOP ( 'NONE', ( #10391, #9701, #8801, #1625, #7849, #9228, #2241, #4035 ) ) ;
#24 = DIRECTION ( 'NONE',  ( 1.000000000000000000, -1.047444401652940164E-14, 0.000000000000000000 ) ) ;
#25 = CARTESIAN_POINT ( 'NONE',  ( -5.000000000000000000, 2.939999999999999947, -0.1000000000000000056 ) ) ;
#26 = CARTESIAN_POINT ( 'NONE',  ( -2.340000000000050040, -5.000000000000000000, -0.1000000000000000056 ) ) ;
#27 = CARTESIAN_POINT ( 'NONE',  ( -1.070000000000052021, -5.009999999999999787, -0.1000000000000000056 ) ) ;
#28 = CARTESIAN_POINT ( 'NONE',  ( 0.000000000000000000, 0.000000000000000000, 0.000000000000000000 ) ) ;
#29 = ORIENTED_EDGE ( 'NONE', *, *, #4494, .T. ) ;
#30 = EDGE_CURVE ( 'NONE', #9960, #1020, #7321, .T. ) ;
#31 = ORIENTED_EDGE ( 'NONE', *, *, #646, .F. ) ;
#32 = DIRECTION ( 'NONE',  ( 0.000000000000000000, 0.000000000000000000, 1.000000000000000000 ) ) ;
#33 = EDGE_CURVE ( 'NONE', #3754, #7164, #7389, .T. ) ;
#34 = FILL_AREA_STYLE ('',( #8655 ) ) ;
#35 = FACE_OUTER_BOUND ( 'NONE', #3490, .T. ) ;
#36 = DIRECTION ( 'NONE',  ( -1.047444401652940164E-14, -1.000000000000000000, 0.000000000000000000 ) ) ;
#37 = EDGE_CURVE ( 'NONE', #3297, #9783, #4576, .T. ) ;
#38 = CARTESIAN_POINT ( 'NONE',  ( -5.000000000000000000, -5.000000000000000000, 0.000000000000000000 ) ) ;
#39 = SURFACE_SIDE_STYLE ('',( #11563 ) ) ;
#40 = ORIENTED_EDGE ( 'NONE', *, *, #102, .F. ) ;
#41 = PRESENTATION_LAYER_ASSIGNMENT (  '', '', ( #8045 ) ) ;
#42 = DIRECTION ( 'NONE',  ( 1.000000000000000000, 0.000000000000000000, 0.000000000000000000 ) ) ;
#43 = CARTESIAN_POINT ( 'NONE',  ( 2.339999999999999858, 5.009999999999999787, -0.1000000000000000056 ) ) ;
#44 = PRESENTATION_LAYER_ASSIGNMENT (  '', '', ( #10901 ) ) ;
#45 = FACE_OUTER_BOUND ( 'NONE', #9660, .T. ) ;
#46 = DIRECTION ( 'NONE',  ( 0.000000000000000000, 0.000000000000000000, 1.000000000000000000 ) ) ;
#47 = FILL_AREA_STYLE ('',( #8671 ) ) ;
#48 =( NAMED_UNIT ( * ) PLANE_ANGLE_UNIT ( ) SI_UNIT ( $, .RADIAN. ) );
#49 = EDGE_CURVE ( 'NONE', #3710, #3076, #7559, .T. ) ;
#50 = DIRECTION ( 'NONE',  ( 0.000000000000000000, 0.000000000000000000, 1.000000000000000000 ) ) ;
#51 = LINE ( 'NONE', #7055, #7957 ) ;
#52 = PLANE ( 'NONE',  #12353 ) ;
#53 = PRESENTATION_STYLE_ASSIGNMENT (( #9745 ) ) ;
#54 = PRESENTATION_STYLE_ASSIGNMENT (( #11517 ) ) ;
#55 = COLOUR_RGB ( '',1.000000000000000000, 0.8117647058823529438, 0.5019607843137254832 ) ;
#56 =( GEOMETRIC_REPRESENTATION_CONTEXT ( 3 ) GLOBAL_UNCERTAINTY_ASSIGNED_CONTEXT ( ( #3916 ) ) GLOBAL_UNIT_ASSIGNED_CONTEXT ( ( #11657, #1344, #7860 ) ) REPRESENTATION_CONTEXT ( 'NONE', 'WORKASPACE' ) );
#57 = ORIENTED_EDGE ( 'NONE', *, *, #6279, .F. ) ;
#58 = AXIS2_PLACEMENT_3D ( 'NONE', #12228, #11244, #3464 ) ;
#59 = ORIENTED_EDGE ( 'NONE', *, *, #4601, .T. ) ;
#60 = DIRECTION ( 'NONE',  ( 1.000000000000000000, -2.891205793294680298E-16, 0.000000000000000000 ) ) ;
#61 = DIRECTION ( 'NONE',  ( 0.000000000000000000, 0.000000000000000000, 1.000000000000000000 ) ) ;
#62 = CARTESIAN_POINT ( 'NONE',  ( -4.750000000000000000, 2.939999999999999947, 1.100000000000000089 ) ) ;
#63 = UNCERTAINTY_MEASURE_WITH_UNIT (LENGTH_MEASURE( 1.000000000000000082E-05 ), #6111, 'distance_accuracy_value', 'NONE');
#64 = FACE_OUTER_BOUND ( 'NONE', #1031, .T. ) ;
#65 = PRESENTATION_LAYER_ASSIGNMENT (  '', '', ( #6108 ) ) ;
#66 = MECHANICAL_DESIGN_GEOMETRIC_PRESENTATION_REPRESENTATION (  '', ( #5118 ), #4117 ) ;
#67 = CARTESIAN_POINT ( 'NONE',  ( -3.250000000000000000, 3.250000000000000000, 2.510000000000000231 ) ) ;
#68 = MECHANICAL_DESIGN_GEOMETRIC_PRESENTATION_REPRESENTATION (  '', ( #690 ), #9336 ) ;
#69 = FILL_AREA_STYLE ('',( #1014 ) ) ;
#70 = EDGE_CURVE ( 'NONE', #6640, #5391, #10625, .T. ) ;
#71 = CARTESIAN_POINT ( 'NONE',  ( -4.250000000000000000, 0.4000000000000000222, -0.1000000000000000056 ) ) ;
#72 = MECHANICAL_DESIGN_GEOMETRIC_PRESENTATION_REPRESENTATION (  '', ( #9103 ), #12115 ) ;
#73 = LINE ( 'NONE', #7497, #4333 ) ;
#74 = FACE_OUTER_BOUND ( 'NONE', #694, .T. ) ;
#75 = ORIENTED_EDGE ( 'NONE', *, *, #10576, .T. ) ;
#76 = EDGE_LOOP ( 'NONE', ( #8788, #9262, #5102, #4475 ) ) ;
#77 = VERTEX_POINT ( 'NONE', #5883 ) ;
#78 = VECTOR ( 'NONE', #1049, 1000.000000000000000 ) ;
#79 = LINE ( 'NONE', #4897, #10106 ) ;
#80 = VECTOR ( 'NONE', #7006, 1000.000000000000000 ) ;
#81 = ORIENTED_EDGE ( 'NONE', *, *, #2257, .F. ) ;
#82 = CARTESIAN_POINT ( 'NONE',  ( 5.000000000000000000, -5.000000000000000000, 1.000000000000000000 ) ) ;
#83 = LINE ( 'NONE', #11433, #11908 ) ;
#84 = FILL_AREA_STYLE_COLOUR ( '', #10428 ) ;
#85 = FACE_OUTER_BOUND ( 'NONE', #2685, .T. ) ;
#86 = EDGE_CURVE ( 'NONE', #5227, #7230, #3540, .T. ) ;
#87 = EDGE_CURVE ( 'NONE', #870, #11047, #7062, .T. ) ;
#88 = DIRECTION ( 'NONE',  ( -1.000000000000000000, 3.491481338843135327E-15, 0.000000000000000000 ) ) ;
#89 =( NAMED_UNIT ( * ) PLANE_ANGLE_UNIT ( ) SI_UNIT ( $, .RADIAN. ) );
#90 = PRESENTATION_LAYER_ASSIGNMENT (  '', '', ( #4151 ) ) ;
#91 =( NAMED_UNIT ( * ) PLANE_ANGLE_UNIT ( ) SI_UNIT ( $, .RADIAN. ) );
#92 = ORIENTED_EDGE ( 'NONE', *, *, #11196, .F. ) ;
#93 = COLOUR_RGB ( '',1.000000000000000000, 0.8117647058823529438, 0.5019607843137254832 ) ;
#94 = CARTESIAN_POINT ( 'NONE',  ( 2.139999999999949942, -5.009999999999999787, -0.1000000000000000056 ) ) ;
#95 = ORIENTED_EDGE ( 'NONE', *, *, #3032, .F. ) ;
#96 = VERTEX_POINT ( 'NONE', #10821 ) ;
#97 = CARTESIAN_POINT ( 'NONE',  ( -4.250000000000000000, -1.670000000000000151, -0.1000000000000000056 ) ) ;
#98 = AXIS2_PLACEMENT_3D ( 'NONE', #9109, #301, #5178 ) ;
#99 = AXIS2_PLACEMENT_3D ( 'NONE', #6554, #9478, #11261 ) ;
#100 = LINE ( 'NONE', #4789, #9301 ) ;
#101 = PRESENTATION_STYLE_ASSIGNMENT (( #10599 ) ) ;
#102 = EDGE_CURVE ( 'NONE', #7609, #4838, #2209, .T. ) ;
#103 = ADVANCED_FACE ( 'NONE', ( #1254 ), #7962, .F. ) ;
#104 = CARTESIAN_POINT ( 'NONE',  ( -5.000000000000000000, -1.070000000000000062, 1.100000000000000089 ) ) ;
#105 = SURFACE_STYLE_FILL_AREA ( #8603 ) ;
#106 =( LENGTH_UNIT ( ) NAMED_UNIT ( * ) SI_UNIT ( .MILLI., .METRE. ) );
#107 = LINE ( 'NONE', #7767, #3814 ) ;
#108 = SURFACE_STYLE_USAGE ( .BOTH. , #2972 ) ;
#109 =( GEOMETRIC_REPRESENTATION_CONTEXT ( 3 ) GLOBAL_UNCERTAINTY_ASSIGNED_CONTEXT ( ( #2009 ) ) GLOBAL_UNIT_ASSIGNED_CONTEXT ( ( #12247, #12362, #2718 ) ) REPRESENTATION_CONTEXT ( 'NONE', 'WORKASPACE' ) );
#110 = ORIENTED_EDGE ( 'NONE', *, *, #8471, .F. ) ;
#111 = VECTOR ( 'NONE', #11303, 1000.000000000000000 ) ;
#112 = PRESENTATION_STYLE_ASSIGNMENT (( #8721 ) ) ;
#113 = UNCERTAINTY_MEASURE_WITH_UNIT (LENGTH_MEASURE( 1.000000000000000082E-05 ), #3497, 'distance_accuracy_value', 'NONE');
#114 = VECTOR ( 'NONE', #6042, 1000.000000000000000 ) ;
#115 = PRESENTATION_STYLE_ASSIGNMENT (( #6808 ) ) ;
#116 = CARTESIAN_POINT ( 'NONE',  ( 5.000000000000000000, -2.939999999999999947, 1.100000000000000089 ) ) ;
#117 =( NAMED_UNIT ( * ) PLANE_ANGLE_UNIT ( ) SI_UNIT ( $, .RADIAN. ) );
#118 = FILL_AREA_STYLE_COLOUR ( '', #4827 ) ;
#119 = MECHANICAL_DESIGN_GEOMETRIC_PRESENTATION_REPRESENTATION (  '', ( #5574 ), #5775 ) ;
#120 =( NAMED_UNIT ( * ) PLANE_ANGLE_UNIT ( ) SI_UNIT ( $, .RADIAN. ) );
#121 =( LENGTH_UNIT ( ) NAMED_UNIT ( * ) SI_UNIT ( .MILLI., .METRE. ) );
#122 = STYLED_ITEM ( 'NONE', ( #10867 ), #1792 ) ;
#123 = FILL_AREA_STYLE ('',( #8924 ) ) ;
#124 = SURFACE_SIDE_STYLE ('',( #9856 ) ) ;
#125 = PLANE ( 'NONE',  #11733 ) ;
#126 = SURFACE_STYLE_FILL_AREA ( #10619 ) ;
#127 = VECTOR ( 'NONE', #2035, 1000.000000000000000 ) ;
#128 = PRESENTATION_STYLE_ASSIGNMENT (( #10620 ) ) ;
#129 = ORIENTED_EDGE ( 'NONE', *, *, #10404, .F. ) ;
#130 = VECTOR ( 'NONE', #6236, 1000.000000000000000 ) ;
#131 = EDGE_LOOP ( 'NONE', ( #3346, #9994, #5183, #5456 ) ) ;
#132 = CARTESIAN_POINT ( 'NONE',  ( -2.540000000000000036, 5.000000000000000000, -0.1000000000000000056 ) ) ;
#133 = ADVANCED_FACE ( 'NONE', ( #1966 ), #9633, .T. ) ;
#134 = STYLED_ITEM ( 'NONE', ( #2680 ), #1343 ) ;
#135 = MECHANICAL_DESIGN_GEOMETRIC_PRESENTATION_REPRESENTATION (  '', ( #3386 ), #8154 ) ;
#136 = UNCERTAINTY_MEASURE_WITH_UNIT (LENGTH_MEASURE( 1.000000000000000082E-05 ), #5876, 'distance_accuracy_value', 'NONE');
#137 =( NAMED_UNIT ( * ) SI_UNIT ( $, .STERADIAN. ) SOLID_ANGLE_UNIT ( ) );
#138 = DIRECTION ( 'NONE',  ( 3.491481338843135327E-15, 1.000000000000000000, 0.000000000000000000 ) ) ;
#139 =( NAMED_UNIT ( * ) PLANE_ANGLE_UNIT ( ) SI_UNIT ( $, .RADIAN. ) );
#140 = LINE ( 'NONE', #1141, #2013 ) ;
#141 = SURFACE_STYLE_FILL_AREA ( #7008 ) ;
#142 =( NAMED_UNIT ( * ) PLANE_ANGLE_UNIT ( ) SI_UNIT ( $, .RADIAN. ) );
#143 = SURFACE_SIDE_STYLE ('',( #319 ) ) ;
#144 = CARTESIAN_POINT ( 'NONE',  ( -1.670000000000050111, -5.009999999999999787, -0.1000000000000000056 ) ) ;
#145 = VECTOR ( 'NONE', #5744, 1000.000000000000000 ) ;
#146 = MECHANICAL_DESIGN_GEOMETRIC_PRESENTATION_REPRESENTATION (  '', ( #8383 ), #10583 ) ;
#147 = ORIENTED_EDGE ( 'NONE', *, *, #10589, .F. ) ;
#148 = ORIENTED_EDGE ( 'NONE', *, *, #2551, .T. ) ;
#149 = ORIENTED_EDGE ( 'NONE', *, *, #6393, .T. ) ;
#150 = VERTEX_POINT ( 'NONE', #8159 ) ;
#151 = EDGE_CURVE ( 'NONE', #907, #4711, #11016, .T. ) ;
#152 = COLOUR_RGB ( '',1.000000000000000000, 0.8117647058823529438, 0.5019607843137254832 ) ;
#153 = ORIENTED_EDGE ( 'NONE', *, *, #9823, .T. ) ;
#154 = VECTOR ( 'NONE', #7906, 1000.000000000000000 ) ;
#155 = DIRECTION ( 'NONE',  ( 0.000000000000000000, 0.000000000000000000, -1.000000000000000000 ) ) ;
#156 = LINE ( 'NONE', #9013, #10639 ) ;
#157 = CARTESIAN_POINT ( 'NONE',  ( -5.000000000000000000, 2.939999999999999947, 1.100000000000000089 ) ) ;
#158 = SURFACE_STYLE_FILL_AREA ( #7805 ) ;
#159 = VECTOR ( 'NONE', #4527, 1000.000000000000000 ) ;
#160 = PRESENTATION_LAYER_ASSIGNMENT (  '', '', ( #1988 ) ) ;
#161 = ORIENTED_EDGE ( 'NONE', *, *, #4193, .F. ) ;
#162 = ORIENTED_EDGE ( 'NONE', *, *, #2073, .F. ) ;
#163 = CARTESIAN_POINT ( 'NONE',  ( 4.250000000000000000, 0.4000000000000000222, 0.000000000000000000 ) ) ;
#164 = EDGE_CURVE ( 'NONE', #1017, #1836, #1311, .T. ) ;
#165 = UNCERTAINTY_MEASURE_WITH_UNIT (LENGTH_MEASURE( 1.000000000000000082E-05 ), #2502, 'distance_accuracy_value', 'NONE');
#166 = EDGE_CURVE ( 'NONE', #10338, #4030, #5441, .T. ) ;
#167 = LINE ( 'NONE', #4095, #11702 ) ;
#168 = DIRECTION ( 'NONE',  ( 0.000000000000000000, 1.000000000000000000, 0.000000000000000000 ) ) ;
#169 = VECTOR ( 'NONE', #11193, 1000.000000000000000 ) ;
#170 = FILL_AREA_STYLE ('',( #8784 ) ) ;
#171 = LINE ( 'NONE', #6797, #9978 ) ;
#172 = DIRECTION ( 'NONE',  ( 0.000000000000000000, 0.000000000000000000, 1.000000000000000000 ) ) ;
#173 = AXIS2_PLACEMENT_3D ( 'NONE', #2071, #2016, #6978 ) ;
#174 = ORIENTED_EDGE ( 'NONE', *, *, #12023, .T. ) ;
#175 =( GEOMETRIC_REPRESENTATION_CONTEXT ( 3 ) GLOBAL_UNCERTAINTY_ASSIGNED_CONTEXT ( ( #3579 ) ) GLOBAL_UNIT_ASSIGNED_CONTEXT ( ( #2681, #6255, #12135 ) ) REPRESENTATION_CONTEXT ( 'NONE', 'WORKASPACE' ) );
#176 = EDGE_CURVE ( 'NONE', #12051, #853, #5241, .T. ) ;
#177 = EDGE_CURVE ( 'NONE', #12025, #6825, #10877, .T. ) ;
#178 = LINE ( 'NONE', #43, #4120 ) ;
#179 = LINE ( 'NONE', #1881, #10782 ) ;
#180 =( NAMED_UNIT ( * ) PLANE_ANGLE_UNIT ( ) SI_UNIT ( $, .RADIAN. ) );
#181 = DIRECTION ( 'NONE',  ( -1.000000000000000000, 0.000000000000000000, 0.000000000000000000 ) ) ;
#182 = FILL_AREA_STYLE_COLOUR ( '', #3336 ) ;
#183 = ORIENTED_EDGE ( 'NONE', *, *, #7373, .F. ) ;
#184 =( NAMED_UNIT ( * ) PLANE_ANGLE_UNIT ( ) SI_UNIT ( $, .RADIAN. ) );
#185 = ORIENTED_EDGE ( 'NONE', *, *, #308, .F. ) ;
#186 = MECHANICAL_DESIGN_GEOMETRIC_PRESENTATION_REPRESENTATION (  '', ( #3839 ), #10833 ) ;
#187 = EDGE_CURVE ( 'NONE', #7741, #8696, #8989, .T. ) ;
#188 = DIRECTION ( 'NONE',  ( -1.000000000000000000, 0.000000000000000000, 0.000000000000000000 ) ) ;
#189 = VERTEX_POINT ( 'NONE', #2524 ) ;
#190 = CARTESIAN_POINT ( 'NONE',  ( 5.009999999999999787, -0.4000000000000000222, -0.1000000000000000056 ) ) ;
#191 = UNCERTAINTY_MEASURE_WITH_UNIT (LENGTH_MEASURE( 1.000000000000000082E-05 ), #7598, 'distance_accuracy_value', 'NONE');
#192 = CARTESIAN_POINT ( 'NONE',  ( 4.250000000000000000, 2.939999999999999947, 0.000000000000000000 ) ) ;
#193 = UNCERTAINTY_MEASURE_WITH_UNIT (LENGTH_MEASURE( 1.000000000000000082E-05 ), #5985, 'distance_accuracy_value', 'NONE');
#194 = CARTESIAN_POINT ( 'NONE',  ( 4.750000000000000000, 1.670000000000000151, 1.100000000000000089 ) ) ;
#195 = STYLED_ITEM ( 'NONE', ( #11823 ), #2823 ) ;
#196 = PRESENTATION_STYLE_ASSIGNMENT (( #3121 ) ) ;
#197 = CARTESIAN_POINT ( 'NONE',  ( -5.000000000000000000, 0.4000000000000000222, -0.1000000000000000056 ) ) ;
#198 = FILL_AREA_STYLE_COLOUR ( '', #10290 ) ;
#199 = CARTESIAN_POINT ( 'NONE',  ( 5.000000000000000000, 8.673617379884030542E-16, -0.2999999999999999889 ) ) ;
#200 = PRESENTATION_STYLE_ASSIGNMENT (( #3007 ) ) ;
#201 = EDGE_CURVE ( 'NONE', #2047, #9685, #2456, .T. ) ;
#202 = ORIENTED_EDGE ( 'NONE', *, *, #7726, .F. ) ;
#203 = ORIENTED_EDGE ( 'NONE', *, *, #11509, .F. ) ;
#204 = ORIENTED_EDGE ( 'NONE', *, *, #10334, .F. ) ;
#205 = ORIENTED_EDGE ( 'NONE', *, *, #5613, .F. ) ;
#206 = VECTOR ( 'NONE', #7433, 1000.000000000000000 ) ;
#207 =( NAMED_UNIT ( * ) PLANE_ANGLE_UNIT ( ) SI_UNIT ( $, .RADIAN. ) );
#208 = VERTEX_POINT ( 'NONE', #7116 ) ;
#209 = DIRECTION ( 'NONE',  ( 1.000000000000000000, 0.000000000000000000, 0.000000000000000000 ) ) ;
#210 = CARTESIAN_POINT ( 'NONE',  ( 5.000000000000000000, 0.8699999999999999956, 0.000000000000000000 ) ) ;
#211 = SURFACE_SIDE_STYLE ('',( #1275 ) ) ;
#212 = VECTOR ( 'NONE', #11302, 1000.000000000000000 ) ;
#213 = ORIENTED_EDGE ( 'NONE', *, *, #7261, .T. ) ;
#214 = EDGE_CURVE ( 'NONE', #8156, #3630, #9359, .T. ) ;
#215 = CARTESIAN_POINT ( 'NONE',  ( 4.250000000000000000, 2.140000000000000124, 0.000000000000000000 ) ) ;
#216 = ORIENTED_EDGE ( 'NONE', *, *, #6346, .T. ) ;
#217 = ORIENTED_EDGE ( 'NONE', *, *, #1063, .F. ) ;
#218 = PRESENTATION_STYLE_ASSIGNMENT (( #978 ) ) ;
#219 = CARTESIAN_POINT ( 'NONE',  ( -5.000000000000000000, 5.000000000000000000, 1.000000000000000000 ) ) ;
#220 =( NAMED_UNIT ( * ) SI_UNIT ( $, .STERADIAN. ) SOLID_ANGLE_UNIT ( ) );
#221 = EDGE_CURVE ( 'NONE', #4356, #5210, #6373, .T. ) ;
#222 = LINE ( 'NONE', #8660, #2486 ) ;
#223 = ORIENTED_EDGE ( 'NONE', *, *, #10664, .T. ) ;
#224 = ORIENTED_EDGE ( 'NONE', *, *, #8158, .T. ) ;
#225 = UNCERTAINTY_MEASURE_WITH_UNIT (LENGTH_MEASURE( 1.000000000000000082E-05 ), #12289, 'distance_accuracy_value', 'NONE');
#226 = PRESENTATION_STYLE_ASSIGNMENT (( #11670 ) ) ;
#227 = FILL_AREA_STYLE ('',( #4174 ) ) ;
#228 = SURFACE_STYLE_USAGE ( .BOTH. , #295 ) ;
#229 = PRESENTATION_STYLE_ASSIGNMENT (( #11007 ) ) ;
#230 =( NAMED_UNIT ( * ) PLANE_ANGLE_UNIT ( ) SI_UNIT ( $, .RADIAN. ) );
#231 = CARTESIAN_POINT ( 'NONE',  ( -5.009999999999999787, 1.070000000000000062, 1.100000000000000089 ) ) ;
#232 = PLANE ( 'NONE',  #3203 ) ;
#233 = EDGE_CURVE ( 'NONE', #8373, #5916, #2332, .T. ) ;
#234 = DIRECTION ( 'NONE',  ( 0.000000000000000000, 0.000000000000000000, 1.000000000000000000 ) ) ;
#235 = VECTOR ( 'NONE', #3709, 1000.000000000000000 ) ;
#236 = EDGE_CURVE ( 'NONE', #917, #6788, #9055, .T. ) ;
#237 = ORIENTED_EDGE ( 'NONE', *, *, #2399, .T. ) ;
#238 =( LENGTH_UNIT ( ) NAMED_UNIT ( * ) SI_UNIT ( .MILLI., .METRE. ) );
#239 = PLANE ( 'NONE',  #4365 ) ;
#240 = EDGE_LOOP ( 'NONE', ( #9859, #1695, #10446, #1984 ) ) ;
#241 = VECTOR ( 'NONE', #4413, 1000.000000000000000 ) ;
#242 = LINE ( 'NONE', #2994, #3207 ) ;
#243 = STYLED_ITEM ( 'NONE', ( #5230 ), #10200 ) ;
#244 = CARTESIAN_POINT ( 'NONE',  ( -0.4000000000000519806, -5.009999999999999787, 1.100000000000000089 ) ) ;
#245 =( NAMED_UNIT ( * ) PLANE_ANGLE_UNIT ( ) SI_UNIT ( $, .RADIAN. ) );
#246 = FACE_OUTER_BOUND ( 'NONE', #5226, .T. ) ;
#247 = FILL_AREA_STYLE ('',( #4073 ) ) ;
#248 = CARTESIAN_POINT ( 'NONE',  ( -4.799999999999999822, -2.540000000000000036, -0.2999999999999999889 ) ) ;
#249 = SURFACE_STYLE_FILL_AREA ( #3378 ) ;
#250 = CARTESIAN_POINT ( 'NONE',  ( -4.250000000000000000, 0.4000000000000000222, -0.1000000000000000056 ) ) ;
#251 = VECTOR ( 'NONE', #1184, 1000.000000000000000 ) ;
#252 = ADVANCED_FACE ( 'NONE', ( #3488 ), #430, .T. ) ;
#253 = LINE ( 'NONE', #8101, #7897 ) ;
#254 =( GEOMETRIC_REPRESENTATION_CONTEXT ( 3 ) GLOBAL_UNCERTAINTY_ASSIGNED_CONTEXT ( ( #555 ) ) GLOBAL_UNIT_ASSIGNED_CONTEXT ( ( #7953, #4112, #5932 ) ) REPRESENTATION_CONTEXT ( 'NONE', 'WORKASPACE' ) );
#255 = DIRECTION ( 'NONE',  ( 3.491481338843135327E-15, 1.000000000000000000, 0.000000000000000000 ) ) ;
#256 = PRESENTATION_LAYER_ASSIGNMENT (  '', '', ( #7679 ) ) ;
#257 = ORIENTED_EDGE ( 'NONE', *, *, #3090, .F. ) ;
#258 = VERTEX_POINT ( 'NONE', #9371 ) ;
#259 = EDGE_CURVE ( 'NONE', #1267, #657, #2721, .T. ) ;
#260 = DIRECTION ( 'NONE',  ( 1.000000000000000000, -3.491481338843135327E-15, 0.000000000000000000 ) ) ;
#261 = VECTOR ( 'NONE', #1516, 1000.000000000000000 ) ;
#262 = ORIENTED_EDGE ( 'NONE', *, *, #10615, .T. ) ;
#263 = VECTOR ( 'NONE', #441, 1000.000000000000000 ) ;
#264 = PRESENTATION_LAYER_ASSIGNMENT (  '', '', ( #9103 ) ) ;
#265 =( NAMED_UNIT ( * ) PLANE_ANGLE_UNIT ( ) SI_UNIT ( $, .RADIAN. ) );
#266 = LINE ( 'NONE', #4149, #8 ) ;
#267 = PRESENTATION_STYLE_ASSIGNMENT (( #2224 ) ) ;
#268 = CARTESIAN_POINT ( 'NONE',  ( 2.139999999999949942, -5.000000000000000000, 1.000000000000000000 ) ) ;
#269 = ORIENTED_EDGE ( 'NONE', *, *, #10332, .F. ) ;
#270 =( GEOMETRIC_REPRESENTATION_CONTEXT ( 3 ) GLOBAL_UNCERTAINTY_ASSIGNED_CONTEXT ( ( #5245 ) ) GLOBAL_UNIT_ASSIGNED_CONTEXT ( ( #10406, #7626, #8698 ) ) REPRESENTATION_CONTEXT ( 'NONE', 'WORKASPACE' ) );
#271 = VECTOR ( 'NONE', #11505, 1000.000000000000000 ) ;
#272 = STYLED_ITEM ( 'NONE', ( #3200 ), #11491 ) ;
#273 = FILL_AREA_STYLE_COLOUR ( '', #8075 ) ;
#274 = AXIS2_PLACEMENT_3D ( 'NONE', #3173, #7888, #9980 ) ;
#275 = ORIENTED_EDGE ( 'NONE', *, *, #1348, .F. ) ;
#276 = ORIENTED_EDGE ( 'NONE', *, *, #485, .T. ) ;
#277 = EDGE_CURVE ( 'NONE', #1231, #10766, #4556, .T. ) ;
#278 = VECTOR ( 'NONE', #11262, 1000.000000000000000 ) ;
#279 = SURFACE_STYLE_FILL_AREA ( #8896 ) ;
#280 = MECHANICAL_DESIGN_GEOMETRIC_PRESENTATION_REPRESENTATION (  '', ( #10722 ), #1712 ) ;
#281 =( GEOMETRIC_REPRESENTATION_CONTEXT ( 3 ) GLOBAL_UNCERTAINTY_ASSIGNED_CONTEXT ( ( #11472 ) ) GLOBAL_UNIT_ASSIGNED_CONTEXT ( ( #4256, #9762, #5019 ) ) REPRESENTATION_CONTEXT ( 'NONE', 'WORKASPACE' ) );
#282 = PRESENTATION_STYLE_ASSIGNMENT (( #10990 ) ) ;
#283 = DIRECTION ( 'NONE',  ( 0.000000000000000000, 0.000000000000000000, -1.000000000000000000 ) ) ;
#284 = VERTEX_POINT ( 'NONE', #6620 ) ;
#285 = LINE ( 'NONE', #6161, #1528 ) ;
#286 = VERTEX_POINT ( 'NONE', #4673 ) ;
#287 = LINE ( 'NONE', #8006, #12008 ) ;
#288 = ORIENTED_EDGE ( 'NONE', *, *, #10235, .T. ) ;
#289 = CYLINDRICAL_SURFACE ( 'NONE', #7934, 0.1999999999999996503 ) ;
#290 = LINE ( 'NONE', #8915, #7200 ) ;
#291 = EDGE_CURVE ( 'NONE', #4186, #7741, #8358, .T. ) ;
#292 = VECTOR ( 'NONE', #4462, 1000.000000000000000 ) ;
#293 = CARTESIAN_POINT ( 'NONE',  ( 5.000000000000000000, -0.4000000000000000222, -0.1000000000000000056 ) ) ;
#294 = SURFACE_SIDE_STYLE ('',( #10040 ) ) ;
#295 = SURFACE_SIDE_STYLE ('',( #9102 ) ) ;
#296 = LINE ( 'NONE', #1188, #2174 ) ;
#297 = PLANE ( 'NONE',  #4235 ) ;
#298 = CARTESIAN_POINT ( 'NONE',  ( -1.269999999999982032, 5.000000000000000000, -0.2999999999999999889 ) ) ;
#299 = DIRECTION ( 'NONE',  ( 0.000000000000000000, 0.000000000000000000, -1.000000000000000000 ) ) ;
#300 = PRESENTATION_LAYER_ASSIGNMENT (  '', '', ( #10146 ) ) ;
#301 = DIRECTION ( 'NONE',  ( -1.000000000000000000, 0.000000000000000000, 0.000000000000000000 ) ) ;
#302 =( GEOMETRIC_REPRESENTATION_CONTEXT ( 3 ) GLOBAL_UNCERTAINTY_ASSIGNED_CONTEXT ( ( #8963 ) ) GLOBAL_UNIT_ASSIGNED_CONTEXT ( ( #4645, #4591, #12091 ) ) REPRESENTATION_CONTEXT ( 'NONE', 'WORKASPACE' ) );
#303 = VECTOR ( 'NONE', #5299, 1000.000000000000000 ) ;
#304 =( NAMED_UNIT ( * ) SI_UNIT ( $, .STERADIAN. ) SOLID_ANGLE_UNIT ( ) );
#305 = ORIENTED_EDGE ( 'NONE', *, *, #6076, .T. ) ;
#306 = DIRECTION ( 'NONE',  ( -1.000000000000000000, 3.491481338843135327E-15, 0.000000000000000000 ) ) ;
#307 = PRESENTATION_LAYER_ASSIGNMENT (  '', '', ( #2749 ) ) ;
#308 = EDGE_CURVE ( 'NONE', #1996, #828, #12126, .T. ) ;
#309 = VECTOR ( 'NONE', #3610, 1000.000000000000000 ) ;
#310 = UNCERTAINTY_MEASURE_WITH_UNIT (LENGTH_MEASURE( 1.000000000000000082E-05 ), #7696, 'distance_accuracy_value', 'NONE');
#311 = PRESENTATION_STYLE_ASSIGNMENT (( #10823 ) ) ;
#312 = DIRECTION ( 'NONE',  ( 0.000000000000000000, 1.000000000000000000, 0.000000000000000000 ) ) ;
#313 = CARTESIAN_POINT ( 'NONE',  ( -2.940000000000049685, -5.000000000000000000, 0.000000000000000000 ) ) ;
#314 = VECTOR ( 'NONE', #2881, 1000.000000000000000 ) ;
#315 = PRESENTATION_LAYER_ASSIGNMENT (  '', '', ( #3168 ) ) ;
#316 = FACE_OUTER_BOUND ( 'NONE', #3886, .T. ) ;
#317 = DIRECTION ( 'NONE',  ( 0.000000000000000000, 0.000000000000000000, 1.000000000000000000 ) ) ;
#318 = SURFACE_STYLE_FILL_AREA ( #7971 ) ;
#319 = SURFACE_STYLE_FILL_AREA ( #7847 ) ;
#320 =( GEOMETRIC_REPRESENTATION_CONTEXT ( 3 ) GLOBAL_UNCERTAINTY_ASSIGNED_CONTEXT ( ( #8684 ) ) GLOBAL_UNIT_ASSIGNED_CONTEXT ( ( #11817, #1512, #8024 ) ) REPRESENTATION_CONTEXT ( 'NONE', 'WORKASPACE' ) );
#321 = EDGE_LOOP ( 'NONE', ( #6721, #2819, #7674, #9872, #5837, #2665, #2092, #11486 ) ) ;
#322 = ORIENTED_EDGE ( 'NONE', *, *, #4203, .F. ) ;
#323 = CARTESIAN_POINT ( 'NONE',  ( 2.739999999999950031, -5.009999999999999787, -0.1000000000000000056 ) ) ;
#324 = ADVANCED_FACE ( 'NONE', ( #6433 ), #689, .T. ) ;
#325 = EDGE_CURVE ( 'NONE', #1987, #9339, #7428, .T. ) ;
#326 = VERTEX_POINT ( 'NONE', #1641 ) ;
#327 = FILL_AREA_STYLE ('',( #7209 ) ) ;
#328 = FILL_AREA_STYLE ('',( #3137 ) ) ;
#329 = CARTESIAN_POINT ( 'NONE',  ( 2.939999999999999947, 4.250000000000000000, 0.000000000000000000 ) ) ;
#330 = COLOUR_RGB ( '',1.000000000000000000, 0.8117647058823529438, 0.5019607843137254832 ) ;
#331 =( LENGTH_UNIT ( ) NAMED_UNIT ( * ) SI_UNIT ( .MILLI., .METRE. ) );
#332 = VECTOR ( 'NONE', #4395, 1000.000000000000000 ) ;
#333 = FILL_AREA_STYLE ('',( #11836 ) ) ;
#334 = LINE ( 'NONE', #7266, #1910 ) ;
#335 = ORIENTED_EDGE ( 'NONE', *, *, #3823, .F. ) ;
#336 = PRESENTATION_STYLE_ASSIGNMENT (( #11716 ) ) ;
#337 = VERTEX_POINT ( 'NONE', #9434 ) ;
#338 = VECTOR ( 'NONE', #2027, 1000.000000000000000 ) ;
#339 = ORIENTED_EDGE ( 'NONE', *, *, #11449, .T. ) ;
#340 = PLANE ( 'NONE',  #8736 ) ;
#341 = VECTOR ( 'NONE', #5233, 1000.000000000000000 ) ;
#342 = VECTOR ( 'NONE', #2093, 1000.000000000000000 ) ;
#343 = PRESENTATION_STYLE_ASSIGNMENT (( #6082 ) ) ;
#344 =( NAMED_UNIT ( * ) PLANE_ANGLE_UNIT ( ) SI_UNIT ( $, .RADIAN. ) );
#345 = CARTESIAN_POINT ( 'NONE',  ( -5.009999999999999787, 1.670000000000000151, 1.100000000000000089 ) ) ;
#346 = VECTOR ( 'NONE', #6053, 1000.000000000000000 ) ;
#347 = LINE ( 'NONE', #4229, #4466 ) ;
#348 = PLANE ( 'NONE',  #10532 ) ;
#349 = CIRCLE ( 'NONE', #6205, 0.1999999999999996503 ) ;
#350 = ORIENTED_EDGE ( 'NONE', *, *, #5338, .F. ) ;
#351 = VECTOR ( 'NONE', #507, 1000.000000000000000 ) ;
#352 = ORIENTED_EDGE ( 'NONE', *, *, #12082, .F. ) ;
#353 = ORIENTED_EDGE ( 'NONE', *, *, #1761, .F. ) ;
#354 = ADVANCED_FACE ( 'NONE', ( #6677 ), #5738, .F. ) ;
#355 = FACE_OUTER_BOUND ( 'NONE', #12336, .T. ) ;
#356 =( LENGTH_UNIT ( ) NAMED_UNIT ( * ) SI_UNIT ( .MILLI., .METRE. ) );
#357 = EDGE_LOOP ( 'NONE', ( #1971, #2110, #8037, #9019 ) ) ;
#358 = DIRECTION ( 'NONE',  ( 3.491481338843135327E-15, 1.000000000000000000, 0.000000000000000000 ) ) ;
#359 = STYLED_ITEM ( 'NONE', ( #8719 ), #8598 ) ;
#360 = MECHANICAL_DESIGN_GEOMETRIC_PRESENTATION_REPRESENTATION (  '', ( #781 ), #6012 ) ;
#361 = LINE ( 'NONE', #11926, #2687 ) ;
#362 = SURFACE_SIDE_STYLE ('',( #8919 ) ) ;
#363 = FILL_AREA_STYLE_COLOUR ( '', #2373 ) ;
#364 = LINE ( 'NONE', #8014, #1115 ) ;
#365 = DIRECTION ( 'NONE',  ( -3.318008991245455407E-15, -1.000000000000000000, 0.000000000000000000 ) ) ;
#366 =( GEOMETRIC_REPRESENTATION_CONTEXT ( 3 ) GLOBAL_UNCERTAINTY_ASSIGNED_CONTEXT ( ( #12325 ) ) GLOBAL_UNIT_ASSIGNED_CONTEXT ( ( #1054, #9555, #7892 ) ) REPRESENTATION_CONTEXT ( 'NONE', 'WORKASPACE' ) );
#367 =( NAMED_UNIT ( * ) PLANE_ANGLE_UNIT ( ) SI_UNIT ( $, .RADIAN. ) );
#368 =( NAMED_UNIT ( * ) PLANE_ANGLE_UNIT ( ) SI_UNIT ( $, .RADIAN. ) );
#369 = ORIENTED_EDGE ( 'NONE', *, *, #10158, .T. ) ;
#370 = EDGE_CURVE ( 'NONE', #11170, #3345, #3862, .T. ) ;
#371 = DIRECTION ( 'NONE',  ( -8.673617379884039170E-17, 1.000000000000000000, 0.000000000000000000 ) ) ;
#372 = DIRECTION ( 'NONE',  ( 0.000000000000000000, 0.000000000000000000, 1.000000000000000000 ) ) ;
#373 = PLANE ( 'NONE',  #10546 ) ;
#374 = ORIENTED_EDGE ( 'NONE', *, *, #2290, .F. ) ;
#375 = CARTESIAN_POINT ( 'NONE',  ( -4.250000000000000000, -1.670000000000000151, -0.1000000000000000056 ) ) ;
#376 = VECTOR ( 'NONE', #8216, 1000.000000000000000 ) ;
#377 = FACE_OUTER_BOUND ( 'NONE', #5708, .T. ) ;
#378 = CARTESIAN_POINT ( 'NONE',  ( 5.000000000000000000, 2.739999999999999769, 1.100000000000000089 ) ) ;
#379 = AXIS2_PLACEMENT_3D ( 'NONE', #10744, #6105, #11013 ) ;
#380 = CARTESIAN_POINT ( 'NONE',  ( -4.250000000000000000, 2.140000000000000124, -0.1000000000000000056 ) ) ;
#381 = CARTESIAN_POINT ( 'NONE',  ( -1.670000000000050111, -5.009999999999999787, -0.1000000000000000056 ) ) ;
#382 = DIRECTION ( 'NONE',  ( 1.000000000000000000, 0.000000000000000000, 0.000000000000000000 ) ) ;
#383 = CARTESIAN_POINT ( 'NONE',  ( 5.000000000000000000, 1.670000000000000151, 1.000000000000000000 ) ) ;
#384 = ADVANCED_FACE ( 'NONE', ( #3164 ), #10608, .F. ) ;
#385 =( GEOMETRIC_REPRESENTATION_CONTEXT ( 3 ) GLOBAL_UNCERTAINTY_ASSIGNED_CONTEXT ( ( #12416 ) ) GLOBAL_UNIT_ASSIGNED_CONTEXT ( ( #7969, #3000, #5017 ) ) REPRESENTATION_CONTEXT ( 'NONE', 'WORKASPACE' ) );
#386 = VERTEX_POINT ( 'NONE', #4993 ) ;
#387 = ORIENTED_EDGE ( 'NONE', *, *, #4969, .F. ) ;
#388 = CARTESIAN_POINT ( 'NONE',  ( 0.3999999999999485079, -5.000000000000000000, 0.000000000000000000 ) ) ;
#389 = ORIENTED_EDGE ( 'NONE', *, *, #958, .T. ) ;
#390 = VECTOR ( 'NONE', #7683, 1000.000000000000000 ) ;
#391 = LINE ( 'NONE', #1531, #7375 ) ;
#392 =( NAMED_UNIT ( * ) SI_UNIT ( $, .STERADIAN. ) SOLID_ANGLE_UNIT ( ) );
#393 = CARTESIAN_POINT ( 'NONE',  ( 2.140000000000000124, 5.000000000000000000, 0.000000000000000000 ) ) ;
#394 = DIRECTION ( 'NONE',  ( 0.000000000000000000, -1.000000000000000000, 0.000000000000000000 ) ) ;
#395 = CARTESIAN_POINT ( 'NONE',  ( 0.4000000000000165090, 5.000000000000000000, 1.100000000000000089 ) ) ;
#396 = SURFACE_STYLE_FILL_AREA ( #5403 ) ;
#397 =( LENGTH_UNIT ( ) NAMED_UNIT ( * ) SI_UNIT ( .MILLI., .METRE. ) );
#398 = ADVANCED_FACE ( 'NONE', ( #6739 ), #2976, .F. ) ;
#399 = EDGE_CURVE ( 'NONE', #4373, #2648, #10864, .T. ) ;
#400 = ORIENTED_EDGE ( 'NONE', *, *, #10518, .F. ) ;
#401 = VERTEX_POINT ( 'NONE', #9172 ) ;
#402 = SURFACE_SIDE_STYLE ('',( #8962 ) ) ;
#403 = PRESENTATION_STYLE_ASSIGNMENT (( #10784 ) ) ;
#404 = MECHANICAL_DESIGN_GEOMETRIC_PRESENTATION_REPRESENTATION (  '', ( #8651 ), #3661 ) ;
#405 = LINE ( 'NONE', #11906, #10018 ) ;
#406 = CARTESIAN_POINT ( 'NONE',  ( 0.3999999999999485079, -5.009999999999999787, -0.1000000000000000056 ) ) ;
#407 =( LENGTH_UNIT ( ) NAMED_UNIT ( * ) SI_UNIT ( .MILLI., .METRE. ) );
#408 = DIRECTION ( 'NONE',  ( 1.000000000000000000, -3.491481338843135327E-15, 0.000000000000000000 ) ) ;
#409 =( LENGTH_UNIT ( ) NAMED_UNIT ( * ) SI_UNIT ( .MILLI., .METRE. ) );
#410 = ORIENTED_EDGE ( 'NONE', *, *, #1722, .F. ) ;
#411 = SURFACE_SIDE_STYLE ('',( #1291 ) ) ;
#412 = CARTESIAN_POINT ( 'NONE',  ( 1.469999999999948015, -5.009999999999999787, 1.100000000000000089 ) ) ;
#413 = ORIENTED_EDGE ( 'NONE', *, *, #259, .T. ) ;
#414 = ADVANCED_FACE ( 'NONE', ( #3412 ), #8912, .T. ) ;
#415 = VERTEX_POINT ( 'NONE', #7102 ) ;
#416 = DIRECTION ( 'NONE',  ( 0.000000000000000000, 0.000000000000000000, 1.000000000000000000 ) ) ;
#417 = ORIENTED_EDGE ( 'NONE', *, *, #6207, .F. ) ;
#418 = UNCERTAINTY_MEASURE_WITH_UNIT (LENGTH_MEASURE( 1.000000000000000082E-05 ), #407, 'distance_accuracy_value', 'NONE');
#419 = EDGE_LOOP ( 'NONE', ( #2132, #4504, #8326, #8639 ) ) ;
#420 = SURFACE_SIDE_STYLE ('',( #9096 ) ) ;
#421 = FILL_AREA_STYLE ('',( #9043 ) ) ;
#422 = FACE_OUTER_BOUND ( 'NONE', #2932, .T. ) ;
#423 = EDGE_CURVE ( 'NONE', #985, #11284, #6167, .T. ) ;
#424 = SURFACE_SIDE_STYLE ('',( #10807 ) ) ;
#425 =( NAMED_UNIT ( * ) PLANE_ANGLE_UNIT ( ) SI_UNIT ( $, .RADIAN. ) );
#426 = CARTESIAN_POINT ( 'NONE',  ( -2.340000000000050040, -5.009999999999999787, -0.1000000000000000056 ) ) ;
#427 = PRESENTATION_STYLE_ASSIGNMENT (( #8152 ) ) ;
#428 = DIRECTION ( 'NONE',  ( 0.000000000000000000, 0.000000000000000000, -1.000000000000000000 ) ) ;
#429 = EDGE_LOOP ( 'NONE', ( #9422, #5437, #5972, #3349 ) ) ;
#430 = PLANE ( 'NONE',  #11570 ) ;
#431 = VERTEX_POINT ( 'NONE', #8068 ) ;
#432 = LINE ( 'NONE', #4308, #1147 ) ;
#433 = UNCERTAINTY_MEASURE_WITH_UNIT (LENGTH_MEASURE( 1.000000000000000082E-05 ), #3574, 'distance_accuracy_value', 'NONE');
#434 = DIRECTION ( 'NONE',  ( 1.000000000000000000, -3.491481338843135327E-15, 0.000000000000000000 ) ) ;
#435 = PRESENTATION_STYLE_ASSIGNMENT (( #9121 ) ) ;
#436 = SURFACE_STYLE_USAGE ( .BOTH. , #9937 ) ;
#437 = EDGE_CURVE ( 'NONE', #10898, #2191, #9975, .T. ) ;
#438 = DIRECTION ( 'NONE',  ( 0.000000000000000000, -1.000000000000000000, 0.000000000000000000 ) ) ;
#439 = AXIS2_PLACEMENT_3D ( 'NONE', #9349, #2695, #1739 ) ;
#440 = LINE ( 'NONE', #5248, #5716 ) ;
#441 = DIRECTION ( 'NONE',  ( 0.000000000000000000, 0.000000000000000000, 1.000000000000000000 ) ) ;
#442 =( NAMED_UNIT ( * ) SI_UNIT ( $, .STERADIAN. ) SOLID_ANGLE_UNIT ( ) );
#443 = LINE ( 'NONE', #12076, #6894 ) ;
#444 =( LENGTH_UNIT ( ) NAMED_UNIT ( * ) SI_UNIT ( .MILLI., .METRE. ) );
#445 = CARTESIAN_POINT ( 'NONE',  ( 5.000000000000000000, 5.000000000000000000, 1.000000000000000000 ) ) ;
#446 =( NAMED_UNIT ( * ) PLANE_ANGLE_UNIT ( ) SI_UNIT ( $, .RADIAN. ) );
#447 =( GEOMETRIC_REPRESENTATION_CONTEXT ( 3 ) GLOBAL_UNCERTAINTY_ASSIGNED_CONTEXT ( ( #2789 ) ) GLOBAL_UNIT_ASSIGNED_CONTEXT ( ( #3018, #9593, #3965 ) ) REPRESENTATION_CONTEXT ( 'NONE', 'WORKASPACE' ) );
#448 = ORIENTED_EDGE ( 'NONE', *, *, #10370, .F. ) ;
#449 = ORIENTED_EDGE ( 'NONE', *, *, #11821, .T. ) ;
#450 = DIRECTION ( 'NONE',  ( 0.000000000000000000, -1.000000000000000000, 0.000000000000000000 ) ) ;
#451 = ORIENTED_EDGE ( 'NONE', *, *, #3731, .F. ) ;
#452 =( NAMED_UNIT ( * ) PLANE_ANGLE_UNIT ( ) SI_UNIT ( $, .RADIAN. ) );
#453 = ADVANCED_FACE ( 'NONE', ( #3352 ), #289, .F. ) ;
#454 = COLOUR_RGB ( '',1.000000000000000000, 0.8117647058823529438, 0.5019607843137254832 ) ;
#455 = CIRCLE ( 'NONE', #11506, 0.1999999999999996503 ) ;
#456 = LINE ( 'NONE', #1771, #2642 ) ;
#457 = MECHANICAL_DESIGN_GEOMETRIC_PRESENTATION_REPRESENTATION (  '', ( #4108 ), #12292 ) ;
#458 = VERTEX_POINT ( 'NONE', #11188 ) ;
#459 = VERTEX_POINT ( 'NONE', #6546 ) ;
#460 = AXIS2_PLACEMENT_3D ( 'NONE', #10616, #2028, #9855 ) ;
#461 = DIRECTION ( 'NONE',  ( 1.000000000000000000, 0.000000000000000000, 0.000000000000000000 ) ) ;
#462 = CARTESIAN_POINT ( 'NONE',  ( 1.270000000000016227, 5.000000000000000000, -0.1000000000000000056 ) ) ;
#463 = PRESENTATION_LAYER_ASSIGNMENT (  '', '', ( #10914 ) ) ;
#464 = AXIS2_PLACEMENT_3D ( 'NONE', #9550, #1701, #693 ) ;
#465 = EDGE_CURVE ( 'NONE', #2601, #11897, #2774, .T. ) ;
#466 = ADVANCED_FACE ( 'NONE', ( #7351 ), #6480, .F. ) ;
#467 = FILL_AREA_STYLE ('',( #9027 ) ) ;
#468 = DIRECTION ( 'NONE',  ( 0.000000000000000000, 0.000000000000000000, -1.000000000000000000 ) ) ;
#469 = SURFACE_SIDE_STYLE ('',( #5277 ) ) ;
#470 = VECTOR ( 'NONE', #6017, 1000.000000000000000 ) ;
#471 = CARTESIAN_POINT ( 'NONE',  ( -2.140000000000000124, 5.009999999999999787, 1.100000000000000089 ) ) ;
#472 = COLOUR_RGB ( '',1.000000000000000000, 0.8117647058823529438, 0.5019607843137254832 ) ;
#473 = DIRECTION ( 'NONE',  ( -1.047444401652940164E-14, -1.000000000000000000, 0.000000000000000000 ) ) ;
#474 = STYLED_ITEM ( 'NONE', ( #5502 ), #11527 ) ;
#475 = ORIENTED_EDGE ( 'NONE', *, *, #1704, .F. ) ;
#476 =( LENGTH_UNIT ( ) NAMED_UNIT ( * ) SI_UNIT ( .MILLI., .METRE. ) );
#477 = VECTOR ( 'NONE', #7760, 1000.000000000000000 ) ;
#478 = CARTESIAN_POINT ( 'NONE',  ( -5.000000000000000000, -1.670000000000000151, -0.1000000000000000056 ) ) ;
#479 = VECTOR ( 'NONE', #11534, 1000.000000000000000 ) ;
#480 = ORIENTED_EDGE ( 'NONE', *, *, #6502, .T. ) ;
#481 = ORIENTED_EDGE ( 'NONE', *, *, #1321, .F. ) ;
#482 = ORIENTED_EDGE ( 'NONE', *, *, #9153, .F. ) ;
#483 = VECTOR ( 'NONE', #2608, 1000.000000000000000 ) ;
#484 = VECTOR ( 'NONE', #785, 1000.000000000000000 ) ;
#485 = EDGE_CURVE ( 'NONE', #7457, #12065, #3720, .T. ) ;
#486 = MECHANICAL_DESIGN_GEOMETRIC_PRESENTATION_REPRESENTATION (  '', ( #7139 ), #7515 ) ;
#487 = PRESENTATION_LAYER_ASSIGNMENT (  '', '', ( #12129 ) ) ;
#488 = EDGE_CURVE ( 'NONE', #5347, #8818, #8534, .T. ) ;
#489 = SURFACE_STYLE_USAGE ( .BOTH. , #9098 ) ;
#490 = EDGE_CURVE ( 'NONE', #908, #3630, #7521, .T. ) ;
#491 = SURFACE_STYLE_FILL_AREA ( #9101 ) ;
#492 = PLANE ( 'NONE',  #10196 ) ;
#493 = DIRECTION ( 'NONE',  ( -8.673617379884039170E-17, 1.000000000000000000, 0.000000000000000000 ) ) ;
#494 = CARTESIAN_POINT ( 'NONE',  ( -1.070000000000052021, -5.009999999999999787, 1.100000000000000089 ) ) ;
#495 = LINE ( 'NONE', #3611, #8717 ) ;
#496 = DIRECTION ( 'NONE',  ( 1.000000000000000000, -3.318008991245455407E-15, 0.000000000000000000 ) ) ;
#497 = SURFACE_SIDE_STYLE ('',( #9108 ) ) ;
#498 =( LENGTH_UNIT ( ) NAMED_UNIT ( * ) SI_UNIT ( .MILLI., .METRE. ) );
#499 = MECHANICAL_DESIGN_GEOMETRIC_PRESENTATION_REPRESENTATION (  '', ( #6941 ), #6140 ) ;
#500 = ORIENTED_EDGE ( 'NONE', *, *, #2244, .F. ) ;
#501 = VECTOR ( 'NONE', #7517, 1000.000000000000000 ) ;
#502 = AXIS2_PLACEMENT_3D ( 'NONE', #2403, #1445, #8298 ) ;
#503 = DIRECTION ( 'NONE',  ( -1.000000000000000000, 1.047444401652940164E-14, 0.000000000000000000 ) ) ;
#504 = VERTEX_POINT ( 'NONE', #10422 ) ;
#505 = PLANE ( 'NONE',  #8777 ) ;
#506 = FILL_AREA_STYLE_COLOUR ( '', #1935 ) ;
#507 = DIRECTION ( 'NONE',  ( 0.000000000000000000, 0.000000000000000000, 1.000000000000000000 ) ) ;
#508 =( NAMED_UNIT ( * ) PLANE_ANGLE_UNIT ( ) SI_UNIT ( $, .RADIAN. ) );
#509 = CARTESIAN_POINT ( 'NONE',  ( -4.750000000000000000, -0.8699999999999999956, 1.000000000000000000 ) ) ;
#510 =( NAMED_UNIT ( * ) PLANE_ANGLE_UNIT ( ) SI_UNIT ( $, .RADIAN. ) );
#511 = LINE ( 'NONE', #9258, #1450 ) ;
#512 = MECHANICAL_DESIGN_GEOMETRIC_PRESENTATION_REPRESENTATION (  '', ( #8547 ), #7539 ) ;
#513 = FILL_AREA_STYLE ('',( #703 ) ) ;
#514 = FILL_AREA_STYLE ('',( #1449 ) ) ;
#515 = ORIENTED_EDGE ( 'NONE', *, *, #30, .T. ) ;
#516 = EDGE_CURVE ( 'NONE', #8137, #5774, #11311, .T. ) ;
#517 = MECHANICAL_DESIGN_GEOMETRIC_PRESENTATION_REPRESENTATION (  '', ( #3963 ), #10750 ) ;
#518 = EDGE_LOOP ( 'NONE', ( #7448, #7744, #7982, #8580 ) ) ;
#519 = ORIENTED_EDGE ( 'NONE', *, *, #9105, .T. ) ;
#520 = DIRECTION ( 'NONE',  ( 0.000000000000000000, 0.000000000000000000, -1.000000000000000000 ) ) ;
#521 = VERTEX_POINT ( 'NONE', #1746 ) ;
#522 = VECTOR ( 'NONE', #1481, 1000.000000000000000 ) ;
#523 = FILL_AREA_STYLE_COLOUR ( '', #7128 ) ;
#524 = COLOUR_RGB ( '',0.2509803921568627416, 0.2509803921568627416, 0.2509803921568627416 ) ;
#525 = DIRECTION ( 'NONE',  ( -3.491481338843135327E-15, -1.000000000000000000, 0.000000000000000000 ) ) ;
#526 = SURFACE_STYLE_FILL_AREA ( #11963 ) ;
#527 =( LENGTH_UNIT ( ) NAMED_UNIT ( * ) SI_UNIT ( .MILLI., .METRE. ) );
#528 = DIRECTION ( 'NONE',  ( -1.000000000000000000, 3.491481338843135327E-15, 0.000000000000000000 ) ) ;
#529 = DIRECTION ( 'NONE',  ( 0.000000000000000000, 0.000000000000000000, -1.000000000000000000 ) ) ;
#530 = MECHANICAL_DESIGN_GEOMETRIC_PRESENTATION_REPRESENTATION (  '', ( #9572 ), #11590 ) ;
#531 = ADVANCED_FACE ( 'NONE', ( #8470 ), #11382, .F. ) ;
#532 = ORIENTED_EDGE ( 'NONE', *, *, #8426, .F. ) ;
#533 = ORIENTED_EDGE ( 'NONE', *, *, #10701, .F. ) ;
#534 = FACE_OUTER_BOUND ( 'NONE', #11584, .T. ) ;
#535 = FACE_OUTER_BOUND ( 'NONE', #5084, .T. ) ;
#536 = CARTESIAN_POINT ( 'NONE',  ( 4.250000000000000000, 0.8699999999999999956, -0.1000000000000000056 ) ) ;
#537 =( GEOMETRIC_REPRESENTATION_CONTEXT ( 3 ) GLOBAL_UNCERTAINTY_ASSIGNED_CONTEXT ( ( #8902 ) ) GLOBAL_UNIT_ASSIGNED_CONTEXT ( ( #6394, #6457, #5639 ) ) REPRESENTATION_CONTEXT ( 'NONE', 'WORKASPACE' ) );
#538 = AXIS2_PLACEMENT_3D ( 'NONE', #10328, #4753, #3879 ) ;
#539 = SURFACE_SIDE_STYLE ('',( #4981 ) ) ;
#540 = DIRECTION ( 'NONE',  ( 1.000000000000000000, 0.000000000000000000, 0.000000000000000000 ) ) ;
#541 = SURFACE_SIDE_STYLE ('',( #9158 ) ) ;
#542 = LINE ( 'NONE', #3281, #5941 ) ;
#543 = LINE ( 'NONE', #7951, #6088 ) ;
#544 = CARTESIAN_POINT ( 'NONE',  ( 1.069999999999947882, -5.000000000000000000, -0.2999999999999999889 ) ) ;
#545 = ORIENTED_EDGE ( 'NONE', *, *, #3837, .F. ) ;
#546 = PRESENTATION_STYLE_ASSIGNMENT (( #1417 ) ) ;
#547 = CARTESIAN_POINT ( 'NONE',  ( -2.740000000000049507, -5.000000000000000000, 1.100000000000000089 ) ) ;
#548 = VERTEX_POINT ( 'NONE', #8597 ) ;
#549 = VECTOR ( 'NONE', #9680, 1000.000000000000000 ) ;
#550 = ORIENTED_EDGE ( 'NONE', *, *, #11092, .F. ) ;
#551 = EDGE_CURVE ( 'NONE', #5317, #7276, #975, .T. ) ;
#552 = COLOUR_RGB ( '',1.000000000000000000, 0.8117647058823529438, 0.5019607843137254832 ) ;
#553 = CARTESIAN_POINT ( 'NONE',  ( -5.000000000000000000, -1.270000000000000018, -0.1000000000000000056 ) ) ;
#554 = ORIENTED_EDGE ( 'NONE', *, *, #5939, .F. ) ;
#555 = UNCERTAINTY_MEASURE_WITH_UNIT (LENGTH_MEASURE( 1.000000000000000082E-05 ), #7953, 'distance_accuracy_value', 'NONE');
#556 = ORIENTED_EDGE ( 'NONE', *, *, #5979, .F. ) ;
#557 =( NAMED_UNIT ( * ) SI_UNIT ( $, .STERADIAN. ) SOLID_ANGLE_UNIT ( ) );
#558 = DIRECTION ( 'NONE',  ( -3.318008991245455407E-15, -1.000000000000000000, 0.000000000000000000 ) ) ;
#559 = COLOUR_RGB ( '',0.5372549019607842924, 0.6235294117647058876, 0.000000000000000000 ) ;
#560 = CARTESIAN_POINT ( 'NONE',  ( -1.070000000000052021, -5.009999999999999787, -0.1000000000000000056 ) ) ;
#561 =( NAMED_UNIT ( * ) SI_UNIT ( $, .STERADIAN. ) SOLID_ANGLE_UNIT ( ) );
#562 = DIRECTION ( 'NONE',  ( 1.000000000000000000, 1.734723475976804876E-16, 0.000000000000000000 ) ) ;
#563 = DIRECTION ( 'NONE',  ( 0.000000000000000000, 0.000000000000000000, -1.000000000000000000 ) ) ;
#564 = FILL_AREA_STYLE ('',( #7176 ) ) ;
#565 = VECTOR ( 'NONE', #7126, 1000.000000000000000 ) ;
#566 = LINE ( 'NONE', #3431, #11511 ) ;
#567 = DIRECTION ( 'NONE',  ( -1.000000000000000000, 0.000000000000000000, 0.000000000000000000 ) ) ;
#568 = DIRECTION ( 'NONE',  ( 0.000000000000000000, 0.000000000000000000, 1.000000000000000000 ) ) ;
#569 = FACE_OUTER_BOUND ( 'NONE', #3048, .T. ) ;
#570 = DIRECTION ( 'NONE',  ( 0.000000000000000000, 0.000000000000000000, 1.000000000000000000 ) ) ;
#571 = ORIENTED_EDGE ( 'NONE', *, *, #7916, .T. ) ;
#572 = EDGE_CURVE ( 'NONE', #2191, #7995, #4979, .T. ) ;
#573 = EDGE_CURVE ( 'NONE', #10326, #7514, #3973, .T. ) ;
#574 = DIRECTION ( 'NONE',  ( 0.000000000000000000, 0.000000000000000000, -1.000000000000000000 ) ) ;
#575 = STYLED_ITEM ( 'NONE', ( #343 ), #6308 ) ;
#576 = CARTESIAN_POINT ( 'NONE',  ( 5.009999999999999787, -0.4000000000000000222, -0.1000000000000000056 ) ) ;
#577 = VERTEX_POINT ( 'NONE', #3024 ) ;
#578 = DIRECTION ( 'NONE',  ( -1.030097166893172093E-14, -1.000000000000000000, 0.000000000000000000 ) ) ;
#579 = UNCERTAINTY_MEASURE_WITH_UNIT (LENGTH_MEASURE( 1.000000000000000082E-05 ), #2021, 'distance_accuracy_value', 'NONE');
#580 = CARTESIAN_POINT ( 'NONE',  ( -4.250000000000000000, -1.670000000000000151, 0.000000000000000000 ) ) ;
#581 = SURFACE_SIDE_STYLE ('',( #6380 ) ) ;
#582 =( GEOMETRIC_REPRESENTATION_CONTEXT ( 3 ) GLOBAL_UNCERTAINTY_ASSIGNED_CONTEXT ( ( #7789 ) ) GLOBAL_UNIT_ASSIGNED_CONTEXT ( ( #938, #230, #8852 ) ) REPRESENTATION_CONTEXT ( 'NONE', 'WORKASPACE' ) );
#583 = PLANE ( 'NONE',  #2910 ) ;
#584 = FILL_AREA_STYLE_COLOUR ( '', #4931 ) ;
#585 = DIRECTION ( 'NONE',  ( -8.673617379884039170E-17, 1.000000000000000000, 0.000000000000000000 ) ) ;
#586 = DIRECTION ( 'NONE',  ( 1.000000000000000000, 1.734723475976804876E-16, 0.000000000000000000 ) ) ;
#587 = CARTESIAN_POINT ( 'NONE',  ( -1.670000000000050111, -5.000000000000000000, 1.000000000000000000 ) ) ;
#588 = DIRECTION ( 'NONE',  ( 0.000000000000000000, 0.000000000000000000, 1.000000000000000000 ) ) ;
#589 = ADVANCED_FACE ( 'NONE', ( #10529 ), #11660, .F. ) ;
#590 = VERTEX_POINT ( 'NONE', #8125 ) ;
#591 = ORIENTED_EDGE ( 'NONE', *, *, #6768, .F. ) ;
#592 = ORIENTED_EDGE ( 'NONE', *, *, #5622, .F. ) ;
#593 = LINE ( 'NONE', #2545, #1462 ) ;
#594 = COLOUR_RGB ( '',1.000000000000000000, 0.8117647058823529438, 0.5019607843137254832 ) ;
#595 = CARTESIAN_POINT ( 'NONE',  ( -2.140000000000000124, 4.750000000000000000, 1.100000000000000089 ) ) ;
#596 = FILL_AREA_STYLE ('',( #9071 ) ) ;
#597 = FILL_AREA_STYLE ('',( #7211 ) ) ;
#598 = PRESENTATION_STYLE_ASSIGNMENT (( #4582 ) ) ;
#599 = FILL_AREA_STYLE_COLOUR ( '', #10531 ) ;
#600 = VERTEX_POINT ( 'NONE', #2299 ) ;
#601 =( LENGTH_UNIT ( ) NAMED_UNIT ( * ) SI_UNIT ( .MILLI., .METRE. ) );
#602 = ORIENTED_EDGE ( 'NONE', *, *, #859, .F. ) ;
#603 = EDGE_LOOP ( 'NONE', ( #11972, #11829, #6075, #5222 ) ) ;
#604 = DIRECTION ( 'NONE',  ( 1.030097166893172093E-14, 1.000000000000000000, 0.000000000000000000 ) ) ;
#605 = FILL_AREA_STYLE_COLOUR ( '', #8310 ) ;
#606 = SURFACE_STYLE_USAGE ( .BOTH. , #5411 ) ;
#607 = MECHANICAL_DESIGN_GEOMETRIC_PRESENTATION_REPRESENTATION (  '', ( #1616 ), #7618 ) ;
#608 = CARTESIAN_POINT ( 'NONE',  ( 5.009999999999999787, -2.739999999999999769, -0.1000000000000000056 ) ) ;
#609 = FILL_AREA_STYLE ('',( #6217 ) ) ;
#610 = CARTESIAN_POINT ( 'NONE',  ( -4.799999999999999822, 1.270000000000000018, -0.1000000000000000056 ) ) ;
#611 = CARTESIAN_POINT ( 'NONE',  ( 5.000000000000000000, -1.670000000000000151, -0.1000000000000000056 ) ) ;
#612 = EDGE_CURVE ( 'NONE', #11133, #2738, #6146, .T. ) ;
#613 =( NAMED_UNIT ( * ) PLANE_ANGLE_UNIT ( ) SI_UNIT ( $, .RADIAN. ) );
#614 = MECHANICAL_DESIGN_GEOMETRIC_PRESENTATION_REPRESENTATION (  '', ( #3852 ), #3647 ) ;
#615 = ORIENTED_EDGE ( 'NONE', *, *, #11782, .F. ) ;
#616 = LINE ( 'NONE', #8265, #5175 ) ;
#617 = SURFACE_STYLE_FILL_AREA ( #9471 ) ;
#618 = ORIENTED_EDGE ( 'NONE', *, *, #1248, .F. ) ;
#619 = ORIENTED_EDGE ( 'NONE', *, *, #12004, .F. ) ;
#620 = VECTOR ( 'NONE', #12309, 1000.000000000000000 ) ;
#621 = SURFACE_SIDE_STYLE ('',( #8406 ) ) ;
#622 = PLANE ( 'NONE',  #3190 ) ;
#623 = DIRECTION ( 'NONE',  ( 1.000000000000000000, 0.000000000000000000, 0.000000000000000000 ) ) ;
#624 = EDGE_CURVE ( 'NONE', #6520, #5957, #6967, .T. ) ;
#625 = DIRECTION ( 'NONE',  ( -1.000000000000000000, 2.891205793294680298E-16, 0.000000000000000000 ) ) ;
#626 = ADVANCED_FACE ( 'NONE', ( #534 ), #9025, .T. ) ;
#627 = SURFACE_SIDE_STYLE ('',( #11197 ) ) ;
#628 = VECTOR ( 'NONE', #5594, 1000.000000000000000 ) ;
#629 = ORIENTED_EDGE ( 'NONE', *, *, #1651, .F. ) ;
#630 =( NAMED_UNIT ( * ) SI_UNIT ( $, .STERADIAN. ) SOLID_ANGLE_UNIT ( ) );
#631 =( NAMED_UNIT ( * ) PLANE_ANGLE_UNIT ( ) SI_UNIT ( $, .RADIAN. ) );
#632 = ORIENTED_EDGE ( 'NONE', *, *, #8472, .T. ) ;
#633 = CARTESIAN_POINT ( 'NONE',  ( -0.8699999999999860067, 4.250000000000000000, -0.1000000000000000056 ) ) ;
#634 = FACE_OUTER_BOUND ( 'NONE', #3361, .T. ) ;
#635 = CARTESIAN_POINT ( 'NONE',  ( -5.009999999999999787, -0.2000000000000000111, 1.100000000000000089 ) ) ;
#636 = DIRECTION ( 'NONE',  ( -1.734723475976804876E-16, 1.000000000000000000, 0.000000000000000000 ) ) ;
#637 = ADVANCED_FACE ( 'NONE', ( #1407 ), #340, .F. ) ;
#638 = SURFACE_SIDE_STYLE ('',( #696 ) ) ;
#639 = EDGE_CURVE ( 'NONE', #8694, #415, #1542, .T. ) ;
#640 = CARTESIAN_POINT ( 'NONE',  ( -4.250000000000000000, 0.8699999999999999956, 0.000000000000000000 ) ) ;
#641 = SURFACE_STYLE_FILL_AREA ( #1591 ) ;
#642 = CARTESIAN_POINT ( 'NONE',  ( -5.000000000000000000, -8.673617379884030542E-16, -0.2999999999999999889 ) ) ;
#643 = SURFACE_STYLE_USAGE ( .BOTH. , #9260 ) ;
#644 = DIRECTION ( 'NONE',  ( 0.000000000000000000, 0.000000000000000000, -1.000000000000000000 ) ) ;
#645 = ORIENTED_EDGE ( 'NONE', *, *, #10775, .F. ) ;
#646 = EDGE_CURVE ( 'NONE', #4066, #7555, #7335, .T. ) ;
#647 = ORIENTED_EDGE ( 'NONE', *, *, #3418, .T. ) ;
#648 = VERTEX_POINT ( 'NONE', #6339 ) ;
#649 = VERTEX_POINT ( 'NONE', #950 ) ;
#650 = FILL_AREA_STYLE ('',( #12148 ) ) ;
#651 = DIRECTION ( 'NONE',  ( 0.000000000000000000, 0.000000000000000000, -1.000000000000000000 ) ) ;
#652 = UNCERTAINTY_MEASURE_WITH_UNIT (LENGTH_MEASURE( 1.000000000000000082E-05 ), #5697, 'distance_accuracy_value', 'NONE');
#653 = FACE_OUTER_BOUND ( 'NONE', #7415, .T. ) ;
#654 = EDGE_CURVE ( 'NONE', #6448, #10910, #11469, .T. ) ;
#655 = DIRECTION ( 'NONE',  ( -1.000000000000000000, 1.047444401652940164E-14, 0.000000000000000000 ) ) ;
#656 = ORIENTED_EDGE ( 'NONE', *, *, #612, .T. ) ;
#657 = VERTEX_POINT ( 'NONE', #6691 ) ;
#658 = EDGE_LOOP ( 'NONE', ( #4558, #5904, #8106, #2961 ) ) ;
#659 = PLANE ( 'NONE',  #8337 ) ;
#660 = DIRECTION ( 'NONE',  ( -1.000000000000000000, 3.491481338843135327E-15, 0.000000000000000000 ) ) ;
#661 = VECTOR ( 'NONE', #2404, 1000.000000000000000 ) ;
#662 = AXIS2_PLACEMENT_3D ( 'NONE', #7577, #5903, #9710 ) ;
#663 = PRESENTATION_STYLE_ASSIGNMENT (( #2566 ) ) ;
#664 = PLANE ( 'NONE',  #11225 ) ;
#665 = FILL_AREA_STYLE_COLOUR ( '', #1639 ) ;
#666 = CARTESIAN_POINT ( 'NONE',  ( 5.000000000000000000, -1.469999999999999973, 1.100000000000000089 ) ) ;
#667 = VERTEX_POINT ( 'NONE', #8258 ) ;
#668 = FILL_AREA_STYLE_COLOUR ( '', #4577 ) ;
#669 = VECTOR ( 'NONE', #922, 1000.000000000000000 ) ;
#670 = SURFACE_STYLE_FILL_AREA ( #5480 ) ;
#671 = VERTEX_POINT ( 'NONE', #7611 ) ;
#672 = UNCERTAINTY_MEASURE_WITH_UNIT (LENGTH_MEASURE( 1.000000000000000082E-05 ), #2161, 'distance_accuracy_value', 'NONE');
#673 = VERTEX_POINT ( 'NONE', #12038 ) ;
#674 =( NAMED_UNIT ( * ) SI_UNIT ( $, .STERADIAN. ) SOLID_ANGLE_UNIT ( ) );
#675 = ADVANCED_FACE ( 'NONE', ( #12088 ), #659, .F. ) ;
#676 = LINE ( 'NONE', #8344, #7931 ) ;
#677 = COLOUR_RGB ( '',0.5372549019607842924, 0.6235294117647058876, 0.000000000000000000 ) ;
#678 = FILL_AREA_STYLE_COLOUR ( '', #55 ) ;
#679 = VECTOR ( 'NONE', #172, 1000.000000000000000 ) ;
#680 = VECTOR ( 'NONE', #6142, 1000.000000000000000 ) ;
#681 = SURFACE_STYLE_USAGE ( .BOTH. , #10361 ) ;
#682 = COLOUR_RGB ( '',1.000000000000000000, 0.8117647058823529438, 0.5019607843137254832 ) ;
#683 = MECHANICAL_DESIGN_GEOMETRIC_PRESENTATION_REPRESENTATION (  '', ( #11533 ), #4935 ) ;
#684 =( NAMED_UNIT ( * ) SI_UNIT ( $, .STERADIAN. ) SOLID_ANGLE_UNIT ( ) );
#685 = CARTESIAN_POINT ( 'NONE',  ( -5.009999999999999787, -1.270000000000000018, 0.000000000000000000 ) ) ;
#686 = DIRECTION ( 'NONE',  ( 1.030097166893172093E-14, 1.000000000000000000, 0.000000000000000000 ) ) ;
#687 = CARTESIAN_POINT ( 'NONE',  ( 2.140000000000000124, 4.250000000000000000, -0.1000000000000000056 ) ) ;
#688 = EDGE_LOOP ( 'NONE', ( #9413, #4631 ) ) ;
#689 = PLANE ( 'NONE',  #6374 ) ;
#690 = STYLED_ITEM ( 'NONE', ( #4941 ), #11690 ) ;
#691 = EDGE_CURVE ( 'NONE', #9566, #2993, #4522, .T. ) ;
#692 =( GEOMETRIC_REPRESENTATION_CONTEXT ( 3 ) GLOBAL_UNCERTAINTY_ASSIGNED_CONTEXT ( ( #6378 ) ) GLOBAL_UNIT_ASSIGNED_CONTEXT ( ( #331, #7081, #5328 ) ) REPRESENTATION_CONTEXT ( 'NONE', 'WORKASPACE' ) );
#693 = DIRECTION ( 'NONE',  ( -1.030097166893172093E-14, -1.000000000000000000, 0.000000000000000000 ) ) ;
#694 = EDGE_LOOP ( 'NONE', ( #7863, #889, #7097, #11827, #9353, #10188, #10470, #5138 ) ) ;
#695 = CARTESIAN_POINT ( 'NONE',  ( 5.009999999999999787, -2.140000000000000124, -0.1000000000000000056 ) ) ;
#696 = SURFACE_STYLE_FILL_AREA ( #5684 ) ;
#697 = CARTESIAN_POINT ( 'NONE',  ( -2.140000000000044977, -4.250000000000000000, -0.1000000000000000056 ) ) ;
#698 = FACE_OUTER_BOUND ( 'NONE', #5087, .T. ) ;
#699 = DIRECTION ( 'NONE',  ( -4.336808689942025625E-15, -1.000000000000000000, 0.000000000000000000 ) ) ;
#700 = STYLED_ITEM ( 'NONE', ( #2628 ), #11850 ) ;
#701 = CARTESIAN_POINT ( 'NONE',  ( -0.8700000000000489564, -4.750000000000000000, 1.100000000000000089 ) ) ;
#702 = COLOUR_RGB ( '',0.5372549019607842924, 0.6235294117647058876, 0.000000000000000000 ) ;
#703 = FILL_AREA_STYLE_COLOUR ( '', #6047 ) ;
#704 = ORIENTED_EDGE ( 'NONE', *, *, #11585, .T. ) ;
#705 = EDGE_LOOP ( 'NONE', ( #10962, #3329, #7041, #7648 ) ) ;
#706 = ADVANCED_FACE ( 'NONE', ( #12162 ), #4825, .F. ) ;
#707 = PRESENTATION_STYLE_ASSIGNMENT (( #10389 ) ) ;
#708 = VERTEX_POINT ( 'NONE', #2258 ) ;
#709 = PLANE ( 'NONE',  #12372 ) ;
#710 = STYLED_ITEM ( 'NONE', ( #11970 ), #12056 ) ;
#711 = DIRECTION ( 'NONE',  ( -1.000000000000000000, 1.047444401652940164E-14, 0.000000000000000000 ) ) ;
#712 = DIRECTION ( 'NONE',  ( -3.318008991245455407E-15, -1.000000000000000000, 0.000000000000000000 ) ) ;
#713 = SURFACE_STYLE_USAGE ( .BOTH. , #2747 ) ;
#714 = PRESENTATION_LAYER_ASSIGNMENT (  '', '', ( #8547 ) ) ;
#715 = SURFACE_SIDE_STYLE ('',( #9334 ) ) ;
#716 = SURFACE_SIDE_STYLE ('',( #5518 ) ) ;
#717 = MECHANICAL_DESIGN_GEOMETRIC_PRESENTATION_REPRESENTATION (  '', ( #2952 ), #6558 ) ;
#718 =( NAMED_UNIT ( * ) SI_UNIT ( $, .STERADIAN. ) SOLID_ANGLE_UNIT ( ) );
#719 = ORIENTED_EDGE ( 'NONE', *, *, #490, .F. ) ;
#720 = EDGE_CURVE ( 'NONE', #7825, #6640, #11750, .T. ) ;
#721 = ORIENTED_EDGE ( 'NONE', *, *, #8584, .T. ) ;
#722 = ADVANCED_FACE ( 'NONE', ( #9688 ), #239, .F. ) ;
#723 = VECTOR ( 'NONE', #7412, 1000.000000000000000 ) ;
#724 = VERTEX_POINT ( 'NONE', #9807 ) ;
#725 =( NAMED_UNIT ( * ) PLANE_ANGLE_UNIT ( ) SI_UNIT ( $, .RADIAN. ) );
#726 = VECTOR ( 'NONE', #11268, 1000.000000000000000 ) ;
#727 = PRESENTATION_STYLE_ASSIGNMENT (( #606 ) ) ;
#728 = STYLED_ITEM ( 'NONE', ( #2003 ), #7495 ) ;
#729 = CARTESIAN_POINT ( 'NONE',  ( 4.750000000000000000, -1.670000000000000151, 1.100000000000000089 ) ) ;
#730 = LINE ( 'NONE', #6342, #1355 ) ;
#731 = PRESENTATION_LAYER_ASSIGNMENT (  '', '', ( #8958 ) ) ;
#732 =( NAMED_UNIT ( * ) SI_UNIT ( $, .STERADIAN. ) SOLID_ANGLE_UNIT ( ) );
#733 = STYLED_ITEM ( 'NONE', ( #11903 ), #637 ) ;
#734 = SURFACE_STYLE_FILL_AREA ( #8333 ) ;
#735 = LINE ( 'NONE', #7576, #4970 ) ;
#736 = CARTESIAN_POINT ( 'NONE',  ( -4.750000000000000000, -2.939999999999999947, 1.000000000000000000 ) ) ;
#737 = EDGE_LOOP ( 'NONE', ( #656, #4188, #5260, #237 ) ) ;
#738 = SURFACE_STYLE_USAGE ( .BOTH. , #1624 ) ;
#739 = VECTOR ( 'NONE', #11927, 1000.000000000000000 ) ;
#740 = PLANE ( 'NONE',  #7919 ) ;
#741 = ORIENTED_EDGE ( 'NONE', *, *, #11102, .F. ) ;
#742 = EDGE_LOOP ( 'NONE', ( #10237, #6720, #5139, #4635 ) ) ;
#743 = CARTESIAN_POINT ( 'NONE',  ( 1.070000000000016049, 5.000000000000000000, -0.2999999999999999889 ) ) ;
#744 = ADVANCED_BREP_SHAPE_REPRESENTATION ( 'Lora E22-900MM22S', ( #7313, #7735 ), #1113 ) ;
#745 = FILL_AREA_STYLE ('',( #8211 ) ) ;
#746 = PRESENTATION_STYLE_ASSIGNMENT (( #7355 ) ) ;
#747 = CARTESIAN_POINT ( 'NONE',  ( 2.339999999999999858, 5.000000000000000000, -0.1000000000000000056 ) ) ;
#748 = CARTESIAN_POINT ( 'NONE',  ( 2.140000000000000124, 5.009999999999999787, -0.1000000000000000056 ) ) ;
#749 = CARTESIAN_POINT ( 'NONE',  ( -0.8699999999999860067, 4.250000000000000000, -0.1000000000000000056 ) ) ;
#750 = CARTESIAN_POINT ( 'NONE',  ( -1.269999999999982032, 5.000000000000000000, -0.1000000000000000056 ) ) ;
#751 = DIRECTION ( 'NONE',  ( -1.000000000000000000, 1.047444401652940164E-14, 0.000000000000000000 ) ) ;
#752 = PRESENTATION_STYLE_ASSIGNMENT (( #8349 ) ) ;
#753 = EDGE_CURVE ( 'NONE', #6087, #11748, #2091, .T. ) ;
#754 = STYLED_ITEM ( 'NONE', ( #5811 ), #1683 ) ;
#755 = LINE ( 'NONE', #7423, #3322 ) ;
#756 = PRESENTATION_LAYER_ASSIGNMENT (  '', '', ( #7394 ) ) ;
#757 = CARTESIAN_POINT ( 'NONE',  ( 0.4000000000000155098, 4.750000000000000000, 1.000000000000000000 ) ) ;
#758 = ORIENTED_EDGE ( 'NONE', *, *, #10850, .T. ) ;
#759 = CARTESIAN_POINT ( 'NONE',  ( 5.000000000000000000, 2.140000000000000124, 1.000000000000000000 ) ) ;
#760 = FILL_AREA_STYLE ('',( #12366 ) ) ;
#761 = UNCERTAINTY_MEASURE_WITH_UNIT (LENGTH_MEASURE( 1.000000000000000082E-05 ), #8029, 'distance_accuracy_value', 'NONE');
#762 = AXIS2_PLACEMENT_3D ( 'NONE', #11665, #2011, #4098 ) ;
#763 = ORIENTED_EDGE ( 'NONE', *, *, #6344, .F. ) ;
#764 = VECTOR ( 'NONE', #438, 1000.000000000000000 ) ;
#765 = SURFACE_STYLE_FILL_AREA ( #5323 ) ;
#766 = SURFACE_STYLE_USAGE ( .BOTH. , #3740 ) ;
#767 =( NAMED_UNIT ( * ) PLANE_ANGLE_UNIT ( ) SI_UNIT ( $, .RADIAN. ) );
#768 = CARTESIAN_POINT ( 'NONE',  ( -5.000000000000000000, 5.000000000000000000, 1.000000000000000000 ) ) ;
#769 = CARTESIAN_POINT ( 'NONE',  ( -2.540000000000050218, -5.000000000000000000, 1.100000000000000089 ) ) ;
#770 = DIRECTION ( 'NONE',  ( 0.000000000000000000, 1.000000000000000000, 0.000000000000000000 ) ) ;
#771 = EDGE_CURVE ( 'NONE', #12051, #6506, #3111, .T. ) ;
#772 = PRESENTATION_STYLE_ASSIGNMENT (( #4566 ) ) ;
#773 = CARTESIAN_POINT ( 'NONE',  ( -5.009999999999999787, 2.939999999999999947, -0.1000000000000000056 ) ) ;
#774 = AXIS2_PLACEMENT_3D ( 'NONE', #1413, #6154, #3226 ) ;
#775 = ORIENTED_EDGE ( 'NONE', *, *, #844, .F. ) ;
#776 = ORIENTED_EDGE ( 'NONE', *, *, #7194, .F. ) ;
#777 = ORIENTED_EDGE ( 'NONE', *, *, #4570, .T. ) ;
#778 = AXIS2_PLACEMENT_3D ( 'NONE', #5803, #3858, #2906 ) ;
#779 = UNCERTAINTY_MEASURE_WITH_UNIT (LENGTH_MEASURE( 1.000000000000000082E-05 ), #12153, 'distance_accuracy_value', 'NONE');
#780 =( LENGTH_UNIT ( ) NAMED_UNIT ( * ) SI_UNIT ( .MILLI., .METRE. ) );
#781 = STYLED_ITEM ( 'NONE', ( #1053 ), #5800 ) ;
#782 = SURFACE_STYLE_USAGE ( .BOTH. , #5640 ) ;
#783 = SURFACE_SIDE_STYLE ('',( #2943 ) ) ;
#784 = EDGE_CURVE ( 'NONE', #3633, #8992, #11586, .T. ) ;
#785 = DIRECTION ( 'NONE',  ( 0.000000000000000000, -1.000000000000000000, 0.000000000000000000 ) ) ;
#786 = AXIS2_PLACEMENT_3D ( 'NONE', #3096, #1122, #8795 ) ;
#787 = VERTEX_POINT ( 'NONE', #5943 ) ;
#788 = COLOUR_RGB ( '',1.000000000000000000, 0.8117647058823529438, 0.5019607843137254832 ) ;
#789 = ORIENTED_EDGE ( 'NONE', *, *, #1007, .T. ) ;
#790 = ORIENTED_EDGE ( 'NONE', *, *, #10061, .T. ) ;
#791 = CARTESIAN_POINT ( 'NONE',  ( -1.670000000000000151, 5.009999999999999787, -0.1000000000000000056 ) ) ;
#792 = PRESENTATION_LAYER_ASSIGNMENT (  '', '', ( #11630 ) ) ;
#793 = SURFACE_STYLE_USAGE ( .BOTH. , #11247 ) ;
#794 = EDGE_CURVE ( 'NONE', #6388, #8373, #1135, .T. ) ;
#795 = ADVANCED_FACE ( 'NONE', ( #10878 ), #3937, .F. ) ;
#796 = LINE ( 'NONE', #8200, #2226 ) ;
#797 = CARTESIAN_POINT ( 'NONE',  ( -4.250000000000000000, -1.670000000000000151, 0.000000000000000000 ) ) ;
#798 =( NAMED_UNIT ( * ) SI_UNIT ( $, .STERADIAN. ) SOLID_ANGLE_UNIT ( ) );
#799 = ORIENTED_EDGE ( 'NONE', *, *, #573, .T. ) ;
#800 =( NAMED_UNIT ( * ) SI_UNIT ( $, .STERADIAN. ) SOLID_ANGLE_UNIT ( ) );
#801 = LINE ( 'NONE', #1929, #5940 ) ;
#802 = FILL_AREA_STYLE_COLOUR ( '', #3158 ) ;
#803 = ORIENTED_EDGE ( 'NONE', *, *, #11967, .T. ) ;
#804 = ORIENTED_EDGE ( 'NONE', *, *, #1703, .T. ) ;
#805 = DIRECTION ( 'NONE',  ( 0.000000000000000000, 0.000000000000000000, -1.000000000000000000 ) ) ;
#806 = CARTESIAN_POINT ( 'NONE',  ( 5.000000000000000000, 2.540000000000000036, 1.100000000000000089 ) ) ;
#807 = COLOUR_RGB ( '',1.000000000000000000, 0.8117647058823529438, 0.5019607843137254832 ) ;
#808 = LINE ( 'NONE', #4665, #11239 ) ;
#809 = EDGE_CURVE ( 'NONE', #6900, #4246, #6956, .T. ) ;
#810 = DIRECTION ( 'NONE',  ( 0.000000000000000000, 0.000000000000000000, -1.000000000000000000 ) ) ;
#811 = DIRECTION ( 'NONE',  ( 0.000000000000000000, 0.000000000000000000, 1.000000000000000000 ) ) ;
#812 = DIRECTION ( 'NONE',  ( 0.000000000000000000, -1.000000000000000000, 0.000000000000000000 ) ) ;
#813 = ORIENTED_EDGE ( 'NONE', *, *, #2365, .F. ) ;
#814 = MECHANICAL_DESIGN_GEOMETRIC_PRESENTATION_REPRESENTATION (  '', ( #1002 ), #12249 ) ;
#815 =( LENGTH_UNIT ( ) NAMED_UNIT ( * ) SI_UNIT ( .MILLI., .METRE. ) );
#816 = SURFACE_STYLE_FILL_AREA ( #9439 ) ;
#817 = LINE ( 'NONE', #8488, #4592 ) ;
#818 = CARTESIAN_POINT ( 'NONE',  ( 0.1999999999999484968, -5.000000000000000000, -0.2999999999999999889 ) ) ;
#819 = CARTESIAN_POINT ( 'NONE',  ( -2.739999999999999769, 5.009999999999999787, 1.100000000000000089 ) ) ;
#820 = LINE ( 'NONE', #6683, #483 ) ;
#821 = DIRECTION ( 'NONE',  ( 0.000000000000000000, 0.000000000000000000, 1.000000000000000000 ) ) ;
#822 = FACE_OUTER_BOUND ( 'NONE', #8578, .T. ) ;
#823 = COLOUR_RGB ( '',1.000000000000000000, 0.8117647058823529438, 0.5019607843137254832 ) ;
#824 = DIRECTION ( 'NONE',  ( 1.000000000000000000, 0.000000000000000000, 0.000000000000000000 ) ) ;
#825 = CARTESIAN_POINT ( 'NONE',  ( -0.3999999999999845346, 4.750000000000000000, 1.100000000000000089 ) ) ;
#826 = CARTESIAN_POINT ( 'NONE',  ( -1.470000000000049933, -5.009999999999999787, 1.100000000000000089 ) ) ;
#827 = VERTEX_POINT ( 'NONE', #6375 ) ;
#828 = VERTEX_POINT ( 'NONE', #8087 ) ;
#829 = DIRECTION ( 'NONE',  ( 0.000000000000000000, 0.000000000000000000, 1.000000000000000000 ) ) ;
#830 = EDGE_LOOP ( 'NONE', ( #7232, #2409, #10020, #2864 ) ) ;
#831 = VERTEX_POINT ( 'NONE', #7298 ) ;
#832 = PLANE ( 'NONE',  #1757 ) ;
#833 = EDGE_CURVE ( 'NONE', #5088, #150, #11940, .T. ) ;
#834 = PLANE ( 'NONE',  #3510 ) ;
#835 = SURFACE_STYLE_FILL_AREA ( #8449 ) ;
#836 =( NAMED_UNIT ( * ) PLANE_ANGLE_UNIT ( ) SI_UNIT ( $, .RADIAN. ) );
#837 = SURFACE_STYLE_FILL_AREA ( #4889 ) ;
#838 = CARTESIAN_POINT ( 'NONE',  ( 5.009999999999999787, 2.739999999999999769, -0.1000000000000000056 ) ) ;
#839 = ORIENTED_EDGE ( 'NONE', *, *, #3206, .F. ) ;
#840 = VERTEX_POINT ( 'NONE', #7187 ) ;
#841 = VERTEX_POINT ( 'NONE', #9993 ) ;
#842 = EDGE_LOOP ( 'NONE', ( #789, #12109, #7939, #12146, #10173, #7502, #7257, #2696 ) ) ;
#843 =( LENGTH_UNIT ( ) NAMED_UNIT ( * ) SI_UNIT ( .MILLI., .METRE. ) );
#844 = EDGE_CURVE ( 'NONE', #3645, #9933, #7244, .T. ) ;
#845 = PRESENTATION_STYLE_ASSIGNMENT (( #8517 ) ) ;
#846 = DIRECTION ( 'NONE',  ( 1.000000000000000000, 0.000000000000000000, 0.000000000000000000 ) ) ;
#847 =( NAMED_UNIT ( * ) PLANE_ANGLE_UNIT ( ) SI_UNIT ( $, .RADIAN. ) );
#848 = DIRECTION ( 'NONE',  ( 3.491481338843135327E-15, 1.000000000000000000, 0.000000000000000000 ) ) ;
#849 = DIRECTION ( 'NONE',  ( 1.000000000000000000, -2.891205793294680298E-16, 0.000000000000000000 ) ) ;
#850 = ORIENTED_EDGE ( 'NONE', *, *, #2108, .F. ) ;
#851 = LINE ( 'NONE', #3897, #6740 ) ;
#852 = SURFACE_SIDE_STYLE ('',( #670 ) ) ;
#853 = VERTEX_POINT ( 'NONE', #1380 ) ;
#854 = ORIENTED_EDGE ( 'NONE', *, *, #1544, .T. ) ;
#855 = VECTOR ( 'NONE', #2346, 1000.000000000000000 ) ;
#856 = SURFACE_STYLE_USAGE ( .BOTH. , #2650 ) ;
#857 = ADVANCED_FACE ( 'NONE', ( #8286 ), #1312, .F. ) ;
#858 = VECTOR ( 'NONE', #1689, 1000.000000000000000 ) ;
#859 = EDGE_CURVE ( 'NONE', #10649, #10299, #3555, .T. ) ;
#860 =( NAMED_UNIT ( * ) PLANE_ANGLE_UNIT ( ) SI_UNIT ( $, .RADIAN. ) );
#861 = PRESENTATION_LAYER_ASSIGNMENT (  '', '', ( #6304 ) ) ;
#862 = UNCERTAINTY_MEASURE_WITH_UNIT (LENGTH_MEASURE( 1.000000000000000082E-05 ), #498, 'distance_accuracy_value', 'NONE');
#863 = DIRECTION ( 'NONE',  ( -1.734723475976804876E-16, 1.000000000000000000, 0.000000000000000000 ) ) ;
#864 = CARTESIAN_POINT ( 'NONE',  ( 2.939999999999999947, 4.750000000000000000, 1.100000000000000089 ) ) ;
#865 = DIRECTION ( 'NONE',  ( 0.000000000000000000, 0.000000000000000000, 1.000000000000000000 ) ) ;
#866 = DIRECTION ( 'NONE',  ( -8.673617379884039170E-17, 1.000000000000000000, 0.000000000000000000 ) ) ;
#867 = MECHANICAL_DESIGN_GEOMETRIC_PRESENTATION_REPRESENTATION (  '', ( #7301 ), #1263 ) ;
#868 = CARTESIAN_POINT ( 'NONE',  ( -2.339999999999999858, 5.000000000000000000, -0.2999999999999999889 ) ) ;
#869 = SURFACE_SIDE_STYLE ('',( #3249 ) ) ;
#870 = VERTEX_POINT ( 'NONE', #576 ) ;
#871 = UNCERTAINTY_MEASURE_WITH_UNIT (LENGTH_MEASURE( 1.000000000000000082E-05 ), #11233, 'distance_accuracy_value', 'NONE');
#872 = ADVANCED_FACE ( 'NONE', ( #11139 ), #373, .F. ) ;
#873 = PRESENTATION_LAYER_ASSIGNMENT (  '', '', ( #5522 ) ) ;
#874 = ADVANCED_FACE ( 'NONE', ( #3524 ), #1547, .F. ) ;
#875 = VECTOR ( 'NONE', #3732, 1000.000000000000000 ) ;
#876 =( NAMED_UNIT ( * ) PLANE_ANGLE_UNIT ( ) SI_UNIT ( $, .RADIAN. ) );
#877 = STYLED_ITEM ( 'NONE', ( #11840 ), #11256 ) ;
#878 = AXIS2_PLACEMENT_3D ( 'NONE', #11697, #4197, #5137 ) ;
#879 = CARTESIAN_POINT ( 'NONE',  ( -5.009999999999999787, 0.2000000000000000111, -0.1000000000000000056 ) ) ;
#880 = SURFACE_STYLE_FILL_AREA ( #9491 ) ;
#881 = FILL_AREA_STYLE_COLOUR ( '', #3530 ) ;
#882 =( LENGTH_UNIT ( ) NAMED_UNIT ( * ) SI_UNIT ( .MILLI., .METRE. ) );
#883 = PLANE ( 'NONE',  #6944 ) ;
#884 = CARTESIAN_POINT ( 'NONE',  ( 1.670000000000000151, 5.000000000000000000, 1.000000000000000000 ) ) ;
#885 = STYLED_ITEM ( 'NONE', ( #22 ), #4792 ) ;
#886 = VECTOR ( 'NONE', #11400, 1000.000000000000000 ) ;
#887 = STYLED_ITEM ( 'NONE', ( #6854 ), #10794 ) ;
#888 = STYLED_ITEM ( 'NONE', ( #10957 ), #6682 ) ;
#889 = ORIENTED_EDGE ( 'NONE', *, *, #8459, .F. ) ;
#890 = ORIENTED_EDGE ( 'NONE', *, *, #9105, .F. ) ;
#891 = ORIENTED_EDGE ( 'NONE', *, *, #1394, .F. ) ;
#892 = PLANE ( 'NONE',  #538 ) ;
#893 = UNCERTAINTY_MEASURE_WITH_UNIT (LENGTH_MEASURE( 1.000000000000000082E-05 ), #6170, 'distance_accuracy_value', 'NONE');
#894 = SURFACE_STYLE_FILL_AREA ( #2814 ) ;
#895 =( GEOMETRIC_REPRESENTATION_CONTEXT ( 3 ) GLOBAL_UNCERTAINTY_ASSIGNED_CONTEXT ( ( #3165 ) ) GLOBAL_UNIT_ASSIGNED_CONTEXT ( ( #10335, #9459, #718 ) ) REPRESENTATION_CONTEXT ( 'NONE', 'WORKASPACE' ) );
#896 = SURFACE_STYLE_USAGE ( .BOTH. , #12083 ) ;
#897 = STYLED_ITEM ( 'NONE', ( #3640 ), #11038 ) ;
#898 = PRESENTATION_LAYER_ASSIGNMENT (  '', '', ( #3737 ) ) ;
#899 = FILL_AREA_STYLE_COLOUR ( '', #3446 ) ;
#900 = DIRECTION ( 'NONE',  ( 0.000000000000000000, 0.000000000000000000, 1.000000000000000000 ) ) ;
#901 = EDGE_CURVE ( 'NONE', #7011, #1729, #9223, .T. ) ;
#902 = ORIENTED_EDGE ( 'NONE', *, *, #6461, .F. ) ;
#903 = PRESENTATION_LAYER_ASSIGNMENT (  '', '', ( #3746 ) ) ;
#904 = ORIENTED_EDGE ( 'NONE', *, *, #1045, .T. ) ;
#905 = VECTOR ( 'NONE', #4078, 1000.000000000000000 ) ;
#906 = ORIENTED_EDGE ( 'NONE', *, *, #7119, .F. ) ;
#907 = VERTEX_POINT ( 'NONE', #11296 ) ;
#908 = VERTEX_POINT ( 'NONE', #608 ) ;
#909 = CARTESIAN_POINT ( 'NONE',  ( -5.000000000000000000, -0.8699999999999999956, -0.1000000000000000056 ) ) ;
#910 =( NAMED_UNIT ( * ) PLANE_ANGLE_UNIT ( ) SI_UNIT ( $, .RADIAN. ) );
#911 = MECHANICAL_DESIGN_GEOMETRIC_PRESENTATION_REPRESENTATION (  '', ( #8935 ), #3954 ) ;
#912 = DIRECTION ( 'NONE',  ( -1.000000000000000000, 2.891205793294680298E-16, 0.000000000000000000 ) ) ;
#913 =( LENGTH_UNIT ( ) NAMED_UNIT ( * ) SI_UNIT ( .MILLI., .METRE. ) );
#914 = ORIENTED_EDGE ( 'NONE', *, *, #4893, .T. ) ;
#915 = EDGE_CURVE ( 'NONE', #6508, #5691, #2688, .T. ) ;
#916 = MECHANICAL_DESIGN_GEOMETRIC_PRESENTATION_REPRESENTATION (  '', ( #7751 ), #8939 ) ;
#917 = VERTEX_POINT ( 'NONE', #11365 ) ;
#918 = ORIENTED_EDGE ( 'NONE', *, *, #7445, .F. ) ;
#919 = VECTOR ( 'NONE', #8140, 1000.000000000000000 ) ;
#920 = DIRECTION ( 'NONE',  ( 0.000000000000000000, 0.000000000000000000, -1.000000000000000000 ) ) ;
#921 = VECTOR ( 'NONE', #4283, 1000.000000000000000 ) ;
#922 = DIRECTION ( 'NONE',  ( -1.000000000000000000, 2.891205793294680298E-16, 0.000000000000000000 ) ) ;
#923 = SURFACE_STYLE_FILL_AREA ( #9725 ) ;
#924 = SURFACE_STYLE_USAGE ( .BOTH. , #1867 ) ;
#925 = DIRECTION ( 'NONE',  ( -3.780601918172600153E-15, -1.000000000000000000, 0.000000000000000000 ) ) ;
#926 =( LENGTH_UNIT ( ) NAMED_UNIT ( * ) SI_UNIT ( .MILLI., .METRE. ) );
#927 = ADVANCED_FACE ( 'NONE', ( #2755 ), #4875, .F. ) ;
#928 = CARTESIAN_POINT ( 'NONE',  ( -5.009999999999999787, -0.2000000000000000111, -0.1000000000000000056 ) ) ;
#929 = AXIS2_PLACEMENT_3D ( 'NONE', #7585, #5727, #6667 ) ;
#930 = DIRECTION ( 'NONE',  ( -1.000000000000000000, -1.734723475976804876E-16, 0.000000000000000000 ) ) ;
#931 = ORIENTED_EDGE ( 'NONE', *, *, #9641, .F. ) ;
#932 =( GEOMETRIC_REPRESENTATION_CONTEXT ( 3 ) GLOBAL_UNCERTAINTY_ASSIGNED_CONTEXT ( ( #10921 ) ) GLOBAL_UNIT_ASSIGNED_CONTEXT ( ( #7666, #10572, #11592 ) ) REPRESENTATION_CONTEXT ( 'NONE', 'WORKASPACE' ) );
#933 = CARTESIAN_POINT ( 'NONE',  ( 5.000000000000000000, -1.670000000000000151, -0.1000000000000000056 ) ) ;
#934 = CARTESIAN_POINT ( 'NONE',  ( 1.670000000000000151, 5.000000000000000000, -0.1000000000000000056 ) ) ;
#935 =( NAMED_UNIT ( * ) SI_UNIT ( $, .STERADIAN. ) SOLID_ANGLE_UNIT ( ) );
#936 = SURFACE_STYLE_FILL_AREA ( #5745 ) ;
#937 = PRESENTATION_LAYER_ASSIGNMENT (  '', '', ( #9192 ) ) ;
#938 =( LENGTH_UNIT ( ) NAMED_UNIT ( * ) SI_UNIT ( .MILLI., .METRE. ) );
#939 = PRESENTATION_LAYER_ASSIGNMENT (  '', '', ( #10375 ) ) ;
#940 = LINE ( 'NONE', #11331, #1087 ) ;
#941 = SURFACE_SIDE_STYLE ('',( #2858 ) ) ;
#942 = EDGE_CURVE ( 'NONE', #2046, #7040, #5633, .T. ) ;
#943 = LINE ( 'NONE', #2801, #10305 ) ;
#944 = EDGE_CURVE ( 'NONE', #7164, #3719, #3750, .T. ) ;
#945 = ORIENTED_EDGE ( 'NONE', *, *, #11967, .F. ) ;
#946 = MECHANICAL_DESIGN_GEOMETRIC_PRESENTATION_REPRESENTATION (  '', ( #4793 ), #2990 ) ;
#947 = ORIENTED_EDGE ( 'NONE', *, *, #308, .T. ) ;
#948 = ORIENTED_EDGE ( 'NONE', *, *, #9823, .F. ) ;
#949 = PRESENTATION_LAYER_ASSIGNMENT (  '', '', ( #8383 ) ) ;
#950 = CARTESIAN_POINT ( 'NONE',  ( 5.000000000000000000, -0.2000000000000000111, 1.100000000000000089 ) ) ;
#951 = ORIENTED_EDGE ( 'NONE', *, *, #8483, .T. ) ;
#952 = PRESENTATION_STYLE_ASSIGNMENT (( #7486 ) ) ;
#953 = UNCERTAINTY_MEASURE_WITH_UNIT (LENGTH_MEASURE( 1.000000000000000082E-05 ), #9485, 'distance_accuracy_value', 'NONE');
#954 = DIRECTION ( 'NONE',  ( 0.000000000000000000, 0.000000000000000000, -1.000000000000000000 ) ) ;
#955 = DIRECTION ( 'NONE',  ( 0.000000000000000000, 0.000000000000000000, 1.000000000000000000 ) ) ;
#956 =( GEOMETRIC_REPRESENTATION_CONTEXT ( 3 ) GLOBAL_UNCERTAINTY_ASSIGNED_CONTEXT ( ( #4250 ) ) GLOBAL_UNIT_ASSIGNED_CONTEXT ( ( #5997, #368, #5116 ) ) REPRESENTATION_CONTEXT ( 'NONE', 'WORKASPACE' ) );
#957 = AXIS2_PLACEMENT_3D ( 'NONE', #9059, #4381, #11875 ) ;
#958 = EDGE_CURVE ( 'NONE', #1486, #5916, #4747, .T. ) ;
#959 = ORIENTED_EDGE ( 'NONE', *, *, #4881, .F. ) ;
#960 = ORIENTED_EDGE ( 'NONE', *, *, #10049, .T. ) ;
#961 = VERTEX_POINT ( 'NONE', #3682 ) ;
#962 = CARTESIAN_POINT ( 'NONE',  ( -2.140000000000000124, 5.000000000000000000, 0.000000000000000000 ) ) ;
#963 = VECTOR ( 'NONE', #10310, 1000.000000000000000 ) ;
#964 = ORIENTED_EDGE ( 'NONE', *, *, #1476, .F. ) ;
#965 = FILL_AREA_STYLE_COLOUR ( '', #6577 ) ;
#966 = LINE ( 'NONE', #7068, #10918 ) ;
#967 = DIRECTION ( 'NONE',  ( 1.000000000000000000, -1.047444401652940164E-14, 0.000000000000000000 ) ) ;
#968 =( NAMED_UNIT ( * ) PLANE_ANGLE_UNIT ( ) SI_UNIT ( $, .RADIAN. ) );
#969 = LINE ( 'NONE', #5034, #10283 ) ;
#970 = VERTEX_POINT ( 'NONE', #8675 ) ;
#971 = STYLED_ITEM ( 'NONE', ( #5793 ), #5952 ) ;
#972 =( LENGTH_UNIT ( ) NAMED_UNIT ( * ) SI_UNIT ( .MILLI., .METRE. ) );
#973 = VERTEX_POINT ( 'NONE', #7657 ) ;
#974 = ORIENTED_EDGE ( 'NONE', *, *, #10248, .T. ) ;
#975 = LINE ( 'NONE', #97, #9966 ) ;
#976 = VECTOR ( 'NONE', #7392, 1000.000000000000000 ) ;
#977 = EDGE_CURVE ( 'NONE', #458, #1331, #11515, .T. ) ;
#978 = SURFACE_STYLE_USAGE ( .BOTH. , #8835 ) ;
#979 = VECTOR ( 'NONE', #4245, 1000.000000000000000 ) ;
#980 = CARTESIAN_POINT ( 'NONE',  ( 2.339999999999950120, -5.009999999999999787, -0.1000000000000000056 ) ) ;
#981 = FILL_AREA_STYLE ('',( #4791 ) ) ;
#982 = LINE ( 'NONE', #4859, #9931 ) ;
#983 = STYLED_ITEM ( 'NONE', ( #1532 ), #9075 ) ;
#984 = DIRECTION ( 'NONE',  ( 0.000000000000000000, -1.000000000000000000, 0.000000000000000000 ) ) ;
#985 = VERTEX_POINT ( 'NONE', #6636 ) ;
#986 = SURFACE_STYLE_FILL_AREA ( #4049 ) ;
#987 = UNCERTAINTY_MEASURE_WITH_UNIT (LENGTH_MEASURE( 1.000000000000000082E-05 ), #5426, 'distance_accuracy_value', 'NONE');
#988 = LINE ( 'NONE', #5105, #4697 ) ;
#989 = FILL_AREA_STYLE_COLOUR ( '', #1571 ) ;
#990 = VECTOR ( 'NONE', #12077, 1000.000000000000000 ) ;
#991 = EDGE_CURVE ( 'NONE', #7741, #1356, #2924, .T. ) ;
#992 = STYLED_ITEM ( 'NONE', ( #6569 ), #9287 ) ;
#993 = LINE ( 'NONE', #3806, #3931 ) ;
#994 = CARTESIAN_POINT ( 'NONE',  ( 2.739999999999950031, -5.009999999999999787, 1.100000000000000089 ) ) ;
#995 = SURFACE_STYLE_FILL_AREA ( #10437 ) ;
#996 = LINE ( 'NONE', #6869, #4604 ) ;
#997 = LINE ( 'NONE', #4873, #9889 ) ;
#998 = SURFACE_SIDE_STYLE ('',( #2083 ) ) ;
#999 = FILL_AREA_STYLE ('',( #9498 ) ) ;
#1000 = DIRECTION ( 'NONE',  ( 0.000000000000000000, -1.000000000000000000, 0.000000000000000000 ) ) ;
#1001 = PRESENTATION_STYLE_ASSIGNMENT (( #7782 ) ) ;
#1002 = STYLED_ITEM ( 'NONE', ( #8042 ), #2008 ) ;
#1003 = ORIENTED_EDGE ( 'NONE', *, *, #8484, .F. ) ;
#1004 = SURFACE_STYLE_USAGE ( .BOTH. , #3646 ) ;
#1005 = ORIENTED_EDGE ( 'NONE', *, *, #10260, .F. ) ;
#1006 = DIRECTION ( 'NONE',  ( -1.734723475976804876E-16, 1.000000000000000000, 0.000000000000000000 ) ) ;
#1007 = EDGE_CURVE ( 'NONE', #9716, #9908, #10557, .T. ) ;
#1008 = EDGE_CURVE ( 'NONE', #9952, #12250, #6749, .T. ) ;
#1009 = UNCERTAINTY_MEASURE_WITH_UNIT (LENGTH_MEASURE( 1.000000000000000082E-05 ), #9047, 'distance_accuracy_value', 'NONE');
#1010 = DIRECTION ( 'NONE',  ( -1.000000000000000000, 3.491481338843135327E-15, 0.000000000000000000 ) ) ;
#1011 = CARTESIAN_POINT ( 'NONE',  ( 5.000000000000000000, -2.939999999999999947, 1.100000000000000089 ) ) ;
#1012 = FILL_AREA_STYLE_COLOUR ( '', #7490 ) ;
#1013 = CARTESIAN_POINT ( 'NONE',  ( -5.009999999999999787, -1.469999999999999973, -0.1000000000000000056 ) ) ;
#1014 = FILL_AREA_STYLE_COLOUR ( '', #2114 ) ;
#1015 = CARTESIAN_POINT ( 'NONE',  ( -1.670000000000050111, -5.000000000000000000, 1.000000000000000000 ) ) ;
#1016 = LINE ( 'NONE', #4890, #9535 ) ;
#1017 = VERTEX_POINT ( 'NONE', #1961 ) ;
#1018 = MECHANICAL_DESIGN_GEOMETRIC_PRESENTATION_REPRESENTATION (  '', ( #8022 ), #7452 ) ;
#1019 = ORIENTED_EDGE ( 'NONE', *, *, #7033, .F. ) ;
#1020 = VERTEX_POINT ( 'NONE', #1831 ) ;
#1021 = ORIENTED_EDGE ( 'NONE', *, *, #7621, .T. ) ;
#1022 = FACE_OUTER_BOUND ( 'NONE', #8910, .T. ) ;
#1023 = ADVANCED_FACE ( 'NONE', ( #5687 ), #52, .F. ) ;
#1024 = ORIENTED_EDGE ( 'NONE', *, *, #5844, .F. ) ;
#1025 =( NAMED_UNIT ( * ) SI_UNIT ( $, .STERADIAN. ) SOLID_ANGLE_UNIT ( ) );
#1026 = EDGE_CURVE ( 'NONE', #2121, #8803, #11791, .T. ) ;
#1027 = CARTESIAN_POINT ( 'NONE',  ( 5.000000000000000000, -0.4000000000000000222, 1.100000000000000089 ) ) ;
#1028 = DIRECTION ( 'NONE',  ( 1.000000000000000000, 0.000000000000000000, 0.000000000000000000 ) ) ;
#1029 = CARTESIAN_POINT ( 'NONE',  ( 1.670000000000000151, 5.009999999999999787, -0.1000000000000000056 ) ) ;
#1030 =( NAMED_UNIT ( * ) SI_UNIT ( $, .STERADIAN. ) SOLID_ANGLE_UNIT ( ) );
#1031 = EDGE_LOOP ( 'NONE', ( #6025, #7025, #10922, #4064 ) ) ;
#1032 = CARTESIAN_POINT ( 'NONE',  ( -1.469999999999981988, 5.009999999999999787, -0.1000000000000000056 ) ) ;
#1033 = VERTEX_POINT ( 'NONE', #2189 ) ;
#1034 = ORIENTED_EDGE ( 'NONE', *, *, #6723, .F. ) ;
#1035 = PRESENTATION_LAYER_ASSIGNMENT (  '', '', ( #10894 ) ) ;
#1036 = LINE ( 'NONE', #9537, #669 ) ;
#1037 = CARTESIAN_POINT ( 'NONE',  ( -4.750000000000000000, 0.8699999999999999956, 1.000000000000000000 ) ) ;
#1038 = SURFACE_STYLE_USAGE ( .BOTH. , #9668 ) ;
#1039 = DIRECTION ( 'NONE',  ( 1.000000000000000000, 1.734723475976804876E-16, 0.000000000000000000 ) ) ;
#1040 = CARTESIAN_POINT ( 'NONE',  ( 0.1999999999999479972, -5.009999999999999787, 1.100000000000000089 ) ) ;
#1041 = CARTESIAN_POINT ( 'NONE',  ( -0.4000000000000519806, -5.009999999999999787, 1.100000000000000089 ) ) ;
#1042 = FILL_AREA_STYLE ('',( #5864 ) ) ;
#1043 = FILL_AREA_STYLE_COLOUR ( '', #2598 ) ;
#1044 = EDGE_LOOP ( 'NONE', ( #10927, #7400, #11767, #2356, #9036, #10512, #5603, #8386, #110 ) ) ;
#1045 = EDGE_CURVE ( 'NONE', #11685, #5907, #10086, .T. ) ;
#1046 = VECTOR ( 'NONE', #6659, 1000.000000000000000 ) ;
#1047 = FILL_AREA_STYLE_COLOUR ( '', #4223 ) ;
#1048 = VECTOR ( 'NONE', #4039, 1000.000000000000000 ) ;
#1049 = DIRECTION ( 'NONE',  ( -3.780601918172600153E-15, -1.000000000000000000, 0.000000000000000000 ) ) ;
#1050 = PRESENTATION_LAYER_ASSIGNMENT (  '', '', ( #9488 ) ) ;
#1051 = LINE ( 'NONE', #994, #3764 ) ;
#1052 = PRESENTATION_STYLE_ASSIGNMENT (( #1882 ) ) ;
#1053 = PRESENTATION_STYLE_ASSIGNMENT (( #5871 ) ) ;
#1054 =( LENGTH_UNIT ( ) NAMED_UNIT ( * ) SI_UNIT ( .MILLI., .METRE. ) );
#1055 = CIRCLE ( 'NONE', #2690, 0.1999999999999996503 ) ;
#1056 = FILL_AREA_STYLE ('',( #4056 ) ) ;
#1057 = LINE ( 'NONE', #8491, #4329 ) ;
#1058 = PRESENTATION_STYLE_ASSIGNMENT (( #4815 ) ) ;
#1059 = LINE ( 'NONE', #2986, #6710 ) ;
#1060 = DIRECTION ( 'NONE',  ( 0.000000000000000000, 1.000000000000000000, 0.000000000000000000 ) ) ;
#1061 = DIRECTION ( 'NONE',  ( 0.000000000000000000, 0.000000000000000000, 1.000000000000000000 ) ) ;
#1062 = ORIENTED_EDGE ( 'NONE', *, *, #4555, .T. ) ;
#1063 = EDGE_CURVE ( 'NONE', #2705, #1422, #6287, .T. ) ;
#1064 = MECHANICAL_DESIGN_GEOMETRIC_PRESENTATION_REPRESENTATION (  '', ( #5522 ), #4712 ) ;
#1065 = VECTOR ( 'NONE', #11633, 1000.000000000000000 ) ;
#1066 = COLOUR_RGB ( '',1.000000000000000000, 0.8117647058823529438, 0.5019607843137254832 ) ;
#1067 = ORIENTED_EDGE ( 'NONE', *, *, #6662, .F. ) ;
#1068 = CARTESIAN_POINT ( 'NONE',  ( 0.8700000000000169820, 5.000000000000000000, -0.1000000000000000056 ) ) ;
#1069 = ORIENTED_EDGE ( 'NONE', *, *, #8472, .F. ) ;
#1070 = CARTESIAN_POINT ( 'NONE',  ( 0.8699999999999479261, -5.009999999999999787, 1.100000000000000089 ) ) ;
#1071 = UNCERTAINTY_MEASURE_WITH_UNIT (LENGTH_MEASURE( 1.000000000000000082E-05 ), #8410, 'distance_accuracy_value', 'NONE');
#1072 = CARTESIAN_POINT ( 'NONE',  ( -5.000000000000000000, 2.339999999999999858, -0.1000000000000000056 ) ) ;
#1073 = FILL_AREA_STYLE ('',( #11474 ) ) ;
#1074 = UNCERTAINTY_MEASURE_WITH_UNIT (LENGTH_MEASURE( 1.000000000000000082E-05 ), #6291, 'distance_accuracy_value', 'NONE');
#1075 = COLOUR_RGB ( '',1.000000000000000000, 0.8117647058823529438, 0.5019607843137254832 ) ;
#1076 = AXIS2_PLACEMENT_3D ( 'NONE', #2012, #7765, #4044 ) ;
#1077 = SURFACE_STYLE_FILL_AREA ( #69 ) ;
#1078 = SURFACE_STYLE_USAGE ( .BOTH. , #6066 ) ;
#1079 = VECTOR ( 'NONE', #3194, 1000.000000000000000 ) ;
#1080 = VECTOR ( 'NONE', #9269, 1000.000000000000000 ) ;
#1081 = CARTESIAN_POINT ( 'NONE',  ( -4.799999999999999822, -2.540000000000000036, 1.100000000000000089 ) ) ;
#1082 = CARTESIAN_POINT ( 'NONE',  ( -4.750000000000000000, -2.939999999999999947, 1.100000000000000089 ) ) ;
#1083 = EDGE_CURVE ( 'NONE', #9517, #12051, #9841, .T. ) ;
#1084 = ORIENTED_EDGE ( 'NONE', *, *, #4345, .F. ) ;
#1085 = ORIENTED_EDGE ( 'NONE', *, *, #5653, .F. ) ;
#1086 = ORIENTED_EDGE ( 'NONE', *, *, #1183, .F. ) ;
#1087 = VECTOR ( 'NONE', #4562, 1000.000000000000000 ) ;
#1088 = LINE ( 'NONE', #323, #470 ) ;
#1089 = STYLED_ITEM ( 'NONE', ( #4999 ), #11922 ) ;
#1090 = CIRCLE ( 'NONE', #9714, 0.1999999999999996503 ) ;
#1091 = ORIENTED_EDGE ( 'NONE', *, *, #784, .F. ) ;
#1092 = LINE ( 'NONE', #768, #3258 ) ;
#1093 = LINE ( 'NONE', #5782, #2893 ) ;
#1094 = AXIS2_PLACEMENT_3D ( 'NONE', #12005, #1432, #8925 ) ;
#1095 = ORIENTED_EDGE ( 'NONE', *, *, #4376, .T. ) ;
#1096 = EDGE_CURVE ( 'NONE', #10621, #5998, #5221, .T. ) ;
#1097 = COLOUR_RGB ( '',1.000000000000000000, 0.8117647058823529438, 0.5019607843137254832 ) ;
#1098 =( GEOMETRIC_REPRESENTATION_CONTEXT ( 3 ) GLOBAL_UNCERTAINTY_ASSIGNED_CONTEXT ( ( #1138 ) ) GLOBAL_UNIT_ASSIGNED_CONTEXT ( ( #11878, #2215, #1259 ) ) REPRESENTATION_CONTEXT ( 'NONE', 'WORKASPACE' ) );
#1099 = EDGE_CURVE ( 'NONE', #8498, #12054, #10031, .T. ) ;
#1100 = DIRECTION ( 'NONE',  ( 0.000000000000000000, -1.000000000000000000, 0.000000000000000000 ) ) ;
#1101 = ORIENTED_EDGE ( 'NONE', *, *, #4536, .T. ) ;
#1102 = ORIENTED_EDGE ( 'NONE', *, *, #10865, .F. ) ;
#1103 = COLOUR_RGB ( '',0.1333333333333333315, 0.5764705882352940680, 0.1607843137254901800 ) ;
#1104 = AXIS2_PLACEMENT_3D ( 'NONE', #750, #1814, #12244 ) ;
#1105 = FILL_AREA_STYLE ('',( #9721 ) ) ;
#1106 = PRESENTATION_STYLE_ASSIGNMENT (( #9722 ) ) ;
#1107 = DIRECTION ( 'NONE',  ( 1.734723475976804876E-16, -1.000000000000000000, 0.000000000000000000 ) ) ;
#1108 = SURFACE_STYLE_USAGE ( .BOTH. , #10602 ) ;
#1109 = CARTESIAN_POINT ( 'NONE',  ( -0.4000000000000490386, -4.750000000000000000, 1.000000000000000000 ) ) ;
#1110 = FILL_AREA_STYLE_COLOUR ( '', #3288 ) ;
#1111 = ADVANCED_FACE ( 'NONE', ( #9090 ), #1359, .F. ) ;
#1112 = DIRECTION ( 'NONE',  ( -1.000000000000000000, 3.491481338843135327E-15, 0.000000000000000000 ) ) ;
#1113 =( GEOMETRIC_REPRESENTATION_CONTEXT ( 3 ) GLOBAL_UNCERTAINTY_ASSIGNED_CONTEXT ( ( #3028 ) ) GLOBAL_UNIT_ASSIGNED_CONTEXT ( ( #9598, #4976, #1930 ) ) REPRESENTATION_CONTEXT ( 'NONE', 'WORKASPACE' ) );
#1114 = ORIENTED_EDGE ( 'NONE', *, *, #6564, .F. ) ;
#1115 = VECTOR ( 'NONE', #8348, 1000.000000000000000 ) ;
#1116 = UNCERTAINTY_MEASURE_WITH_UNIT (LENGTH_MEASURE( 1.000000000000000082E-05 ), #2834, 'distance_accuracy_value', 'NONE');
#1117 = VECTOR ( 'NONE', #11855, 1000.000000000000000 ) ;
#1118 = CARTESIAN_POINT ( 'NONE',  ( -1.670000000000000151, 4.750000000000000000, 1.000000000000000000 ) ) ;
#1119 = LINE ( 'NONE', #879, #8585 ) ;
#1120 = EDGE_CURVE ( 'NONE', #7835, #4089, #285, .T. ) ;
#1121 =( NAMED_UNIT ( * ) PLANE_ANGLE_UNIT ( ) SI_UNIT ( $, .RADIAN. ) );
#1122 = DIRECTION ( 'NONE',  ( 0.000000000000000000, 0.000000000000000000, 1.000000000000000000 ) ) ;
#1123 = VECTOR ( 'NONE', #2894, 1000.000000000000000 ) ;
#1124 =( LENGTH_UNIT ( ) NAMED_UNIT ( * ) SI_UNIT ( .MILLI., .METRE. ) );
#1125 = CARTESIAN_POINT ( 'NONE',  ( -5.009999999999999787, 0.2000000000000000111, 1.100000000000000089 ) ) ;
#1126 = FILL_AREA_STYLE ('',( #4111 ) ) ;
#1127 = DIRECTION ( 'NONE',  ( 0.000000000000000000, 0.000000000000000000, -1.000000000000000000 ) ) ;
#1128 = VECTOR ( 'NONE', #4659, 1000.000000000000000 ) ;
#1129 = CARTESIAN_POINT ( 'NONE',  ( -5.000000000000000000, 1.070000000000000062, 1.100000000000000089 ) ) ;
#1130 = PLANE ( 'NONE',  #1094 ) ;
#1131 = DIRECTION ( 'NONE',  ( 1.000000000000000000, -3.491481338843135327E-15, 0.000000000000000000 ) ) ;
#1132 = EDGE_LOOP ( 'NONE', ( #6841, #5895, #3838, #1918, #9134, #11000, #3953, #10964 ) ) ;
#1133 = ORIENTED_EDGE ( 'NONE', *, *, #771, .T. ) ;
#1134 = VECTOR ( 'NONE', #9850, 1000.000000000000000 ) ;
#1135 = LINE ( 'NONE', #5009, #11950 ) ;
#1136 = ORIENTED_EDGE ( 'NONE', *, *, #4907, .F. ) ;
#1137 =( GEOMETRIC_REPRESENTATION_CONTEXT ( 3 ) GLOBAL_UNCERTAINTY_ASSIGNED_CONTEXT ( ( #8000 ) ) GLOBAL_UNIT_ASSIGNED_CONTEXT ( ( #2869, #9639, #8631 ) ) REPRESENTATION_CONTEXT ( 'NONE', 'WORKASPACE' ) );
#1138 = UNCERTAINTY_MEASURE_WITH_UNIT (LENGTH_MEASURE( 1.000000000000000082E-05 ), #11878, 'distance_accuracy_value', 'NONE');
#1139 = SURFACE_STYLE_USAGE ( .BOTH. , #9755 ) ;
#1140 = EDGE_CURVE ( 'NONE', #1716, #2506, #5099, .T. ) ;
#1141 = CARTESIAN_POINT ( 'NONE',  ( 4.250000000000000000, -0.4000000000000000222, 0.000000000000000000 ) ) ;
#1142 = FACE_OUTER_BOUND ( 'NONE', #11392, .T. ) ;
#1143 = PRESENTATION_LAYER_ASSIGNMENT (  '', '', ( #6794 ) ) ;
#1144 =( LENGTH_UNIT ( ) NAMED_UNIT ( * ) SI_UNIT ( .MILLI., .METRE. ) );
#1145 = SURFACE_STYLE_FILL_AREA ( #7734 ) ;
#1146 = VECTOR ( 'NONE', #1904, 1000.000000000000000 ) ;
#1147 = VECTOR ( 'NONE', #8993, 1000.000000000000000 ) ;
#1148 = ORIENTED_EDGE ( 'NONE', *, *, #9665, .F. ) ;
#1149 = EDGE_LOOP ( 'NONE', ( #6028, #964, #7622, #8679 ) ) ;
#1150 = ORIENTED_EDGE ( 'NONE', *, *, #6068, .F. ) ;
#1151 = EDGE_LOOP ( 'NONE', ( #5206, #10993, #5010, #6354 ) ) ;
#1152 = AXIS2_PLACEMENT_3D ( 'NONE', #5435, #568, #8986 ) ;
#1153 = ORIENTED_EDGE ( 'NONE', *, *, #753, .F. ) ;
#1154 = EDGE_CURVE ( 'NONE', #8202, #10445, #8136, .T. ) ;
#1155 = MECHANICAL_DESIGN_GEOMETRIC_PRESENTATION_REPRESENTATION (  '', ( #1980 ), #8391 ) ;
#1156 = PRESENTATION_STYLE_ASSIGNMENT (( #4211 ) ) ;
#1157 = LINE ( 'NONE', #6895, #8448 ) ;
#1158 = LINE ( 'NONE', #395, #4051 ) ;
#1159 = CARTESIAN_POINT ( 'NONE',  ( -1.269999999999982032, 5.000000000000000000, -0.1000000000000000056 ) ) ;
#1160 = VERTEX_POINT ( 'NONE', #3472 ) ;
#1161 = STYLED_ITEM ( 'NONE', ( #8221 ), #8350 ) ;
#1162 = VECTOR ( 'NONE', #2567, 1000.000000000000000 ) ;
#1163 = DIRECTION ( 'NONE',  ( 0.000000000000000000, 0.000000000000000000, -1.000000000000000000 ) ) ;
#1164 = VECTOR ( 'NONE', #5447, 1000.000000000000000 ) ;
#1165 = VERTEX_POINT ( 'NONE', #6349 ) ;
#1166 = ORIENTED_EDGE ( 'NONE', *, *, #10224, .F. ) ;
#1167 = UNCERTAINTY_MEASURE_WITH_UNIT (LENGTH_MEASURE( 1.000000000000000082E-05 ), #9209, 'distance_accuracy_value', 'NONE');
#1168 = ADVANCED_FACE ( 'NONE', ( #11306 ), #10347, .F. ) ;
#1169 = EDGE_CURVE ( 'NONE', #6506, #3899, #5419, .T. ) ;
#1170 = CARTESIAN_POINT ( 'NONE',  ( -5.009999999999999787, -0.2000000000000000111, -0.1000000000000000056 ) ) ;
#1171 = LINE ( 'NONE', #9967, #11818 ) ;
#1172 = PLANE ( 'NONE',  #11655 ) ;
#1173 = SURFACE_STYLE_USAGE ( .BOTH. , #2904 ) ;
#1174 = LINE ( 'NONE', #5044, #5322 ) ;
#1175 = STYLED_ITEM ( 'NONE', ( #112 ), #398 ) ;
#1176 = DIRECTION ( 'NONE',  ( 0.000000000000000000, -1.000000000000000000, 0.000000000000000000 ) ) ;
#1177 = ORIENTED_EDGE ( 'NONE', *, *, #214, .T. ) ;
#1179 = VERTEX_POINT ( 'NONE', #6538 ) ;
#1178 = COLOUR_RGB ( '',1.000000000000000000, 0.8117647058823529438, 0.5019607843137254832 ) ;
#1180 = STYLED_ITEM ( 'NONE', ( #7185 ), #6211 ) ;
#1181 = DIRECTION ( 'NONE',  ( 0.000000000000000000, -1.000000000000000000, 0.000000000000000000 ) ) ;
#1182 = FILL_AREA_STYLE ('',( #989 ) ) ;
#1183 = EDGE_CURVE ( 'NONE', #2259, #6825, #1741, .T. ) ;
#1184 = DIRECTION ( 'NONE',  ( 0.000000000000000000, -1.000000000000000000, 0.000000000000000000 ) ) ;
#1185 =( NAMED_UNIT ( * ) SI_UNIT ( $, .STERADIAN. ) SOLID_ANGLE_UNIT ( ) );
#1186 =( LENGTH_UNIT ( ) NAMED_UNIT ( * ) SI_UNIT ( .MILLI., .METRE. ) );
#1187 = DIRECTION ( 'NONE',  ( -1.000000000000000000, 1.047444401652940164E-14, 0.000000000000000000 ) ) ;
#1188 = CARTESIAN_POINT ( 'NONE',  ( -0.8699999999999830091, 5.000000000000000000, -0.1000000000000000056 ) ) ;
#1189 = SURFACE_STYLE_FILL_AREA ( #7653 ) ;
#1190 = VECTOR ( 'NONE', #6598, 1000.000000000000000 ) ;
#1191 = SURFACE_STYLE_USAGE ( .BOTH. , #5873 ) ;
#1192 =( NAMED_UNIT ( * ) SI_UNIT ( $, .STERADIAN. ) SOLID_ANGLE_UNIT ( ) );
#1193 = SURFACE_STYLE_USAGE ( .BOTH. , #5875 ) ;
#1194 = LINE ( 'NONE', #5935, #2521 ) ;
#1195 = DIRECTION ( 'NONE',  ( 0.000000000000000000, 0.000000000000000000, -1.000000000000000000 ) ) ;
#1196 = ORIENTED_EDGE ( 'NONE', *, *, #3445, .F. ) ;
#1197 = COLOUR_RGB ( '',1.000000000000000000, 0.8117647058823529438, 0.5019607843137254832 ) ;
#1198 = CARTESIAN_POINT ( 'NONE',  ( -4.750000000000000000, -2.140000000000000124, 1.100000000000000089 ) ) ;
#1199 = ORIENTED_EDGE ( 'NONE', *, *, #6068, .T. ) ;
#1200 = DIRECTION ( 'NONE',  ( -3.318008991245455407E-15, -1.000000000000000000, 0.000000000000000000 ) ) ;
#1201 = UNCERTAINTY_MEASURE_WITH_UNIT (LENGTH_MEASURE( 1.000000000000000082E-05 ), #7935, 'distance_accuracy_value', 'NONE');
#1202 = CARTESIAN_POINT ( 'NONE',  ( -1.070000000000052021, -5.009999999999999787, -0.1000000000000000056 ) ) ;
#1203 = CARTESIAN_POINT ( 'NONE',  ( -1.670000000000050111, -4.750000000000000000, 1.100000000000000089 ) ) ;
#1204 = VECTOR ( 'NONE', #2536, 1000.000000000000000 ) ;
#1205 = DIRECTION ( 'NONE',  ( 0.000000000000000000, 0.000000000000000000, -1.000000000000000000 ) ) ;
#1206 = LINE ( 'NONE', #5252, #80 ) ;
#1207 = CARTESIAN_POINT ( 'NONE',  ( 5.009999999999999787, -1.070000000000000062, -0.1000000000000000056 ) ) ;
#1208 = EDGE_CURVE ( 'NONE', #4143, #2837, #5597, .T. ) ;
#1209 = ORIENTED_EDGE ( 'NONE', *, *, #5168, .F. ) ;
#1210 = ORIENTED_EDGE ( 'NONE', *, *, #624, .F. ) ;
#1211 = MECHANICAL_DESIGN_GEOMETRIC_PRESENTATION_REPRESENTATION (  '', ( #4061 ), #2030 ) ;
#1212 = ORIENTED_EDGE ( 'NONE', *, *, #9257, .F. ) ;
#1213 =( NAMED_UNIT ( * ) SI_UNIT ( $, .STERADIAN. ) SOLID_ANGLE_UNIT ( ) );
#1214 = LINE ( 'NONE', #5082, #1820 ) ;
#1215 = PRESENTATION_LAYER_ASSIGNMENT (  '', '', ( #8651 ) ) ;
#1216 = ORIENTED_EDGE ( 'NONE', *, *, #7992, .T. ) ;
#1217 = EDGE_CURVE ( 'NONE', #9317, #7101, #12174, .T. ) ;
#1218 = ORIENTED_EDGE ( 'NONE', *, *, #6946, .F. ) ;
#1219 = ORIENTED_EDGE ( 'NONE', *, *, #691, .F. ) ;
#1220 = CARTESIAN_POINT ( 'NONE',  ( -1.670000000000045226, -4.250000000000000000, 0.000000000000000000 ) ) ;
#1221 = DIRECTION ( 'NONE',  ( 1.734723475976804876E-16, -1.000000000000000000, 0.000000000000000000 ) ) ;
#1222 = CARTESIAN_POINT ( 'NONE',  ( -2.939999999999999947, 4.250000000000000000, 0.000000000000000000 ) ) ;
#1223 = FILL_AREA_STYLE_COLOUR ( '', #1278 ) ;
#1224 = CARTESIAN_POINT ( 'NONE',  ( -5.000000000000000000, 5.000000000000000000, 0.000000000000000000 ) ) ;
#1225 = DIRECTION ( 'NONE',  ( 0.000000000000000000, 1.000000000000000000, 0.000000000000000000 ) ) ;
#1226 = UNCERTAINTY_MEASURE_WITH_UNIT (LENGTH_MEASURE( 1.000000000000000082E-05 ), #1438, 'distance_accuracy_value', 'NONE');
#1227 = VERTEX_POINT ( 'NONE', #547 ) ;
#1228 = CARTESIAN_POINT ( 'NONE',  ( -5.000000000000000000, 1.270000000000000018, -0.2999999999999999889 ) ) ;
#1229 = ORIENTED_EDGE ( 'NONE', *, *, #2746, .T. ) ;
#1230 = PLANE ( 'NONE',  #778 ) ;
#1231 = VERTEX_POINT ( 'NONE', #4471 ) ;
#1232 = EDGE_CURVE ( 'NONE', #3599, #9204, #616, .T. ) ;
#1233 = ORIENTED_EDGE ( 'NONE', *, *, #2726, .T. ) ;
#1234 = UNCERTAINTY_MEASURE_WITH_UNIT (LENGTH_MEASURE( 1.000000000000000082E-05 ), #10042, 'distance_accuracy_value', 'NONE');
#1235 = DIRECTION ( 'NONE',  ( 0.000000000000000000, 0.000000000000000000, 1.000000000000000000 ) ) ;
#1236 = FACE_OUTER_BOUND ( 'NONE', #4436, .T. ) ;
#1237 = FILL_AREA_STYLE ('',( #10805 ) ) ;
#1238 = CARTESIAN_POINT ( 'NONE',  ( -4.750000000000000000, -2.939999999999999947, 1.100000000000000089 ) ) ;
#1239 = FACE_OUTER_BOUND ( 'NONE', #7268, .T. ) ;
#1240 =( LENGTH_UNIT ( ) NAMED_UNIT ( * ) SI_UNIT ( .MILLI., .METRE. ) );
#1241 =( LENGTH_UNIT ( ) NAMED_UNIT ( * ) SI_UNIT ( .MILLI., .METRE. ) );
#1242 = LINE ( 'NONE', #2922, #6904 ) ;
#1243 = VECTOR ( 'NONE', #849, 1000.000000000000000 ) ;
#1244 = DIRECTION ( 'NONE',  ( 0.000000000000000000, 0.000000000000000000, -1.000000000000000000 ) ) ;
#1245 = PRESENTATION_STYLE_ASSIGNMENT (( #9857 ) ) ;
#1246 = PRESENTATION_STYLE_ASSIGNMENT (( #9052 ) ) ;
#1247 = EDGE_LOOP ( 'NONE', ( #3569, #12050, #4236, #7074, #2000, #8175, #4766, #8104 ) ) ;
#1248 = EDGE_CURVE ( 'NONE', #1871, #1020, #12049, .T. ) ;
#1249 = EDGE_CURVE ( 'NONE', #2436, #3318, #1675, .T. ) ;
#1250 = ORIENTED_EDGE ( 'NONE', *, *, #10427, .F. ) ;
#1251 = COLOUR_RGB ( '',1.000000000000000000, 0.8117647058823529438, 0.5019607843137254832 ) ;
#1252 = DIRECTION ( 'NONE',  ( 1.000000000000000000, 1.734723475976804876E-16, 0.000000000000000000 ) ) ;
#1253 = MECHANICAL_DESIGN_GEOMETRIC_PRESENTATION_REPRESENTATION (  '', ( #3303 ), #4910 ) ;
#1254 = FACE_OUTER_BOUND ( 'NONE', #5420, .T. ) ;
#1255 = CARTESIAN_POINT ( 'NONE',  ( 2.139999999999949942, -5.009999999999999787, 1.100000000000000089 ) ) ;
#1256 = CARTESIAN_POINT ( 'NONE',  ( 1.070000000000016049, 5.009999999999999787, -0.1000000000000000056 ) ) ;
#1257 = CARTESIAN_POINT ( 'NONE',  ( 5.000000000000000000, 2.140000000000000124, -0.1000000000000000056 ) ) ;
#1258 = CARTESIAN_POINT ( 'NONE',  ( -5.000000000000000000, -1.070000000000000062, -0.2999999999999999889 ) ) ;
#1259 =( NAMED_UNIT ( * ) SI_UNIT ( $, .STERADIAN. ) SOLID_ANGLE_UNIT ( ) );
#1260 = MECHANICAL_DESIGN_GEOMETRIC_PRESENTATION_REPRESENTATION (  '', ( #5106 ), #5513 ) ;
#1261 = DIRECTION ( 'NONE',  ( 1.000000000000000000, -2.891205793294680298E-16, 0.000000000000000000 ) ) ;
#1262 = PRESENTATION_LAYER_ASSIGNMENT (  '', '', ( #10496 ) ) ;
#1263 =( GEOMETRIC_REPRESENTATION_CONTEXT ( 3 ) GLOBAL_UNCERTAINTY_ASSIGNED_CONTEXT ( ( #1234 ) ) GLOBAL_UNIT_ASSIGNED_CONTEXT ( ( #10042, #7830, #2143 ) ) REPRESENTATION_CONTEXT ( 'NONE', 'WORKASPACE' ) );
#1264 = ORIENTED_EDGE ( 'NONE', *, *, #4913, .F. ) ;
#1265 = ORIENTED_EDGE ( 'NONE', *, *, #9458, .T. ) ;
#1266 =( GEOMETRIC_REPRESENTATION_CONTEXT ( 3 ) GLOBAL_UNCERTAINTY_ASSIGNED_CONTEXT ( ( #9754 ) ) GLOBAL_UNIT_ASSIGNED_CONTEXT ( ( #1589, #508, #10055 ) ) REPRESENTATION_CONTEXT ( 'NONE', 'WORKASPACE' ) );
#1267 = VERTEX_POINT ( 'NONE', #9351 ) ;
#1268 = COLOUR_RGB ( '',1.000000000000000000, 0.8117647058823529438, 0.5019607843137254832 ) ;
#1269 = STYLED_ITEM ( 'NONE', ( #5130 ), #11490 ) ;
#1270 = VECTOR ( 'NONE', #5924, 1000.000000000000000 ) ;
#1271 = VECTOR ( 'NONE', #5402, 1000.000000000000000 ) ;
#1272 =( NAMED_UNIT ( * ) PLANE_ANGLE_UNIT ( ) SI_UNIT ( $, .RADIAN. ) );
#1273 =( LENGTH_UNIT ( ) NAMED_UNIT ( * ) SI_UNIT ( .MILLI., .METRE. ) );
#1274 = ADVANCED_FACE ( 'NONE', ( #7345 ), #10214, .F. ) ;
#1275 = SURFACE_STYLE_FILL_AREA ( #333 ) ;
#1276 = ORIENTED_EDGE ( 'NONE', *, *, #9414, .F. ) ;
#1277 = MECHANICAL_DESIGN_GEOMETRIC_PRESENTATION_REPRESENTATION (  '', ( #10513 ), #4327 ) ;
#1278 = COLOUR_RGB ( '',1.000000000000000000, 0.8117647058823529438, 0.5019607843137254832 ) ;
#1279 = EDGE_LOOP ( 'NONE', ( #10660, #162, #8046, #9095, #721, #413, #10280, #3586 ) ) ;
#1280 = ORIENTED_EDGE ( 'NONE', *, *, #11337, .T. ) ;
#1281 = LINE ( 'NONE', #3403, #12209 ) ;
#1282 = CARTESIAN_POINT ( 'NONE',  ( -5.000000000000000000, 5.000000000000000000, 1.000000000000000000 ) ) ;
#1283 =( GEOMETRIC_REPRESENTATION_CONTEXT ( 3 ) GLOBAL_UNCERTAINTY_ASSIGNED_CONTEXT ( ( #6046 ) ) GLOBAL_UNIT_ASSIGNED_CONTEXT ( ( #1240, #9920, #5173 ) ) REPRESENTATION_CONTEXT ( 'NONE', 'WORKASPACE' ) );
#1284 = EDGE_CURVE ( 'NONE', #1033, #548, #5324, .T. ) ;
#1285 = VECTOR ( 'NONE', #1806, 1000.000000000000000 ) ;
#1286 =( GEOMETRIC_REPRESENTATION_CONTEXT ( 3 ) GLOBAL_UNCERTAINTY_ASSIGNED_CONTEXT ( ( #1785 ) ) GLOBAL_UNIT_ASSIGNED_CONTEXT ( ( #5311, #9385, #8369 ) ) REPRESENTATION_CONTEXT ( 'NONE', 'WORKASPACE' ) );
#1287 = LINE ( 'NONE', #1224, #5867 ) ;
#1288 = DIRECTION ( 'NONE',  ( 0.000000000000000000, 0.000000000000000000, -1.000000000000000000 ) ) ;
#1289 = CARTESIAN_POINT ( 'NONE',  ( -4.799999999999999822, -8.673617379884030542E-16, -0.2999999999999999889 ) ) ;
#1290 = VERTEX_POINT ( 'NONE', #4399 ) ;
#1291 = SURFACE_STYLE_FILL_AREA ( #9033 ) ;
#1292 = CARTESIAN_POINT ( 'NONE',  ( 4.750000000000000000, 2.939999999999999947, 1.100000000000000089 ) ) ;
#1293 = EDGE_LOOP ( 'NONE', ( #758, #10467, #9006, #276 ) ) ;
#1294 = ORIENTED_EDGE ( 'NONE', *, *, #11691, .F. ) ;
#1295 = MECHANICAL_DESIGN_GEOMETRIC_PRESENTATION_REPRESENTATION (  '', ( #710 ), #7522 ) ;
#1296 = SURFACE_STYLE_FILL_AREA ( #6293 ) ;
#1297 = VECTOR ( 'NONE', #2600, 1000.000000000000000 ) ;
#1298 =( LENGTH_UNIT ( ) NAMED_UNIT ( * ) SI_UNIT ( .MILLI., .METRE. ) );
#1299 = FACE_OUTER_BOUND ( 'NONE', #419, .T. ) ;
#1300 = LINE ( 'NONE', #6169, #6966 ) ;
#1301 = EDGE_CURVE ( 'NONE', #2738, #6705, #391, .T. ) ;
#1302 = SURFACE_STYLE_USAGE ( .BOTH. , #10937 ) ;
#1303 = CARTESIAN_POINT ( 'NONE',  ( -4.750000000000000000, -2.939999999999999947, 1.100000000000000089 ) ) ;
#1304 = SURFACE_STYLE_USAGE ( .BOTH. , #8854 ) ;
#1305 = VECTOR ( 'NONE', #11204, 1000.000000000000000 ) ;
#1306 = PRESENTATION_STYLE_ASSIGNMENT (( #7113 ) ) ;
#1307 = COLOUR_RGB ( '',1.000000000000000000, 0.8117647058823529438, 0.5019607843137254832 ) ;
#1308 = FILL_AREA_STYLE_COLOUR ( '', #6816 ) ;
#1309 = DIRECTION ( 'NONE',  ( 0.000000000000000000, 0.000000000000000000, 1.000000000000000000 ) ) ;
#1310 = ORIENTED_EDGE ( 'NONE', *, *, #1732, .T. ) ;
#1311 = LINE ( 'NONE', #10947, #1927 ) ;
#1312 = PLANE ( 'NONE',  #2950 ) ;
#1313 = ORIENTED_EDGE ( 'NONE', *, *, #8629, .T. ) ;
#1314 = CARTESIAN_POINT ( 'NONE',  ( -0.4000000000000519806, -5.000000000000000000, 0.000000000000000000 ) ) ;
#1315 = VECTOR ( 'NONE', #3970, 1000.000000000000000 ) ;
#1316 = STYLED_ITEM ( 'NONE', ( #2400 ), #7610 ) ;
#1317 = UNCERTAINTY_MEASURE_WITH_UNIT (LENGTH_MEASURE( 1.000000000000000082E-05 ), #6883, 'distance_accuracy_value', 'NONE');
#1318 = SURFACE_STYLE_USAGE ( .BOTH. , #10882 ) ;
#1319 = AXIS2_PLACEMENT_3D ( 'NONE', #3241, #7173, #5988 ) ;
#1320 = EDGE_CURVE ( 'NONE', #10278, #1745, #10068, .T. ) ;
#1321 = EDGE_CURVE ( 'NONE', #10762, #11208, #5144, .T. ) ;
#1322 = DIRECTION ( 'NONE',  ( 1.000000000000000000, 0.000000000000000000, 0.000000000000000000 ) ) ;
#1323 = AXIS2_PLACEMENT_3D ( 'NONE', #11408, #2803, #7477 ) ;
#1324 =( NAMED_UNIT ( * ) SI_UNIT ( $, .STERADIAN. ) SOLID_ANGLE_UNIT ( ) );
#1325 = AXIS2_PLACEMENT_3D ( 'NONE', #10393, #8378, #10194 ) ;
#1326 = DIRECTION ( 'NONE',  ( -1.000000000000000000, -1.734723475976804876E-16, 0.000000000000000000 ) ) ;
#1327 = CARTESIAN_POINT ( 'NONE',  ( -4.750000000000000000, 1.670000000000000151, 1.100000000000000089 ) ) ;
#1328 = PRESENTATION_LAYER_ASSIGNMENT (  '', '', ( #5172 ) ) ;
#1329 = VERTEX_POINT ( 'NONE', #9142 ) ;
#1330 = AXIS2_PLACEMENT_3D ( 'NONE', #3212, #7017, #712 ) ;
#1331 = VERTEX_POINT ( 'NONE', #5397 ) ;
#1332 = VECTOR ( 'NONE', #7757, 1000.000000000000000 ) ;
#1333 = ORIENTED_EDGE ( 'NONE', *, *, #5881, .T. ) ;
#1334 =( NAMED_UNIT ( * ) SI_UNIT ( $, .STERADIAN. ) SOLID_ANGLE_UNIT ( ) );
#1335 = ORIENTED_EDGE ( 'NONE', *, *, #6821, .F. ) ;
#1336 = ADVANCED_FACE ( 'NONE', ( #8948 ), #8114, .F. ) ;
#1337 = SURFACE_SIDE_STYLE ('',( #8249 ) ) ;
#1338 = AXIS2_PLACEMENT_3D ( 'NONE', #12200, #1585, #7430 ) ;
#1339 = COLOUR_RGB ( '',1.000000000000000000, 0.8117647058823529438, 0.5019607843137254832 ) ;
#1340 = CARTESIAN_POINT ( 'NONE',  ( -4.750000000000000000, 0.8699999999999999956, 1.000000000000000000 ) ) ;
#1341 = CARTESIAN_POINT ( 'NONE',  ( 5.000000000000000000, 8.673617379884030542E-16, -0.1000000000000000056 ) ) ;
#1342 = ORIENTED_EDGE ( 'NONE', *, *, #7992, .F. ) ;
#1343 = ADVANCED_FACE ( 'NONE', ( #12152 ), #12217, .F. ) ;
#1344 =( NAMED_UNIT ( * ) PLANE_ANGLE_UNIT ( ) SI_UNIT ( $, .RADIAN. ) );
#1345 = VERTEX_POINT ( 'NONE', #3581 ) ;
#1346 = VERTEX_POINT ( 'NONE', #11350 ) ;
#1347 = DIRECTION ( 'NONE',  ( 1.000000000000000000, -3.491481338843135327E-15, 0.000000000000000000 ) ) ;
#1348 = EDGE_CURVE ( 'NONE', #7382, #5843, #3757, .T. ) ;
#1349 = AXIS2_PLACEMENT_3D ( 'NONE', #6002, #1252, #1006 ) ;
#1350 = CARTESIAN_POINT ( 'NONE',  ( 4.250000000000000000, -2.140000000000000124, 0.000000000000000000 ) ) ;
#1351 = FILL_AREA_STYLE_COLOUR ( '', #1075 ) ;
#1352 =( NAMED_UNIT ( * ) SI_UNIT ( $, .STERADIAN. ) SOLID_ANGLE_UNIT ( ) );
#1353 = LINE ( 'NONE', #3337, #5332 ) ;
#1354 =( NAMED_UNIT ( * ) PLANE_ANGLE_UNIT ( ) SI_UNIT ( $, .RADIAN. ) );
#1355 = VECTOR ( 'NONE', #12095, 1000.000000000000000 ) ;
#1356 = VERTEX_POINT ( 'NONE', #2745 ) ;
#1357 = DIRECTION ( 'NONE',  ( -1.000000000000000000, 1.047444401652940164E-14, 0.000000000000000000 ) ) ;
#1358 = VECTOR ( 'NONE', #11504, 1000.000000000000000 ) ;
#1359 = CYLINDRICAL_SURFACE ( 'NONE', #9961, 0.1999999999999996503 ) ;
#1360 = ORIENTED_EDGE ( 'NONE', *, *, #3294, .T. ) ;
#1361 = CARTESIAN_POINT ( 'NONE',  ( -2.739999999999999769, 5.009999999999999787, -0.1000000000000000056 ) ) ;
#1362 = ORIENTED_EDGE ( 'NONE', *, *, #516, .T. ) ;
#1363 = EDGE_LOOP ( 'NONE', ( #1420, #5663, #9400, #12349, #11732, #5193, #95, #1062 ) ) ;
#1364 = ORIENTED_EDGE ( 'NONE', *, *, #8139, .T. ) ;
#1365 = DIRECTION ( 'NONE',  ( 0.000000000000000000, 0.000000000000000000, 1.000000000000000000 ) ) ;
#1366 = EDGE_CURVE ( 'NONE', #6016, #8624, #10395, .T. ) ;
#1367 = VECTOR ( 'NONE', #4616, 1000.000000000000000 ) ;
#1368 = PRESENTATION_LAYER_ASSIGNMENT (  '', '', ( #10005 ) ) ;
#1369 = DIRECTION ( 'NONE',  ( 0.000000000000000000, 0.000000000000000000, -1.000000000000000000 ) ) ;
#1370 =( NAMED_UNIT ( * ) SI_UNIT ( $, .STERADIAN. ) SOLID_ANGLE_UNIT ( ) );
#1371 = SURFACE_SIDE_STYLE ('',( #3178 ) ) ;
#1372 = LINE ( 'NONE', #6365, #9329 ) ;
#1373 =( NAMED_UNIT ( * ) PLANE_ANGLE_UNIT ( ) SI_UNIT ( $, .RADIAN. ) );
#1374 = FACE_OUTER_BOUND ( 'NONE', #2947, .T. ) ;
#1375 = FILL_AREA_STYLE_COLOUR ( '', #9225 ) ;
#1376 = ORIENTED_EDGE ( 'NONE', *, *, #1649, .F. ) ;
#1377 = PRESENTATION_LAYER_ASSIGNMENT (  '', '', ( #6833 ) ) ;
#1378 = FILL_AREA_STYLE_COLOUR ( '', #3568 ) ;
#1379 = ADVANCED_FACE ( 'NONE', ( #653 ), #11420, .F. ) ;
#1380 = CARTESIAN_POINT ( 'NONE',  ( 2.939999999999999947, 4.250000000000000000, 0.000000000000000000 ) ) ;
#1381 = VERTEX_POINT ( 'NONE', #11161 ) ;
#1382 = LINE ( 'NONE', #4440, #2163 ) ;
#1383 =( NAMED_UNIT ( * ) SI_UNIT ( $, .STERADIAN. ) SOLID_ANGLE_UNIT ( ) );
#1384 = LINE ( 'NONE', #6186, #6790 ) ;
#1385 = DIRECTION ( 'NONE',  ( -1.000000000000000000, 0.000000000000000000, 0.000000000000000000 ) ) ;
#1386 = DIRECTION ( 'NONE',  ( 0.000000000000000000, 0.000000000000000000, 1.000000000000000000 ) ) ;
#1387 = CARTESIAN_POINT ( 'NONE',  ( -5.009999999999999787, 1.469999999999999973, -0.1000000000000000056 ) ) ;
#1388 = SURFACE_SIDE_STYLE ('',( #10887 ) ) ;
#1389 = DIRECTION ( 'NONE',  ( 0.000000000000000000, 0.000000000000000000, -1.000000000000000000 ) ) ;
#1390 = LINE ( 'NONE', #9945, #8110 ) ;
#1391 =( NAMED_UNIT ( * ) PLANE_ANGLE_UNIT ( ) SI_UNIT ( $, .RADIAN. ) );
#1392 = VECTOR ( 'NONE', #955, 1000.000000000000000 ) ;
#1393 = ORIENTED_EDGE ( 'NONE', *, *, #5654, .T. ) ;
#1394 = EDGE_CURVE ( 'NONE', #1541, #10510, #9267, .T. ) ;
#1395 = EDGE_LOOP ( 'NONE', ( #10421, #10264, #5786, #1676 ) ) ;
#1396 = ADVANCED_FACE ( 'NONE', ( #2997 ), #9575, .F. ) ;
#1397 = ORIENTED_EDGE ( 'NONE', *, *, #1649, .T. ) ;
#1398 = CARTESIAN_POINT ( 'NONE',  ( 1.269999999999950058, -5.000000000000000000, -0.1000000000000000056 ) ) ;
#1399 = ORIENTED_EDGE ( 'NONE', *, *, #11481, .T. ) ;
#1400 = CARTESIAN_POINT ( 'NONE',  ( 4.750000000000000000, -1.670000000000000151, 1.000000000000000000 ) ) ;
#1401 = CARTESIAN_POINT ( 'NONE',  ( 4.250000000000000000, 1.670000000000000151, -0.1000000000000000056 ) ) ;
#1402 = CARTESIAN_POINT ( 'NONE',  ( -4.250000000000000000, 1.670000000000000151, 0.000000000000000000 ) ) ;
#1403 = EDGE_CURVE ( 'NONE', #10843, #5961, #3117, .T. ) ;
#1404 = VERTEX_POINT ( 'NONE', #8744 ) ;
#1405 = ADVANCED_FACE ( 'NONE', ( #4830 ), #3943, .F. ) ;
#1406 = ORIENTED_EDGE ( 'NONE', *, *, #11749, .F. ) ;
#1407 = FACE_OUTER_BOUND ( 'NONE', #5490, .T. ) ;
#1408 = DIRECTION ( 'NONE',  ( 0.000000000000000000, -1.000000000000000000, 0.000000000000000000 ) ) ;
#1409 = DIRECTION ( 'NONE',  ( -1.047444401652940164E-14, -1.000000000000000000, 0.000000000000000000 ) ) ;
#1410 = COLOUR_RGB ( '',1.000000000000000000, 0.8117647058823529438, 0.5019607843137254832 ) ;
#1411 = LINE ( 'NONE', #8128, #2339 ) ;
#1412 = CARTESIAN_POINT ( 'NONE',  ( 2.339999999999999858, 5.009999999999999787, 1.100000000000000089 ) ) ;
#1413 = CARTESIAN_POINT ( 'NONE',  ( 5.000000000000000000, -1.670000000000000151, 1.100000000000000089 ) ) ;
#1414 = SURFACE_SIDE_STYLE ('',( #7035 ) ) ;
#1415 = DIRECTION ( 'NONE',  ( 1.030097166893172093E-14, 1.000000000000000000, 0.000000000000000000 ) ) ;
#1416 = ORIENTED_EDGE ( 'NONE', *, *, #7456, .T. ) ;
#1417 = SURFACE_STYLE_USAGE ( .BOTH. , #10030 ) ;
#1418 = DIRECTION ( 'NONE',  ( 1.000000000000000000, 0.000000000000000000, 0.000000000000000000 ) ) ;
#1419 = VERTEX_POINT ( 'NONE', #6879 ) ;
#1420 = ORIENTED_EDGE ( 'NONE', *, *, #3090, .T. ) ;
#1421 =( NAMED_UNIT ( * ) SI_UNIT ( $, .STERADIAN. ) SOLID_ANGLE_UNIT ( ) );
#1422 = VERTEX_POINT ( 'NONE', #10628 ) ;
#1423 = UNCERTAINTY_MEASURE_WITH_UNIT (LENGTH_MEASURE( 1.000000000000000082E-05 ), #5033, 'distance_accuracy_value', 'NONE');
#1424 = ORIENTED_EDGE ( 'NONE', *, *, #1499, .T. ) ;
#1425 = PLANE ( 'NONE',  #8143 ) ;
#1426 = PLANE ( 'NONE',  #4228 ) ;
#1427 = DIRECTION ( 'NONE',  ( 1.000000000000000000, -3.491481338843135327E-15, 0.000000000000000000 ) ) ;
#1428 = CARTESIAN_POINT ( 'NONE',  ( 5.009999999999999787, 0.8699999999999999956, -0.1000000000000000056 ) ) ;
#1429 = SURFACE_STYLE_FILL_AREA ( #2388 ) ;
#1430 = EDGE_CURVE ( 'NONE', #6772, #961, #10502, .T. ) ;
#1431 =( NAMED_UNIT ( * ) SI_UNIT ( $, .STERADIAN. ) SOLID_ANGLE_UNIT ( ) );
#1432 = DIRECTION ( 'NONE',  ( -1.047444401652940164E-14, -1.000000000000000000, 0.000000000000000000 ) ) ;
#1433 = ORIENTED_EDGE ( 'NONE', *, *, #11835, .T. ) ;
#1434 = CARTESIAN_POINT ( 'NONE',  ( -1.469999999999981988, 5.009999999999999787, -0.1000000000000000056 ) ) ;
#1435 = SURFACE_STYLE_USAGE ( .BOTH. , #10050 ) ;
#1436 = ORIENTED_EDGE ( 'NONE', *, *, #9441, .F. ) ;
#1437 = UNCERTAINTY_MEASURE_WITH_UNIT (LENGTH_MEASURE( 1.000000000000000082E-05 ), #11844, 'distance_accuracy_value', 'NONE');
#1438 =( LENGTH_UNIT ( ) NAMED_UNIT ( * ) SI_UNIT ( .MILLI., .METRE. ) );
#1439 = CARTESIAN_POINT ( 'NONE',  ( 1.670000000000000151, 5.009999999999999787, -0.1000000000000000056 ) ) ;
#1440 = LINE ( 'NONE', #5188, #764 ) ;
#1441 =( GEOMETRIC_REPRESENTATION_CONTEXT ( 3 ) GLOBAL_UNCERTAINTY_ASSIGNED_CONTEXT ( ( #11796 ) ) GLOBAL_UNIT_ASSIGNED_CONTEXT ( ( #4043, #11500, #10603 ) ) REPRESENTATION_CONTEXT ( 'NONE', 'WORKASPACE' ) );
#1442 = FACE_OUTER_BOUND ( 'NONE', #8649, .T. ) ;
#1443 = CARTESIAN_POINT ( 'NONE',  ( -5.000000000000000000, -5.000000000000000000, 1.000000000000000000 ) ) ;
#1444 = LINE ( 'NONE', #9255, #1687 ) ;
#1445 = DIRECTION ( 'NONE',  ( -1.000000000000000000, 0.000000000000000000, 0.000000000000000000 ) ) ;
#1446 = EDGE_CURVE ( 'NONE', #4769, #1702, #4882, .T. ) ;
#1447 = CARTESIAN_POINT ( 'NONE',  ( 2.139999999999949942, -4.750000000000000000, 1.100000000000000089 ) ) ;
#1448 = CARTESIAN_POINT ( 'NONE',  ( 5.009999999999999787, -2.939999999999999947, -0.1000000000000000056 ) ) ;
#1449 = FILL_AREA_STYLE_COLOUR ( '', #5806 ) ;
#1450 = VECTOR ( 'NONE', #1326, 1000.000000000000000 ) ;
#1451 = EDGE_LOOP ( 'NONE', ( #3283, #12280, #10717, #6688 ) ) ;
#1452 = VECTOR ( 'NONE', #8591, 1000.000000000000000 ) ;
#1453 = VERTEX_POINT ( 'NONE', #7729 ) ;
#1454 = FILL_AREA_STYLE_COLOUR ( '', #3377 ) ;
#1455 = FILL_AREA_STYLE_COLOUR ( '', #10720 ) ;
#1456 = DIRECTION ( 'NONE',  ( -1.000000000000000000, -1.734723475976804876E-16, 0.000000000000000000 ) ) ;
#1457 = STYLED_ITEM ( 'NONE', ( #11004 ), #4157 ) ;
#1458 = CIRCLE ( 'NONE', #4320, 0.1999999999999996503 ) ;
#1459 = CARTESIAN_POINT ( 'NONE',  ( 1.270000000000016227, 5.000000000000000000, 1.100000000000000089 ) ) ;
#1460 = DIRECTION ( 'NONE',  ( 3.491481338843135327E-15, 1.000000000000000000, 0.000000000000000000 ) ) ;
#1461 = ADVANCED_FACE ( 'NONE', ( #5886 ), #9693, .T. ) ;
#1462 = VECTOR ( 'NONE', #3575, 1000.000000000000000 ) ;
#1463 = DIRECTION ( 'NONE',  ( 1.000000000000000000, 0.000000000000000000, 0.000000000000000000 ) ) ;
#1464 = DIRECTION ( 'NONE',  ( 1.000000000000000000, -2.891205793294680298E-16, 0.000000000000000000 ) ) ;
#1465 = SURFACE_STYLE_USAGE ( .BOTH. , #11837 ) ;
#1466 = CARTESIAN_POINT ( 'NONE',  ( -0.8700000000000520650, -5.009999999999999787, -0.1000000000000000056 ) ) ;
#1467 = VERTEX_POINT ( 'NONE', #1202 ) ;
#1468 =( GEOMETRIC_REPRESENTATION_CONTEXT ( 3 ) GLOBAL_UNCERTAINTY_ASSIGNED_CONTEXT ( ( #4008 ) ) GLOBAL_UNIT_ASSIGNED_CONTEXT ( ( #5650, #10341, #11545 ) ) REPRESENTATION_CONTEXT ( 'NONE', 'WORKASPACE' ) );
#1469 = VERTEX_POINT ( 'NONE', #2337 ) ;
#1470 = VECTOR ( 'NONE', #50, 1000.000000000000000 ) ;
#1471 = COLOUR_RGB ( '',1.000000000000000000, 0.8117647058823529438, 0.5019607843137254832 ) ;
#1472 =( NAMED_UNIT ( * ) SI_UNIT ( $, .STERADIAN. ) SOLID_ANGLE_UNIT ( ) );
#1473 = LINE ( 'NONE', #5341, #2146 ) ;
#1474 = DIRECTION ( 'NONE',  ( 0.000000000000000000, 0.000000000000000000, 1.000000000000000000 ) ) ;
#1475 = EDGE_CURVE ( 'NONE', #10766, #1716, #1384, .T. ) ;
#1476 = EDGE_CURVE ( 'NONE', #6637, #11911, #6252, .T. ) ;
#1477 =( GEOMETRIC_REPRESENTATION_CONTEXT ( 3 ) GLOBAL_UNCERTAINTY_ASSIGNED_CONTEXT ( ( #10661 ) ) GLOBAL_UNIT_ASSIGNED_CONTEXT ( ( #2798, #9625, #7715 ) ) REPRESENTATION_CONTEXT ( 'NONE', 'WORKASPACE' ) );
#1478 = ORIENTED_EDGE ( 'NONE', *, *, #9153, .T. ) ;
#1479 = FILL_AREA_STYLE_COLOUR ( '', #5934 ) ;
#1480 = COLOUR_RGB ( '',1.000000000000000000, 0.8117647058823529438, 0.5019607843137254832 ) ;
#1481 = DIRECTION ( 'NONE',  ( 0.000000000000000000, 0.000000000000000000, -1.000000000000000000 ) ) ;
#1482 = VECTOR ( 'NONE', #9144, 1000.000000000000000 ) ;
#1483 = VERTEX_POINT ( 'NONE', #5304 ) ;
#1484 = ORIENTED_EDGE ( 'NONE', *, *, #1590, .T. ) ;
#1485 = SURFACE_STYLE_USAGE ( .BOTH. , #2242 ) ;
#1486 = VERTEX_POINT ( 'NONE', #6999 ) ;
#1487 = EDGE_LOOP ( 'NONE', ( #11121, #7022, #2948, #7736 ) ) ;
#1488 = SURFACE_SIDE_STYLE ('',( #2382 ) ) ;
#1489 = VECTOR ( 'NONE', #2796, 1000.000000000000000 ) ;
#1490 = VECTOR ( 'NONE', #7360, 1000.000000000000000 ) ;
#1491 = CARTESIAN_POINT ( 'NONE',  ( 4.750000000000000000, 2.140000000000000124, 1.100000000000000089 ) ) ;
#1492 = PRESENTATION_LAYER_ASSIGNMENT (  '', '', ( #7139 ) ) ;
#1493 = AXIS2_PLACEMENT_3D ( 'NONE', #4335, #394, #8953 ) ;
#1494 = CARTESIAN_POINT ( 'NONE',  ( 2.140000000000000124, 4.750000000000000000, 1.100000000000000089 ) ) ;
#1495 = CARTESIAN_POINT ( 'NONE',  ( -2.739999999999999769, 5.000000000000000000, -0.1000000000000000056 ) ) ;
#1496 = LINE ( 'NONE', #4612, #6420 ) ;
#1497 = LINE ( 'NONE', #4367, #11032 ) ;
#1498 = CARTESIAN_POINT ( 'NONE',  ( -1.670000000000050111, -5.000000000000000000, 0.000000000000000000 ) ) ;
#1499 = EDGE_CURVE ( 'NONE', #5180, #4156, #9999, .T. ) ;
#1500 = DIRECTION ( 'NONE',  ( 0.000000000000000000, -1.000000000000000000, 0.000000000000000000 ) ) ;
#1501 = LINE ( 'NONE', #11865, #6317 ) ;
#1502 = DIRECTION ( 'NONE',  ( 0.000000000000000000, 0.000000000000000000, 1.000000000000000000 ) ) ;
#1503 = SURFACE_STYLE_USAGE ( .BOTH. , #3427 ) ;
#1504 = ORIENTED_EDGE ( 'NONE', *, *, #12179, .F. ) ;
#1505 = VECTOR ( 'NONE', #11147, 1000.000000000000000 ) ;
#1506 = CARTESIAN_POINT ( 'NONE',  ( 5.000000000000000000, 5.000000000000000000, 1.000000000000000000 ) ) ;
#1507 = ORIENTED_EDGE ( 'NONE', *, *, #8707, .T. ) ;
#1508 = DIRECTION ( 'NONE',  ( 1.000000000000000000, -3.491481338843135327E-15, 0.000000000000000000 ) ) ;
#1509 = ADVANCED_FACE ( 'NONE', ( #9058 ), #7904, .F. ) ;
#1510 = VECTOR ( 'NONE', #3734, 1000.000000000000000 ) ;
#1511 = CARTESIAN_POINT ( 'NONE',  ( -1.469999999999981988, 5.009999999999999787, 1.100000000000000089 ) ) ;
#1512 =( NAMED_UNIT ( * ) PLANE_ANGLE_UNIT ( ) SI_UNIT ( $, .RADIAN. ) );
#1513 = PLANE ( 'NONE',  #8184 ) ;
#1514 = CARTESIAN_POINT ( 'NONE',  ( 0.4000000000000140110, 4.250000000000000000, -0.1000000000000000056 ) ) ;
#1515 = STYLED_ITEM ( 'NONE', ( #8838 ), #7180 ) ;
#1516 = DIRECTION ( 'NONE',  ( 0.000000000000000000, 0.000000000000000000, -1.000000000000000000 ) ) ;
#1517 = SURFACE_STYLE_USAGE ( .BOTH. , #12138 ) ;
#1518 = DIRECTION ( 'NONE',  ( -1.000000000000000000, -8.673617379884039170E-17, 0.000000000000000000 ) ) ;
#1519 = LINE ( 'NONE', #7131, #12092 ) ;
#1520 =( NAMED_UNIT ( * ) SI_UNIT ( $, .STERADIAN. ) SOLID_ANGLE_UNIT ( ) );
#1521 = VERTEX_POINT ( 'NONE', #1255 ) ;
#1522 = ORIENTED_EDGE ( 'NONE', *, *, #8739, .T. ) ;
#1523 = AXIS2_PLACEMENT_3D ( 'NONE', #1749, #9356, #9288 ) ;
#1524 = VERTEX_POINT ( 'NONE', #2263 ) ;
#1525 = SURFACE_STYLE_USAGE ( .BOTH. , #7260 ) ;
#1526 = ADVANCED_FACE ( 'NONE', ( #3434 ), #11754, .T. ) ;
#1527 = CARTESIAN_POINT ( 'NONE',  ( 1.669999999999949969, -5.000000000000000000, -0.1000000000000000056 ) ) ;
#1528 = VECTOR ( 'NONE', #9034, 1000.000000000000000 ) ;
#1529 = AXIS2_PLACEMENT_3D ( 'NONE', #4438, #574, #10108 ) ;
#1530 = DIRECTION ( 'NONE',  ( 0.000000000000000000, 1.000000000000000000, 0.000000000000000000 ) ) ;
#1531 = CARTESIAN_POINT ( 'NONE',  ( -0.8700000000000440714, -4.250000000000000000, 0.000000000000000000 ) ) ;
#1532 = PRESENTATION_STYLE_ASSIGNMENT (( #5266 ) ) ;
#1533 = DIRECTION ( 'NONE',  ( 1.000000000000000000, 0.000000000000000000, 0.000000000000000000 ) ) ;
#1534 = CARTESIAN_POINT ( 'NONE',  ( 2.939999999999999947, 4.250000000000000000, -0.1000000000000000056 ) ) ;
#1535 = STYLED_ITEM ( 'NONE', ( #5652 ), #1934 ) ;
#1536 = COLOUR_RGB ( '',1.000000000000000000, 0.8117647058823529438, 0.5019607843137254832 ) ;
#1537 = ORIENTED_EDGE ( 'NONE', *, *, #2728, .T. ) ;
#1538 = VERTEX_POINT ( 'NONE', #1511 ) ;
#1539 = DIRECTION ( 'NONE',  ( -1.000000000000000000, 1.047444401652940164E-14, 0.000000000000000000 ) ) ;
#1540 = ORIENTED_EDGE ( 'NONE', *, *, #164, .F. ) ;
#1541 = VERTEX_POINT ( 'NONE', #7372 ) ;
#1542 = LINE ( 'NONE', #10565, #1724 ) ;
#1543 = FACE_OUTER_BOUND ( 'NONE', #7150, .T. ) ;
#1544 = EDGE_CURVE ( 'NONE', #11535, #5227, #4623, .T. ) ;
#1545 = PLANE ( 'NONE',  #4309 ) ;
#1546 =( GEOMETRIC_REPRESENTATION_CONTEXT ( 3 ) GLOBAL_UNCERTAINTY_ASSIGNED_CONTEXT ( ( #1901 ) ) GLOBAL_UNIT_ASSIGNED_CONTEXT ( ( #10225, #8213, #12286 ) ) REPRESENTATION_CONTEXT ( 'NONE', 'WORKASPACE' ) );
#1547 = PLANE ( 'NONE',  #3364 ) ;
#1548 = STYLED_ITEM ( 'NONE', ( #2157 ), #1405 ) ;
#1549 = VECTOR ( 'NONE', #10640, 1000.000000000000000 ) ;
#1550 = PRESENTATION_STYLE_ASSIGNMENT (( #9277 ) ) ;
#1551 = CARTESIAN_POINT ( 'NONE',  ( 2.339999999999950120, -5.009999999999999787, 1.100000000000000089 ) ) ;
#1552 =( LENGTH_UNIT ( ) NAMED_UNIT ( * ) SI_UNIT ( .MILLI., .METRE. ) );
#1553 = CARTESIAN_POINT ( 'NONE',  ( 5.009999999999999787, -1.469999999999999973, -0.1000000000000000056 ) ) ;
#1554 = LINE ( 'NONE', #8524, #4691 ) ;
#1555 = ORIENTED_EDGE ( 'NONE', *, *, #10476, .F. ) ;
#1556 =( NAMED_UNIT ( * ) PLANE_ANGLE_UNIT ( ) SI_UNIT ( $, .RADIAN. ) );
#1557 =( GEOMETRIC_REPRESENTATION_CONTEXT ( 3 ) GLOBAL_UNCERTAINTY_ASSIGNED_CONTEXT ( ( #11787 ) ) GLOBAL_UNIT_ASSIGNED_CONTEXT ( ( #8363, #9307, #3675 ) ) REPRESENTATION_CONTEXT ( 'NONE', 'WORKASPACE' ) );
#1558 = AXIS2_PLACEMENT_3D ( 'NONE', #10371, #1765, #9551 ) ;
#1559 = SURFACE_STYLE_USAGE ( .BOTH. , #5224 ) ;
#1560 = VERTEX_POINT ( 'NONE', #6379 ) ;
#1561 = UNCERTAINTY_MEASURE_WITH_UNIT (LENGTH_MEASURE( 1.000000000000000082E-05 ), #4041, 'distance_accuracy_value', 'NONE');
#1562 = ORIENTED_EDGE ( 'NONE', *, *, #7846, .T. ) ;
#1563 = ADVANCED_FACE ( 'NONE', ( #10181 ), #5380, .F. ) ;
#1564 = EDGE_CURVE ( 'NONE', #9517, #10092, #5446, .T. ) ;
#1565 = CARTESIAN_POINT ( 'NONE',  ( 2.139999999999954827, -4.250000000000000000, 0.000000000000000000 ) ) ;
#1566 = CARTESIAN_POINT ( 'NONE',  ( 4.250000000000000000, -2.939999999999999947, -0.1000000000000000056 ) ) ;
#1567 = DIRECTION ( 'NONE',  ( 1.000000000000000000, 1.020425574104003999E-16, 0.000000000000000000 ) ) ;
#1568 = SURFACE_STYLE_FILL_AREA ( #11192 ) ;
#1569 = CARTESIAN_POINT ( 'NONE',  ( -4.250000000000000000, -2.140000000000000124, -0.1000000000000000056 ) ) ;
#1570 = DIRECTION ( 'NONE',  ( -1.047444401652940164E-14, -1.000000000000000000, 0.000000000000000000 ) ) ;
#1571 = COLOUR_RGB ( '',1.000000000000000000, 0.8117647058823529438, 0.5019607843137254832 ) ;
#1572 = DIRECTION ( 'NONE',  ( 1.076356459585886213E-14, 1.000000000000000000, 0.000000000000000000 ) ) ;
#1573 = PLANE ( 'NONE',  #9126 ) ;
#1574 = FILL_AREA_STYLE_COLOUR ( '', #10779 ) ;
#1575 = FACE_OUTER_BOUND ( 'NONE', #6398, .T. ) ;
#1576 = DIRECTION ( 'NONE',  ( -1.000000000000000000, 1.047444401652940164E-14, 0.000000000000000000 ) ) ;
#1577 =( NAMED_UNIT ( * ) SI_UNIT ( $, .STERADIAN. ) SOLID_ANGLE_UNIT ( ) );
#1578 = ORIENTED_EDGE ( 'NONE', *, *, #6417, .T. ) ;
#1579 = VECTOR ( 'NONE', #4731, 1000.000000000000000 ) ;
#1580 = EDGE_CURVE ( 'NONE', #11712, #10460, #8292, .T. ) ;
#1581 = VERTEX_POINT ( 'NONE', #12133 ) ;
#1582 = DIRECTION ( 'NONE',  ( 1.000000000000000000, 0.000000000000000000, 0.000000000000000000 ) ) ;
#1583 = VECTOR ( 'NONE', #358, 1000.000000000000000 ) ;
#1584 = CARTESIAN_POINT ( 'NONE',  ( -1.069999999999983853, 5.000000000000000000, -0.2999999999999999889 ) ) ;
#1585 = DIRECTION ( 'NONE',  ( 0.000000000000000000, -1.000000000000000000, 0.000000000000000000 ) ) ;
#1586 = PLANE ( 'NONE',  #8601 ) ;
#1587 = LINE ( 'NONE', #4678, #4626 ) ;
#1588 = VECTOR ( 'NONE', #11273, 1000.000000000000000 ) ;
#1589 =( LENGTH_UNIT ( ) NAMED_UNIT ( * ) SI_UNIT ( .MILLI., .METRE. ) );
#1590 = EDGE_CURVE ( 'NONE', #2164, #4046, #6494, .T. ) ;
#1591 = FILL_AREA_STYLE ('',( #10184 ) ) ;
#1592 = FACE_OUTER_BOUND ( 'NONE', #10218, .T. ) ;
#1593 = VECTOR ( 'NONE', #1632, 1000.000000000000000 ) ;
#1594 = DIRECTION ( 'NONE',  ( -8.673617379884039170E-17, 1.000000000000000000, 0.000000000000000000 ) ) ;
#1595 = PRESENTATION_STYLE_ASSIGNMENT (( #3062 ) ) ;
#1596 = ORIENTED_EDGE ( 'NONE', *, *, #465, .F. ) ;
#1597 = VERTEX_POINT ( 'NONE', #1705 ) ;
#1598 = ORIENTED_EDGE ( 'NONE', *, *, #9884, .T. ) ;
#1599 = STYLED_ITEM ( 'NONE', ( #7747 ), #9023 ) ;
#1600 = EDGE_LOOP ( 'NONE', ( #10819, #9389, #2193, #8322 ) ) ;
#1601 =( NAMED_UNIT ( * ) PLANE_ANGLE_UNIT ( ) SI_UNIT ( $, .RADIAN. ) );
#1602 = DIRECTION ( 'NONE',  ( 0.000000000000000000, 0.000000000000000000, 1.000000000000000000 ) ) ;
#1603 = VECTOR ( 'NONE', #2393, 1000.000000000000000 ) ;
#1604 = SURFACE_STYLE_USAGE ( .BOTH. , #12031 ) ;
#1605 = MECHANICAL_DESIGN_GEOMETRIC_PRESENTATION_REPRESENTATION (  '', ( #983 ), #6031 ) ;
#1606 = CARTESIAN_POINT ( 'NONE',  ( 4.750000000000000000, -0.8699999999999999956, 1.000000000000000000 ) ) ;
#1607 = FILL_AREA_STYLE ('',( #10198 ) ) ;
#1608 = EDGE_CURVE ( 'NONE', #6825, #2033, #9377, .T. ) ;
#1609 = ORIENTED_EDGE ( 'NONE', *, *, #4748, .F. ) ;
#1610 = PRESENTATION_STYLE_ASSIGNMENT (( #5467 ) ) ;
#1611 = VERTEX_POINT ( 'NONE', #9440 ) ;
#1612 = ORIENTED_EDGE ( 'NONE', *, *, #2809, .T. ) ;
#1613 = FILL_AREA_STYLE ('',( #10141 ) ) ;
#1614 = MECHANICAL_DESIGN_GEOMETRIC_PRESENTATION_REPRESENTATION (  '', ( #12429 ), #11830 ) ;
#1615 = CARTESIAN_POINT ( 'NONE',  ( 2.939999999999950209, -4.750000000000000000, 1.100000000000000089 ) ) ;
#1616 = STYLED_ITEM ( 'NONE', ( #8297 ), #9276 ) ;
#1617 = CARTESIAN_POINT ( 'NONE',  ( 5.009999999999999787, -0.2000000000000000111, 1.100000000000000089 ) ) ;
#1618 = PRESENTATION_STYLE_ASSIGNMENT (( #2495 ) ) ;
#1619 = DIRECTION ( 'NONE',  ( 1.000000000000000000, 0.000000000000000000, 0.000000000000000000 ) ) ;
#1620 = LINE ( 'NONE', #7275, #11301 ) ;
#1621 = VECTOR ( 'NONE', #8824, 1000.000000000000000 ) ;
#1622 = ORIENTED_EDGE ( 'NONE', *, *, #10468, .F. ) ;
#1623 = EDGE_CURVE ( 'NONE', #1267, #2522, #817, .T. ) ;
#1624 = SURFACE_SIDE_STYLE ('',( #9281 ) ) ;
#1625 = ORIENTED_EDGE ( 'NONE', *, *, #7846, .F. ) ;
#1626 = ORIENTED_EDGE ( 'NONE', *, *, #4062, .F. ) ;
#1627 = PRESENTATION_LAYER_ASSIGNMENT (  '', '', ( #10450 ) ) ;
#1628 = CARTESIAN_POINT ( 'NONE',  ( -2.339999999999999858, 5.009999999999999787, -0.1000000000000000056 ) ) ;
#1629 = DIRECTION ( 'NONE',  ( 1.000000000000000000, 0.000000000000000000, 0.000000000000000000 ) ) ;
#1630 = FACE_OUTER_BOUND ( 'NONE', #1149, .T. ) ;
#1631 = DIRECTION ( 'NONE',  ( 1.000000000000000000, 1.734723475976804876E-16, 0.000000000000000000 ) ) ;
#1632 = DIRECTION ( 'NONE',  ( 0.000000000000000000, 0.000000000000000000, 1.000000000000000000 ) ) ;
#1633 = PRESENTATION_STYLE_ASSIGNMENT (( #2516 ) ) ;
#1634 =( NAMED_UNIT ( * ) SI_UNIT ( $, .STERADIAN. ) SOLID_ANGLE_UNIT ( ) );
#1635 = LINE ( 'NONE', #8278, #484 ) ;
#1636 = EDGE_CURVE ( 'NONE', #7276, #8498, #9194, .T. ) ;
#1637 = CARTESIAN_POINT ( 'NONE',  ( -5.000000000000000000, -5.000000000000000000, 1.000000000000000000 ) ) ;
#1638 = PLANE ( 'NONE',  #11248 ) ;
#1639 = COLOUR_RGB ( '',1.000000000000000000, 0.8117647058823529438, 0.5019607843137254832 ) ;
#1640 = ORIENTED_EDGE ( 'NONE', *, *, #7163, .F. ) ;
#1641 = CARTESIAN_POINT ( 'NONE',  ( 5.009999999999999787, -0.4000000000000000222, 1.100000000000000089 ) ) ;
#1642 = ORIENTED_EDGE ( 'NONE', *, *, #9743, .T. ) ;
#1643 = LINE ( 'NONE', #5492, #11009 ) ;
#1644 = CARTESIAN_POINT ( 'NONE',  ( 4.250000000000000000, -0.8699999999999999956, 0.000000000000000000 ) ) ;
#1645 = DIRECTION ( 'NONE',  ( -1.047444401652940164E-14, -1.000000000000000000, 0.000000000000000000 ) ) ;
#1646 =( NAMED_UNIT ( * ) SI_UNIT ( $, .STERADIAN. ) SOLID_ANGLE_UNIT ( ) );
#1647 = DIRECTION ( 'NONE',  ( 1.000000000000000000, 0.000000000000000000, 0.000000000000000000 ) ) ;
#1648 = FILL_AREA_STYLE ('',( #10244 ) ) ;
#1649 = EDGE_CURVE ( 'NONE', #1483, #1891, #179, .T. ) ;
#1650 = DIRECTION ( 'NONE',  ( 0.000000000000000000, 0.000000000000000000, 1.000000000000000000 ) ) ;
#1651 = EDGE_CURVE ( 'NONE', #7256, #286, #1119, .T. ) ;
#1652 = ORIENTED_EDGE ( 'NONE', *, *, #8394, .T. ) ;
#1653 = ORIENTED_EDGE ( 'NONE', *, *, #6153, .F. ) ;
#1654 = EDGE_LOOP ( 'NONE', ( #350, #10152, #775, #205 ) ) ;
#1655 = VERTEX_POINT ( 'NONE', #9553 ) ;
#1656 = LINE ( 'NONE', #11157, #9380 ) ;
#1657 = LINE ( 'NONE', #7205, #3913 ) ;
#1658 = UNCERTAINTY_MEASURE_WITH_UNIT (LENGTH_MEASURE( 1.000000000000000082E-05 ), #7507, 'distance_accuracy_value', 'NONE');
#1659 = DIRECTION ( 'NONE',  ( 1.047444401652940164E-14, 1.000000000000000000, 0.000000000000000000 ) ) ;
#1660 = FILL_AREA_STYLE ('',( #899 ) ) ;
#1661 = FILL_AREA_STYLE_COLOUR ( '', #9511 ) ;
#1662 = DIRECTION ( 'NONE',  ( -3.491481338843135327E-15, -1.000000000000000000, 0.000000000000000000 ) ) ;
#1663 = STYLED_ITEM ( 'NONE', ( #10028 ), #9592 ) ;
#1664 = ORIENTED_EDGE ( 'NONE', *, *, #1232, .F. ) ;
#1665 = ORIENTED_EDGE ( 'NONE', *, *, #9776, .F. ) ;
#1666 = ORIENTED_EDGE ( 'NONE', *, *, #10463, .F. ) ;
#1667 = SURFACE_STYLE_USAGE ( .BOTH. , #5589 ) ;
#1668 = MECHANICAL_DESIGN_GEOMETRIC_PRESENTATION_REPRESENTATION (  '', ( #8276 ), #2467 ) ;
#1669 = EDGE_CURVE ( 'NONE', #1716, #5198, #8551, .T. ) ;
#1670 = MECHANICAL_DESIGN_GEOMETRIC_PRESENTATION_REPRESENTATION (  '', ( #12283 ), #10685 ) ;
#1671 = CARTESIAN_POINT ( 'NONE',  ( 0.4000000000000140110, 4.250000000000000000, -0.1000000000000000056 ) ) ;
#1672 = CARTESIAN_POINT ( 'NONE',  ( -2.939999999999999947, 4.750000000000000000, 1.100000000000000089 ) ) ;
#1673 = CARTESIAN_POINT ( 'NONE',  ( -4.750000000000000000, 2.140000000000000124, 1.100000000000000089 ) ) ;
#1674 = ORIENTED_EDGE ( 'NONE', *, *, #6364, .T. ) ;
#1675 = LINE ( 'NONE', #5537, #8577 ) ;
#1676 = ORIENTED_EDGE ( 'NONE', *, *, #7217, .T. ) ;
#1677 = VECTOR ( 'NONE', #6359, 1000.000000000000000 ) ;
#1678 = AXIS2_PLACEMENT_3D ( 'NONE', #11407, #5631, #12426 ) ;
#1679 = CARTESIAN_POINT ( 'NONE',  ( 0.8699999999999510347, -4.750000000000000000, 1.000000000000000000 ) ) ;
#1680 = ORIENTED_EDGE ( 'NONE', *, *, #12179, .T. ) ;
#1681 = EDGE_LOOP ( 'NONE', ( #269, #1335, #645, #2238 ) ) ;
#1682 = DIRECTION ( 'NONE',  ( 0.000000000000000000, 0.000000000000000000, 1.000000000000000000 ) ) ;
#1683 = ADVANCED_FACE ( 'NONE', ( #45 ), #4937, .F. ) ;
#1684 = FACE_OUTER_BOUND ( 'NONE', #9650, .T. ) ;
#1685 = STYLED_ITEM ( 'NONE', ( #4276 ), #4445 ) ;
#1686 = CARTESIAN_POINT ( 'NONE',  ( -4.250000000000000000, -0.8699999999999999956, -0.1000000000000000056 ) ) ;
#1687 = VECTOR ( 'NONE', #10315, 1000.000000000000000 ) ;
#1688 = CARTESIAN_POINT ( 'NONE',  ( 5.009999999999999787, 2.339999999999999858, -0.1000000000000000056 ) ) ;
#1689 = DIRECTION ( 'NONE',  ( 0.000000000000000000, 0.000000000000000000, 1.000000000000000000 ) ) ;
#1690 = STYLED_ITEM ( 'NONE', ( #598 ), #8005 ) ;
#1691 =( NAMED_UNIT ( * ) PLANE_ANGLE_UNIT ( ) SI_UNIT ( $, .RADIAN. ) );
#1692 = CARTESIAN_POINT ( 'NONE',  ( 5.000000000000000000, -2.540000000000000036, -0.1000000000000000056 ) ) ;
#1693 = CARTESIAN_POINT ( 'NONE',  ( -5.009999999999999787, -2.339999999999999858, -0.1000000000000000056 ) ) ;
#1694 = PRESENTATION_STYLE_ASSIGNMENT (( #1503 ) ) ;
#1695 = ORIENTED_EDGE ( 'NONE', *, *, #5642, .F. ) ;
#1696 =( GEOMETRIC_REPRESENTATION_CONTEXT ( 3 ) GLOBAL_UNCERTAINTY_ASSIGNED_CONTEXT ( ( #579 ) ) GLOBAL_UNIT_ASSIGNED_CONTEXT ( ( #2021, #3989, #3739 ) ) REPRESENTATION_CONTEXT ( 'NONE', 'WORKASPACE' ) );
#1697 =( GEOMETRIC_REPRESENTATION_CONTEXT ( 3 ) GLOBAL_UNCERTAINTY_ASSIGNED_CONTEXT ( ( #11669 ) ) GLOBAL_UNIT_ASSIGNED_CONTEXT ( ( #2656, #12001, #3422 ) ) REPRESENTATION_CONTEXT ( 'NONE', 'WORKASPACE' ) );
#1698 = VECTOR ( 'NONE', #1107, 1000.000000000000000 ) ;
#1699 = AXIS2_PLACEMENT_3D ( 'NONE', #10693, #7617, #10507 ) ;
#1700 = CARTESIAN_POINT ( 'NONE',  ( -5.009999999999999787, 1.670000000000000151, 1.100000000000000089 ) ) ;
#1701 = DIRECTION ( 'NONE',  ( 1.000000000000000000, -1.030097166893172093E-14, 0.000000000000000000 ) ) ;
#1702 = VERTEX_POINT ( 'NONE', #8794 ) ;
#1703 = EDGE_CURVE ( 'NONE', #11605, #3470, #9620, .T. ) ;
#1704 = EDGE_CURVE ( 'NONE', #10092, #9317, #4868, .T. ) ;
#1705 = CARTESIAN_POINT ( 'NONE',  ( -4.250000000000000000, 4.250000000000000000, 2.500000000000000000 ) ) ;
#1706 = FILL_AREA_STYLE_COLOUR ( '', #6206 ) ;
#1707 = LINE ( 'NONE', #8294, #2179 ) ;
#1708 = FACE_OUTER_BOUND ( 'NONE', #11468, .T. ) ;
#1709 = DIRECTION ( 'NONE',  ( 0.000000000000000000, 0.000000000000000000, 1.000000000000000000 ) ) ;
#1710 =( GEOMETRIC_REPRESENTATION_CONTEXT ( 3 ) GLOBAL_UNCERTAINTY_ASSIGNED_CONTEXT ( ( #4666 ) ) GLOBAL_UNIT_ASSIGNED_CONTEXT ( ( #2988, #12427, #7781 ) ) REPRESENTATION_CONTEXT ( 'NONE', 'WORKASPACE' ) );
#1711 = DIRECTION ( 'NONE',  ( -3.491481338843135327E-15, -1.000000000000000000, 0.000000000000000000 ) ) ;
#1712 =( GEOMETRIC_REPRESENTATION_CONTEXT ( 3 ) GLOBAL_UNCERTAINTY_ASSIGNED_CONTEXT ( ( #8665 ) ) GLOBAL_UNIT_ASSIGNED_CONTEXT ( ( #7197, #10058, #6948 ) ) REPRESENTATION_CONTEXT ( 'NONE', 'WORKASPACE' ) );
#1713 = PRESENTATION_LAYER_ASSIGNMENT (  '', '', ( #11735 ) ) ;
#1714 = DIRECTION ( 'NONE',  ( -3.491481338843135327E-15, -1.000000000000000000, 0.000000000000000000 ) ) ;
#1715 = MECHANICAL_DESIGN_GEOMETRIC_PRESENTATION_REPRESENTATION (  '', ( #11805 ), #10251 ) ;
#1716 = VERTEX_POINT ( 'NONE', #11573 ) ;
#1717 = DIRECTION ( 'NONE',  ( 1.000000000000000000, -3.491481338843135327E-15, 0.000000000000000000 ) ) ;
#1718 = ORIENTED_EDGE ( 'NONE', *, *, #4405, .T. ) ;
#1719 = ORIENTED_EDGE ( 'NONE', *, *, #1140, .F. ) ;
#1720 = EDGE_LOOP ( 'NONE', ( #4470, #2376, #5334, #1233 ) ) ;
#1721 = EDGE_CURVE ( 'NONE', #10649, #5551, #3865, .T. ) ;
#1722 = EDGE_CURVE ( 'NONE', #2973, #1033, #11507, .T. ) ;
#1723 = FACE_OUTER_BOUND ( 'NONE', #10578, .T. ) ;
#1724 = VECTOR ( 'NONE', #8389, 1000.000000000000000 ) ;
#1725 = FILL_AREA_STYLE ('',( #1788 ) ) ;
#1726 = PRODUCT_DEFINITION_FORMATION_WITH_SPECIFIED_SOURCE ( 'ANY', '', #4006, .NOT_KNOWN. ) ;
#1727 = LINE ( 'NONE', #4640, #2301 ) ;
#1728 = VECTOR ( 'NONE', #5930, 1000.000000000000000 ) ;
#1729 = VERTEX_POINT ( 'NONE', #6624 ) ;
#1730 = VERTEX_POINT ( 'NONE', #10436 ) ;
#1731 = VERTEX_POINT ( 'NONE', #6743 ) ;
#1732 = EDGE_CURVE ( 'NONE', #8067, #9093, #10753, .T. ) ;
#1733 = CIRCLE ( 'NONE', #4764, 0.1999999999999996503 ) ;
#1734 = VECTOR ( 'NONE', #10147, 1000.000000000000000 ) ;
#1735 = DIRECTION ( 'NONE',  ( 0.000000000000000000, 0.000000000000000000, 1.000000000000000000 ) ) ;
#1736 =( LENGTH_UNIT ( ) NAMED_UNIT ( * ) SI_UNIT ( .MILLI., .METRE. ) );
#1737 = DIRECTION ( 'NONE',  ( 0.000000000000000000, 0.000000000000000000, -1.000000000000000000 ) ) ;
#1738 = EDGE_CURVE ( 'NONE', #6087, #10105, #1051, .T. ) ;
#1739 = DIRECTION ( 'NONE',  ( -1.084202172485506327E-14, -1.000000000000000000, 0.000000000000000000 ) ) ;
#1740 = ORIENTED_EDGE ( 'NONE', *, *, #7148, .T. ) ;
#1741 = LINE ( 'NONE', #9230, #11569 ) ;
#1742 = EDGE_CURVE ( 'NONE', #2107, #6892, #6863, .T. ) ;
#1743 = VECTOR ( 'NONE', #7236, 1000.000000000000000 ) ;
#1744 = ORIENTED_EDGE ( 'NONE', *, *, #5112, .T. ) ;
#1745 = VERTEX_POINT ( 'NONE', #5682 ) ;
#1746 = CARTESIAN_POINT ( 'NONE',  ( -2.940000000000049685, -5.000000000000000000, 0.000000000000000000 ) ) ;
#1747 = PRESENTATION_LAYER_ASSIGNMENT (  '', '', ( #11401 ) ) ;
#1748 = VECTOR ( 'NONE', #9009, 1000.000000000000000 ) ;
#1749 = CARTESIAN_POINT ( 'NONE',  ( 5.000000000000000000, 0.8699999999999999956, 1.100000000000000089 ) ) ;
#1750 = CARTESIAN_POINT ( 'NONE',  ( -1.470000000000049933, -5.009999999999999787, -0.1000000000000000056 ) ) ;
#1751 =( NAMED_UNIT ( * ) SI_UNIT ( $, .STERADIAN. ) SOLID_ANGLE_UNIT ( ) );
#1752 = DIRECTION ( 'NONE',  ( 0.000000000000000000, 0.000000000000000000, 1.000000000000000000 ) ) ;
#1753 = LINE ( 'NONE', #864, #12151 ) ;
#1754 = PLANE ( 'NONE',  #11924 ) ;
#1755 = DIRECTION ( 'NONE',  ( 1.000000000000000000, 0.000000000000000000, 0.000000000000000000 ) ) ;
#1756 = AXIS2_PLACEMENT_3D ( 'NONE', #8165, #4128, #12014 ) ;
#1757 = AXIS2_PLACEMENT_3D ( 'NONE', #132, #7788, #5880 ) ;
#1758 = CARTESIAN_POINT ( 'NONE',  ( -0.8699999999999860067, 4.250000000000000000, -0.1000000000000000056 ) ) ;
#1759 = PLANE ( 'NONE',  #8942 ) ;
#1760 = ORIENTED_EDGE ( 'NONE', *, *, #4018, .T. ) ;
#1761 = EDGE_CURVE ( 'NONE', #8943, #6087, #8726, .T. ) ;
#1762 = SURFACE_STYLE_USAGE ( .BOTH. , #12297 ) ;
#1763 = UNCERTAINTY_MEASURE_WITH_UNIT (LENGTH_MEASURE( 1.000000000000000082E-05 ), #3308, 'distance_accuracy_value', 'NONE');
#1764 =( GEOMETRIC_REPRESENTATION_CONTEXT ( 3 ) GLOBAL_UNCERTAINTY_ASSIGNED_CONTEXT ( ( #7649 ) ) GLOBAL_UNIT_ASSIGNED_CONTEXT ( ( #10378, #3626, #10316 ) ) REPRESENTATION_CONTEXT ( 'NONE', 'WORKASPACE' ) );
#1765 = DIRECTION ( 'NONE',  ( 1.734723475976804876E-16, -1.000000000000000000, 0.000000000000000000 ) ) ;
#1766 = FACE_OUTER_BOUND ( 'NONE', #3887, .T. ) ;
#1767 = DIRECTION ( 'NONE',  ( 0.000000000000000000, 0.000000000000000000, -1.000000000000000000 ) ) ;
#1768 = FACE_OUTER_BOUND ( 'NONE', #6415, .T. ) ;
#1769 = DIRECTION ( 'NONE',  ( 1.000000000000000000, 0.000000000000000000, 0.000000000000000000 ) ) ;
#1770 = DIRECTION ( 'NONE',  ( 1.000000000000000000, -3.491481338843135327E-15, 0.000000000000000000 ) ) ;
#1771 = CARTESIAN_POINT ( 'NONE',  ( -5.009999999999999787, 0.2000000000000000111, -0.1000000000000000056 ) ) ;
#1772 = CARTESIAN_POINT ( 'NONE',  ( -4.750000000000000000, 2.140000000000000124, 1.100000000000000089 ) ) ;
#1773 =( NAMED_UNIT ( * ) PLANE_ANGLE_UNIT ( ) SI_UNIT ( $, .RADIAN. ) );
#1774 = DIRECTION ( 'NONE',  ( -1.047444401652941111E-14, -1.000000000000000000, 0.000000000000000000 ) ) ;
#1775 = AXIS2_PLACEMENT_3D ( 'NONE', #7893, #10812, #3248 ) ;
#1776 =( LENGTH_UNIT ( ) NAMED_UNIT ( * ) SI_UNIT ( .MILLI., .METRE. ) );
#1777 = VECTOR ( 'NONE', #12167, 1000.000000000000000 ) ;
#1778 = EDGE_CURVE ( 'NONE', #415, #7783, #9981, .T. ) ;
#1779 = VECTOR ( 'NONE', #7374, 1000.000000000000000 ) ;
#1780 = FILL_AREA_STYLE_COLOUR ( '', #4138 ) ;
#1781 = ORIENTED_EDGE ( 'NONE', *, *, #3331, .F. ) ;
#1782 = EDGE_LOOP ( 'NONE', ( #10563, #9170, #5702, #9274, #12195, #1229, #2378, #4965 ) ) ;
#1783 = EDGE_LOOP ( 'NONE', ( #4554, #1926, #10588, #4473 ) ) ;
#1784 = SURFACE_STYLE_FILL_AREA ( #7485 ) ;
#1785 = UNCERTAINTY_MEASURE_WITH_UNIT (LENGTH_MEASURE( 1.000000000000000082E-05 ), #5311, 'distance_accuracy_value', 'NONE');
#1786 = SURFACE_STYLE_FILL_AREA ( #3637 ) ;
#1787 = AXIS2_PLACEMENT_3D ( 'NONE', #4724, #5912, #7588 ) ;
#1788 = FILL_AREA_STYLE_COLOUR ( '', #8821 ) ;
#1789 = FACE_OUTER_BOUND ( 'NONE', #12248, .T. ) ;
#1790 = ADVANCED_FACE ( 'NONE', ( #7889 ), #10935, .T. ) ;
#1792 = ADVANCED_FACE ( 'NONE', ( #1236 ), #2321, .F. ) ;
#1791 = CIRCLE ( 'NONE', #5627, 0.1999999999999996503 ) ;
#1793 = ORIENTED_EDGE ( 'NONE', *, *, #11008, .T. ) ;
#1794 = CIRCLE ( 'NONE', #5439, 0.1999999999999996503 ) ;
#1795 = EDGE_LOOP ( 'NONE', ( #9583, #5035, #3014, #8544 ) ) ;
#1796 = EDGE_LOOP ( 'NONE', ( #7798, #4101, #777, #12086, #3287, #2618, #10562, #7329 ) ) ;
#1797 =( NAMED_UNIT ( * ) SI_UNIT ( $, .STERADIAN. ) SOLID_ANGLE_UNIT ( ) );
#1798 = MECHANICAL_DESIGN_GEOMETRIC_PRESENTATION_REPRESENTATION (  '', ( #12404 ), #3432 ) ;
#1799 = LINE ( 'NONE', #3591, #159 ) ;
#1800 =( NAMED_UNIT ( * ) PLANE_ANGLE_UNIT ( ) SI_UNIT ( $, .RADIAN. ) );
#1801 = SURFACE_SIDE_STYLE ('',( #4648 ) ) ;
#1802 = SURFACE_STYLE_USAGE ( .BOTH. , #1924 ) ;
#1803 = ORIENTED_EDGE ( 'NONE', *, *, #8215, .T. ) ;
#1804 = EDGE_CURVE ( 'NONE', #2123, #907, #1300, .T. ) ;
#1805 = ADVANCED_FACE ( 'NONE', ( #6235 ), #1425, .F. ) ;
#1806 = DIRECTION ( 'NONE',  ( 0.000000000000000000, 0.000000000000000000, -1.000000000000000000 ) ) ;
#1808 = VERTEX_POINT ( 'NONE', #747 ) ;
#1807 = PRESENTATION_LAYER_ASSIGNMENT (  '', '', ( #4841 ) ) ;
#1809 = ORIENTED_EDGE ( 'NONE', *, *, #3384, .F. ) ;
#1810 = FILL_AREA_STYLE_COLOUR ( '', #2975 ) ;
#1811 =( GEOMETRIC_REPRESENTATION_CONTEXT ( 3 ) GLOBAL_UNCERTAINTY_ASSIGNED_CONTEXT ( ( #5354 ) ) GLOBAL_UNIT_ASSIGNED_CONTEXT ( ( #2626, #11042, #3455 ) ) REPRESENTATION_CONTEXT ( 'NONE', 'WORKASPACE' ) );
#1812 = SURFACE_STYLE_USAGE ( .BOTH. , #3904 ) ;
#1813 = FILL_AREA_STYLE ('',( #5669 ) ) ;
#1814 = DIRECTION ( 'NONE',  ( 0.000000000000000000, 0.000000000000000000, 1.000000000000000000 ) ) ;
#1815 = CARTESIAN_POINT ( 'NONE',  ( -2.140000000000000124, 5.000000000000000000, -0.1000000000000000056 ) ) ;
#1816 = DIRECTION ( 'NONE',  ( -3.491481338843135327E-15, -1.000000000000000000, 0.000000000000000000 ) ) ;
#1817 = PRESENTATION_STYLE_ASSIGNMENT (( #11198 ) ) ;
#1818 = DIRECTION ( 'NONE',  ( 1.000000000000000000, 1.734723475976804876E-16, 0.000000000000000000 ) ) ;
#1819 = VERTEX_POINT ( 'NONE', #4477 ) ;
#1820 = VECTOR ( 'NONE', #10643, 1000.000000000000000 ) ;
#1821 = CARTESIAN_POINT ( 'NONE',  ( -4.750000000000000000, -1.670000000000000151, 1.100000000000000089 ) ) ;
#1822 = CARTESIAN_POINT ( 'NONE',  ( -1.469999999999981988, 5.000000000000000000, -0.1000000000000000056 ) ) ;
#1823 = SURFACE_STYLE_USAGE ( .BOTH. , #8487 ) ;
#1824 = DIRECTION ( 'NONE',  ( 0.000000000000000000, 0.000000000000000000, -1.000000000000000000 ) ) ;
#1825 = EDGE_CURVE ( 'NONE', #10276, #2164, #11191, .T. ) ;
#1826 = CARTESIAN_POINT ( 'NONE',  ( 5.000000000000000000, -0.4000000000000000222, 0.000000000000000000 ) ) ;
#1827 = CYLINDRICAL_SURFACE ( 'NONE', #7057, 0.1999999999999996503 ) ;
#1828 = CARTESIAN_POINT ( 'NONE',  ( 5.000000000000000000, 2.339999999999999858, 1.100000000000000089 ) ) ;
#1829 = STYLED_ITEM ( 'NONE', ( #10273 ), #2480 ) ;
#1830 = SURFACE_SIDE_STYLE ('',( #10441 ) ) ;
#1831 = CARTESIAN_POINT ( 'NONE',  ( -2.140000000000000124, 4.750000000000000000, 1.000000000000000000 ) ) ;
#1832 = FACE_OUTER_BOUND ( 'NONE', #9533, .T. ) ;
#1833 =( LENGTH_UNIT ( ) NAMED_UNIT ( * ) SI_UNIT ( .MILLI., .METRE. ) );
#1834 = EDGE_LOOP ( 'NONE', ( #17, #10636, #1537, #9388 ) ) ;
#1835 = EDGE_LOOP ( 'NONE', ( #9703, #7836, #11762, #1478 ) ) ;
#1836 = VERTEX_POINT ( 'NONE', #4611 ) ;
#1837 = DIRECTION ( 'NONE',  ( -1.734723475976804876E-16, 1.000000000000000000, 0.000000000000000000 ) ) ;
#1838 = SURFACE_SIDE_STYLE ('',( #6083 ) ) ;
#1839 =( NAMED_UNIT ( * ) PLANE_ANGLE_UNIT ( ) SI_UNIT ( $, .RADIAN. ) );
#1840 = ADVANCED_FACE ( 'NONE', ( #1630 ), #11069, .F. ) ;
#1841 = CARTESIAN_POINT ( 'NONE',  ( 5.000000000000000000, 8.673617379884030542E-16, 1.100000000000000089 ) ) ;
#1842 = PRESENTATION_STYLE_ASSIGNMENT (( #10452 ) ) ;
#1843 = FILL_AREA_STYLE_COLOUR ( '', #11914 ) ;
#1844 = DIRECTION ( 'NONE',  ( 0.000000000000000000, 0.000000000000000000, -1.000000000000000000 ) ) ;
#1845 = CARTESIAN_POINT ( 'NONE',  ( -4.799999999999999822, 2.540000000000000036, -0.1000000000000000056 ) ) ;
#1846 = ORIENTED_EDGE ( 'NONE', *, *, #10972, .F. ) ;
#1847 = ORIENTED_EDGE ( 'NONE', *, *, #9944, .F. ) ;
#1848 = ORIENTED_EDGE ( 'NONE', *, *, #5052, .T. ) ;
#1849 = ORIENTED_EDGE ( 'NONE', *, *, #12041, .T. ) ;
#1850 = DIRECTION ( 'NONE',  ( 0.000000000000000000, -1.000000000000000000, 0.000000000000000000 ) ) ;
#1851 = ORIENTED_EDGE ( 'NONE', *, *, #12278, .F. ) ;
#1852 = EDGE_CURVE ( 'NONE', #11377, #386, #2897, .T. ) ;
#1853 = STYLED_ITEM ( 'NONE', ( #8398 ), #9778 ) ;
#1854 = DIRECTION ( 'NONE',  ( 0.000000000000000000, 0.000000000000000000, -1.000000000000000000 ) ) ;
#1855 = CARTESIAN_POINT ( 'NONE',  ( -5.009999999999999787, 0.2000000000000000111, 1.100000000000000089 ) ) ;
#1856 = ORIENTED_EDGE ( 'NONE', *, *, #11608, .F. ) ;
#1857 = CARTESIAN_POINT ( 'NONE',  ( 2.140000000000000124, 5.000000000000000000, 1.000000000000000000 ) ) ;
#1858 = ORIENTED_EDGE ( 'NONE', *, *, #3998, .T. ) ;
#1859 = ORIENTED_EDGE ( 'NONE', *, *, #9622, .T. ) ;
#1860 = MECHANICAL_DESIGN_GEOMETRIC_PRESENTATION_REPRESENTATION (  '', ( #243 ), #10697 ) ;
#1861 = EDGE_CURVE ( 'NONE', #1611, #10910, #1473, .T. ) ;
#1862 = EDGE_CURVE ( 'NONE', #8178, #5704, #3592, .T. ) ;
#1863 = DIRECTION ( 'NONE',  ( 1.000000000000000000, 0.000000000000000000, 0.000000000000000000 ) ) ;
#1864 = DIRECTION ( 'NONE',  ( 0.000000000000000000, 0.000000000000000000, 1.000000000000000000 ) ) ;
#1865 =( GEOMETRIC_REPRESENTATION_CONTEXT ( 3 ) GLOBAL_UNCERTAINTY_ASSIGNED_CONTEXT ( ( #2995 ) ) GLOBAL_UNIT_ASSIGNED_CONTEXT ( ( #5289, #11671, #12111 ) ) REPRESENTATION_CONTEXT ( 'NONE', 'WORKASPACE' ) );
#1866 = EDGE_CURVE ( 'NONE', #7366, #5585, #7408, .T. ) ;
#1867 = SURFACE_SIDE_STYLE ('',( #7818 ) ) ;
#1868 = VECTOR ( 'NONE', #2147, 1000.000000000000000 ) ;
#1869 =( GEOMETRIC_REPRESENTATION_CONTEXT ( 3 ) GLOBAL_UNCERTAINTY_ASSIGNED_CONTEXT ( ( #2135 ) ) GLOBAL_UNIT_ASSIGNED_CONTEXT ( ( #6147, #8195, #7404 ) ) REPRESENTATION_CONTEXT ( 'NONE', 'WORKASPACE' ) );
#1870 = CARTESIAN_POINT ( 'NONE',  ( 0.1999999999999484968, -5.000000000000000000, -0.1000000000000000056 ) ) ;
#1871 = VERTEX_POINT ( 'NONE', #4595 ) ;
#1872 = PRESENTATION_STYLE_ASSIGNMENT (( #1762 ) ) ;
#1873 = UNCERTAINTY_MEASURE_WITH_UNIT (LENGTH_MEASURE( 1.000000000000000082E-05 ), #12305, 'distance_accuracy_value', 'NONE');
#1874 = VECTOR ( 'NONE', #12062, 1000.000000000000000 ) ;
#1875 = CARTESIAN_POINT ( 'NONE',  ( -0.8699999999999840083, 4.750000000000000000, 1.100000000000000089 ) ) ;
#1876 = VECTOR ( 'NONE', #7754, 1000.000000000000000 ) ;
#1877 = STYLED_ITEM ( 'NONE', ( #3557 ), #10530 ) ;
#1878 = VECTOR ( 'NONE', #10131, 1000.000000000000000 ) ;
#1879 = EDGE_CURVE ( 'NONE', #6640, #9056, #4467, .T. ) ;
#1880 = CARTESIAN_POINT ( 'NONE',  ( -5.000000000000000000, 2.939999999999999947, 0.000000000000000000 ) ) ;
#1881 = CARTESIAN_POINT ( 'NONE',  ( -4.750000000000000000, -0.4000000000000000222, 1.100000000000000089 ) ) ;
#1882 = SURFACE_STYLE_USAGE ( .BOTH. , #2213 ) ;
#1883 = CARTESIAN_POINT ( 'NONE',  ( -1.269999999999982032, 5.000000000000000000, 1.100000000000000089 ) ) ;
#1884 = CARTESIAN_POINT ( 'NONE',  ( -5.009999999999999787, -2.140000000000000124, -0.1000000000000000056 ) ) ;
#1885 = CARTESIAN_POINT ( 'NONE',  ( 4.250000000000000000, 0.8699999999999999956, -0.1000000000000000056 ) ) ;
#1886 = CARTESIAN_POINT ( 'NONE',  ( -4.250000000000000000, -0.8699999999999999956, -0.1000000000000000056 ) ) ;
#1887 = CARTESIAN_POINT ( 'NONE',  ( 5.000000000000000000, 0.8699999999999999956, 1.000000000000000000 ) ) ;
#1888 = FILL_AREA_STYLE ('',( #3748 ) ) ;
#1889 = VECTOR ( 'NONE', #11975, 1000.000000000000000 ) ;
#1890 = COLOUR_RGB ( '',0.5372549019607842924, 0.6235294117647058876, 0.000000000000000000 ) ;
#1891 = VERTEX_POINT ( 'NONE', #12096 ) ;
#1892 = VECTOR ( 'NONE', #371, 1000.000000000000000 ) ;
#1893 = STYLED_ITEM ( 'NONE', ( #10989 ), #6580 ) ;
#1894 = SURFACE_STYLE_USAGE ( .BOTH. , #4749 ) ;
#1895 = ORIENTED_EDGE ( 'NONE', *, *, #4418, .T. ) ;
#1896 = ORIENTED_EDGE ( 'NONE', *, *, #12320, .F. ) ;
#1897 = EDGE_CURVE ( 'NONE', #2033, #724, #1411, .T. ) ;
#1898 = SURFACE_SIDE_STYLE ('',( #11171 ) ) ;
#1899 = EDGE_LOOP ( 'NONE', ( #288, #8890, #6544, #12259 ) ) ;
#1900 = EDGE_CURVE ( 'NONE', #1020, #5408, #8261, .T. ) ;
#1901 = UNCERTAINTY_MEASURE_WITH_UNIT (LENGTH_MEASURE( 1.000000000000000082E-05 ), #10225, 'distance_accuracy_value', 'NONE');
#1902 = DIRECTION ( 'NONE',  ( 1.000000000000000000, 0.000000000000000000, 0.000000000000000000 ) ) ;
#1903 =( GEOMETRIC_REPRESENTATION_CONTEXT ( 3 ) GLOBAL_UNCERTAINTY_ASSIGNED_CONTEXT ( ( #9794 ) ) GLOBAL_UNIT_ASSIGNED_CONTEXT ( ( #6647, #8508, #3692 ) ) REPRESENTATION_CONTEXT ( 'NONE', 'WORKASPACE' ) );
#1904 = DIRECTION ( 'NONE',  ( 0.000000000000000000, 0.000000000000000000, -1.000000000000000000 ) ) ;
#1905 = CARTESIAN_POINT ( 'NONE',  ( 1.659004495622724745E-14, 5.000000000000000000, 1.100000000000000089 ) ) ;
#1906 = DIRECTION ( 'NONE',  ( 1.000000000000000000, 0.000000000000000000, 0.000000000000000000 ) ) ;
#1907 = CARTESIAN_POINT ( 'NONE',  ( 4.750000000000000000, 2.939999999999999947, 1.100000000000000089 ) ) ;
#1908 = CARTESIAN_POINT ( 'NONE',  ( -5.000000000000000000, -5.000000000000000000, 0.000000000000000000 ) ) ;
#1909 = CARTESIAN_POINT ( 'NONE',  ( -2.939999999999999947, 4.750000000000000000, 1.000000000000000000 ) ) ;
#1910 = VECTOR ( 'NONE', #9077, 1000.000000000000000 ) ;
#1911 = EDGE_LOOP ( 'NONE', ( #11103, #9390, #9373, #8308 ) ) ;
#1912 = ADVANCED_FACE ( 'NONE', ( #3404 ), #11055, .F. ) ;
#1913 =( GEOMETRIC_REPRESENTATION_CONTEXT ( 3 ) GLOBAL_UNCERTAINTY_ASSIGNED_CONTEXT ( ( #3689 ) ) GLOBAL_UNIT_ASSIGNED_CONTEXT ( ( #10991, #11852, #5534 ) ) REPRESENTATION_CONTEXT ( 'NONE', 'WORKASPACE' ) );
#1914 = EDGE_LOOP ( 'NONE', ( #10638, #1626, #8815, #2276 ) ) ;
#1915 = ORIENTED_EDGE ( 'NONE', *, *, #4661, .T. ) ;
#1916 = SURFACE_STYLE_USAGE ( .BOTH. , #8640 ) ;
#1917 = MECHANICAL_DESIGN_GEOMETRIC_PRESENTATION_REPRESENTATION (  '', ( #5555 ), #5150 ) ;
#1918 = ORIENTED_EDGE ( 'NONE', *, *, #4971, .F. ) ;
#1919 = FACE_OUTER_BOUND ( 'NONE', #1451, .T. ) ;
#1920 = PRESENTATION_LAYER_ASSIGNMENT (  '', '', ( #2125 ) ) ;
#1921 = PLANE ( 'NONE',  #5225 ) ;
#1922 =( NAMED_UNIT ( * ) SI_UNIT ( $, .STERADIAN. ) SOLID_ANGLE_UNIT ( ) );
#1923 = SURFACE_STYLE_FILL_AREA ( #11488 ) ;
#1924 = SURFACE_SIDE_STYLE ('',( #6658 ) ) ;
#1925 = CARTESIAN_POINT ( 'NONE',  ( 5.009999999999999787, 2.140000000000000124, 1.100000000000000089 ) ) ;
#1926 = ORIENTED_EDGE ( 'NONE', *, *, #214, .F. ) ;
#1927 = VECTOR ( 'NONE', #10174, 1000.000000000000000 ) ;
#1928 = EDGE_CURVE ( 'NONE', #8387, #1891, #3015, .T. ) ;
#1929 = CARTESIAN_POINT ( 'NONE',  ( -2.740000000000049507, -5.009999999999999787, -0.1000000000000000056 ) ) ;
#1930 =( NAMED_UNIT ( * ) SI_UNIT ( $, .STERADIAN. ) SOLID_ANGLE_UNIT ( ) );
#1931 = EDGE_LOOP ( 'NONE', ( #3390, #6071, #8888, #8305 ) ) ;
#1932 = ORIENTED_EDGE ( 'NONE', *, *, #9605, .F. ) ;
#1933 = PRESENTATION_LAYER_ASSIGNMENT (  '', '', ( #10353 ) ) ;
#1934 = ADVANCED_FACE ( 'NONE', ( #4707 ), #3706, .F. ) ;
#1935 = COLOUR_RGB ( '',1.000000000000000000, 0.8117647058823529438, 0.5019607843137254832 ) ;
#1936 = VECTOR ( 'NONE', #8331, 1000.000000000000000 ) ;
#1937 = CARTESIAN_POINT ( 'NONE',  ( -0.1999999999999830247, 5.009999999999999787, -0.1000000000000000056 ) ) ;
#1938 = EDGE_CURVE ( 'NONE', #458, #11636, #10586, .T. ) ;
#1939 = CARTESIAN_POINT ( 'NONE',  ( -4.799999999999999822, -1.270000000000000018, 1.100000000000000089 ) ) ;
#1940 = CARTESIAN_POINT ( 'NONE',  ( 2.139999999999949942, -4.750000000000000000, 1.000000000000000000 ) ) ;
#1941 = LINE ( 'NONE', #2186, #4363 ) ;
#1942 = VECTOR ( 'NONE', #10053, 1000.000000000000000 ) ;
#1943 = CARTESIAN_POINT ( 'NONE',  ( -2.940000000000044800, -4.250000000000000000, -0.1000000000000000056 ) ) ;
#1944 = ORIENTED_EDGE ( 'NONE', *, *, #1862, .T. ) ;
#1945 = VECTOR ( 'NONE', #525, 1000.000000000000000 ) ;
#1946 = EDGE_CURVE ( 'NONE', #4506, #1345, #3891, .T. ) ;
#1947 = ADVANCED_FACE ( 'NONE', ( #85 ), #11603, .F. ) ;
#1948 = STYLED_ITEM ( 'NONE', ( #5664 ), #466 ) ;
#1949 = STYLED_ITEM ( 'NONE', ( #8103 ), #103 ) ;
#1950 = FACE_OUTER_BOUND ( 'NONE', #3556, .T. ) ;
#1951 =( NAMED_UNIT ( * ) SI_UNIT ( $, .STERADIAN. ) SOLID_ANGLE_UNIT ( ) );
#1952 =( NAMED_UNIT ( * ) SI_UNIT ( $, .STERADIAN. ) SOLID_ANGLE_UNIT ( ) );
#1953 = STYLED_ITEM ( 'NONE', ( #12252 ), #1563 ) ;
#1954 = CARTESIAN_POINT ( 'NONE',  ( 5.000000000000000000, 2.140000000000000124, 0.000000000000000000 ) ) ;
#1955 =( GEOMETRIC_REPRESENTATION_CONTEXT ( 3 ) GLOBAL_UNCERTAINTY_ASSIGNED_CONTEXT ( ( #11019 ) ) GLOBAL_UNIT_ASSIGNED_CONTEXT ( ( #2935, #1972, #9638 ) ) REPRESENTATION_CONTEXT ( 'NONE', 'WORKASPACE' ) );
#1956 = CARTESIAN_POINT ( 'NONE',  ( -2.940000000000049685, -4.750000000000000000, 1.100000000000000089 ) ) ;
#1957 = SURFACE_STYLE_USAGE ( .BOTH. , #5685 ) ;
#1958 = DIRECTION ( 'NONE',  ( 1.084202172485506327E-14, 1.000000000000000000, 0.000000000000000000 ) ) ;
#1959 = DIRECTION ( 'NONE',  ( -1.047444401652940164E-14, -1.000000000000000000, 0.000000000000000000 ) ) ;
#1960 = FILL_AREA_STYLE ('',( #2202 ) ) ;
#1961 = CARTESIAN_POINT ( 'NONE',  ( 1.669999999999949969, -5.000000000000000000, 1.000000000000000000 ) ) ;
#1962 = SURFACE_STYLE_FILL_AREA ( #3997 ) ;
#1963 = DIRECTION ( 'NONE',  ( 1.000000000000000000, 0.000000000000000000, 0.000000000000000000 ) ) ;
#1965 = EDGE_CURVE ( 'NONE', #5774, #7087, #156, .T. ) ;
#1964 = AXIS2_PLACEMENT_3D ( 'NONE', #1692, #11319, #3548 ) ;
#1966 = FACE_OUTER_BOUND ( 'NONE', #240, .T. ) ;
#1967 = ORIENTED_EDGE ( 'NONE', *, *, #2726, .F. ) ;
#1968 = MECHANICAL_DESIGN_GEOMETRIC_PRESENTATION_REPRESENTATION (  '', ( #9588 ), #6371 ) ;
#1969 =( GEOMETRIC_REPRESENTATION_CONTEXT ( 3 ) GLOBAL_UNCERTAINTY_ASSIGNED_CONTEXT ( ( #6998 ) ) GLOBAL_UNIT_ASSIGNED_CONTEXT ( ( #3254, #3053, #4880 ) ) REPRESENTATION_CONTEXT ( 'NONE', 'WORKASPACE' ) );
#1970 = CARTESIAN_POINT ( 'NONE',  ( -5.000000000000000000, 2.739999999999999769, -0.2999999999999999889 ) ) ;
#1971 = ORIENTED_EDGE ( 'NONE', *, *, #11418, .T. ) ;
#1972 =( NAMED_UNIT ( * ) PLANE_ANGLE_UNIT ( ) SI_UNIT ( $, .RADIAN. ) );
#1973 = CARTESIAN_POINT ( 'NONE',  ( 0.4000000000000155098, 4.750000000000000000, 1.100000000000000089 ) ) ;
#1974 = SURFACE_SIDE_STYLE ('',( #4010 ) ) ;
#1975 = LINE ( 'NONE', #5762, #12388 ) ;
#1976 =( GEOMETRIC_REPRESENTATION_CONTEXT ( 3 ) GLOBAL_UNCERTAINTY_ASSIGNED_CONTEXT ( ( #9455 ) ) GLOBAL_UNIT_ASSIGNED_CONTEXT ( ( #3382, #446, #9261 ) ) REPRESENTATION_CONTEXT ( 'NONE', 'WORKASPACE' ) );
#1977 = CARTESIAN_POINT ( 'NONE',  ( -5.000000000000000000, -0.4000000000000000222, 0.000000000000000000 ) ) ;
#1978 = FILL_AREA_STYLE_COLOUR ( '', #4121 ) ;
#1979 = CARTESIAN_POINT ( 'NONE',  ( 0.8700000000000169820, 5.000000000000000000, 1.000000000000000000 ) ) ;
#1980 = STYLED_ITEM ( 'NONE', ( #9757 ), #5496 ) ;
#1981 = CARTESIAN_POINT ( 'NONE',  ( 0.4000000000000165090, 5.000000000000000000, 0.000000000000000000 ) ) ;
#1982 = LINE ( 'NONE', #1082, #905 ) ;
#1983 = ORIENTED_EDGE ( 'NONE', *, *, #2838, .T. ) ;
#1984 = ORIENTED_EDGE ( 'NONE', *, *, #10746, .T. ) ;
#1985 = ORIENTED_EDGE ( 'NONE', *, *, #2058, .T. ) ;
#1986 = VECTOR ( 'NONE', #930, 1000.000000000000000 ) ;
#1987 = VERTEX_POINT ( 'NONE', #393 ) ;
#1988 = STYLED_ITEM ( 'NONE', ( #2605 ), #5726 ) ;
#1989 = VERTEX_POINT ( 'NONE', #6022 ) ;
#1990 = LINE ( 'NONE', #12396, #2805 ) ;
#1991 = DIRECTION ( 'NONE',  ( -1.000000000000000000, 3.491481338843135327E-15, 0.000000000000000000 ) ) ;
#1992 = DIRECTION ( 'NONE',  ( 1.734723475976804876E-16, -1.000000000000000000, 0.000000000000000000 ) ) ;
#1993 = EDGE_CURVE ( 'NONE', #12281, #8943, #1157, .T. ) ;
#1994 =( GEOMETRIC_REPRESENTATION_CONTEXT ( 3 ) GLOBAL_UNCERTAINTY_ASSIGNED_CONTEXT ( ( #5945 ) ) GLOBAL_UNIT_ASSIGNED_CONTEXT ( ( #4560, #767, #4625 ) ) REPRESENTATION_CONTEXT ( 'NONE', 'WORKASPACE' ) );
#1995 = DIRECTION ( 'NONE',  ( 0.000000000000000000, 0.000000000000000000, 1.000000000000000000 ) ) ;
#1996 = VERTEX_POINT ( 'NONE', #4027 ) ;
#1997 = COLOUR_RGB ( '',1.000000000000000000, 0.8117647058823529438, 0.5019607843137254832 ) ;
#1998 = CARTESIAN_POINT ( 'NONE',  ( -5.000000000000000000, -1.070000000000000062, -0.1000000000000000056 ) ) ;
#1999 = ORIENTED_EDGE ( 'NONE', *, *, #11763, .T. ) ;
#2000 = ORIENTED_EDGE ( 'NONE', *, *, #5514, .T. ) ;
#2001 = VECTOR ( 'NONE', #1992, 1000.000000000000000 ) ;
#2002 =( GEOMETRIC_REPRESENTATION_CONTEXT ( 3 ) GLOBAL_UNCERTAINTY_ASSIGNED_CONTEXT ( ( #6251 ) ) GLOBAL_UNIT_ASSIGNED_CONTEXT ( ( #5005, #4435, #1577 ) ) REPRESENTATION_CONTEXT ( 'NONE', 'WORKASPACE' ) );
#2003 = PRESENTATION_STYLE_ASSIGNMENT (( #6851 ) ) ;
#2004 = LINE ( 'NONE', #980, #8699 ) ;
#2005 = CARTESIAN_POINT ( 'NONE',  ( -5.000000000000000000, -1.469999999999999973, -0.2999999999999999889 ) ) ;
#2006 = LINE ( 'NONE', #5860, #3728 ) ;
#2007 =( NAMED_UNIT ( * ) SI_UNIT ( $, .STERADIAN. ) SOLID_ANGLE_UNIT ( ) );
#2008 = ADVANCED_FACE ( 'NONE', ( #9879 ), #5963, .T. ) ;
#2009 = UNCERTAINTY_MEASURE_WITH_UNIT (LENGTH_MEASURE( 1.000000000000000082E-05 ), #12247, 'distance_accuracy_value', 'NONE');
#2010 = DIRECTION ( 'NONE',  ( 0.000000000000000000, -1.000000000000000000, 0.000000000000000000 ) ) ;
#2011 = DIRECTION ( 'NONE',  ( -0.000000000000000000, 1.000000000000000000, 0.000000000000000000 ) ) ;
#2012 = CARTESIAN_POINT ( 'NONE',  ( -5.009999999999999787, 2.540000000000000036, 0.000000000000000000 ) ) ;
#2013 = VECTOR ( 'NONE', #3201, 1000.000000000000000 ) ;
#2014 = DIRECTION ( 'NONE',  ( 0.000000000000000000, 0.000000000000000000, 1.000000000000000000 ) ) ;
#2015 = ORIENTED_EDGE ( 'NONE', *, *, #8120, .T. ) ;
#2016 = DIRECTION ( 'NONE',  ( -1.000000000000000000, -8.673617379884039170E-17, 0.000000000000000000 ) ) ;
#2017 = UNCERTAINTY_MEASURE_WITH_UNIT (LENGTH_MEASURE( 1.000000000000000082E-05 ), #601, 'distance_accuracy_value', 'NONE');
#2018 = DIRECTION ( 'NONE',  ( 0.000000000000000000, -1.000000000000000000, 0.000000000000000000 ) ) ;
#2019 = AXIS2_PLACEMENT_3D ( 'NONE', #157, #6898, #7145 ) ;
#2020 = DIRECTION ( 'NONE',  ( 0.000000000000000000, 0.000000000000000000, 1.000000000000000000 ) ) ;
#2021 =( LENGTH_UNIT ( ) NAMED_UNIT ( * ) SI_UNIT ( .MILLI., .METRE. ) );
#2022 =( LENGTH_UNIT ( ) NAMED_UNIT ( * ) SI_UNIT ( .MILLI., .METRE. ) );
#2023 =( NAMED_UNIT ( * ) SI_UNIT ( $, .STERADIAN. ) SOLID_ANGLE_UNIT ( ) );
#2024 = EDGE_CURVE ( 'NONE', #3066, #3519, #3269, .T. ) ;
#2025 = DIRECTION ( 'NONE',  ( -1.047444401652940164E-14, -1.000000000000000000, 0.000000000000000000 ) ) ;
#2026 = DIRECTION ( 'NONE',  ( 0.000000000000000000, 0.000000000000000000, -1.000000000000000000 ) ) ;
#2027 = DIRECTION ( 'NONE',  ( -1.000000000000000000, 3.491481338843135327E-15, 0.000000000000000000 ) ) ;
#2028 = DIRECTION ( 'NONE',  ( -1.734723475976804876E-16, 1.000000000000000000, 0.000000000000000000 ) ) ;
#2029 = FACE_BOUND ( 'NONE', #688, .T. ) ;
#2030 =( GEOMETRIC_REPRESENTATION_CONTEXT ( 3 ) GLOBAL_UNCERTAINTY_ASSIGNED_CONTEXT ( ( #11274 ) ) GLOBAL_UNIT_ASSIGNED_CONTEXT ( ( #5501, #6443, #6629 ) ) REPRESENTATION_CONTEXT ( 'NONE', 'WORKASPACE' ) );
#2031 = ORIENTED_EDGE ( 'NONE', *, *, #6417, .F. ) ;
#2032 = DIRECTION ( 'NONE',  ( 0.000000000000000000, 0.000000000000000000, 1.000000000000000000 ) ) ;
#2033 = VERTEX_POINT ( 'NONE', #210 ) ;
#2034 = CARTESIAN_POINT ( 'NONE',  ( 2.139999999999954827, -4.250000000000000000, 0.000000000000000000 ) ) ;
#2035 = DIRECTION ( 'NONE',  ( -3.491481338843135327E-15, -1.000000000000000000, 0.000000000000000000 ) ) ;
#2036 = UNCERTAINTY_MEASURE_WITH_UNIT (LENGTH_MEASURE( 1.000000000000000082E-05 ), #10555, 'distance_accuracy_value', 'NONE');
#2037 =( NAMED_UNIT ( * ) PLANE_ANGLE_UNIT ( ) SI_UNIT ( $, .RADIAN. ) );
#2038 = AXIS2_PLACEMENT_3D ( 'NONE', #4987, #2010, #11498 ) ;
#2039 =( NAMED_UNIT ( * ) SI_UNIT ( $, .STERADIAN. ) SOLID_ANGLE_UNIT ( ) );
#2040 = EDGE_CURVE ( 'NONE', #3076, #5575, #8883, .T. ) ;
#2041 = EDGE_CURVE ( 'NONE', #853, #3899, #7855, .T. ) ;
#2042 = DIRECTION ( 'NONE',  ( -1.000000000000000000, 0.000000000000000000, 0.000000000000000000 ) ) ;
#2043 = SURFACE_STYLE_USAGE ( .BOTH. , #3950 ) ;
#2044 = CARTESIAN_POINT ( 'NONE',  ( -2.940000000000049685, -4.750000000000000000, 1.000000000000000000 ) ) ;
#2045 = ORIENTED_EDGE ( 'NONE', *, *, #2184, .T. ) ;
#2046 = VERTEX_POINT ( 'NONE', #7984 ) ;
#2047 = VERTEX_POINT ( 'NONE', #6842 ) ;
#2048 = EDGE_LOOP ( 'NONE', ( #1522, #591, #6390, #2579, #8930, #6738, #8336, #571 ) ) ;
#2049 = SURFACE_STYLE_FILL_AREA ( #9590 ) ;
#2050 = DIRECTION ( 'NONE',  ( -1.000000000000000000, 3.491481338843135327E-15, 0.000000000000000000 ) ) ;
#2051 = CARTESIAN_POINT ( 'NONE',  ( -4.750000000000000000, -0.8699999999999999956, 1.100000000000000089 ) ) ;
#2052 = DIRECTION ( 'NONE',  ( -8.673617379884039170E-17, 1.000000000000000000, 0.000000000000000000 ) ) ;
#2053 = PLANE ( 'NONE',  #662 ) ;
#2054 = VERTEX_POINT ( 'NONE', #7080 ) ;
#2055 = CARTESIAN_POINT ( 'NONE',  ( -1.069999999999983853, 5.009999999999999787, -0.1000000000000000056 ) ) ;
#2056 = VERTEX_POINT ( 'NONE', #10771 ) ;
#2057 = EDGE_LOOP ( 'NONE', ( #5469, #2596, #8583, #8706, #11381, #4850, #8141, #9887 ) ) ;
#2058 = EDGE_CURVE ( 'NONE', #8533, #8624, #1214, .T. ) ;
#2059 =( GEOMETRIC_REPRESENTATION_CONTEXT ( 3 ) GLOBAL_UNCERTAINTY_ASSIGNED_CONTEXT ( ( #3037 ) ) GLOBAL_UNIT_ASSIGNED_CONTEXT ( ( #926, #1354, #8132 ) ) REPRESENTATION_CONTEXT ( 'NONE', 'WORKASPACE' ) );
#2060 = SURFACE_STYLE_FILL_AREA ( #7155 ) ;
#2061 = CARTESIAN_POINT ( 'NONE',  ( -2.340000000000050040, -5.000000000000000000, -0.2999999999999999889 ) ) ;
#2062 = CARTESIAN_POINT ( 'NONE',  ( 0.2000000000000165257, 5.009999999999999787, 1.100000000000000089 ) ) ;
#2063 = SURFACE_STYLE_FILL_AREA ( #10285 ) ;
#2064 = DIRECTION ( 'NONE',  ( -1.000000000000000000, 1.047444401652940164E-14, 0.000000000000000000 ) ) ;
#2065 = PLANE ( 'NONE',  #5287 ) ;
#2066 =( NAMED_UNIT ( * ) PLANE_ANGLE_UNIT ( ) SI_UNIT ( $, .RADIAN. ) );
#2067 = CARTESIAN_POINT ( 'NONE',  ( 5.009999999999999787, -0.8699999999999999956, -0.1000000000000000056 ) ) ;
#2068 = DIRECTION ( 'NONE',  ( 0.000000000000000000, 0.000000000000000000, -1.000000000000000000 ) ) ;
#2069 = ORIENTED_EDGE ( 'NONE', *, *, #6422, .T. ) ;
#2070 = VECTOR ( 'NONE', #1235, 1000.000000000000000 ) ;
#2071 = CARTESIAN_POINT ( 'NONE',  ( 5.000000000000000000, 5.000000000000000000, 1.000000000000000000 ) ) ;
#2072 =( NAMED_UNIT ( * ) PLANE_ANGLE_UNIT ( ) SI_UNIT ( $, .RADIAN. ) );
#2073 = EDGE_CURVE ( 'NONE', #590, #9862, #266, .T. ) ;
#2074 = DIRECTION ( 'NONE',  ( 0.000000000000000000, 1.000000000000000000, 0.000000000000000000 ) ) ;
#2075 = PRESENTATION_LAYER_ASSIGNMENT (  '', '', ( #4916 ) ) ;
#2076 = LINE ( 'NONE', #934, #5533 ) ;
#2077 = VECTOR ( 'NONE', #1389, 1000.000000000000000 ) ;
#2078 = DIRECTION ( 'NONE',  ( 0.000000000000000000, -1.000000000000000000, 0.000000000000000000 ) ) ;
#2079 = DIRECTION ( 'NONE',  ( -1.000000000000000000, 2.891205793294680298E-16, 0.000000000000000000 ) ) ;
#2080 = SURFACE_STYLE_USAGE ( .BOTH. , #10809 ) ;
#2081 =( NAMED_UNIT ( * ) PLANE_ANGLE_UNIT ( ) SI_UNIT ( $, .RADIAN. ) );
#2082 = CARTESIAN_POINT ( 'NONE',  ( -2.339999999999999858, 5.009999999999999787, -0.1000000000000000056 ) ) ;
#2083 = SURFACE_STYLE_FILL_AREA ( #2987 ) ;
#2084 = EDGE_LOOP ( 'NONE', ( #9831, #2960, #2410, #1744 ) ) ;
#2085 = MECHANICAL_DESIGN_GEOMETRIC_PRESENTATION_REPRESENTATION (  '', ( #6108 ), #3107 ) ;
#2086 =( GEOMETRIC_REPRESENTATION_CONTEXT ( 3 ) GLOBAL_UNCERTAINTY_ASSIGNED_CONTEXT ( ( #3350 ) ) GLOBAL_UNIT_ASSIGNED_CONTEXT ( ( #3484, #1373, #9924 ) ) REPRESENTATION_CONTEXT ( 'NONE', 'WORKASPACE' ) );
#2087 = FILL_AREA_STYLE_COLOUR ( '', #524 ) ;
#2088 = VERTEX_POINT ( 'NONE', #2051 ) ;
#2089 = EDGE_CURVE ( 'NONE', #5691, #827, #11770, .T. ) ;
#2090 = VECTOR ( 'NONE', #2018, 1000.000000000000000 ) ;
#2091 = LINE ( 'NONE', #3051, #5359 ) ;
#2092 = ORIENTED_EDGE ( 'NONE', *, *, #2775, .T. ) ;
#2093 = DIRECTION ( 'NONE',  ( 0.000000000000000000, 0.000000000000000000, 1.000000000000000000 ) ) ;
#2094 = UNCERTAINTY_MEASURE_WITH_UNIT (LENGTH_MEASURE( 1.000000000000000082E-05 ), #8407, 'distance_accuracy_value', 'NONE');
#2095 = CARTESIAN_POINT ( 'NONE',  ( -5.000000000000000000, 5.000000000000000000, 1.000000000000000000 ) ) ;
#2096 = SURFACE_STYLE_FILL_AREA ( #10689 ) ;
#2097 = UNCERTAINTY_MEASURE_WITH_UNIT (LENGTH_MEASURE( 1.000000000000000082E-05 ), #8176, 'distance_accuracy_value', 'NONE');
#2098 = MECHANICAL_DESIGN_GEOMETRIC_PRESENTATION_REPRESENTATION (  '', ( #6917 ), #3721 ) ;
#2099 = VECTOR ( 'NONE', #8351, 1000.000000000000000 ) ;
#2100 = SURFACE_SIDE_STYLE ('',( #10692 ) ) ;
#2101 = CARTESIAN_POINT ( 'NONE',  ( -2.340000000000050040, -5.009999999999999787, -0.1000000000000000056 ) ) ;
#2102 = MECHANICAL_DESIGN_GEOMETRIC_PRESENTATION_REPRESENTATION (  '', ( #6919 ), #3324 ) ;
#2103 = PRESENTATION_STYLE_ASSIGNMENT (( #2043 ) ) ;
#2104 = VECTOR ( 'NONE', #6835, 1000.000000000000000 ) ;
#2105 = FILL_AREA_STYLE_COLOUR ( '', #559 ) ;
#2106 = DIRECTION ( 'NONE',  ( -1.047444401652940164E-14, -1.000000000000000000, 0.000000000000000000 ) ) ;
#2107 = VERTEX_POINT ( 'NONE', #7019 ) ;
#2108 = EDGE_CURVE ( 'NONE', #8864, #1486, #1092, .T. ) ;
#2109 = EDGE_CURVE ( 'NONE', #2506, #6448, #5565, .T. ) ;
#2110 = ORIENTED_EDGE ( 'NONE', *, *, #9417, .F. ) ;
#2111 =( NAMED_UNIT ( * ) PLANE_ANGLE_UNIT ( ) SI_UNIT ( $, .RADIAN. ) );
#2112 = STYLED_ITEM ( 'NONE', ( #427 ), #11776 ) ;
#2113 = PRESENTATION_LAYER_ASSIGNMENT (  '', '', ( #897 ) ) ;
#2114 = COLOUR_RGB ( '',1.000000000000000000, 0.8117647058823529438, 0.5019607843137254832 ) ;
#2115 = ORIENTED_EDGE ( 'NONE', *, *, #6881, .F. ) ;
#2116 = PRESENTATION_STYLE_ASSIGNMENT (( #6896 ) ) ;
#2117 = DIRECTION ( 'NONE',  ( 1.000000000000000000, 0.000000000000000000, 0.000000000000000000 ) ) ;
#2118 = CARTESIAN_POINT ( 'NONE',  ( -4.250000000000000000, -2.939999999999999947, -0.1000000000000000056 ) ) ;
#2119 = ORIENTED_EDGE ( 'NONE', *, *, #9605, .T. ) ;
#2120 =( NAMED_UNIT ( * ) PLANE_ANGLE_UNIT ( ) SI_UNIT ( $, .RADIAN. ) );
#2121 = VERTEX_POINT ( 'NONE', #11332 ) ;
#2122 = EDGE_CURVE ( 'NONE', #7663, #7555, #4680, .T. ) ;
#2123 = VERTEX_POINT ( 'NONE', #10014 ) ;
#2124 = SURFACE_SIDE_STYLE ('',( #7638 ) ) ;
#2125 = STYLED_ITEM ( 'NONE', ( #5550 ), #12159 ) ;
#2126 = VECTOR ( 'NONE', #5042, 1000.000000000000000 ) ;
#2127 = CARTESIAN_POINT ( 'NONE',  ( -5.000000000000000000, -2.140000000000000124, 1.100000000000000089 ) ) ;
#2128 = VECTOR ( 'NONE', #12066, 1000.000000000000000 ) ;
#2129 = SURFACE_STYLE_USAGE ( .BOTH. , #7819 ) ;
#2130 = SURFACE_STYLE_FILL_AREA ( #10725 ) ;
#2131 = DIRECTION ( 'NONE',  ( 1.000000000000000000, 0.000000000000000000, 0.000000000000000000 ) ) ;
#2132 = ORIENTED_EDGE ( 'NONE', *, *, #3565, .T. ) ;
#2133 = MECHANICAL_DESIGN_GEOMETRIC_PRESENTATION_REPRESENTATION (  '', ( #9156 ), #10541 ) ;
#2134 = ORIENTED_EDGE ( 'NONE', *, *, #5392, .F. ) ;
#2135 = UNCERTAINTY_MEASURE_WITH_UNIT (LENGTH_MEASURE( 1.000000000000000082E-05 ), #6147, 'distance_accuracy_value', 'NONE');
#2136 = COLOUR_RGB ( '',1.000000000000000000, 0.8117647058823529438, 0.5019607843137254832 ) ;
#2137 = LINE ( 'NONE', #9796, #11312 ) ;
#2138 = PRESENTATION_LAYER_ASSIGNMENT (  '', '', ( #12355 ) ) ;
#2139 = DIRECTION ( 'NONE',  ( 4.336808689942025625E-15, 1.000000000000000000, 0.000000000000000000 ) ) ;
#2140 = DIRECTION ( 'NONE',  ( -1.000000000000000000, 3.491481338843135327E-15, 0.000000000000000000 ) ) ;
#2141 =( NAMED_UNIT ( * ) SI_UNIT ( $, .STERADIAN. ) SOLID_ANGLE_UNIT ( ) );
#2142 = FILL_AREA_STYLE_COLOUR ( '', #12224 ) ;
#2143 =( NAMED_UNIT ( * ) SI_UNIT ( $, .STERADIAN. ) SOLID_ANGLE_UNIT ( ) );
#2144 = FILL_AREA_STYLE_COLOUR ( '', #5794 ) ;
#2145 = EDGE_CURVE ( 'NONE', #8992, #2485, #10376, .T. ) ;
#2146 = VECTOR ( 'NONE', #12168, 1000.000000000000000 ) ;
#2147 = DIRECTION ( 'NONE',  ( 0.000000000000000000, 0.000000000000000000, 1.000000000000000000 ) ) ;
#2148 = AXIS2_PLACEMENT_3D ( 'NONE', #9890, #10078, #4221 ) ;
#2149 = PLANE ( 'NONE',  #7716 ) ;
#2150 = CARTESIAN_POINT ( 'NONE',  ( -5.009999999999999787, -2.939999999999999947, 1.100000000000000089 ) ) ;
#2151 = VECTOR ( 'NONE', #4106, 1000.000000000000000 ) ;
#2152 = EDGE_LOOP ( 'NONE', ( #8831, #790, #854, #8564, #3448, #5243, #8206, #6411 ) ) ;
#2153 = SURFACE_STYLE_FILL_AREA ( #8806 ) ;
#2154 = COLOUR_RGB ( '',1.000000000000000000, 0.8117647058823529438, 0.5019607843137254832 ) ;
#2155 = STYLED_ITEM ( 'NONE', ( #11416 ), #5114 ) ;
#2156 = DIRECTION ( 'NONE',  ( 1.000000000000000000, 0.000000000000000000, 0.000000000000000000 ) ) ;
#2157 = PRESENTATION_STYLE_ASSIGNMENT (( #10754 ) ) ;
#2158 = DIRECTION ( 'NONE',  ( 3.491481338843136511E-15, 1.000000000000000000, 0.000000000000000000 ) ) ;
#2159 = LINE ( 'NONE', #1258, #263 ) ;
#2160 = EDGE_CURVE ( 'NONE', #2559, #2243, #11275, .T. ) ;
#2161 =( LENGTH_UNIT ( ) NAMED_UNIT ( * ) SI_UNIT ( .MILLI., .METRE. ) );
#2162 = AXIS2_PLACEMENT_3D ( 'NONE', #5057, #6052, #4872 ) ;
#2163 = VECTOR ( 'NONE', #1582, 1000.000000000000000 ) ;
#2164 = VERTEX_POINT ( 'NONE', #1401 ) ;
#2165 = ORIENTED_EDGE ( 'NONE', *, *, #1928, .F. ) ;
#2166 = ORIENTED_EDGE ( 'NONE', *, *, #7328, .F. ) ;
#2167 = STYLED_ITEM ( 'NONE', ( #5059 ), #8307 ) ;
#2168 = VECTOR ( 'NONE', #10000, 1000.000000000000000 ) ;
#2169 = CARTESIAN_POINT ( 'NONE',  ( -2.140000000000000124, 5.000000000000000000, 1.100000000000000089 ) ) ;
#2170 = EDGE_CURVE ( 'NONE', #3209, #9271, #4628, .T. ) ;
#2171 = EDGE_LOOP ( 'NONE', ( #2507, #4272, #11915, #9532, #1718, #6014, #9888, #6201 ) ) ;
#2172 = PRESENTATION_LAYER_ASSIGNMENT (  '', '', ( #9797 ) ) ;
#2173 = DIRECTION ( 'NONE',  ( -1.000000000000000000, 1.047444401652940164E-14, 0.000000000000000000 ) ) ;
#2174 = VECTOR ( 'NONE', #6983, 1000.000000000000000 ) ;
#2175 = ORIENTED_EDGE ( 'NONE', *, *, #3489, .F. ) ;
#2176 = ORIENTED_EDGE ( 'NONE', *, *, #8978, .F. ) ;
#2177 = DIRECTION ( 'NONE',  ( -1.734723475976804876E-16, 1.000000000000000000, 0.000000000000000000 ) ) ;
#2178 = UNCERTAINTY_MEASURE_WITH_UNIT (LENGTH_MEASURE( 1.000000000000000082E-05 ), #12229, 'distance_accuracy_value', 'NONE');
#2179 = VECTOR ( 'NONE', #11330, 1000.000000000000000 ) ;
#2180 = CARTESIAN_POINT ( 'NONE',  ( -5.000000000000000000, -5.000000000000000000, 1.000000000000000000 ) ) ;
#2181 = SURFACE_SIDE_STYLE ('',( #10785 ) ) ;
#2182 = FILL_AREA_STYLE_COLOUR ( '', #4022 ) ;
#2183 = EDGE_CURVE ( 'NONE', #6952, #12175, #2609, .T. ) ;
#2184 = EDGE_CURVE ( 'NONE', #11170, #5477, #9494, .T. ) ;
#2185 = CARTESIAN_POINT ( 'NONE',  ( -1.670000000000045226, -4.250000000000000000, -0.1000000000000000056 ) ) ;
#2186 = CARTESIAN_POINT ( 'NONE',  ( 4.750000000000000000, 0.4000000000000000222, 1.000000000000000000 ) ) ;
#2187 = ORIENTED_EDGE ( 'NONE', *, *, #5154, .F. ) ;
#2188 = CARTESIAN_POINT ( 'NONE',  ( -5.009999999999999787, 0.4000000000000000222, 1.100000000000000089 ) ) ;
#2189 = CARTESIAN_POINT ( 'NONE',  ( -0.3999999999999835354, 5.000000000000000000, 0.000000000000000000 ) ) ;
#2190 = ORIENTED_EDGE ( 'NONE', *, *, #9049, .T. ) ;
#2191 = VERTEX_POINT ( 'NONE', #3679 ) ;
#2193 = ORIENTED_EDGE ( 'NONE', *, *, #11449, .F. ) ;
#2192 = CIRCLE ( 'NONE', #5836, 0.1999999999999996503 ) ;
#2194 = CARTESIAN_POINT ( 'NONE',  ( -4.799999999999999822, 1.270000000000000018, -0.2999999999999999889 ) ) ;
#2195 = DIRECTION ( 'NONE',  ( 0.000000000000000000, 0.000000000000000000, 1.000000000000000000 ) ) ;
#2196 =( NAMED_UNIT ( * ) PLANE_ANGLE_UNIT ( ) SI_UNIT ( $, .RADIAN. ) );
#2197 = PRESENTATION_STYLE_ASSIGNMENT (( #11801 ) ) ;
#2198 = FACE_OUTER_BOUND ( 'NONE', #705, .T. ) ;
#2199 = PRESENTATION_LAYER_ASSIGNMENT (  '', '', ( #983 ) ) ;
#2200 = DIRECTION ( 'NONE',  ( 1.000000000000000000, 1.734723475976804876E-16, 0.000000000000000000 ) ) ;
#2201 = LINE ( 'NONE', #2082, #1470 ) ;
#2202 = FILL_AREA_STYLE_COLOUR ( '', #7206 ) ;
#2203 =( NAMED_UNIT ( * ) SI_UNIT ( $, .STERADIAN. ) SOLID_ANGLE_UNIT ( ) );
#2204 = MECHANICAL_DESIGN_GEOMETRIC_PRESENTATION_REPRESENTATION (  '', ( #3252 ), #7042 ) ;
#2205 = PRESENTATION_STYLE_ASSIGNMENT (( #9932 ) ) ;
#2206 = VERTEX_POINT ( 'NONE', #3563 ) ;
#2207 = LINE ( 'NONE', #6117, #3797 ) ;
#2208 = EDGE_CURVE ( 'NONE', #7256, #7294, #456, .T. ) ;
#2209 = LINE ( 'NONE', #6060, #2766 ) ;
#2210 = UNCERTAINTY_MEASURE_WITH_UNIT (LENGTH_MEASURE( 1.000000000000000082E-05 ), #10178, 'distance_accuracy_value', 'NONE');
#2211 = DIRECTION ( 'NONE',  ( 1.000000000000000000, 0.000000000000000000, 0.000000000000000000 ) ) ;
#2212 =( LENGTH_UNIT ( ) NAMED_UNIT ( * ) SI_UNIT ( .MILLI., .METRE. ) );
#2213 = SURFACE_SIDE_STYLE ('',( #8166 ) ) ;
#2214 = DIRECTION ( 'NONE',  ( 1.000000000000000000, -1.047444401652940164E-14, 0.000000000000000000 ) ) ;
#2215 =( NAMED_UNIT ( * ) PLANE_ANGLE_UNIT ( ) SI_UNIT ( $, .RADIAN. ) );
#2216 = PLANE ( 'NONE',  #6297 ) ;
#2217 = DIRECTION ( 'NONE',  ( 0.000000000000000000, 0.000000000000000000, 1.000000000000000000 ) ) ;
#2218 = LINE ( 'NONE', #8941, #9198 ) ;
#2219 = ORIENTED_EDGE ( 'NONE', *, *, #4756, .F. ) ;
#2220 = STYLED_ITEM ( 'NONE', ( #9679 ), #2273 ) ;
#2221 = SURFACE_STYLE_FILL_AREA ( #8761 ) ;
#2222 = ADVANCED_FACE ( 'NONE', ( #7379 ), #1827, .F. ) ;
#2223 =( NAMED_UNIT ( * ) SI_UNIT ( $, .STERADIAN. ) SOLID_ANGLE_UNIT ( ) );
#2224 = SURFACE_STYLE_USAGE ( .BOTH. , #10904 ) ;
#2225 = PRESENTATION_STYLE_ASSIGNMENT (( #7021 ) ) ;
#2226 = VECTOR ( 'NONE', #9346, 1000.000000000000000 ) ;
#2227 = VERTEX_POINT ( 'NONE', #4563 ) ;
#2228 = LINE ( 'NONE', #6077, #1876 ) ;
#2229 = ORIENTED_EDGE ( 'NONE', *, *, #8187, .F. ) ;
#2230 = ORIENTED_EDGE ( 'NONE', *, *, #8444, .F. ) ;
#2231 =( NAMED_UNIT ( * ) SI_UNIT ( $, .STERADIAN. ) SOLID_ANGLE_UNIT ( ) );
#2232 = EDGE_CURVE ( 'NONE', #11047, #6348, #9311, .T. ) ;
#2233 = FILL_AREA_STYLE ('',( #9834 ) ) ;
#2234 = FILL_AREA_STYLE_COLOUR ( '', #6716 ) ;
#2235 = CARTESIAN_POINT ( 'NONE',  ( -5.009999999999999787, 0.8699999999999999956, -0.1000000000000000056 ) ) ;
#2236 = CARTESIAN_POINT ( 'NONE',  ( -0.4000000000000490386, -4.750000000000000000, 1.100000000000000089 ) ) ;
#2237 = DIRECTION ( 'NONE',  ( -1.000000000000000000, 1.047444401652940164E-14, 0.000000000000000000 ) ) ;
#2238 = ORIENTED_EDGE ( 'NONE', *, *, #10354, .F. ) ;
#2239 = DIRECTION ( 'NONE',  ( 0.000000000000000000, 0.000000000000000000, -1.000000000000000000 ) ) ;
#2240 = ORIENTED_EDGE ( 'NONE', *, *, #6916, .T. ) ;
#2241 = ORIENTED_EDGE ( 'NONE', *, *, #8949, .T. ) ;
#2242 = SURFACE_SIDE_STYLE ('',( #11118 ) ) ;
#2243 = VERTEX_POINT ( 'NONE', #7144 ) ;
#2244 = EDGE_CURVE ( 'NONE', #9203, #5879, #10971, .T. ) ;
#2245 = ADVANCED_FACE ( 'NONE', ( #1708 ), #2358, .F. ) ;
#2246 = CARTESIAN_POINT ( 'NONE',  ( 1.470000000000015961, 5.009999999999999787, -0.1000000000000000056 ) ) ;
#2247 = DIRECTION ( 'NONE',  ( 1.000000000000000000, 0.000000000000000000, 0.000000000000000000 ) ) ;
#2248 =( NAMED_UNIT ( * ) SI_UNIT ( $, .STERADIAN. ) SOLID_ANGLE_UNIT ( ) );
#2249 = CARTESIAN_POINT ( 'NONE',  ( 5.000000000000000000, -2.339999999999999858, -0.2999999999999999889 ) ) ;
#2250 = LINE ( 'NONE', #11806, #9713 ) ;
#2251 = CARTESIAN_POINT ( 'NONE',  ( 1.470000000000015961, 5.009999999999999787, -0.1000000000000000056 ) ) ;
#2252 = AXIS2_PLACEMENT_3D ( 'NONE', #8056, #283, #3342 ) ;
#2253 = FILL_AREA_STYLE_COLOUR ( '', #9990 ) ;
#2254 = FILL_AREA_STYLE_COLOUR ( '', #594 ) ;
#2255 = EDGE_LOOP ( 'NONE', ( #4088, #2946, #1612, #6754 ) ) ;
#2256 = CARTESIAN_POINT ( 'NONE',  ( -0.3999999999999845346, 4.750000000000000000, 1.100000000000000089 ) ) ;
#2257 = EDGE_CURVE ( 'NONE', #11884, #7151, #3040, .T. ) ;
#2258 = CARTESIAN_POINT ( 'NONE',  ( 4.250000000000000000, 2.939999999999999947, -0.1000000000000000056 ) ) ;
#2259 = VERTEX_POINT ( 'NONE', #6868 ) ;
#2260 =( GEOMETRIC_REPRESENTATION_CONTEXT ( 3 ) GLOBAL_UNCERTAINTY_ASSIGNED_CONTEXT ( ( #10219 ) ) GLOBAL_UNIT_ASSIGNED_CONTEXT ( ( #1552, #11300, #9853 ) ) REPRESENTATION_CONTEXT ( 'NONE', 'WORKASPACE' ) );
#2261 = DIRECTION ( 'NONE',  ( -1.000000000000000000, 0.000000000000000000, 0.000000000000000000 ) ) ;
#2262 = VECTOR ( 'NONE', #4546, 1000.000000000000000 ) ;
#2263 = CARTESIAN_POINT ( 'NONE',  ( 4.250000000000000000, -0.8699999999999999956, -0.1000000000000000056 ) ) ;
#2264 = CARTESIAN_POINT ( 'NONE',  ( -4.750000000000000000, -0.8699999999999999956, 1.100000000000000089 ) ) ;
#2265 = SURFACE_STYLE_FILL_AREA ( #4129 ) ;
#2266 = DIRECTION ( 'NONE',  ( -1.000000000000000000, 1.047444401652940164E-14, 0.000000000000000000 ) ) ;
#2267 =( NAMED_UNIT ( * ) PLANE_ANGLE_UNIT ( ) SI_UNIT ( $, .RADIAN. ) );
#2268 = SURFACE_STYLE_USAGE ( .BOTH. , #4500 ) ;
#2269 = SURFACE_SIDE_STYLE ('',( #10888 ) ) ;
#2270 = LINE ( 'NONE', #3003, #9697 ) ;
#2271 = PLANE ( 'NONE',  #11015 ) ;
#2272 = VECTOR ( 'NONE', #4683, 1000.000000000000000 ) ;
#2273 = ADVANCED_FACE ( 'NONE', ( #3099 ), #6812, .F. ) ;
#2274 = COLOUR_RGB ( '',1.000000000000000000, 0.8117647058823529438, 0.5019607843137254832 ) ;
#2275 = VERTEX_POINT ( 'NONE', #104 ) ;
#2276 = ORIENTED_EDGE ( 'NONE', *, *, #7562, .T. ) ;
#2277 = ORIENTED_EDGE ( 'NONE', *, *, #11431, .F. ) ;
#2278 = LINE ( 'NONE', #11600, #1549 ) ;
#2279 = VECTOR ( 'NONE', #11661, 1000.000000000000000 ) ;
#2280 = VERTEX_POINT ( 'NONE', #2843 ) ;
#2281 = PRESENTATION_STYLE_ASSIGNMENT (( #10899 ) ) ;
#2282 =( GEOMETRIC_REPRESENTATION_CONTEXT ( 3 ) GLOBAL_UNCERTAINTY_ASSIGNED_CONTEXT ( ( #4927 ) ) GLOBAL_UNIT_ASSIGNED_CONTEXT ( ( #6270, #10195, #8423 ) ) REPRESENTATION_CONTEXT ( 'NONE', 'WORKASPACE' ) );
#2283 = VECTOR ( 'NONE', #8319, 1000.000000000000000 ) ;
#2284 = CARTESIAN_POINT ( 'NONE',  ( -5.000000000000000000, 2.540000000000000036, -0.2999999999999999889 ) ) ;
#2285 = DIRECTION ( 'NONE',  ( 0.000000000000000000, 0.000000000000000000, 1.000000000000000000 ) ) ;
#2286 = DIRECTION ( 'NONE',  ( 0.000000000000000000, 0.000000000000000000, -1.000000000000000000 ) ) ;
#2287 = DIRECTION ( 'NONE',  ( 1.000000000000000000, 0.000000000000000000, 0.000000000000000000 ) ) ;
#2288 = CARTESIAN_POINT ( 'NONE',  ( 5.000000000000000000, -2.739999999999999769, 1.100000000000000089 ) ) ;
#2289 = ORIENTED_EDGE ( 'NONE', *, *, #6329, .T. ) ;
#2290 = EDGE_CURVE ( 'NONE', #6912, #5838, #7762, .T. ) ;
#2291 = VECTOR ( 'NONE', #1850, 1000.000000000000000 ) ;
#2292 = PRESENTATION_LAYER_ASSIGNMENT (  '', '', ( #11134 ) ) ;
#2293 = PRESENTATION_LAYER_ASSIGNMENT (  '', '', ( #10517 ) ) ;
#2294 = CARTESIAN_POINT ( 'NONE',  ( -5.009999999999999787, 2.339999999999999858, 1.100000000000000089 ) ) ;
#2295 = MECHANICAL_DESIGN_GEOMETRIC_PRESENTATION_REPRESENTATION (  '', ( #9727 ), #10519 ) ;
#2296 = COLOUR_RGB ( '',1.000000000000000000, 0.8117647058823529438, 0.5019607843137254832 ) ;
#2297 = EDGE_LOOP ( 'NONE', ( #3765, #9322, #9451, #3477, #6576, #10348, #3450, #1666 ) ) ;
#2298 = ORIENTED_EDGE ( 'NONE', *, *, #7163, .T. ) ;
#2299 = CARTESIAN_POINT ( 'NONE',  ( 5.009999999999999787, 0.2000000000000000111, -0.1000000000000000056 ) ) ;
#2300 = CARTESIAN_POINT ( 'NONE',  ( 1.470000000000015961, 5.000000000000000000, -0.2999999999999999889 ) ) ;
#2301 = VECTOR ( 'NONE', #8385, 1000.000000000000000 ) ;
#2302 = COLOUR_RGB ( '',1.000000000000000000, 0.8117647058823529438, 0.5019607843137254832 ) ;
#2303 = CARTESIAN_POINT ( 'NONE',  ( -5.000000000000000000, -2.939999999999999947, 0.000000000000000000 ) ) ;
#2304 =( NAMED_UNIT ( * ) SI_UNIT ( $, .STERADIAN. ) SOLID_ANGLE_UNIT ( ) );
#2305 = DIRECTION ( 'NONE',  ( 0.000000000000000000, 0.000000000000000000, 1.000000000000000000 ) ) ;
#2306 = ORIENTED_EDGE ( 'NONE', *, *, #7089, .F. ) ;
#2307 = EDGE_CURVE ( 'NONE', #2539, #11936, #4727, .T. ) ;
#2308 =( NAMED_UNIT ( * ) PLANE_ANGLE_UNIT ( ) SI_UNIT ( $, .RADIAN. ) );
#2309 = CARTESIAN_POINT ( 'NONE',  ( 2.939999999999999947, 5.000000000000000000, -0.1000000000000000056 ) ) ;
#2310 = ORIENTED_EDGE ( 'NONE', *, *, #166, .T. ) ;
#2311 = ORIENTED_EDGE ( 'NONE', *, *, #6936, .T. ) ;
#2312 = FILL_AREA_STYLE_COLOUR ( '', #10791 ) ;
#2313 = DIRECTION ( 'NONE',  ( 0.000000000000000000, 0.000000000000000000, -1.000000000000000000 ) ) ;
#2314 = ORIENTED_EDGE ( 'NONE', *, *, #2183, .T. ) ;
#2315 = ORIENTED_EDGE ( 'NONE', *, *, #30, .F. ) ;
#2316 = FILL_AREA_STYLE ('',( #10931 ) ) ;
#2317 = STYLED_ITEM ( 'NONE', ( #53 ), #12081 ) ;
#2318 =( GEOMETRIC_REPRESENTATION_CONTEXT ( 3 ) GLOBAL_UNCERTAINTY_ASSIGNED_CONTEXT ( ( #11642 ) ) GLOBAL_UNIT_ASSIGNED_CONTEXT ( ( #2633, #2561, #6402 ) ) REPRESENTATION_CONTEXT ( 'NONE', 'WORKASPACE' ) );
#2319 = CARTESIAN_POINT ( 'NONE',  ( -4.250000000000000000, 2.939999999999999947, 0.000000000000000000 ) ) ;
#2320 = PLANE ( 'NONE',  #274 ) ;
#2321 = PLANE ( 'NONE',  #1319 ) ;
#2322 = CARTESIAN_POINT ( 'NONE',  ( -0.3999999999999860334, 4.250000000000000000, -0.1000000000000000056 ) ) ;
#2323 = SURFACE_SIDE_STYLE ('',( #11071 ) ) ;
#2324 = ADVANCED_FACE ( 'NONE', ( #8718 ), #7643, .F. ) ;
#2325 = SURFACE_STYLE_USAGE ( .BOTH. , #8985 ) ;
#2326 = AXIS2_PLACEMENT_3D ( 'NONE', #6783, #10709, #8704 ) ;
#2327 = EDGE_CURVE ( 'NONE', #6975, #6650, #2900, .T. ) ;
#2328 = LINE ( 'NONE', #9926, #10800 ) ;
#2329 = CARTESIAN_POINT ( 'NONE',  ( -0.4000000000000490386, -4.750000000000000000, 1.100000000000000089 ) ) ;
#2330 = EDGE_LOOP ( 'NONE', ( #2674, #6938, #10339, #9186 ) ) ;
#2331 = AXIS2_PLACEMENT_3D ( 'NONE', #10277, #7278, #3654 ) ;
#2332 = LINE ( 'NONE', #6180, #4569 ) ;
#2333 = ORIENTED_EDGE ( 'NONE', *, *, #11229, .T. ) ;
#2334 = CARTESIAN_POINT ( 'NONE',  ( 2.539999999999950298, -5.000000000000000000, 1.100000000000000089 ) ) ;
#2335 = AXIS2_PLACEMENT_3D ( 'NONE', #3534, #3717, #11253 ) ;
#2336 = UNCERTAINTY_MEASURE_WITH_UNIT (LENGTH_MEASURE( 1.000000000000000082E-05 ), #9296, 'distance_accuracy_value', 'NONE');
#2337 = CARTESIAN_POINT ( 'NONE',  ( 4.750000000000000000, 0.8699999999999999956, 1.100000000000000089 ) ) ;
#2338 = LINE ( 'NONE', #1257, #4805 ) ;
#2339 = VECTOR ( 'NONE', #10082, 1000.000000000000000 ) ;
#2340 = SURFACE_STYLE_USAGE ( .BOTH. , #3307 ) ;
#2341 = MECHANICAL_DESIGN_GEOMETRIC_PRESENTATION_REPRESENTATION (  '', ( #733 ), #6358 ) ;
#2342 = PLANE ( 'NONE',  #3911 ) ;
#2343 = DIRECTION ( 'NONE',  ( 1.000000000000000000, 0.000000000000000000, 0.000000000000000000 ) ) ;
#2344 = PRESENTATION_STYLE_ASSIGNMENT (( #9941 ) ) ;
#2345 = EDGE_CURVE ( 'NONE', #2863, #8018, #10535, .T. ) ;
#2346 = DIRECTION ( 'NONE',  ( 0.000000000000000000, -1.000000000000000000, 0.000000000000000000 ) ) ;
#2347 = ADVANCED_FACE ( 'NONE', ( #5862 ), #3906, .F. ) ;
#2348 = CARTESIAN_POINT ( 'NONE',  ( 5.000000000000000000, -2.339999999999999858, -0.1000000000000000056 ) ) ;
#2349 = COLOUR_RGB ( '',1.000000000000000000, 0.8117647058823529438, 0.5019607843137254832 ) ;
#2350 = VERTEX_POINT ( 'NONE', #9838 ) ;
#2351 = VECTOR ( 'NONE', #6271, 1000.000000000000000 ) ;
#2352 =( GEOMETRIC_REPRESENTATION_CONTEXT ( 3 ) GLOBAL_UNCERTAINTY_ASSIGNED_CONTEXT ( ( #8994 ) ) GLOBAL_UNIT_ASSIGNED_CONTEXT ( ( #5027, #207, #1334 ) ) REPRESENTATION_CONTEXT ( 'NONE', 'WORKASPACE' ) );
#2353 = ORIENTED_EDGE ( 'NONE', *, *, #6893, .F. ) ;
#2354 = ORIENTED_EDGE ( 'NONE', *, *, #2872, .T. ) ;
#2355 = LINE ( 'NONE', #7204, #6175 ) ;
#2356 = ORIENTED_EDGE ( 'NONE', *, *, #9326, .F. ) ;
#2357 = SURFACE_SIDE_STYLE ('',( #11037 ) ) ;
#2358 = PLANE ( 'NONE',  #9835 ) ;
#2359 =( GEOMETRIC_REPRESENTATION_CONTEXT ( 3 ) GLOBAL_UNCERTAINTY_ASSIGNED_CONTEXT ( ( #7039 ) ) GLOBAL_UNIT_ASSIGNED_CONTEXT ( ( #2022, #3807, #1952 ) ) REPRESENTATION_CONTEXT ( 'NONE', 'WORKASPACE' ) );
#2360 =( NAMED_UNIT ( * ) SI_UNIT ( $, .STERADIAN. ) SOLID_ANGLE_UNIT ( ) );
#2361 = ORIENTED_EDGE ( 'NONE', *, *, #9730, .F. ) ;
#2362 = ORIENTED_EDGE ( 'NONE', *, *, #5654, .F. ) ;
#2363 = FILL_AREA_STYLE ('',( #10913 ) ) ;
#2364 = FILL_AREA_STYLE ('',( #5528 ) ) ;
#2365 = EDGE_CURVE ( 'NONE', #1033, #5756, #1287, .T. ) ;
#2366 = CYLINDRICAL_SURFACE ( 'NONE', #8754, 0.1999999999999996503 ) ;
#2367 = CARTESIAN_POINT ( 'NONE',  ( 4.250000000000000000, -4.250000000000000000, 1.000000000000000000 ) ) ;
#2368 = PRESENTATION_LAYER_ASSIGNMENT (  '', '', ( #7399 ) ) ;
#2369 = DIRECTION ( 'NONE',  ( -1.000000000000000000, 1.047444401652940164E-14, 0.000000000000000000 ) ) ;
#2370 = VECTOR ( 'NONE', #3703, 1000.000000000000000 ) ;
#2371 = ORIENTED_EDGE ( 'NONE', *, *, #11079, .F. ) ;
#2372 = SURFACE_STYLE_FILL_AREA ( #4419 ) ;
#2373 = COLOUR_RGB ( '',1.000000000000000000, 0.8117647058823529438, 0.5019607843137254832 ) ;
#2374 =( NAMED_UNIT ( * ) SI_UNIT ( $, .STERADIAN. ) SOLID_ANGLE_UNIT ( ) );
#2375 = ORIENTED_EDGE ( 'NONE', *, *, #8157, .F. ) ;
#2376 = ORIENTED_EDGE ( 'NONE', *, *, #3671, .F. ) ;
#2377 = SURFACE_STYLE_FILL_AREA ( #4423 ) ;
#2378 = ORIENTED_EDGE ( 'NONE', *, *, #11721, .F. ) ;
#2379 = VERTEX_POINT ( 'NONE', #2236 ) ;
#2380 =( NAMED_UNIT ( * ) SI_UNIT ( $, .STERADIAN. ) SOLID_ANGLE_UNIT ( ) );
#2381 =( GEOMETRIC_REPRESENTATION_CONTEXT ( 3 ) GLOBAL_UNCERTAINTY_ASSIGNED_CONTEXT ( ( #5828 ) ) GLOBAL_UNIT_ASSIGNED_CONTEXT ( ( #2659, #4799, #11322 ) ) REPRESENTATION_CONTEXT ( 'NONE', 'WORKASPACE' ) );
#2382 = SURFACE_STYLE_FILL_AREA ( #8667 ) ;
#2383 = EDGE_CURVE ( 'NONE', #2243, #9517, #5094, .T. ) ;
#2384 = DIRECTION ( 'NONE',  ( 0.000000000000000000, 0.000000000000000000, 1.000000000000000000 ) ) ;
#2385 = CARTESIAN_POINT ( 'NONE',  ( 4.750000000000000000, 2.939999999999999947, 1.100000000000000089 ) ) ;
#2386 = FACE_OUTER_BOUND ( 'NONE', #10064, .T. ) ;
#2387 = COLOUR_RGB ( '',1.000000000000000000, 0.8117647058823529438, 0.5019607843137254832 ) ;
#2388 = FILL_AREA_STYLE ('',( #4370 ) ) ;
#2389 = FILL_AREA_STYLE_COLOUR ( '', #6306 ) ;
#2390 = VECTOR ( 'NONE', #1427, 1000.000000000000000 ) ;
#2391 = SURFACE_SIDE_STYLE ('',( #11012 ) ) ;
#2392 = CARTESIAN_POINT ( 'NONE',  ( -1.070000000000052021, -5.009999999999999787, 1.100000000000000089 ) ) ;
#2393 = DIRECTION ( 'NONE',  ( 1.000000000000000000, 0.000000000000000000, 0.000000000000000000 ) ) ;
#2394 = ORIENTED_EDGE ( 'NONE', *, *, #6279, .T. ) ;
#2395 = VECTOR ( 'NONE', #7816, 1000.000000000000000 ) ;
#2396 = DIRECTION ( 'NONE',  ( 0.000000000000000000, 0.000000000000000000, 1.000000000000000000 ) ) ;
#2397 = VERTEX_POINT ( 'NONE', #5278 ) ;
#2398 = DIRECTION ( 'NONE',  ( -1.084202172485506327E-14, -1.000000000000000000, 0.000000000000000000 ) ) ;
#2399 = EDGE_CURVE ( 'NONE', #386, #11133, #7998, .T. ) ;
#2400 = PRESENTATION_STYLE_ASSIGNMENT (( #436 ) ) ;
#2401 = CARTESIAN_POINT ( 'NONE',  ( 5.000000000000000000, 5.000000000000000000, 1.000000000000000000 ) ) ;
#2402 = CARTESIAN_POINT ( 'NONE',  ( 2.939999999999950209, -4.750000000000000000, 1.100000000000000089 ) ) ;
#2403 = CARTESIAN_POINT ( 'NONE',  ( -5.009999999999999787, -2.540000000000000036, 0.000000000000000000 ) ) ;
#2404 = DIRECTION ( 'NONE',  ( 3.491481338843135327E-15, 1.000000000000000000, 0.000000000000000000 ) ) ;
#2405 = CARTESIAN_POINT ( 'NONE',  ( -5.000000000000000000, 5.000000000000000000, 0.000000000000000000 ) ) ;
#2406 = FACE_OUTER_BOUND ( 'NONE', #8606, .T. ) ;
#2407 =( GEOMETRIC_REPRESENTATION_CONTEXT ( 3 ) GLOBAL_UNCERTAINTY_ASSIGNED_CONTEXT ( ( #4674 ) ) GLOBAL_UNIT_ASSIGNED_CONTEXT ( ( #5131, #11693, #9645 ) ) REPRESENTATION_CONTEXT ( 'NONE', 'WORKASPACE' ) );
#2408 = ORIENTED_EDGE ( 'NONE', *, *, #7705, .T. ) ;
#2409 = ORIENTED_EDGE ( 'NONE', *, *, #1721, .F. ) ;
#2410 = ORIENTED_EDGE ( 'NONE', *, *, #201, .T. ) ;
#2411 =( LENGTH_UNIT ( ) NAMED_UNIT ( * ) SI_UNIT ( .MILLI., .METRE. ) );
#2412 = EDGE_CURVE ( 'NONE', #3832, #8720, #3228, .T. ) ;
#2413 = EDGE_CURVE ( 'NONE', #2927, #10454, #347, .T. ) ;
#2414 = ORIENTED_EDGE ( 'NONE', *, *, #5967, .T. ) ;
#2415 = FACE_OUTER_BOUND ( 'NONE', #10035, .T. ) ;
#2416 = VECTOR ( 'NONE', #8955, 1000.000000000000000 ) ;
#2417 = PRESENTATION_STYLE_ASSIGNMENT (( #8039 ) ) ;
#2418 = CARTESIAN_POINT ( 'NONE',  ( 5.009999999999999787, -0.4000000000000000222, 1.100000000000000089 ) ) ;
#2419 = CARTESIAN_POINT ( 'NONE',  ( 5.000000000000000000, -0.8699999999999999956, 1.000000000000000000 ) ) ;
#2420 = LINE ( 'NONE', #6274, #8086 ) ;
#2421 = SURFACE_STYLE_FILL_AREA ( #9147 ) ;
#2422 = PRESENTATION_LAYER_ASSIGNMENT (  '', '', ( #4061 ) ) ;
#2423 = SURFACE_STYLE_USAGE ( .BOTH. , #6335 ) ;
#2424 = ORIENTED_EDGE ( 'NONE', *, *, #11663, .T. ) ;
#2425 = VERTEX_POINT ( 'NONE', #2303 ) ;
#2426 = SURFACE_STYLE_USAGE ( .BOTH. , #3222 ) ;
#2427 =( NAMED_UNIT ( * ) PLANE_ANGLE_UNIT ( ) SI_UNIT ( $, .RADIAN. ) );
#2428 = CARTESIAN_POINT ( 'NONE',  ( -5.000000000000000000, -2.339999999999999858, -0.1000000000000000056 ) ) ;
#2429 = EDGE_CURVE ( 'NONE', #11636, #4155, #5217, .T. ) ;
#2430 = DIRECTION ( 'NONE',  ( 0.000000000000000000, 0.000000000000000000, 1.000000000000000000 ) ) ;
#2431 = FILL_AREA_STYLE_COLOUR ( '', #9559 ) ;
#2432 = CARTESIAN_POINT ( 'NONE',  ( 5.000000000000000000, 1.670000000000000151, 0.000000000000000000 ) ) ;
#2433 = ORIENTED_EDGE ( 'NONE', *, *, #11091, .F. ) ;
#2434 = PLANE ( 'NONE',  #7511 ) ;
#2435 = CARTESIAN_POINT ( 'NONE',  ( -4.750000000000000000, -1.670000000000000151, 1.100000000000000089 ) ) ;
#2436 = VERTEX_POINT ( 'NONE', #471 ) ;
#2437 = CARTESIAN_POINT ( 'NONE',  ( 4.250000000000000000, 4.250000000000000000, 1.000000000000000000 ) ) ;
#2438 = EDGE_CURVE ( 'NONE', #6448, #10766, #11851, .T. ) ;
#2439 = LINE ( 'NONE', #7280, #919 ) ;
#2440 = ORIENTED_EDGE ( 'NONE', *, *, #11165, .T. ) ;
#2441 = UNCERTAINTY_MEASURE_WITH_UNIT (LENGTH_MEASURE( 1.000000000000000082E-05 ), #5133, 'distance_accuracy_value', 'NONE');
#2442 = VERTEX_POINT ( 'NONE', #3153 ) ;
#2443 = PRESENTATION_STYLE_ASSIGNMENT (( #7170 ) ) ;
#2444 = PLANE ( 'NONE',  #1523 ) ;
#2445 = PRESENTATION_STYLE_ASSIGNMENT (( #489 ) ) ;
#2446 = CARTESIAN_POINT ( 'NONE',  ( 1.670000000000000151, 4.750000000000000000, 1.100000000000000089 ) ) ;
#2447 = FILL_AREA_STYLE ('',( #9045 ) ) ;
#2448 = CARTESIAN_POINT ( 'NONE',  ( 5.009999999999999787, 1.734723475976804783E-18, 0.000000000000000000 ) ) ;
#2449 = DIRECTION ( 'NONE',  ( -1.000000000000000000, -8.673617379884039170E-17, 0.000000000000000000 ) ) ;
#2450 = LINE ( 'NONE', #11194, #5103 ) ;
#2451 = LINE ( 'NONE', #1428, #5368 ) ;
#2452 = LINE ( 'NONE', #6484, #3934 ) ;
#2453 = DIRECTION ( 'NONE',  ( -1.000000000000000000, 3.491481338843135327E-15, 0.000000000000000000 ) ) ;
#2454 = EDGE_LOOP ( 'NONE', ( #1177, #719, #9584, #10678, #8088, #5572, #1809, #2394 ) ) ;
#2455 = ADVANCED_FACE ( 'NONE', ( #3340 ), #1172, .F. ) ;
#2456 = LINE ( 'NONE', #5372, #303 ) ;
#2457 = SURFACE_STYLE_FILL_AREA ( #7120 ) ;
#2458 = ORIENTED_EDGE ( 'NONE', *, *, #11320, .T. ) ;
#2459 = UNCERTAINTY_MEASURE_WITH_UNIT (LENGTH_MEASURE( 1.000000000000000082E-05 ), #9343, 'distance_accuracy_value', 'NONE');
#2460 = LINE ( 'NONE', #2264, #8566 ) ;
#2461 = CARTESIAN_POINT ( 'NONE',  ( -5.009999999999999787, 2.339999999999999858, 1.100000000000000089 ) ) ;
#2462 = MECHANICAL_DESIGN_GEOMETRIC_PRESENTATION_REPRESENTATION (  '', ( #10894 ), #1441 ) ;
#2463 = CARTESIAN_POINT ( 'NONE',  ( -2.940000000000049685, -5.000000000000000000, -0.1000000000000000056 ) ) ;
#2464 = DIRECTION ( 'NONE',  ( 0.000000000000000000, 0.000000000000000000, -1.000000000000000000 ) ) ;
#2465 = EDGE_CURVE ( 'NONE', #11860, #4284, #6531, .T. ) ;
#2466 = ORIENTED_EDGE ( 'NONE', *, *, #8707, .F. ) ;
#2467 =( GEOMETRIC_REPRESENTATION_CONTEXT ( 3 ) GLOBAL_UNCERTAINTY_ASSIGNED_CONTEXT ( ( #10093 ) ) GLOBAL_UNIT_ASSIGNED_CONTEXT ( ( #2615, #1391, #732 ) ) REPRESENTATION_CONTEXT ( 'NONE', 'WORKASPACE' ) );
#2468 = ORIENTED_EDGE ( 'NONE', *, *, #11022, .T. ) ;
#2469 = EDGE_LOOP ( 'NONE', ( #4633, #3718, #11982, #9070 ) ) ;
#2470 = DIRECTION ( 'NONE',  ( -1.734723475976804876E-16, 1.000000000000000000, 0.000000000000000000 ) ) ;
#2471 =( NAMED_UNIT ( * ) SI_UNIT ( $, .STERADIAN. ) SOLID_ANGLE_UNIT ( ) );
#2472 =( LENGTH_UNIT ( ) NAMED_UNIT ( * ) SI_UNIT ( .MILLI., .METRE. ) );
#2473 = MECHANICAL_DESIGN_GEOMETRIC_PRESENTATION_REPRESENTATION (  '', ( #4916 ), #11518 ) ;
#2474 = FILL_AREA_STYLE ('',( #9143 ) ) ;
#2475 =( GEOMETRIC_REPRESENTATION_CONTEXT ( 3 ) GLOBAL_UNCERTAINTY_ASSIGNED_CONTEXT ( ( #6562 ) ) GLOBAL_UNIT_ASSIGNED_CONTEXT ( ( #11348, #6583, #3825 ) ) REPRESENTATION_CONTEXT ( 'NONE', 'WORKASPACE' ) );
#2476 = PLANE ( 'NONE',  #5648 ) ;
#2477 = CARTESIAN_POINT ( 'NONE',  ( -5.000000000000000000, -2.140000000000000124, -0.1000000000000000056 ) ) ;
#2478 = CARTESIAN_POINT ( 'NONE',  ( -5.000000000000000000, -2.140000000000000124, 0.000000000000000000 ) ) ;
#2479 = EDGE_CURVE ( 'NONE', #9022, #1655, #12045, .T. ) ;
#2480 = ADVANCED_FACE ( 'NONE', ( #5475 ), #10211, .T. ) ;
#2481 = ORIENTED_EDGE ( 'NONE', *, *, #7771, .F. ) ;
#2482 = CARTESIAN_POINT ( 'NONE',  ( -1.670000000000050111, -5.009999999999999787, -0.1000000000000000056 ) ) ;
#2483 = ORIENTED_EDGE ( 'NONE', *, *, #6089, .F. ) ;
#2484 = VECTOR ( 'NONE', #1221, 1000.000000000000000 ) ;
#2485 = VERTEX_POINT ( 'NONE', #6283 ) ;
#2486 = VECTOR ( 'NONE', #6798, 1000.000000000000000 ) ;
#2487 = SURFACE_STYLE_FILL_AREA ( #6466 ) ;
#2488 = EDGE_CURVE ( 'NONE', #3221, #4587, #6347, .T. ) ;
#2489 = CARTESIAN_POINT ( 'NONE',  ( 2.139999999999949942, -4.750000000000000000, 1.100000000000000089 ) ) ;
#2490 = LINE ( 'NONE', #10079, #5303 ) ;
#2491 = AXIS2_PLACEMENT_3D ( 'NONE', #6119, #8428, #2794 ) ;
#2492 =( GEOMETRIC_REPRESENTATION_CONTEXT ( 3 ) GLOBAL_UNCERTAINTY_ASSIGNED_CONTEXT ( ( #6455 ) ) GLOBAL_UNIT_ASSIGNED_CONTEXT ( ( #2711, #2780, #1751 ) ) REPRESENTATION_CONTEXT ( 'NONE', 'WORKASPACE' ) );
#2493 = DIRECTION ( 'NONE',  ( 1.000000000000000000, 0.000000000000000000, 0.000000000000000000 ) ) ;
#2494 = DIRECTION ( 'NONE',  ( 0.000000000000000000, 0.000000000000000000, 1.000000000000000000 ) ) ;
#2495 = SURFACE_STYLE_USAGE ( .BOTH. , #7274 ) ;
#2496 = MECHANICAL_DESIGN_GEOMETRIC_PRESENTATION_REPRESENTATION (  '', ( #885 ), #270 ) ;
#2497 = DIRECTION ( 'NONE',  ( 1.000000000000000000, 0.000000000000000000, 0.000000000000000000 ) ) ;
#2498 = VECTOR ( 'NONE', #11403, 1000.000000000000000 ) ;
#2499 = PLANE ( 'NONE',  #4291 ) ;
#2500 = EDGE_LOOP ( 'NONE', ( #12080, #10815, #10681, #10979, #4894, #6690, #1507, #4891 ) ) ;
#2501 = SURFACE_STYLE_USAGE ( .BOTH. , #9165 ) ;
#2502 =( LENGTH_UNIT ( ) NAMED_UNIT ( * ) SI_UNIT ( .MILLI., .METRE. ) );
#2503 =( GEOMETRIC_REPRESENTATION_CONTEXT ( 3 ) GLOBAL_UNCERTAINTY_ASSIGNED_CONTEXT ( ( #11142 ) ) GLOBAL_UNIT_ASSIGNED_CONTEXT ( ( #6035, #5779, #10644 ) ) REPRESENTATION_CONTEXT ( 'NONE', 'WORKASPACE' ) );
#2504 = EDGE_CURVE ( 'NONE', #4358, #2121, #8262, .T. ) ;
#2505 = DIRECTION ( 'NONE',  ( 1.000000000000000000, 0.000000000000000000, 0.000000000000000000 ) ) ;
#2506 = VERTEX_POINT ( 'NONE', #9226 ) ;
#2507 = ORIENTED_EDGE ( 'NONE', *, *, #5065, .T. ) ;
#2508 = DIRECTION ( 'NONE',  ( 1.000000000000000000, 1.734723475976804876E-16, 0.000000000000000000 ) ) ;
#2509 = EDGE_CURVE ( 'NONE', #10898, #1381, #796, .T. ) ;
#2510 = PRESENTATION_LAYER_ASSIGNMENT (  '', '', ( #1089 ) ) ;
#2511 = PRESENTATION_LAYER_ASSIGNMENT (  '', '', ( #8324 ) ) ;
#2512 = VECTOR ( 'NONE', #6499, 1000.000000000000000 ) ;
#2513 = PRESENTATION_LAYER_ASSIGNMENT (  '', '', ( #11805 ) ) ;
#2514 = SURFACE_STYLE_USAGE ( .BOTH. , #7461 ) ;
#2515 = LINE ( 'NONE', #6362, #6836 ) ;
#2516 = SURFACE_STYLE_USAGE ( .BOTH. , #10227 ) ;
#2517 = CARTESIAN_POINT ( 'NONE',  ( 4.250000000000000000, -4.250000000000000000, 2.500000000000000000 ) ) ;
#2518 = FACE_OUTER_BOUND ( 'NONE', #2330, .T. ) ;
#2519 = CARTESIAN_POINT ( 'NONE',  ( 4.750000000000000000, -0.8699999999999999956, 1.100000000000000089 ) ) ;
#2520 = FILL_AREA_STYLE_COLOUR ( '', #4754 ) ;
#2521 = VECTOR ( 'NONE', #5060, 1000.000000000000000 ) ;
#2522 = VERTEX_POINT ( 'NONE', #8463 ) ;
#2523 = VECTOR ( 'NONE', #1844, 1000.000000000000000 ) ;
#2524 = CARTESIAN_POINT ( 'NONE',  ( 5.009999999999999787, 0.2000000000000000111, 1.100000000000000089 ) ) ;
#2525 = FILL_AREA_STYLE_COLOUR ( '', #4557 ) ;
#2526 = ORIENTED_EDGE ( 'NONE', *, *, #3362, .F. ) ;
#2527 =( LENGTH_UNIT ( ) NAMED_UNIT ( * ) SI_UNIT ( .MILLI., .METRE. ) );
#2528 = VECTOR ( 'NONE', #2660, 1000.000000000000000 ) ;
#2529 = EDGE_CURVE ( 'NONE', #12211, #853, #12274, .T. ) ;
#2530 = VECTOR ( 'NONE', #3751, 1000.000000000000000 ) ;
#2531 = CARTESIAN_POINT ( 'NONE',  ( -0.1999999999999830247, 5.009999999999999787, 1.100000000000000089 ) ) ;
#2532 = CARTESIAN_POINT ( 'NONE',  ( 2.139999999999949942, -5.000000000000000000, 0.000000000000000000 ) ) ;
#2533 = DIRECTION ( 'NONE',  ( 0.000000000000000000, 0.000000000000000000, -1.000000000000000000 ) ) ;
#2534 = LINE ( 'NONE', #2669, #9139 ) ;
#2535 = LINE ( 'NONE', #10004, #2077 ) ;
#2536 = DIRECTION ( 'NONE',  ( 1.734723475976804876E-16, -1.000000000000000000, 0.000000000000000000 ) ) ;
#2537 = ORIENTED_EDGE ( 'NONE', *, *, #2307, .F. ) ;
#2538 = STYLED_ITEM ( 'NONE', ( #4305 ), #252 ) ;
#2539 = VERTEX_POINT ( 'NONE', #7341 ) ;
#2540 = STYLED_ITEM ( 'NONE', ( #11185 ), #12384 ) ;
#2541 = ORIENTED_EDGE ( 'NONE', *, *, #2488, .T. ) ;
#2542 = COLOUR_RGB ( '',1.000000000000000000, 0.8117647058823529438, 0.5019607843137254832 ) ;
#2543 = ORIENTED_EDGE ( 'NONE', *, *, #3045, .F. ) ;
#2544 = DIRECTION ( 'NONE',  ( 0.000000000000000000, -1.000000000000000000, 0.000000000000000000 ) ) ;
#2545 = CARTESIAN_POINT ( 'NONE',  ( -5.000000000000000000, 5.000000000000000000, 1.000000000000000000 ) ) ;
#2546 = COLOUR_RGB ( '',0.5372549019607842924, 0.6235294117647058876, 0.000000000000000000 ) ;
#2547 = SURFACE_SIDE_STYLE ('',( #11160 ) ) ;
#2548 = VECTOR ( 'NONE', #11078, 1000.000000000000000 ) ;
#2549 = SURFACE_SIDE_STYLE ('',( #1786 ) ) ;
#2550 = ADVANCED_FACE ( 'NONE', ( #7223 ), #9279, .T. ) ;
#2551 = EDGE_CURVE ( 'NONE', #1469, #2259, #8589, .T. ) ;
#2552 = DIRECTION ( 'NONE',  ( -0.000000000000000000, 1.000000000000000000, 0.000000000000000000 ) ) ;
#2553 = CARTESIAN_POINT ( 'NONE',  ( 0.4000000000000155098, 4.750000000000000000, 1.000000000000000000 ) ) ;
#2554 =( NAMED_UNIT ( * ) SI_UNIT ( $, .STERADIAN. ) SOLID_ANGLE_UNIT ( ) );
#2555 = DIRECTION ( 'NONE',  ( 0.000000000000000000, 0.000000000000000000, 1.000000000000000000 ) ) ;
#2556 = MECHANICAL_DESIGN_GEOMETRIC_PRESENTATION_REPRESENTATION (  '', ( #4786 ), #6781 ) ;
#2557 = VECTOR ( 'NONE', #3537, 1000.000000000000000 ) ;
#2558 = CARTESIAN_POINT ( 'NONE',  ( 1.670000000000000151, 4.750000000000000000, 1.100000000000000089 ) ) ;
#2559 = VERTEX_POINT ( 'NONE', #8703 ) ;
#2560 = ORIENTED_EDGE ( 'NONE', *, *, #8792, .T. ) ;
#2561 =( NAMED_UNIT ( * ) PLANE_ANGLE_UNIT ( ) SI_UNIT ( $, .RADIAN. ) );
#2562 = SURFACE_SIDE_STYLE ('',( #8259 ) ) ;
#2563 = CARTESIAN_POINT ( 'NONE',  ( -4.250000000000000000, -0.8699999999999999956, 0.000000000000000000 ) ) ;
#2564 =( GEOMETRIC_REPRESENTATION_CONTEXT ( 3 ) GLOBAL_UNCERTAINTY_ASSIGNED_CONTEXT ( ( #4163 ) ) GLOBAL_UNIT_ASSIGNED_CONTEXT ( ( #2212, #8868, #9865 ) ) REPRESENTATION_CONTEXT ( 'NONE', 'WORKASPACE' ) );
#2565 = ADVANCED_FACE ( 'NONE', ( #5655 ), #3776, .F. ) ;
#2566 = SURFACE_STYLE_USAGE ( .BOTH. , #11176 ) ;
#2567 = DIRECTION ( 'NONE',  ( -3.318008991245455407E-15, -1.000000000000000000, 0.000000000000000000 ) ) ;
#2568 = SURFACE_STYLE_USAGE ( .BOTH. , #3468 ) ;
#2569 = DIRECTION ( 'NONE',  ( 0.000000000000000000, 0.000000000000000000, -1.000000000000000000 ) ) ;
#2570 = ORIENTED_EDGE ( 'NONE', *, *, #102, .T. ) ;
#2571 = DIRECTION ( 'NONE',  ( -8.673617379884039170E-17, 1.000000000000000000, 0.000000000000000000 ) ) ;
#2572 = VERTEX_POINT ( 'NONE', #12397 ) ;
#2573 = MECHANICAL_DESIGN_GEOMETRIC_PRESENTATION_REPRESENTATION (  '', ( #6794 ), #3392 ) ;
#2574 = AXIS2_PLACEMENT_3D ( 'NONE', #10550, #1824, #3990 ) ;
#2575 = VECTOR ( 'NONE', #1200, 1000.000000000000000 ) ;
#2576 = CARTESIAN_POINT ( 'NONE',  ( 2.140000000000000124, 5.009999999999999787, -0.1000000000000000056 ) ) ;
#2577 = ORIENTED_EDGE ( 'NONE', *, *, #10089, .T. ) ;
#2578 = UNCERTAINTY_MEASURE_WITH_UNIT (LENGTH_MEASURE( 1.000000000000000082E-05 ), #12170, 'distance_accuracy_value', 'NONE');
#2579 = ORIENTED_EDGE ( 'NONE', *, *, #2479, .T. ) ;
#2580 = EDGE_CURVE ( 'NONE', #8123, #5704, #10413, .T. ) ;
#2581 = DIRECTION ( 'NONE',  ( 1.000000000000000000, -3.318008991245455407E-15, 0.000000000000000000 ) ) ;
#2583 = EDGE_CURVE ( 'NONE', #11774, #2397, #7575, .T. ) ;
#2582 = PRESENTATION_LAYER_ASSIGNMENT (  '', '', ( #2167 ) ) ;
#2584 = DIRECTION ( 'NONE',  ( 0.000000000000000000, 0.000000000000000000, 1.000000000000000000 ) ) ;
#2585 = MECHANICAL_DESIGN_GEOMETRIC_PRESENTATION_REPRESENTATION (  '', ( #3025 ), #5199 ) ;
#2586 = CARTESIAN_POINT ( 'NONE',  ( 4.250000000000000000, 0.8699999999999999956, -0.1000000000000000056 ) ) ;
#2587 = LINE ( 'NONE', #748, #9182 ) ;
#2588 = CARTESIAN_POINT ( 'NONE',  ( -2.939999999999999947, 5.000000000000000000, -0.1000000000000000056 ) ) ;
#2589 = AXIS2_PLACEMENT_3D ( 'NONE', #1905, #954, #2158 ) ;
#2590 = DIRECTION ( 'NONE',  ( 1.000000000000000000, -1.047444401652940164E-14, 0.000000000000000000 ) ) ;
#2591 = DIRECTION ( 'NONE',  ( 0.000000000000000000, 0.000000000000000000, -1.000000000000000000 ) ) ;
#2592 = CARTESIAN_POINT ( 'NONE',  ( -1.670000000000000151, 4.750000000000000000, 1.100000000000000089 ) ) ;
#2593 = LINE ( 'NONE', #9364, #5717 ) ;
#2594 = LINE ( 'NONE', #6428, #7586 ) ;
#2595 = PRESENTATION_STYLE_ASSIGNMENT (( #6301 ) ) ;
#2596 = ORIENTED_EDGE ( 'NONE', *, *, #10518, .T. ) ;
#2597 = CARTESIAN_POINT ( 'NONE',  ( -5.000000000000000000, 2.939999999999999947, 1.000000000000000000 ) ) ;
#2598 = COLOUR_RGB ( '',1.000000000000000000, 0.8117647058823529438, 0.5019607843137254832 ) ;
#2599 = CARTESIAN_POINT ( 'NONE',  ( -2.939999999999999947, 4.250000000000000000, -0.1000000000000000056 ) ) ;
#2600 = DIRECTION ( 'NONE',  ( 0.000000000000000000, 0.000000000000000000, -1.000000000000000000 ) ) ;
#2601 = VERTEX_POINT ( 'NONE', #9658 ) ;
#2602 = DIRECTION ( 'NONE',  ( 0.000000000000000000, 0.000000000000000000, 1.000000000000000000 ) ) ;
#2603 =( NAMED_UNIT ( * ) PLANE_ANGLE_UNIT ( ) SI_UNIT ( $, .RADIAN. ) );
#2604 = CARTESIAN_POINT ( 'NONE',  ( -5.009999999999999787, -1.270000000000000018, 0.000000000000000000 ) ) ;
#2605 = PRESENTATION_STYLE_ASSIGNMENT (( #9195 ) ) ;
#2606 = CARTESIAN_POINT ( 'NONE',  ( 0.1999999999999479972, -5.009999999999999787, -0.1000000000000000056 ) ) ;
#2607 = STYLED_ITEM ( 'NONE', ( #9852 ), #8828 ) ;
#2608 = DIRECTION ( 'NONE',  ( 1.000000000000000000, 0.000000000000000000, 0.000000000000000000 ) ) ;
#2609 = LINE ( 'NONE', #2729, #6257 ) ;
#2610 = PLANE ( 'NONE',  #11137 ) ;
#2611 = CARTESIAN_POINT ( 'NONE',  ( -2.540000000000000036, 5.000000000000000000, -0.1000000000000000056 ) ) ;
#2612 = CARTESIAN_POINT ( 'NONE',  ( -5.009999999999999787, -2.339999999999999858, -0.1000000000000000056 ) ) ;
#2613 = DIRECTION ( 'NONE',  ( -8.673617379884039170E-17, 1.000000000000000000, 0.000000000000000000 ) ) ;
#2614 =( GEOMETRIC_REPRESENTATION_CONTEXT ( 3 ) GLOBAL_UNCERTAINTY_ASSIGNED_CONTEXT ( ( #310 ) ) GLOBAL_UNIT_ASSIGNED_CONTEXT ( ( #7696, #860, #2007 ) ) REPRESENTATION_CONTEXT ( 'NONE', 'WORKASPACE' ) );
#2615 =( LENGTH_UNIT ( ) NAMED_UNIT ( * ) SI_UNIT ( .MILLI., .METRE. ) );
#2616 = ORIENTED_EDGE ( 'NONE', *, *, #4345, .T. ) ;
#2617 = ORIENTED_EDGE ( 'NONE', *, *, #6153, .T. ) ;
#2618 = ORIENTED_EDGE ( 'NONE', *, *, #10224, .T. ) ;
#2619 = EDGE_CURVE ( 'NONE', #7624, #4102, #5713, .T. ) ;
#2620 = PRESENTATION_LAYER_ASSIGNMENT (  '', '', ( #12404 ) ) ;
#2621 = ORIENTED_EDGE ( 'NONE', *, *, #6404, .T. ) ;
#2622 = DIRECTION ( 'NONE',  ( 1.084202172485506327E-14, 1.000000000000000000, 0.000000000000000000 ) ) ;
#2623 = CARTESIAN_POINT ( 'NONE',  ( -0.4000000000000490386, -4.750000000000000000, 1.000000000000000000 ) ) ;
#2624 = FILL_AREA_STYLE ('',( #7390 ) ) ;
#2625 = COLOUR_RGB ( '',0.2509803921568627416, 0.2509803921568627416, 0.2509803921568627416 ) ;
#2626 =( LENGTH_UNIT ( ) NAMED_UNIT ( * ) SI_UNIT ( .MILLI., .METRE. ) );
#2627 = LINE ( 'NONE', #6459, #8907 ) ;
#2628 = PRESENTATION_STYLE_ASSIGNMENT (( #7498 ) ) ;
#2629 = ORIENTED_EDGE ( 'NONE', *, *, #2936, .F. ) ;
#2630 = EDGE_CURVE ( 'NONE', #3571, #4289, #3017, .T. ) ;
#2631 = ORIENTED_EDGE ( 'NONE', *, *, #3384, .T. ) ;
#2632 = VERTEX_POINT ( 'NONE', #26 ) ;
#2633 =( LENGTH_UNIT ( ) NAMED_UNIT ( * ) SI_UNIT ( .MILLI., .METRE. ) );
#2634 = COLOUR_RGB ( '',1.000000000000000000, 0.8117647058823529438, 0.5019607843137254832 ) ;
#2635 = PRESENTATION_STYLE_ASSIGNMENT (( #5470 ) ) ;
#2636 = CARTESIAN_POINT ( 'NONE',  ( 5.009999999999999787, 1.070000000000000062, 1.100000000000000089 ) ) ;
#2637 = AXIS2_PLACEMENT_3D ( 'NONE', #9001, #1518, #585 ) ;
#2638 = FILL_AREA_STYLE ('',( #5472 ) ) ;
#2639 = PRESENTATION_STYLE_ASSIGNMENT (( #793 ) ) ;
#2640 =( NAMED_UNIT ( * ) PLANE_ANGLE_UNIT ( ) SI_UNIT ( $, .RADIAN. ) );
#2641 = LINE ( 'NONE', #4469, #9286 ) ;
#2642 = VECTOR ( 'NONE', #821, 1000.000000000000000 ) ;
#2643 = ORIENTED_EDGE ( 'NONE', *, *, #8241, .F. ) ;
#2644 = CARTESIAN_POINT ( 'NONE',  ( -2.140000000000000124, 4.750000000000000000, 1.000000000000000000 ) ) ;
#2645 = ORIENTED_EDGE ( 'NONE', *, *, #7975, .T. ) ;
#2646 = EDGE_CURVE ( 'NONE', #5704, #5838, #3892, .T. ) ;
#2647 = CARTESIAN_POINT ( 'NONE',  ( 5.009999999999999787, -2.140000000000000124, -0.1000000000000000056 ) ) ;
#2648 = VERTEX_POINT ( 'NONE', #9709 ) ;
#2649 = VERTEX_POINT ( 'NONE', #8769 ) ;
#2650 = SURFACE_SIDE_STYLE ('',( #5484 ) ) ;
#2651 = DIRECTION ( 'NONE',  ( 0.000000000000000000, 0.000000000000000000, -1.000000000000000000 ) ) ;
#2652 = FACE_OUTER_BOUND ( 'NONE', #10862, .T. ) ;
#2653 = FILL_AREA_STYLE_COLOUR ( '', #6018 ) ;
#2654 = DIRECTION ( 'NONE',  ( 1.000000000000000000, -3.491481338843135327E-15, 0.000000000000000000 ) ) ;
#2655 = LINE ( 'NONE', #4858, #7535 ) ;
#2656 =( LENGTH_UNIT ( ) NAMED_UNIT ( * ) SI_UNIT ( .MILLI., .METRE. ) );
#2657 =( LENGTH_UNIT ( ) NAMED_UNIT ( * ) SI_UNIT ( .MILLI., .METRE. ) );
#2658 = DIRECTION ( 'NONE',  ( 1.000000000000000000, -3.491481338843135327E-15, 0.000000000000000000 ) ) ;
#2659 =( LENGTH_UNIT ( ) NAMED_UNIT ( * ) SI_UNIT ( .MILLI., .METRE. ) );
#2660 = DIRECTION ( 'NONE',  ( -1.000000000000000000, 0.000000000000000000, 0.000000000000000000 ) ) ;
#2661 = PRESENTATION_LAYER_ASSIGNMENT (  '', '', ( #8022 ) ) ;
#2662 = ORIENTED_EDGE ( 'NONE', *, *, #4032, .F. ) ;
#2663 = EDGE_CURVE ( 'NONE', #4711, #9632, #3843, .T. ) ;
#2664 = EDGE_CURVE ( 'NONE', #9663, #4377, #11489, .T. ) ;
#2665 = ORIENTED_EDGE ( 'NONE', *, *, #9673, .T. ) ;
#2666 = DIRECTION ( 'NONE',  ( -1.000000000000000000, 3.491481338843135327E-15, 0.000000000000000000 ) ) ;
#2667 = DIRECTION ( 'NONE',  ( 1.000000000000000000, 0.000000000000000000, 0.000000000000000000 ) ) ;
#2668 = LINE ( 'NONE', #10312, #3727 ) ;
#2669 = CARTESIAN_POINT ( 'NONE',  ( -2.739999999999999769, 5.009999999999999787, 1.100000000000000089 ) ) ;
#2670 = CARTESIAN_POINT ( 'NONE',  ( -0.2000000000000514977, -5.009999999999999787, -0.1000000000000000056 ) ) ;
#2671 = SURFACE_SIDE_STYLE ('',( #5821 ) ) ;
#2672 = ADVANCED_FACE ( 'NONE', ( #3707 ), #7510, .F. ) ;
#2673 = EDGE_LOOP ( 'NONE', ( #6289, #7785, #5771, #9600, #8960, #8755, #4836, #9587 ) ) ;
#2674 = ORIENTED_EDGE ( 'NONE', *, *, #9871, .F. ) ;
#2675 = ORIENTED_EDGE ( 'NONE', *, *, #8011, .F. ) ;
#2676 = DIRECTION ( 'NONE',  ( 0.000000000000000000, 0.000000000000000000, 1.000000000000000000 ) ) ;
#2677 = CIRCLE ( 'NONE', #9873, 0.1999999999999996503 ) ;
#2678 = UNCERTAINTY_MEASURE_WITH_UNIT (LENGTH_MEASURE( 1.000000000000000082E-05 ), #3662, 'distance_accuracy_value', 'NONE');
#2679 = SURFACE_STYLE_FILL_AREA ( #12216 ) ;
#2680 = PRESENTATION_STYLE_ASSIGNMENT (( #896 ) ) ;
#2681 =( LENGTH_UNIT ( ) NAMED_UNIT ( * ) SI_UNIT ( .MILLI., .METRE. ) );
#2682 = DIRECTION ( 'NONE',  ( 0.000000000000000000, -1.000000000000000000, 0.000000000000000000 ) ) ;
#2683 = SURFACE_STYLE_USAGE ( .BOTH. , #5401 ) ;
#2684 = ORIENTED_EDGE ( 'NONE', *, *, #5325, .T. ) ;
#2685 = EDGE_LOOP ( 'NONE', ( #6244, #10124, #5422, #9522 ) ) ;
#2686 = PRESENTATION_STYLE_ASSIGNMENT (( #7742 ) ) ;
#2687 = VECTOR ( 'NONE', #9979, 1000.000000000000000 ) ;
#2688 = LINE ( 'NONE', #9405, #4974 ) ;
#2689 = MECHANICAL_DESIGN_GEOMETRIC_PRESENTATION_REPRESENTATION (  '', ( #10901 ), #10696 ) ;
#2690 = AXIS2_PLACEMENT_3D ( 'NONE', #9249, #2868, #6456 ) ;
#2691 = LINE ( 'NONE', #8260, #5606 ) ;
#2692 = FILL_AREA_STYLE_COLOUR ( '', #10097 ) ;
#2693 = EDGE_CURVE ( 'NONE', #6509, #8579, #4086, .T. ) ;
#2694 = LINE ( 'NONE', #8590, #6149 ) ;
#2695 = DIRECTION ( 'NONE',  ( 0.000000000000000000, 0.000000000000000000, -1.000000000000000000 ) ) ;
#2696 = ORIENTED_EDGE ( 'NONE', *, *, #2936, .T. ) ;
#2697 = CARTESIAN_POINT ( 'NONE',  ( 2.140000000000000124, 4.250000000000000000, -0.1000000000000000056 ) ) ;
#2698 = VECTOR ( 'NONE', #6382, 1000.000000000000000 ) ;
#2699 = PRESENTATION_LAYER_ASSIGNMENT (  '', '', ( #5709 ) ) ;
#2700 = VECTOR ( 'NONE', #10845, 1000.000000000000000 ) ;
#2701 = SURFACE_STYLE_FILL_AREA ( #11307 ) ;
#2702 = VECTOR ( 'NONE', #8790, 1000.000000000000000 ) ;
#2703 =( NAMED_UNIT ( * ) PLANE_ANGLE_UNIT ( ) SI_UNIT ( $, .RADIAN. ) );
#2704 = ORIENTED_EDGE ( 'NONE', *, *, #8241, .T. ) ;
#2705 = VERTEX_POINT ( 'NONE', #4029 ) ;
#2706 = DIRECTION ( 'NONE',  ( 0.000000000000000000, 0.000000000000000000, 1.000000000000000000 ) ) ;
#2707 = VECTOR ( 'NONE', #2266, 1000.000000000000000 ) ;
#2708 = VECTOR ( 'NONE', #10168, 1000.000000000000000 ) ;
#2709 = AXIS2_PLACEMENT_3D ( 'NONE', #6192, #1709, #6312 ) ;
#2710 = PRESENTATION_STYLE_ASSIGNMENT (( #3416 ) ) ;
#2711 =( LENGTH_UNIT ( ) NAMED_UNIT ( * ) SI_UNIT ( .MILLI., .METRE. ) );
#2712 = ADVANCED_FACE ( 'NONE', ( #11773 ), #6024, .F. ) ;
#2713 = STYLED_ITEM ( 'NONE', ( #952 ), #10857 ) ;
#2714 = PLANE ( 'NONE',  #5700 ) ;
#2715 = STYLED_ITEM ( 'NONE', ( #8632 ), #7882 ) ;
#2716 = SURFACE_STYLE_FILL_AREA ( #12245 ) ;
#2717 =( NAMED_UNIT ( * ) PLANE_ANGLE_UNIT ( ) SI_UNIT ( $, .RADIAN. ) );
#2718 =( NAMED_UNIT ( * ) SI_UNIT ( $, .STERADIAN. ) SOLID_ANGLE_UNIT ( ) );
#2719 = ORIENTED_EDGE ( 'NONE', *, *, #10710, .T. ) ;
#2720 = PRESENTATION_LAYER_ASSIGNMENT (  '', '', ( #8095 ) ) ;
#2721 = LINE ( 'NONE', #2599, #726 ) ;
#2722 = CIRCLE ( 'NONE', #12318, 0.5000000000000000000 ) ;
#2723 = MECHANICAL_DESIGN_GEOMETRIC_PRESENTATION_REPRESENTATION (  '', ( #12129 ), #692 ) ;
#2724 =( NAMED_UNIT ( * ) SI_UNIT ( $, .STERADIAN. ) SOLID_ANGLE_UNIT ( ) );
#2725 = PLANE ( 'NONE',  #11923 ) ;
#2726 = EDGE_CURVE ( 'NONE', #10276, #724, #10842, .T. ) ;
#2727 = DIRECTION ( 'NONE',  ( 1.000000000000000000, -1.047444401652940164E-14, 0.000000000000000000 ) ) ;
#2728 = EDGE_CURVE ( 'NONE', #9022, #8694, #4150, .T. ) ;
#2729 = CARTESIAN_POINT ( 'NONE',  ( -5.009999999999999787, -2.140000000000000124, -0.1000000000000000056 ) ) ;
#2730 = DIRECTION ( 'NONE',  ( 0.000000000000000000, 0.000000000000000000, 1.000000000000000000 ) ) ;
#2731 = STYLED_ITEM ( 'NONE', ( #7242 ), #12144 ) ;
#2732 = CARTESIAN_POINT ( 'NONE',  ( 2.339999999999999858, 5.000000000000000000, -0.2999999999999999889 ) ) ;
#2733 = AXIS2_PLACEMENT_3D ( 'NONE', #4195, #7973, #6260 ) ;
#2734 = VECTOR ( 'NONE', #2106, 1000.000000000000000 ) ;
#2735 = CARTESIAN_POINT ( 'NONE',  ( -2.540000000000055103, -5.009999999999999787, 0.000000000000000000 ) ) ;
#2736 = ORIENTED_EDGE ( 'NONE', *, *, #5816, .T. ) ;
#2737 =( NAMED_UNIT ( * ) SI_UNIT ( $, .STERADIAN. ) SOLID_ANGLE_UNIT ( ) );
#2738 = VERTEX_POINT ( 'NONE', #7986 ) ;
#2739 = SURFACE_SIDE_STYLE ('',( #8625 ) ) ;
#2740 = EDGE_LOOP ( 'NONE', ( #11871, #5239, #1999, #7520 ) ) ;
#2741 = SURFACE_STYLE_USAGE ( .BOTH. , #5692 ) ;
#2742 = AXIS2_PLACEMENT_3D ( 'NONE', #5352, #12052, #416 ) ;
#2743 = COLOUR_RGB ( '',1.000000000000000000, 0.8117647058823529438, 0.5019607843137254832 ) ;
#2744 = CARTESIAN_POINT ( 'NONE',  ( -5.009999999999999787, 1.070000000000000062, 1.100000000000000089 ) ) ;
#2745 = CARTESIAN_POINT ( 'NONE',  ( -1.470000000000049933, -5.000000000000000000, 1.100000000000000089 ) ) ;
#2746 = EDGE_CURVE ( 'NONE', #1469, #11639, #9016, .T. ) ;
#2747 = SURFACE_SIDE_STYLE ('',( #8450 ) ) ;
#2748 = EDGE_CURVE ( 'NONE', #2993, #10712, #9958, .T. ) ;
#2749 = STYLED_ITEM ( 'NONE', ( #4716 ), #12382 ) ;
#2750 = STYLED_ITEM ( 'NONE', ( #12061 ), #7419 ) ;
#2751 = VERTEX_POINT ( 'NONE', #268 ) ;
#2752 = ORIENTED_EDGE ( 'NONE', *, *, #6377, .F. ) ;
#2753 = ORIENTED_EDGE ( 'NONE', *, *, #3276, .T. ) ;
#2754 = VECTOR ( 'NONE', #7296, 1000.000000000000000 ) ;
#2755 = FACE_OUTER_BOUND ( 'NONE', #6268, .T. ) ;
#2756 = STYLED_ITEM ( 'NONE', ( #2757 ), #7561 ) ;
#2757 = PRESENTATION_STYLE_ASSIGNMENT (( #5776 ) ) ;
#2758 =( NAMED_UNIT ( * ) SI_UNIT ( $, .STERADIAN. ) SOLID_ANGLE_UNIT ( ) );
#2759 = DIRECTION ( 'NONE',  ( 0.000000000000000000, 0.000000000000000000, 1.000000000000000000 ) ) ;
#2760 = PRESENTATION_STYLE_ASSIGNMENT (( #3962 ) ) ;
#2761 = STYLED_ITEM ( 'NONE', ( #2710 ), #1840 ) ;
#2762 = STYLED_ITEM ( 'NONE', ( #9664 ), #531 ) ;
#2763 = FILL_AREA_STYLE ('',( #11374 ) ) ;
#2764 = PLANE ( 'NONE',  #2326 ) ;
#2765 = CARTESIAN_POINT ( 'NONE',  ( -1.069999999999983853, 5.009999999999999787, -0.1000000000000000056 ) ) ;
#2766 = VECTOR ( 'NONE', #9863, 1000.000000000000000 ) ;
#2767 = ORIENTED_EDGE ( 'NONE', *, *, #7584, .F. ) ;
#2768 = CARTESIAN_POINT ( 'NONE',  ( -5.000000000000000000, -5.000000000000000000, 1.000000000000000000 ) ) ;
#2769 = DIRECTION ( 'NONE',  ( -1.047444401652940164E-14, -1.000000000000000000, 0.000000000000000000 ) ) ;
#2770 = MECHANICAL_DESIGN_GEOMETRIC_PRESENTATION_REPRESENTATION (  '', ( #6775 ), #7564 ) ;
#2771 =( LENGTH_UNIT ( ) NAMED_UNIT ( * ) SI_UNIT ( .MILLI., .METRE. ) );
#2772 = ORIENTED_EDGE ( 'NONE', *, *, #5271, .F. ) ;
#2773 = ORIENTED_EDGE ( 'NONE', *, *, #6821, .T. ) ;
#2774 = LINE ( 'NONE', #5604, #2557 ) ;
#2775 = EDGE_CURVE ( 'NONE', #10456, #4089, #1158, .T. ) ;
#2776 = VECTOR ( 'NONE', #6942, 1000.000000000000000 ) ;
#2777 = PRESENTATION_LAYER_ASSIGNMENT (  '', '', ( #3386 ) ) ;
#2778 = SURFACE_STYLE_FILL_AREA ( #6549 ) ;
#2779 = FILL_AREA_STYLE_COLOUR ( '', #7166 ) ;
#2780 =( NAMED_UNIT ( * ) PLANE_ANGLE_UNIT ( ) SI_UNIT ( $, .RADIAN. ) );
#2781 = PRESENTATION_LAYER_ASSIGNMENT (  '', '', ( #5398 ) ) ;
#2782 =( NAMED_UNIT ( * ) PLANE_ANGLE_UNIT ( ) SI_UNIT ( $, .RADIAN. ) );
#2783 = COLOUR_RGB ( '',1.000000000000000000, 0.8117647058823529438, 0.5019607843137254832 ) ;
#2784 = LINE ( 'NONE', #5673, #2099 ) ;
#2785 = PRESENTATION_LAYER_ASSIGNMENT (  '', '', ( #7759 ) ) ;
#2786 = CARTESIAN_POINT ( 'NONE',  ( 5.009999999999999787, 0.2000000000000000111, -0.1000000000000000056 ) ) ;
#2787 = ORIENTED_EDGE ( 'NONE', *, *, #10115, .F. ) ;
#2788 = CARTESIAN_POINT ( 'NONE',  ( -3.250000000000000000, 3.250000000000000000, 2.510000000000000231 ) ) ;
#2789 = UNCERTAINTY_MEASURE_WITH_UNIT (LENGTH_MEASURE( 1.000000000000000082E-05 ), #3018, 'distance_accuracy_value', 'NONE');
#2790 = EDGE_CURVE ( 'NONE', #96, #11413, #4269, .T. ) ;
#2791 = PRESENTATION_LAYER_ASSIGNMENT (  '', '', ( #4206 ) ) ;
#2792 = CARTESIAN_POINT ( 'NONE',  ( 0.8700000000000139844, 4.250000000000000000, -0.1000000000000000056 ) ) ;
#2793 = LINE ( 'NONE', #4806, #271 ) ;
#2794 = DIRECTION ( 'NONE',  ( 0.000000000000000000, 0.000000000000000000, -1.000000000000000000 ) ) ;
#2795 = FACE_OUTER_BOUND ( 'NONE', #4002, .T. ) ;
#2796 = DIRECTION ( 'NONE',  ( 0.000000000000000000, 0.000000000000000000, -1.000000000000000000 ) ) ;
#2797 = FILL_AREA_STYLE_COLOUR ( '', #7814 ) ;
#2798 =( LENGTH_UNIT ( ) NAMED_UNIT ( * ) SI_UNIT ( .MILLI., .METRE. ) );
#2799 = FACE_OUTER_BOUND ( 'NONE', #1899, .T. ) ;
#2800 =( NAMED_UNIT ( * ) SI_UNIT ( $, .STERADIAN. ) SOLID_ANGLE_UNIT ( ) );
#2801 = CARTESIAN_POINT ( 'NONE',  ( -1.469999999999981988, 5.009999999999999787, -0.1000000000000000056 ) ) ;
#2802 = VECTOR ( 'NONE', #3798, 1000.000000000000000 ) ;
#2803 = DIRECTION ( 'NONE',  ( 0.000000000000000000, -1.000000000000000000, 0.000000000000000000 ) ) ;
#2804 = DIRECTION ( 'NONE',  ( 0.000000000000000000, -1.000000000000000000, 0.000000000000000000 ) ) ;
#2805 = VECTOR ( 'NONE', #155, 1000.000000000000000 ) ;
#2806 = MECHANICAL_DESIGN_GEOMETRIC_PRESENTATION_REPRESENTATION (  '', ( #10005 ), #8400 ) ;
#2807 = VERTEX_POINT ( 'NONE', #2553 ) ;
#2808 = ORIENTED_EDGE ( 'NONE', *, *, #4570, .F. ) ;
#2809 = EDGE_CURVE ( 'NONE', #7141, #2436, #4454, .T. ) ;
#2810 = ORIENTED_EDGE ( 'NONE', *, *, #3582, .T. ) ;
#2811 = FILL_AREA_STYLE ('',( #3755 ) ) ;
#2812 = AXIS2_PLACEMENT_3D ( 'NONE', #7472, #11456, #1769 ) ;
#2813 = UNCERTAINTY_MEASURE_WITH_UNIT (LENGTH_MEASURE( 1.000000000000000082E-05 ), #1298, 'distance_accuracy_value', 'NONE');
#2814 = FILL_AREA_STYLE ('',( #11419 ) ) ;
#2815 =( NAMED_UNIT ( * ) SI_UNIT ( $, .STERADIAN. ) SOLID_ANGLE_UNIT ( ) );
#2816 = DIRECTION ( 'NONE',  ( 1.000000000000000000, -2.891205793294680298E-16, 0.000000000000000000 ) ) ;
#2817 = DIRECTION ( 'NONE',  ( 0.000000000000000000, -1.000000000000000000, 0.000000000000000000 ) ) ;
#2818 = PRESENTATION_LAYER_ASSIGNMENT (  '', '', ( #7229 ) ) ;
#2819 = ORIENTED_EDGE ( 'NONE', *, *, #5487, .T. ) ;
#2820 = ADVANCED_FACE ( 'NONE', ( #3396 ), #2476, .T. ) ;
#2821 = MECHANICAL_DESIGN_GEOMETRIC_PRESENTATION_REPRESENTATION (  '', ( #7958 ), #10617 ) ;
#2822 = VERTEX_POINT ( 'NONE', #9212 ) ;
#2823 = ADVANCED_FACE ( 'NONE', ( #9076 ), #4336, .F. ) ;
#2824 = ORIENTED_EDGE ( 'NONE', *, *, #2257, .T. ) ;
#2825 = PLANE ( 'NONE',  #6724 ) ;
#2826 = DIRECTION ( 'NONE',  ( 1.734723475976804876E-16, -1.000000000000000000, 0.000000000000000000 ) ) ;
#2827 = CARTESIAN_POINT ( 'NONE',  ( -1.670000000000050111, -5.000000000000000000, 1.100000000000000089 ) ) ;
#2828 = MECHANICAL_DESIGN_GEOMETRIC_PRESENTATION_REPRESENTATION (  '', ( #11630 ), #5434 ) ;
#2829 = FILL_AREA_STYLE_COLOUR ( '', #5032 ) ;
#2830 = DIRECTION ( 'NONE',  ( 1.000000000000000000, -1.047444401652940164E-14, 0.000000000000000000 ) ) ;
#2831 = SURFACE_STYLE_USAGE ( .BOTH. , #11435 ) ;
#2832 = CARTESIAN_POINT ( 'NONE',  ( -0.8700000000000520650, -5.000000000000000000, -0.1000000000000000056 ) ) ;
#2833 = ORIENTED_EDGE ( 'NONE', *, *, #9464, .F. ) ;
#2834 =( LENGTH_UNIT ( ) NAMED_UNIT ( * ) SI_UNIT ( .MILLI., .METRE. ) );
#2835 = DIRECTION ( 'NONE',  ( 0.000000000000000000, 0.000000000000000000, 1.000000000000000000 ) ) ;
#2837 = VERTEX_POINT ( 'NONE', #8240 ) ;
#2836 = MECHANICAL_DESIGN_GEOMETRIC_PRESENTATION_REPRESENTATION (  '', ( #9026 ), #2407 ) ;
#2838 = EDGE_CURVE ( 'NONE', #5587, #10151, #9199, .T. ) ;
#2839 = ORIENTED_EDGE ( 'NONE', *, *, #11782, .T. ) ;
#2840 =( LENGTH_UNIT ( ) NAMED_UNIT ( * ) SI_UNIT ( .MILLI., .METRE. ) );
#2841 = MECHANICAL_DESIGN_GEOMETRIC_PRESENTATION_REPRESENTATION (  '', ( #6245 ), #5853 ) ;
#2842 = SURFACE_SIDE_STYLE ('',( #9538 ) ) ;
#2843 = CARTESIAN_POINT ( 'NONE',  ( -4.799999999999999822, 1.270000000000000018, 1.100000000000000089 ) ) ;
#2844 =( LENGTH_UNIT ( ) NAMED_UNIT ( * ) SI_UNIT ( .MILLI., .METRE. ) );
#2845 = SURFACE_SIDE_STYLE ('',( #9429 ) ) ;
#2846 =( NAMED_UNIT ( * ) SI_UNIT ( $, .STERADIAN. ) SOLID_ANGLE_UNIT ( ) );
#2847 = LINE ( 'NONE', #757, #1367 ) ;
#2848 = CARTESIAN_POINT ( 'NONE',  ( 2.939999999999999947, 5.000000000000000000, 0.000000000000000000 ) ) ;
#2849 = ORIENTED_EDGE ( 'NONE', *, *, #11180, .F. ) ;
#2850 = COLOUR_RGB ( '',1.000000000000000000, 0.8117647058823529438, 0.5019607843137254832 ) ;
#2851 = PRESENTATION_STYLE_ASSIGNMENT (( #4619 ) ) ;
#2852 = CARTESIAN_POINT ( 'NONE',  ( -5.000000000000000000, 2.739999999999999769, -0.1000000000000000056 ) ) ;
#2853 = CARTESIAN_POINT ( 'NONE',  ( 1.669999999999949969, -4.750000000000000000, 1.100000000000000089 ) ) ;
#2854 =( NAMED_UNIT ( * ) PLANE_ANGLE_UNIT ( ) SI_UNIT ( $, .RADIAN. ) );
#2855 =( NAMED_UNIT ( * ) SI_UNIT ( $, .STERADIAN. ) SOLID_ANGLE_UNIT ( ) );
#2856 = PRESENTATION_STYLE_ASSIGNMENT (( #7602 ) ) ;
#2857 =( GEOMETRIC_REPRESENTATION_CONTEXT ( 3 ) GLOBAL_UNCERTAINTY_ASSIGNED_CONTEXT ( ( #2578 ) ) GLOBAL_UNIT_ASSIGNED_CONTEXT ( ( #12170, #2640, #6472 ) ) REPRESENTATION_CONTEXT ( 'NONE', 'WORKASPACE' ) );
#2858 = SURFACE_STYLE_FILL_AREA ( #7654 ) ;
#2859 = EDGE_CURVE ( 'NONE', #9566, #7799, #5254, .T. ) ;
#2860 = CARTESIAN_POINT ( 'NONE',  ( -5.009999999999999787, -1.469999999999999973, -0.1000000000000000056 ) ) ;
#2861 = SURFACE_SIDE_STYLE ('',( #4818 ) ) ;
#2862 = CYLINDRICAL_SURFACE ( 'NONE', #5552, 0.1999999999999996503 ) ;
#2863 = VERTEX_POINT ( 'NONE', #10121 ) ;
#2864 = ORIENTED_EDGE ( 'NONE', *, *, #1096, .T. ) ;
#2865 = CARTESIAN_POINT ( 'NONE',  ( 1.469999999999948015, -5.009999999999999787, -0.1000000000000000056 ) ) ;
#2866 = ORIENTED_EDGE ( 'NONE', *, *, #1008, .T. ) ;
#2867 = CARTESIAN_POINT ( 'NONE',  ( -5.000000000000000000, 0.4000000000000000222, -0.1000000000000000056 ) ) ;
#2868 = DIRECTION ( 'NONE',  ( 0.000000000000000000, 0.000000000000000000, -1.000000000000000000 ) ) ;
#2869 =( LENGTH_UNIT ( ) NAMED_UNIT ( * ) SI_UNIT ( .MILLI., .METRE. ) );
#2870 = FILL_AREA_STYLE ('',( #6943 ) ) ;
#2871 = CARTESIAN_POINT ( 'NONE',  ( -0.8700000000000520650, -5.009999999999999787, -0.1000000000000000056 ) ) ;
#2872 = EDGE_CURVE ( 'NONE', #4005, #908, #6261, .T. ) ;
#2873 = CARTESIAN_POINT ( 'NONE',  ( -4.250000000000000000, 4.250000000000000000, 2.500000000000000000 ) ) ;
#2874 = PLANE ( 'NONE',  #7708 ) ;
#2875 = EDGE_LOOP ( 'NONE', ( #4862, #11842, #9782, #3735 ) ) ;
#2876 = EDGE_LOOP ( 'NONE', ( #4717, #3266, #4081, #4036 ) ) ;
#2877 = ORIENTED_EDGE ( 'NONE', *, *, #4148, .F. ) ;
#2878 = DIRECTION ( 'NONE',  ( -1.000000000000000000, 1.047444401652940164E-14, 0.000000000000000000 ) ) ;
#2879 = ORIENTED_EDGE ( 'NONE', *, *, #11022, .F. ) ;
#2880 = PLANE ( 'NONE',  #774 ) ;
#2881 = DIRECTION ( 'NONE',  ( 0.000000000000000000, 0.000000000000000000, 1.000000000000000000 ) ) ;
#2882 = CARTESIAN_POINT ( 'NONE',  ( -5.000000000000000000, -2.140000000000000124, 1.100000000000000089 ) ) ;
#2883 = EDGE_CURVE ( 'NONE', #10281, #9271, #5388, .T. ) ;
#2884 = MECHANICAL_DESIGN_GEOMETRIC_PRESENTATION_REPRESENTATION (  '', ( #1663 ), #6694 ) ;
#2885 = ADVANCED_FACE ( 'NONE', ( #10246 ), #7198, .F. ) ;
#2886 = DIRECTION ( 'NONE',  ( -1.000000000000000000, 1.030097166893172093E-14, 0.000000000000000000 ) ) ;
#2887 = SURFACE_STYLE_FILL_AREA ( #5781 ) ;
#2888 = DIRECTION ( 'NONE',  ( 0.000000000000000000, 0.000000000000000000, -1.000000000000000000 ) ) ;
#2889 = CARTESIAN_POINT ( 'NONE',  ( 0.3999999999999565570, -4.250000000000000000, -0.1000000000000000056 ) ) ;
#2890 = ORIENTED_EDGE ( 'NONE', *, *, #6419, .T. ) ;
#2891 = ORIENTED_EDGE ( 'NONE', *, *, #1608, .T. ) ;
#2892 = VECTOR ( 'NONE', #9063, 1000.000000000000000 ) ;
#2893 = VECTOR ( 'NONE', #11654, 1000.000000000000000 ) ;
#2894 = DIRECTION ( 'NONE',  ( -3.318008991245455407E-15, -1.000000000000000000, 0.000000000000000000 ) ) ;
#2895 = CARTESIAN_POINT ( 'NONE',  ( -4.750000000000000000, 0.8699999999999999956, 1.100000000000000089 ) ) ;
#2896 = CARTESIAN_POINT ( 'NONE',  ( -5.000000000000000000, 5.000000000000000000, 1.000000000000000000 ) ) ;
#2897 = LINE ( 'NONE', #3724, #1936 ) ;
#2899 = EDGE_CURVE ( 'NONE', #10860, #9093, #11087, .T. ) ;
#2898 = UNCERTAINTY_MEASURE_WITH_UNIT (LENGTH_MEASURE( 1.000000000000000082E-05 ), #3932, 'distance_accuracy_value', 'NONE');
#2900 = LINE ( 'NONE', #6733, #10047 ) ;
#2901 = VECTOR ( 'NONE', #1127, 1000.000000000000000 ) ;
#2902 = CARTESIAN_POINT ( 'NONE',  ( -1.670000000000000151, 5.000000000000000000, 0.000000000000000000 ) ) ;
#2903 = DIRECTION ( 'NONE',  ( 0.000000000000000000, 0.000000000000000000, -1.000000000000000000 ) ) ;
#2904 = SURFACE_SIDE_STYLE ('',( #2130 ) ) ;
#2905 = PRESENTATION_STYLE_ASSIGNMENT (( #3033 ) ) ;
#2906 = DIRECTION ( 'NONE',  ( 1.000000000000000000, 1.734723475976804876E-16, 0.000000000000000000 ) ) ;
#2907 = EDGE_LOOP ( 'NONE', ( #4409, #10325, #8134, #10858 ) ) ;
#2908 = DIRECTION ( 'NONE',  ( 0.000000000000000000, 0.000000000000000000, -1.000000000000000000 ) ) ;
#2909 = UNCERTAINTY_MEASURE_WITH_UNIT (LENGTH_MEASURE( 1.000000000000000082E-05 ), #3341, 'distance_accuracy_value', 'NONE');
#2910 = AXIS2_PLACEMENT_3D ( 'NONE', #1443, #4383, #4443 ) ;
#2911 = CARTESIAN_POINT ( 'NONE',  ( -2.750000000000000000, 3.250000000000000000, 2.510000000000000231 ) ) ;
#2912 = AXIS2_PLACEMENT_3D ( 'NONE', #9962, #1163, #7993 ) ;
#2913 = AXIS2_PLACEMENT_3D ( 'NONE', #11687, #6940, #2156 ) ;
#2914 = MECHANICAL_DESIGN_GEOMETRIC_PRESENTATION_REPRESENTATION (  '', ( #7118 ), #7314 ) ;
#2915 = SURFACE_STYLE_FILL_AREA ( #8668 ) ;
#2916 = CARTESIAN_POINT ( 'NONE',  ( -0.3999999999999860334, 4.250000000000000000, 0.000000000000000000 ) ) ;
#2917 = CARTESIAN_POINT ( 'NONE',  ( -1.269999999999982032, 5.000000000000000000, 1.100000000000000089 ) ) ;
#2918 =( LENGTH_UNIT ( ) NAMED_UNIT ( * ) SI_UNIT ( .MILLI., .METRE. ) );
#2919 = CARTESIAN_POINT ( 'NONE',  ( -1.069999999999983853, 5.009999999999999787, -0.1000000000000000056 ) ) ;
#2920 = SURFACE_STYLE_USAGE ( .BOTH. , #5994 ) ;
#2921 = FILL_AREA_STYLE_COLOUR ( '', #93 ) ;
#2922 = CARTESIAN_POINT ( 'NONE',  ( -2.140000000000000124, 4.250000000000000000, 0.000000000000000000 ) ) ;
#2923 = COLOUR_RGB ( '',1.000000000000000000, 0.8117647058823529438, 0.5019607843137254832 ) ;
#2924 = LINE ( 'NONE', #826, #3577 ) ;
#2925 = VECTOR ( 'NONE', #10240, 1000.000000000000000 ) ;
#2926 = CARTESIAN_POINT ( 'NONE',  ( -2.740000000000049507, -5.009999999999999787, -0.1000000000000000056 ) ) ;
#2927 = VERTEX_POINT ( 'NONE', #11151 ) ;
#2928 = COLOUR_RGB ( '',1.000000000000000000, 0.8117647058823529438, 0.5019607843137254832 ) ;
#2929 = COLOUR_RGB ( '',1.000000000000000000, 0.8117647058823529438, 0.5019607843137254832 ) ;
#2930 = COLOUR_RGB ( '',0.5372549019607842924, 0.6235294117647058876, 0.000000000000000000 ) ;
#2931 = ORIENTED_EDGE ( 'NONE', *, *, #6843, .T. ) ;
#2932 = EDGE_LOOP ( 'NONE', ( #11324, #556, #11919, #174 ) ) ;
#2933 = CARTESIAN_POINT ( 'NONE',  ( -4.750000000000000000, 2.140000000000000124, 1.100000000000000089 ) ) ;
#2934 = VERTEX_POINT ( 'NONE', #3443 ) ;
#2935 =( LENGTH_UNIT ( ) NAMED_UNIT ( * ) SI_UNIT ( .MILLI., .METRE. ) );
#2936 = EDGE_CURVE ( 'NONE', #11309, #9716, #12024, .T. ) ;
#2937 = UNCERTAINTY_MEASURE_WITH_UNIT (LENGTH_MEASURE( 1.000000000000000082E-05 ), #11297, 'distance_accuracy_value', 'NONE');
#2938 = CARTESIAN_POINT ( 'NONE',  ( 1.670000000000000151, 5.009999999999999787, 1.100000000000000089 ) ) ;
#2939 = STYLED_ITEM ( 'NONE', ( #8825 ), #11939 ) ;
#2940 = CARTESIAN_POINT ( 'NONE',  ( 2.140000000000000124, 4.750000000000000000, 1.000000000000000000 ) ) ;
#2941 = AXIS2_PLACEMENT_3D ( 'NONE', #9363, #751, #11387 ) ;
#2942 = CYLINDRICAL_SURFACE ( 'NONE', #12040, 0.5000000000000000000 ) ;
#2943 = SURFACE_STYLE_FILL_AREA ( #11 ) ;
#2944 = LINE ( 'NONE', #10575, #7504 ) ;
#2945 = AXIS2_PLACEMENT_3D ( 'NONE', #6914, #8664, #42 ) ;
#2946 = ORIENTED_EDGE ( 'NONE', *, *, #3437, .T. ) ;
#2947 = EDGE_LOOP ( 'NONE', ( #4450, #519, #7162, #8021 ) ) ;
#2948 = ORIENTED_EDGE ( 'NONE', *, *, #3503, .F. ) ;
#2949 = ADVANCED_FACE ( 'NONE', ( #5452 ), #5531, .F. ) ;
#2950 = AXIS2_PLACEMENT_3D ( 'NONE', #8226, #11017, #5375 ) ;
#2951 = VERTEX_POINT ( 'NONE', #1671 ) ;
#2952 = STYLED_ITEM ( 'NONE', ( #9169 ), #12266 ) ;
#2953 = FILL_AREA_STYLE ('',( #2829 ) ) ;
#2954 = STYLED_ITEM ( 'NONE', ( #6294 ), #7438 ) ;
#2955 = CARTESIAN_POINT ( 'NONE',  ( -0.2000000000000514977, -5.009999999999999787, -0.1000000000000000056 ) ) ;
#2956 = CARTESIAN_POINT ( 'NONE',  ( -4.250000000000000000, -0.4000000000000000222, -0.1000000000000000056 ) ) ;
#2957 = AXIS2_PLACEMENT_3D ( 'NONE', #9247, #372, #8225 ) ;
#2958 = LINE ( 'NONE', #4655, #6318 ) ;
#2959 = LINE ( 'NONE', #4905, #2962 ) ;
#2960 = ORIENTED_EDGE ( 'NONE', *, *, #4971, .T. ) ;
#2961 = ORIENTED_EDGE ( 'NONE', *, *, #1704, .T. ) ;
#2962 = VECTOR ( 'NONE', #5854, 1000.000000000000000 ) ;
#2963 = EDGE_CURVE ( 'NONE', #7739, #1702, #543, .T. ) ;
#2964 = PRESENTATION_LAYER_ASSIGNMENT (  '', '', ( #728 ) ) ;
#2965 = COLOUR_RGB ( '',1.000000000000000000, 0.8117647058823529438, 0.5019607843137254832 ) ;
#2966 = CARTESIAN_POINT ( 'NONE',  ( 5.000000000000000000, 1.070000000000000062, -0.1000000000000000056 ) ) ;
#2967 = LINE ( 'NONE', #2061, #6327 ) ;
#2968 =( NAMED_UNIT ( * ) SI_UNIT ( $, .STERADIAN. ) SOLID_ANGLE_UNIT ( ) );
#2969 = FACE_OUTER_BOUND ( 'NONE', #429, .T. ) ;
#2970 =( NAMED_UNIT ( * ) SI_UNIT ( $, .STERADIAN. ) SOLID_ANGLE_UNIT ( ) );
#2971 = MECHANICAL_DESIGN_GEOMETRIC_PRESENTATION_REPRESENTATION (  '', ( #5172 ), #2492 ) ;
#2972 = SURFACE_SIDE_STYLE ('',( #10539 ) ) ;
#2973 = VERTEX_POINT ( 'NONE', #10870 ) ;
#2974 = MECHANICAL_DESIGN_GEOMETRIC_PRESENTATION_REPRESENTATION (  '', ( #2155 ), #7572 ) ;
#2975 = COLOUR_RGB ( '',0.5372549019607842924, 0.6235294117647058876, 0.000000000000000000 ) ;
#2976 = PLANE ( 'NONE',  #7010 ) ;
#2977 = CARTESIAN_POINT ( 'NONE',  ( 4.750000000000000000, 0.4000000000000000222, 1.000000000000000000 ) ) ;
#2978 = EDGE_CURVE ( 'NONE', #6200, #10834, #6099, .T. ) ;
#2979 = ADVANCED_FACE ( 'NONE', ( #9921 ), #4596, .F. ) ;
#2980 = CARTESIAN_POINT ( 'NONE',  ( 5.009999999999999787, -2.939999999999999947, -0.1000000000000000056 ) ) ;
#2981 = CARTESIAN_POINT ( 'NONE',  ( -0.4000000000000434874, -4.250000000000000000, -0.1000000000000000056 ) ) ;
#2982 = PLANE ( 'NONE',  #8964 ) ;
#2983 = CARTESIAN_POINT ( 'NONE',  ( -1.670000000000000151, 4.250000000000000000, 0.000000000000000000 ) ) ;
#2984 =( NAMED_UNIT ( * ) PLANE_ANGLE_UNIT ( ) SI_UNIT ( $, .RADIAN. ) );
#2985 = DIRECTION ( 'NONE',  ( -1.047444401652940164E-14, -1.000000000000000000, 0.000000000000000000 ) ) ;
#2986 = CARTESIAN_POINT ( 'NONE',  ( -4.250000000000000000, -0.4000000000000000222, -0.1000000000000000056 ) ) ;
#2987 = FILL_AREA_STYLE ('',( #11580 ) ) ;
#2988 =( LENGTH_UNIT ( ) NAMED_UNIT ( * ) SI_UNIT ( .MILLI., .METRE. ) );
#2989 = FILL_AREA_STYLE_COLOUR ( '', #8545 ) ;
#2990 =( GEOMETRIC_REPRESENTATION_CONTEXT ( 3 ) GLOBAL_UNCERTAINTY_ASSIGNED_CONTEXT ( ( #5050 ) ) GLOBAL_UNIT_ASSIGNED_CONTEXT ( ( #5914, #9540, #10537 ) ) REPRESENTATION_CONTEXT ( 'NONE', 'WORKASPACE' ) );
#2991 = ORIENTED_EDGE ( 'NONE', *, *, #11243, .T. ) ;
#2992 = FILL_AREA_STYLE_COLOUR ( '', #5753 ) ;
#2993 = VERTEX_POINT ( 'NONE', #11695 ) ;
#2994 = CARTESIAN_POINT ( 'NONE',  ( 1.670000000000000151, 4.250000000000000000, -0.1000000000000000056 ) ) ;
#2995 = UNCERTAINTY_MEASURE_WITH_UNIT (LENGTH_MEASURE( 1.000000000000000082E-05 ), #5289, 'distance_accuracy_value', 'NONE');
#2996 = DIRECTION ( 'NONE',  ( 0.000000000000000000, 0.000000000000000000, 1.000000000000000000 ) ) ;
#2997 = FACE_OUTER_BOUND ( 'NONE', #11703, .T. ) ;
#2998 = SURFACE_SIDE_STYLE ('',( #5014 ) ) ;
#2999 =( GEOMETRIC_REPRESENTATION_CONTEXT ( 3 ) GLOBAL_UNCERTAINTY_ASSIGNED_CONTEXT ( ( #6 ) ) GLOBAL_UNIT_ASSIGNED_CONTEXT ( ( #11679, #4059, #9629 ) ) REPRESENTATION_CONTEXT ( 'NONE', 'WORKASPACE' ) );
#3000 =( NAMED_UNIT ( * ) PLANE_ANGLE_UNIT ( ) SI_UNIT ( $, .RADIAN. ) );
#3001 = VECTOR ( 'NONE', #5473, 1000.000000000000000 ) ;
#3002 =( LENGTH_UNIT ( ) NAMED_UNIT ( * ) SI_UNIT ( .MILLI., .METRE. ) );
#3003 = CARTESIAN_POINT ( 'NONE',  ( -0.8699999999999830091, 5.000000000000000000, 1.100000000000000089 ) ) ;
#3004 = MECHANICAL_DESIGN_GEOMETRIC_PRESENTATION_REPRESENTATION (  '', ( #11790 ), #5809 ) ;
#3005 = FILL_AREA_STYLE ('',( #5889 ) ) ;
#3006 = LINE ( 'NONE', #3951, #2104 ) ;
#3007 = SURFACE_STYLE_USAGE ( .BOTH. , #9765 ) ;
#3008 = ADVANCED_FACE ( 'NONE', ( #3260 ), #4888, .F. ) ;
#3009 = ORIENTED_EDGE ( 'NONE', *, *, #1564, .T. ) ;
#3010 = ORIENTED_EDGE ( 'NONE', *, *, #2290, .T. ) ;
#3011 = ORIENTED_EDGE ( 'NONE', *, *, #37, .T. ) ;
#3012 = SURFACE_STYLE_USAGE ( .BOTH. , #7980 ) ;
#3013 =( GEOMETRIC_REPRESENTATION_CONTEXT ( 3 ) GLOBAL_UNCERTAINTY_ASSIGNED_CONTEXT ( ( #5012 ) ) GLOBAL_UNIT_ASSIGNED_CONTEXT ( ( #6440, #8231, #5495 ) ) REPRESENTATION_CONTEXT ( 'NONE', 'WORKASPACE' ) );
#3014 = ORIENTED_EDGE ( 'NONE', *, *, #1099, .F. ) ;
#3015 = LINE ( 'NONE', #4775, #3975 ) ;
#3016 = COLOUR_RGB ( '',1.000000000000000000, 0.8117647058823529438, 0.5019607843137254832 ) ;
#3017 = LINE ( 'NONE', #3964, #6470 ) ;
#3018 =( LENGTH_UNIT ( ) NAMED_UNIT ( * ) SI_UNIT ( .MILLI., .METRE. ) );
#3019 = ORIENTED_EDGE ( 'NONE', *, *, #10075, .F. ) ;
#3020 = EDGE_CURVE ( 'NONE', #5907, #4587, #8689, .T. ) ;
#3021 = CARTESIAN_POINT ( 'NONE',  ( 5.000000000000000000, -2.339999999999999858, 1.100000000000000089 ) ) ;
#3022 = ORIENTED_EDGE ( 'NONE', *, *, #5438, .T. ) ;
#3023 = ORIENTED_EDGE ( 'NONE', *, *, #8708, .T. ) ;
#3024 = CARTESIAN_POINT ( 'NONE',  ( 4.750000000000000000, 1.670000000000000151, 1.100000000000000089 ) ) ;
#3025 = STYLED_ITEM ( 'NONE', ( #403 ), #6263 ) ;
#3026 = CARTESIAN_POINT ( 'NONE',  ( -0.1999999999999830247, 5.009999999999999787, -0.1000000000000000056 ) ) ;
#3027 = CARTESIAN_POINT ( 'NONE',  ( 0.2000000000000165257, 5.000000000000000000, -0.1000000000000000056 ) ) ;
#3028 = UNCERTAINTY_MEASURE_WITH_UNIT (LENGTH_MEASURE( 1.000000000000000082E-05 ), #9598, 'distance_accuracy_value', 'NONE');
#3029 =( LENGTH_UNIT ( ) NAMED_UNIT ( * ) SI_UNIT ( .MILLI., .METRE. ) );
#3030 = CARTESIAN_POINT ( 'NONE',  ( -2.339999999999999858, 5.009999999999999787, 1.100000000000000089 ) ) ;
#3031 = CARTESIAN_POINT ( 'NONE',  ( -5.247522979933629165E-14, -5.009999999999999787, 0.000000000000000000 ) ) ;
#3032 = EDGE_CURVE ( 'NONE', #5351, #11619, #2270, .T. ) ;
#3033 = SURFACE_STYLE_USAGE ( .BOTH. , #4921 ) ;
#3034 = PRESENTATION_LAYER_ASSIGNMENT (  '', '', ( #9026 ) ) ;
#3035 =( NAMED_UNIT ( * ) SI_UNIT ( $, .STERADIAN. ) SOLID_ANGLE_UNIT ( ) );
#3036 = ORIENTED_EDGE ( 'NONE', *, *, #7456, .F. ) ;
#3037 = UNCERTAINTY_MEASURE_WITH_UNIT (LENGTH_MEASURE( 1.000000000000000082E-05 ), #926, 'distance_accuracy_value', 'NONE');
#3038 = CARTESIAN_POINT ( 'NONE',  ( 4.750000000000000000, 2.140000000000000124, 1.100000000000000089 ) ) ;
#3039 = DIRECTION ( 'NONE',  ( 1.030097166893172093E-14, 1.000000000000000000, 0.000000000000000000 ) ) ;
#3040 = LINE ( 'NONE', #1956, #4254 ) ;
#3041 =( LENGTH_UNIT ( ) NAMED_UNIT ( * ) SI_UNIT ( .MILLI., .METRE. ) );
#3042 = LINE ( 'NONE', #9986, #9114 ) ;
#3043 = EDGE_CURVE ( 'NONE', #9068, #11685, #11643, .T. ) ;
#3044 = CARTESIAN_POINT ( 'NONE',  ( -5.000000000000000000, 0.4000000000000000222, 1.000000000000000000 ) ) ;
#3045 = EDGE_CURVE ( 'NONE', #6200, #10860, #5951, .T. ) ;
#3046 = LINE ( 'NONE', #6872, #6343 ) ;
#3047 = CARTESIAN_POINT ( 'NONE',  ( 5.000000000000000000, 2.540000000000000036, -0.2999999999999999889 ) ) ;
#3048 = EDGE_LOOP ( 'NONE', ( #8662, #10483, #9883, #4953, #217, #9284, #1653, #4460, #11640, #2879, #3385, #9234, #11294, #5804, #2306, #6431, #1086, #6162, #4898, #10581, #5280, #533, #6801, #6606, #9089, #11064, #906, #4233, #11169, #10189, #8003, #5078, #5318, #10076, #1003, #5350, #5602, #257, #8442, #11645, #5955, #10405, #618, #3230, #914, #2866, #1846, #5406, #6767, #12399, #5556, #3685, #3050, #9067, #8227, #11494, #2165, #3064, #2787, #8208, #6078, #10220, #7310, #1851, #9514, #11596, #10876, #2361, #11650, #9771, #8287, #11448, #10624, #7800, #5192, #3501, #6489, #1166, #6709, #4424, #10514, #1540, #6873, #8193 ) ) ;
#3049 = VECTOR ( 'NONE', #12137, 1000.000000000000000 ) ;
#3050 = ORIENTED_EDGE ( 'NONE', *, *, #2748, .F. ) ;
#3051 = CARTESIAN_POINT ( 'NONE',  ( 2.739999999999950031, -5.009999999999999787, -0.1000000000000000056 ) ) ;
#3052 = ORIENTED_EDGE ( 'NONE', *, *, #2412, .T. ) ;
#3053 =( NAMED_UNIT ( * ) PLANE_ANGLE_UNIT ( ) SI_UNIT ( $, .RADIAN. ) );
#3054 = UNCERTAINTY_MEASURE_WITH_UNIT (LENGTH_MEASURE( 1.000000000000000082E-05 ), #5900, 'distance_accuracy_value', 'NONE');
#3055 =( NAMED_UNIT ( * ) PLANE_ANGLE_UNIT ( ) SI_UNIT ( $, .RADIAN. ) );
#3056 = PRESENTATION_LAYER_ASSIGNMENT (  '', '', ( #8845 ) ) ;
#3057 = CARTESIAN_POINT ( 'NONE',  ( 0.8699999999999490363, -5.000000000000000000, 0.000000000000000000 ) ) ;
#3058 = LINE ( 'NONE', #6885, #8218 ) ;
#3059 = CARTESIAN_POINT ( 'NONE',  ( -5.009999999999999787, -2.739999999999999769, 1.100000000000000089 ) ) ;
#3060 = EDGE_CURVE ( 'NONE', #8468, #7151, #10889, .T. ) ;
#3061 =( NAMED_UNIT ( * ) SI_UNIT ( $, .STERADIAN. ) SOLID_ANGLE_UNIT ( ) );
#3062 = SURFACE_STYLE_USAGE ( .BOTH. , #143 ) ;
#3063 = FILL_AREA_STYLE_COLOUR ( '', #9735 ) ;
#3064 = ORIENTED_EDGE ( 'NONE', *, *, #4433, .T. ) ;
#3065 = ORIENTED_EDGE ( 'NONE', *, *, #7867, .F. ) ;
#3066 = VERTEX_POINT ( 'NONE', #1015 ) ;
#3067 = ORIENTED_EDGE ( 'NONE', *, *, #6048, .F. ) ;
#3068 = EDGE_CURVE ( 'NONE', #3076, #9840, #8687, .T. ) ;
#3069 = ORIENTED_EDGE ( 'NONE', *, *, #8792, .F. ) ;
#3070 = CYLINDRICAL_SURFACE ( 'NONE', #6023, 0.2000000000000000944 ) ;
#3071 = FILL_AREA_STYLE_COLOUR ( '', #2850 ) ;
#3072 = SURFACE_SIDE_STYLE ('',( #1923 ) ) ;
#3073 =( NAMED_UNIT ( * ) SI_UNIT ( $, .STERADIAN. ) SOLID_ANGLE_UNIT ( ) );
#3074 = CARTESIAN_POINT ( 'NONE',  ( -2.339999999999999858, 5.000000000000000000, -0.1000000000000000056 ) ) ;
#3075 = EDGE_LOOP ( 'NONE', ( #8142, #2537, #10032, #59 ) ) ;
#3076 = VERTEX_POINT ( 'NONE', #250 ) ;
#3077 = ORIENTED_EDGE ( 'NONE', *, *, #6953, .F. ) ;
#3078 = FILL_AREA_STYLE ('',( #6666 ) ) ;
#3079 = ADVANCED_FACE ( 'NONE', ( #5075 ), #2216, .F. ) ;
#3080 = COLOUR_RGB ( '',1.000000000000000000, 0.8117647058823529438, 0.5019607843137254832 ) ;
#3081 = PLANE ( 'NONE',  #12128 ) ;
#3082 =( LENGTH_UNIT ( ) NAMED_UNIT ( * ) SI_UNIT ( .MILLI., .METRE. ) );
#3083 = DIRECTION ( 'NONE',  ( -1.000000000000000000, 1.047444401652940164E-14, 0.000000000000000000 ) ) ;
#3084 = PRESENTATION_STYLE_ASSIGNMENT (( #4860 ) ) ;
#3085 = CARTESIAN_POINT ( 'NONE',  ( 5.000000000000000000, 8.673617379884030542E-16, -0.1000000000000000056 ) ) ;
#3086 =( NAMED_UNIT ( * ) PLANE_ANGLE_UNIT ( ) SI_UNIT ( $, .RADIAN. ) );
#3087 = ORIENTED_EDGE ( 'NONE', *, *, #3884, .F. ) ;
#3088 = AXIS2_PLACEMENT_3D ( 'NONE', #9618, #8846, #11737 ) ;
#3089 = SURFACE_STYLE_USAGE ( .BOTH. , #11668 ) ;
#3090 = EDGE_CURVE ( 'NONE', #8177, #10140, #8099, .T. ) ;
#3091 = VECTOR ( 'NONE', #10804, 1000.000000000000000 ) ;
#3092 = DIRECTION ( 'NONE',  ( -3.780601918172600153E-15, -1.000000000000000000, 0.000000000000000000 ) ) ;
#3093 = AXIS2_PLACEMENT_3D ( 'NONE', #9050, #4299, #6366 ) ;
#3094 = SURFACE_STYLE_USAGE ( .BOTH. , #8147 ) ;
#3095 = PLANE ( 'NONE',  #12394 ) ;
#3096 = CARTESIAN_POINT ( 'NONE',  ( -5.000000000000000000, 2.540000000000000036, -0.1000000000000000056 ) ) ;
#3097 = VECTOR ( 'NONE', #5337, 1000.000000000000000 ) ;
#3098 = CARTESIAN_POINT ( 'NONE',  ( 2.139999999999954827, -4.250000000000000000, -0.1000000000000000056 ) ) ;
#3099 = FACE_OUTER_BOUND ( 'NONE', #5723, .T. ) ;
#3100 = DIRECTION ( 'NONE',  ( 1.000000000000000000, 1.734723475976804876E-16, 0.000000000000000000 ) ) ;
#3101 = CARTESIAN_POINT ( 'NONE',  ( -2.140000000000000124, 5.009999999999999787, -0.1000000000000000056 ) ) ;
#3102 = CARTESIAN_POINT ( 'NONE',  ( 5.009999999999999787, 2.739999999999999769, 1.100000000000000089 ) ) ;
#3103 = SURFACE_STYLE_USAGE ( .BOTH. , #124 ) ;
#3104 = SURFACE_STYLE_FILL_AREA ( #11680 ) ;
#3105 = CARTESIAN_POINT ( 'NONE',  ( 4.750000000000000000, -2.140000000000000124, 1.000000000000000000 ) ) ;
#3106 = ORIENTED_EDGE ( 'NONE', *, *, #3347, .T. ) ;
#3107 =( GEOMETRIC_REPRESENTATION_CONTEXT ( 3 ) GLOBAL_UNCERTAINTY_ASSIGNED_CONTEXT ( ( #3370 ) ) GLOBAL_UNIT_ASSIGNED_CONTEXT ( ( #5847, #4899, #1025 ) ) REPRESENTATION_CONTEXT ( 'NONE', 'WORKASPACE' ) );
#3108 =( GEOMETRIC_REPRESENTATION_CONTEXT ( 3 ) GLOBAL_UNCERTAINTY_ASSIGNED_CONTEXT ( ( #11120 ) ) GLOBAL_UNIT_ASSIGNED_CONTEXT ( ( #10726, #7703, #2970 ) ) REPRESENTATION_CONTEXT ( 'NONE', 'WORKASPACE' ) );
#3109 = PRESENTATION_LAYER_ASSIGNMENT (  '', '', ( #7108 ) ) ;
#3110 = COLOUR_RGB ( '',0.5372549019607842924, 0.6235294117647058876, 0.000000000000000000 ) ;
#3111 = LINE ( 'NONE', #6937, #10346 ) ;
#3112 = ORIENTED_EDGE ( 'NONE', *, *, #11571, .F. ) ;
#3113 = EDGE_CURVE ( 'NONE', #6590, #5585, #5451, .T. ) ;
#3114 = EDGE_CURVE ( 'NONE', #1819, #3066, #443, .T. ) ;
#3115 = EDGE_CURVE ( 'NONE', #9433, #7499, #455, .T. ) ;
#3116 = UNCERTAINTY_MEASURE_WITH_UNIT (LENGTH_MEASURE( 1.000000000000000082E-05 ), #8496, 'distance_accuracy_value', 'NONE');
#3117 = LINE ( 'NONE', #192, #2776 ) ;
#3118 = DIRECTION ( 'NONE',  ( 1.000000000000000000, 0.000000000000000000, 0.000000000000000000 ) ) ;
#3119 = MECHANICAL_DESIGN_GEOMETRIC_PRESENTATION_REPRESENTATION (  '', ( #10713 ), #9518 ) ;
#3120 = COLOUR_RGB ( '',1.000000000000000000, 0.8117647058823529438, 0.5019607843137254832 ) ;
#3121 = SURFACE_STYLE_USAGE ( .BOTH. , #11593 ) ;
#3122 = MECHANICAL_DESIGN_GEOMETRIC_PRESENTATION_REPRESENTATION (  '', ( #272 ), #6729 ) ;
#3123 =( GEOMETRIC_REPRESENTATION_CONTEXT ( 3 ) GLOBAL_UNCERTAINTY_ASSIGNED_CONTEXT ( ( #9672 ) ) GLOBAL_UNIT_ASSIGNED_CONTEXT ( ( #7201, #631, #6434 ) ) REPRESENTATION_CONTEXT ( 'NONE', 'WORKASPACE' ) );
#3124 = AXIS2_PLACEMENT_3D ( 'NONE', #5890, #9696, #4961 ) ;
#3125 = CARTESIAN_POINT ( 'NONE',  ( 5.009999999999999787, 2.739999999999999769, 1.100000000000000089 ) ) ;
#3126 = LINE ( 'NONE', #6764, #7896 ) ;
#3127 =( NAMED_UNIT ( * ) PLANE_ANGLE_UNIT ( ) SI_UNIT ( $, .RADIAN. ) );
#3128 = ORIENTED_EDGE ( 'NONE', *, *, #12295, .F. ) ;
#3129 = ORIENTED_EDGE ( 'NONE', *, *, #3844, .F. ) ;
#3130 = ORIENTED_EDGE ( 'NONE', *, *, #277, .F. ) ;
#3131 = CARTESIAN_POINT ( 'NONE',  ( 2.339999999999950120, -5.009999999999999787, -0.1000000000000000056 ) ) ;
#3132 = MECHANICAL_DESIGN_GEOMETRIC_PRESENTATION_REPRESENTATION (  '', ( #700 ), #895 ) ;
#3133 = EDGE_CURVE ( 'NONE', #2046, #6590, #3310, .T. ) ;
#3134 =( GEOMETRIC_REPRESENTATION_CONTEXT ( 3 ) GLOBAL_UNCERTAINTY_ASSIGNED_CONTEXT ( ( #225 ) ) GLOBAL_UNIT_ASSIGNED_CONTEXT ( ( #12289, #7464, #7528 ) ) REPRESENTATION_CONTEXT ( 'NONE', 'WORKASPACE' ) );
#3135 = EDGE_CURVE ( 'NONE', #10177, #10582, #2535, .T. ) ;
#3136 = ORIENTED_EDGE ( 'NONE', *, *, #4003, .F. ) ;
#3137 = FILL_AREA_STYLE_COLOUR ( '', #8207 ) ;
#3138 = CARTESIAN_POINT ( 'NONE',  ( 1.749058678412809795E-14, 5.009999999999999787, 0.000000000000000000 ) ) ;
#3139 = FACE_OUTER_BOUND ( 'NONE', #830, .T. ) ;
#3140 = SURFACE_STYLE_USAGE ( .BOTH. , #211 ) ;
#3141 = MECHANICAL_DESIGN_GEOMETRIC_PRESENTATION_REPRESENTATION (  '', ( #2317 ), #1710 ) ;
#3142 = ORIENTED_EDGE ( 'NONE', *, *, #7596, .T. ) ;
#3143 = STYLED_ITEM ( 'NONE', ( #1058 ), #6856 ) ;
#3144 = LINE ( 'NONE', #7927, #11531 ) ;
#3145 = SHAPE_DEFINITION_REPRESENTATION ( #10682, #744 ) ;
#3146 = ORIENTED_EDGE ( 'NONE', *, *, #6881, .T. ) ;
#3147 = VERTEX_POINT ( 'NONE', #11879 ) ;
#3148 = COLOUR_RGB ( '',0.8980392156862745390, 0.9215686274509803377, 0.9294117647058823817 ) ;
#3149 = CARTESIAN_POINT ( 'NONE',  ( 4.250000000000000000, -1.670000000000000151, -0.1000000000000000056 ) ) ;
#3150 = FACE_OUTER_BOUND ( 'NONE', #6134, .T. ) ;
#3151 = DIRECTION ( 'NONE',  ( 0.000000000000000000, -1.000000000000000000, 0.000000000000000000 ) ) ;
#3152 = PRESENTATION_LAYER_ASSIGNMENT (  '', '', ( #7917 ) ) ;
#3153 = CARTESIAN_POINT ( 'NONE',  ( 0.8700000000000169820, 5.009999999999999787, -0.1000000000000000056 ) ) ;
#3154 = PRESENTATION_STYLE_ASSIGNMENT (( #1173 ) ) ;
#3155 = DIRECTION ( 'NONE',  ( 0.000000000000000000, -1.000000000000000000, 0.000000000000000000 ) ) ;
#3156 = FILL_AREA_STYLE ('',( #8906 ) ) ;
#3157 =( NAMED_UNIT ( * ) SI_UNIT ( $, .STERADIAN. ) SOLID_ANGLE_UNIT ( ) );
#3158 = COLOUR_RGB ( '',1.000000000000000000, 0.8117647058823529438, 0.5019607843137254832 ) ;
#3159 = ORIENTED_EDGE ( 'NONE', *, *, #12417, .F. ) ;
#3160 = EDGE_CURVE ( 'NONE', #2397, #10029, #5312, .T. ) ;
#3161 = CARTESIAN_POINT ( 'NONE',  ( 5.000000000000000000, 1.270000000000000018, 1.100000000000000089 ) ) ;
#3162 = VECTOR ( 'NONE', #12171, 1000.000000000000000 ) ;
#3163 = ORIENTED_EDGE ( 'NONE', *, *, #11835, .F. ) ;
#3164 = FACE_OUTER_BOUND ( 'NONE', #9808, .T. ) ;
#3165 = UNCERTAINTY_MEASURE_WITH_UNIT (LENGTH_MEASURE( 1.000000000000000082E-05 ), #10335, 'distance_accuracy_value', 'NONE');
#3166 = VECTOR ( 'NONE', #468, 1000.000000000000000 ) ;
#3167 = DIRECTION ( 'NONE',  ( 1.000000000000000000, 0.000000000000000000, 0.000000000000000000 ) ) ;
#3168 = STYLED_ITEM ( 'NONE', ( #4420 ), #1168 ) ;
#3169 = CARTESIAN_POINT ( 'NONE',  ( 2.739999999999950031, -5.000000000000000000, 1.100000000000000089 ) ) ;
#3170 = MECHANICAL_DESIGN_GEOMETRIC_PRESENTATION_REPRESENTATION (  '', ( #1949 ), #4975 ) ;
#3171 = CARTESIAN_POINT ( 'NONE',  ( 1.069999999999949880, -5.009999999999999787, -0.1000000000000000056 ) ) ;
#3172 = CARTESIAN_POINT ( 'NONE',  ( 0.4000000000000165090, 5.000000000000000000, -0.1000000000000000056 ) ) ;
#3173 = CARTESIAN_POINT ( 'NONE',  ( -4.250000000000000000, 0.4000000000000000222, -0.1000000000000000056 ) ) ;
#3174 = SURFACE_STYLE_USAGE ( .BOTH. , #294 ) ;
#3175 =( NAMED_UNIT ( * ) SI_UNIT ( $, .STERADIAN. ) SOLID_ANGLE_UNIT ( ) );
#3176 =( NAMED_UNIT ( * ) PLANE_ANGLE_UNIT ( ) SI_UNIT ( $, .RADIAN. ) );
#3177 = PLANE ( 'NONE',  #6627 ) ;
#3178 = SURFACE_STYLE_FILL_AREA ( #9984 ) ;
#3179 = PRESENTATION_LAYER_ASSIGNMENT (  '', '', ( #1316 ) ) ;
#3180 = EDGE_CURVE ( 'NONE', #1891, #11605, #6259, .T. ) ;
#3181 = CARTESIAN_POINT ( 'NONE',  ( -5.009999999999999787, -0.2000000000000000111, 1.100000000000000089 ) ) ;
#3182 = COLOUR_RGB ( '',1.000000000000000000, 0.8117647058823529438, 0.5019607843137254832 ) ;
#3183 = DIRECTION ( 'NONE',  ( 1.047444401652941111E-14, 1.000000000000000000, 0.000000000000000000 ) ) ;
#3184 =( GEOMETRIC_REPRESENTATION_CONTEXT ( 3 ) GLOBAL_UNCERTAINTY_ASSIGNED_CONTEXT ( ( #7615 ) ) GLOBAL_UNIT_ASSIGNED_CONTEXT ( ( #2840, #6030, #2231 ) ) REPRESENTATION_CONTEXT ( 'NONE', 'WORKASPACE' ) );
#3185 = DIRECTION ( 'NONE',  ( 0.000000000000000000, 0.000000000000000000, -1.000000000000000000 ) ) ;
#3186 = DIRECTION ( 'NONE',  ( -1.000000000000000000, 0.000000000000000000, 0.000000000000000000 ) ) ;
#3187 = ORIENTED_EDGE ( 'NONE', *, *, #6500, .F. ) ;
#3188 = VECTOR ( 'NONE', #11231, 1000.000000000000000 ) ;
#3189 = EDGE_CURVE ( 'NONE', #10385, #1165, #11949, .T. ) ;
#3190 = AXIS2_PLACEMENT_3D ( 'NONE', #10360, #562, #4478 ) ;
#3191 = ORIENTED_EDGE ( 'NONE', *, *, #3180, .T. ) ;
#3192 = LINE ( 'NONE', #10820, #6799 ) ;
#3193 = STYLED_ITEM ( 'NONE', ( #9875 ), #4852 ) ;
#3194 = DIRECTION ( 'NONE',  ( -1.000000000000000000, 1.047444401652940164E-14, 0.000000000000000000 ) ) ;
#3195 = FILL_AREA_STYLE_COLOUR ( '', #7385 ) ;
#3196 = LINE ( 'NONE', #6253, #1942 ) ;
#3197 = DIRECTION ( 'NONE',  ( 1.000000000000000000, -3.491481338843135327E-15, 0.000000000000000000 ) ) ;
#3198 = FILL_AREA_STYLE ('',( #11819 ) ) ;
#3199 =( NAMED_UNIT ( * ) SI_UNIT ( $, .STERADIAN. ) SOLID_ANGLE_UNIT ( ) );
#3200 = PRESENTATION_STYLE_ASSIGNMENT (( #11758 ) ) ;
#3201 = DIRECTION ( 'NONE',  ( 0.000000000000000000, 1.000000000000000000, 0.000000000000000000 ) ) ;
#3202 = FILL_AREA_STYLE_COLOUR ( '', #7854 ) ;
#3203 = AXIS2_PLACEMENT_3D ( 'NONE', #685, #5612, #7465 ) ;
#3204 = LINE ( 'NONE', #1909, #6535 ) ;
#3205 = VECTOR ( 'NONE', #8612, 1000.000000000000000 ) ;
#3206 = EDGE_CURVE ( 'NONE', #3684, #521, #1519, .T. ) ;
#3207 = VECTOR ( 'NONE', #306, 1000.000000000000000 ) ;
#3208 = ORIENTED_EDGE ( 'NONE', *, *, #8025, .T. ) ;
#3209 = VERTEX_POINT ( 'NONE', #8299 ) ;
#3210 = LINE ( 'NONE', #7915, #10773 ) ;
#3211 = ORIENTED_EDGE ( 'NONE', *, *, #6109, .T. ) ;
#3212 = CARTESIAN_POINT ( 'NONE',  ( 0.2000000000000165257, 5.009999999999999787, -0.1000000000000000056 ) ) ;
#3213 = PRESENTATION_LAYER_ASSIGNMENT (  '', '', ( #11790 ) ) ;
#3214 = DIRECTION ( 'NONE',  ( 1.047444401652940164E-14, 1.000000000000000000, 0.000000000000000000 ) ) ;
#3215 = ORIENTED_EDGE ( 'NONE', *, *, #4131, .F. ) ;
#3216 = EDGE_CURVE ( 'NONE', #7427, #787, #9002, .T. ) ;
#3218 = EDGE_CURVE ( 'NONE', #6348, #649, #511, .T. ) ;
#3217 = PRESENTATION_LAYER_ASSIGNMENT (  '', '', ( #1161 ) ) ;
#3219 = FACE_OUTER_BOUND ( 'NONE', #842, .T. ) ;
#3220 = VERTEX_POINT ( 'NONE', #12022 ) ;
#3221 = VERTEX_POINT ( 'NONE', #10057 ) ;
#3222 = SURFACE_SIDE_STYLE ('',( #11778 ) ) ;
#3223 = UNCERTAINTY_MEASURE_WITH_UNIT (LENGTH_MEASURE( 1.000000000000000082E-05 ), #8161, 'distance_accuracy_value', 'NONE');
#3224 = FILL_AREA_STYLE ('',( #2234 ) ) ;
#3225 =( NAMED_UNIT ( * ) PLANE_ANGLE_UNIT ( ) SI_UNIT ( $, .RADIAN. ) );
#3226 = DIRECTION ( 'NONE',  ( 1.000000000000000000, 0.000000000000000000, 0.000000000000000000 ) ) ;
#3227 = VECTOR ( 'NONE', #11497, 1000.000000000000000 ) ;
#3228 = LINE ( 'NONE', #8899, #5070 ) ;
#3229 = DIRECTION ( 'NONE',  ( 1.030097166893172093E-14, 1.000000000000000000, 0.000000000000000000 ) ) ;
#3230 = ORIENTED_EDGE ( 'NONE', *, *, #11921, .F. ) ;
#3231 = ORIENTED_EDGE ( 'NONE', *, *, #1636, .F. ) ;
#3232 = EDGE_CURVE ( 'NONE', #1331, #4066, #11027, .T. ) ;
#3233 = VERTEX_POINT ( 'NONE', #1447 ) ;
#3234 = DIRECTION ( 'NONE',  ( 0.000000000000000000, 0.000000000000000000, -1.000000000000000000 ) ) ;
#3235 = CARTESIAN_POINT ( 'NONE',  ( -0.8700000000000520650, -5.000000000000000000, 1.000000000000000000 ) ) ;
#3237 = ORIENTED_EDGE ( 'NONE', *, *, #3958, .F. ) ;
#3236 = MECHANICAL_DESIGN_GEOMETRIC_PRESENTATION_REPRESENTATION (  '', ( #9811 ), #9818 ) ;
#3238 = PRESENTATION_STYLE_ASSIGNMENT (( #5286 ) ) ;
#3239 = COLOUR_RGB ( '',1.000000000000000000, 0.8117647058823529438, 0.5019607843137254832 ) ;
#3240 = DIRECTION ( 'NONE',  ( 0.000000000000000000, 0.000000000000000000, -1.000000000000000000 ) ) ;
#3241 = CARTESIAN_POINT ( 'NONE',  ( 5.009999999999999787, -1.469999999999999973, -0.1000000000000000056 ) ) ;
#3242 =( NAMED_UNIT ( * ) PLANE_ANGLE_UNIT ( ) SI_UNIT ( $, .RADIAN. ) );
#3243 = ADVANCED_FACE ( 'NONE', ( #3566 ), #3441, .F. ) ;
#3244 = FILL_AREA_STYLE_COLOUR ( '', #11799 ) ;
#3245 =( NAMED_UNIT ( * ) PLANE_ANGLE_UNIT ( ) SI_UNIT ( $, .RADIAN. ) );
#3246 = PRESENTATION_LAYER_ASSIGNMENT (  '', '', ( #11452 ) ) ;
#3247 = PLANE ( 'NONE',  #11125 ) ;
#3248 = DIRECTION ( 'NONE',  ( -3.318008991245455407E-15, -1.000000000000000000, 0.000000000000000000 ) ) ;
#3249 = SURFACE_STYLE_FILL_AREA ( #11810 ) ;
#3250 = CARTESIAN_POINT ( 'NONE',  ( -4.250000000000000000, -4.250000000000000000, 1.000000000000000000 ) ) ;
#3251 = ORIENTED_EDGE ( 'NONE', *, *, #9326, .T. ) ;
#3252 = STYLED_ITEM ( 'NONE', ( #3376 ), #9243 ) ;
#3253 = VERTEX_POINT ( 'NONE', #2670 ) ;
#3254 =( LENGTH_UNIT ( ) NAMED_UNIT ( * ) SI_UNIT ( .MILLI., .METRE. ) );
#3255 = UNCERTAINTY_MEASURE_WITH_UNIT (LENGTH_MEASURE( 1.000000000000000082E-05 ), #7106, 'distance_accuracy_value', 'NONE');
#3256 = EDGE_CURVE ( 'NONE', #8137, #6323, #9497, .T. ) ;
#3257 = FILL_AREA_STYLE_COLOUR ( '', #8701 ) ;
#3258 = VECTOR ( 'NONE', #8431, 1000.000000000000000 ) ;
#3259 = FACE_OUTER_BOUND ( 'NONE', #5736, .T. ) ;
#3260 = FACE_OUTER_BOUND ( 'NONE', #6290, .T. ) ;
#3261 = DIRECTION ( 'NONE',  ( 0.000000000000000000, 0.000000000000000000, -1.000000000000000000 ) ) ;
#3262 = ORIENTED_EDGE ( 'NONE', *, *, #6548, .T. ) ;
#3263 = VERTEX_POINT ( 'NONE', #701 ) ;
#3264 = EDGE_LOOP ( 'NONE', ( #2333, #5755, #9167, #1985 ) ) ;
#3265 = LINE ( 'NONE', #7076, #3986 ) ;
#3266 = ORIENTED_EDGE ( 'NONE', *, *, #516, .F. ) ;
#3267 = ADVANCED_FACE ( 'NONE', ( #3681 ), #10492, .F. ) ;
#3268 = FACE_OUTER_BOUND ( 'NONE', #2875, .T. ) ;
#3269 = LINE ( 'NONE', #7921, #5465 ) ;
#3270 =( NAMED_UNIT ( * ) PLANE_ANGLE_UNIT ( ) SI_UNIT ( $, .RADIAN. ) );
#3271 = ORIENTED_EDGE ( 'NONE', *, *, #4509, .T. ) ;
#3272 =( LENGTH_UNIT ( ) NAMED_UNIT ( * ) SI_UNIT ( .MILLI., .METRE. ) );
#3273 = ORIENTED_EDGE ( 'NONE', *, *, #4148, .T. ) ;
#3274 = ORIENTED_EDGE ( 'NONE', *, *, #9175, .F. ) ;
#3275 =( LENGTH_UNIT ( ) NAMED_UNIT ( * ) SI_UNIT ( .MILLI., .METRE. ) );
#3276 = EDGE_CURVE ( 'NONE', #7382, #2632, #7604, .T. ) ;
#3277 = CARTESIAN_POINT ( 'NONE',  ( -4.799999999999999822, -8.673617379884030542E-16, 1.100000000000000089 ) ) ;
#3278 = EDGE_CURVE ( 'NONE', #9140, #5571, #9313, .T. ) ;
#3279 = DIRECTION ( 'NONE',  ( 0.000000000000000000, -1.000000000000000000, 0.000000000000000000 ) ) ;
#3280 = CARTESIAN_POINT ( 'NONE',  ( 4.750000000000000000, 2.939999999999999947, 1.000000000000000000 ) ) ;
#3281 = CARTESIAN_POINT ( 'NONE',  ( 0.8699999999999569189, -4.250000000000000000, -0.1000000000000000056 ) ) ;
#3282 = EDGE_LOOP ( 'NONE', ( #11720, #2115, #11439, #902, #3067, #153, #2621, #6592 ) ) ;
#3283 = ORIENTED_EDGE ( 'NONE', *, *, #1208, .T. ) ;
#3284 = CARTESIAN_POINT ( 'NONE',  ( -5.000000000000000000, 2.939999999999999947, 0.000000000000000000 ) ) ;
#3285 = LINE ( 'NONE', #10999, #9955 ) ;
#3286 = ORIENTED_EDGE ( 'NONE', *, *, #1544, .F. ) ;
#3287 = ORIENTED_EDGE ( 'NONE', *, *, #11734, .T. ) ;
#3288 = COLOUR_RGB ( '',1.000000000000000000, 0.8117647058823529438, 0.5019607843137254832 ) ;
#3289 = FILL_AREA_STYLE_COLOUR ( '', #11108 ) ;
#3290 = EDGE_CURVE ( 'NONE', #4186, #7878, #10245, .T. ) ;
#3291 = SURFACE_SIDE_STYLE ('',( #11800 ) ) ;
#3292 = DIRECTION ( 'NONE',  ( 1.000000000000000000, 0.000000000000000000, 0.000000000000000000 ) ) ;
#3293 = CARTESIAN_POINT ( 'NONE',  ( -2.140000000000049862, -5.009999999999999787, -0.1000000000000000056 ) ) ;
#3294 = EDGE_CURVE ( 'NONE', #6044, #1808, #8435, .T. ) ;
#3295 = CARTESIAN_POINT ( 'NONE',  ( 5.009999999999999787, -1.070000000000000062, -0.1000000000000000056 ) ) ;
#3296 = CYLINDRICAL_SURFACE ( 'NONE', #9595, 0.2000000000000000944 ) ;
#3297 = VERTEX_POINT ( 'NONE', #7656 ) ;
#3298 = CARTESIAN_POINT ( 'NONE',  ( -2.940000000000049685, -5.009999999999999787, -0.1000000000000000056 ) ) ;
#3299 = PRESENTATION_LAYER_ASSIGNMENT (  '', '', ( #10515 ) ) ;
#3300 = FILL_AREA_STYLE_COLOUR ( '', #5960 ) ;
#3301 = ORIENTED_EDGE ( 'NONE', *, *, #12320, .T. ) ;
#3302 = VECTOR ( 'NONE', #10632, 1000.000000000000000 ) ;
#3303 = STYLED_ITEM ( 'NONE', ( #1633 ), #10033 ) ;
#3304 = CARTESIAN_POINT ( 'NONE',  ( 1.269999999999948059, -5.009999999999999787, 0.000000000000000000 ) ) ;
#3305 = LINE ( 'NONE', #7125, #7363 ) ;
#3306 = LINE ( 'NONE', #313, #565 ) ;
#3307 = SURFACE_SIDE_STYLE ('',( #3373 ) ) ;
#3308 =( LENGTH_UNIT ( ) NAMED_UNIT ( * ) SI_UNIT ( .MILLI., .METRE. ) );
#3309 = CARTESIAN_POINT ( 'NONE',  ( 5.000000000000000000, -0.4000000000000000222, 1.100000000000000089 ) ) ;
#3310 = LINE ( 'NONE', #8031, #10488 ) ;
#3311 = CIRCLE ( 'NONE', #8061, 0.1999999999999996503 ) ;
#3312 = SURFACE_STYLE_USAGE ( .BOTH. , #11880 ) ;
#3313 = AXIS2_PLACEMENT_3D ( 'NONE', #8558, #10380, #1774 ) ;
#3314 = VECTOR ( 'NONE', #8571, 1000.000000000000000 ) ;
#3315 = EDGE_LOOP ( 'NONE', ( #7675, #2119, #6376, #9949, #8269, #4800, #4488, #12053, #4288 ) ) ;
#3316 = EDGE_CURVE ( 'NONE', #11936, #6523, #4105, .T. ) ;
#3317 = ORIENTED_EDGE ( 'NONE', *, *, #4585, .F. ) ;
#3318 = VERTEX_POINT ( 'NONE', #8494 ) ;
#3319 = CARTESIAN_POINT ( 'NONE',  ( -5.009999999999999787, -1.070000000000000062, -0.1000000000000000056 ) ) ;
#3320 = STYLED_ITEM ( 'NONE', ( #4774 ), #4510 ) ;
#3321 = ORIENTED_EDGE ( 'NONE', *, *, #6277, .F. ) ;
#3322 = VECTOR ( 'NONE', #9294, 1000.000000000000000 ) ;
#3323 = FACE_OUTER_BOUND ( 'NONE', #1487, .T. ) ;
#3324 =( GEOMETRIC_REPRESENTATION_CONTEXT ( 3 ) GLOBAL_UNCERTAINTY_ASSIGNED_CONTEXT ( ( #7770 ) ) GLOBAL_UNIT_ASSIGNED_CONTEXT ( ( #6256, #12205, #6444 ) ) REPRESENTATION_CONTEXT ( 'NONE', 'WORKASPACE' ) );
#3325 = CARTESIAN_POINT ( 'NONE',  ( 0.8700000000000160938, 4.750000000000000000, 1.100000000000000089 ) ) ;
#3326 = FACE_OUTER_BOUND ( 'NONE', #9024, .T. ) ;
#3327 = DIRECTION ( 'NONE',  ( 0.000000000000000000, 0.000000000000000000, 1.000000000000000000 ) ) ;
#3328 =( NAMED_UNIT ( * ) PLANE_ANGLE_UNIT ( ) SI_UNIT ( $, .RADIAN. ) );
#3329 = ORIENTED_EDGE ( 'NONE', *, *, #9642, .F. ) ;
#3330 =( GEOMETRIC_REPRESENTATION_CONTEXT ( 3 ) GLOBAL_UNCERTAINTY_ASSIGNED_CONTEXT ( ( #11992 ) ) GLOBAL_UNIT_ASSIGNED_CONTEXT ( ( #476, #2308, #8203 ) ) REPRESENTATION_CONTEXT ( 'NONE', 'WORKASPACE' ) );
#3331 = EDGE_CURVE ( 'NONE', #10338, #6323, #943, .T. ) ;
#3332 = PRESENTATION_LAYER_ASSIGNMENT (  '', '', ( #9333 ) ) ;
#3333 = ORIENTED_EDGE ( 'NONE', *, *, #6005, .F. ) ;
#3334 = ORIENTED_EDGE ( 'NONE', *, *, #12357, .F. ) ;
#3335 = DIRECTION ( 'NONE',  ( -0.000000000000000000, 1.000000000000000000, 0.000000000000000000 ) ) ;
#3336 = COLOUR_RGB ( '',1.000000000000000000, 0.8117647058823529438, 0.5019607843137254832 ) ;
#3337 = CARTESIAN_POINT ( 'NONE',  ( 2.140000000000000124, 4.750000000000000000, 1.100000000000000089 ) ) ;
#3338 = STYLED_ITEM ( 'NONE', ( #4729 ), #10943 ) ;
#3339 = MECHANICAL_DESIGN_GEOMETRIC_PRESENTATION_REPRESENTATION (  '', ( #8723 ), #281 ) ;
#3340 = FACE_OUTER_BOUND ( 'NONE', #8758, .T. ) ;
#3341 =( LENGTH_UNIT ( ) NAMED_UNIT ( * ) SI_UNIT ( .MILLI., .METRE. ) );
#3342 = DIRECTION ( 'NONE',  ( -1.000000000000000000, 0.000000000000000000, 0.000000000000000000 ) ) ;
#3343 = ORIENTED_EDGE ( 'NONE', *, *, #11765, .T. ) ;
#3344 = FACE_OUTER_BOUND ( 'NONE', #1395, .T. ) ;
#3345 = VERTEX_POINT ( 'NONE', #884 ) ;
#3346 = ORIENTED_EDGE ( 'NONE', *, *, #4131, .T. ) ;
#3347 = EDGE_CURVE ( 'NONE', #6392, #10151, #5750, .T. ) ;
#3348 = FILL_AREA_STYLE_COLOUR ( '', #3762 ) ;
#3349 = ORIENTED_EDGE ( 'NONE', *, *, #11196, .T. ) ;
#3350 = UNCERTAINTY_MEASURE_WITH_UNIT (LENGTH_MEASURE( 1.000000000000000082E-05 ), #3484, 'distance_accuracy_value', 'NONE');
#3351 = VERTEX_POINT ( 'NONE', #4816 ) ;
#3352 = FACE_OUTER_BOUND ( 'NONE', #6949, .T. ) ;
#3353 = SURFACE_STYLE_USAGE ( .BOTH. , #8073 ) ;
#3354 =( NAMED_UNIT ( * ) SI_UNIT ( $, .STERADIAN. ) SOLID_ANGLE_UNIT ( ) );
#3355 = CARTESIAN_POINT ( 'NONE',  ( 5.000000000000000000, -0.2000000000000000111, -0.2999999999999999889 ) ) ;
#3356 = SURFACE_STYLE_USAGE ( .BOTH. , #12117 ) ;
#3357 = VECTOR ( 'NONE', #4057, 1000.000000000000000 ) ;
#3358 = PLANE ( 'NONE',  #6619 ) ;
#3359 = FILL_AREA_STYLE_COLOUR ( '', #8109 ) ;
#3360 = SURFACE_STYLE_USAGE ( .BOTH. , #11934 ) ;
#3361 = EDGE_LOOP ( 'NONE', ( #5024, #4658, #322, #7121 ) ) ;
#3362 = EDGE_CURVE ( 'NONE', #1524, #11031, #8618, .T. ) ;
#3363 = EDGE_CURVE ( 'NONE', #827, #3754, #5504, .T. ) ;
#3364 = AXIS2_PLACEMENT_3D ( 'NONE', #7450, #2826, #10206 ) ;
#3365 = AXIS2_PLACEMENT_3D ( 'NONE', #10250, #7436, #6824 ) ;
#3366 = CARTESIAN_POINT ( 'NONE',  ( -2.140000000000000124, 4.250000000000000000, -0.1000000000000000056 ) ) ;
#3367 = VERTEX_POINT ( 'NONE', #6989 ) ;
#3368 = CARTESIAN_POINT ( 'NONE',  ( -1.470000000000051932, -5.000000000000000000, -0.2999999999999999889 ) ) ;
#3369 = COLOUR_RGB ( '',1.000000000000000000, 0.8117647058823529438, 0.5019607843137254832 ) ;
#3370 = UNCERTAINTY_MEASURE_WITH_UNIT (LENGTH_MEASURE( 1.000000000000000082E-05 ), #5847, 'distance_accuracy_value', 'NONE');
#3371 = SURFACE_SIDE_STYLE ('',( #7249 ) ) ;
#3372 = CARTESIAN_POINT ( 'NONE',  ( -5.000000000000000000, -1.469999999999999973, -0.1000000000000000056 ) ) ;
#3373 = SURFACE_STYLE_FILL_AREA ( #11025 ) ;
#3374 = PRESENTATION_LAYER_ASSIGNMENT (  '', '', ( #1948 ) ) ;
#3375 = PLANE ( 'NONE',  #8085 ) ;
#3377 = COLOUR_RGB ( '',1.000000000000000000, 0.8117647058823529438, 0.5019607843137254832 ) ;
#3376 = PRESENTATION_STYLE_ASSIGNMENT (( #11947 ) ) ;
#3378 = FILL_AREA_STYLE ('',( #8812 ) ) ;
#3379 = CARTESIAN_POINT ( 'NONE',  ( 1.669999999999954854, -4.250000000000000000, 0.000000000000000000 ) ) ;
#3380 = FILL_AREA_STYLE ('',( #11951 ) ) ;
#3381 = DIRECTION ( 'NONE',  ( -1.000000000000000000, -8.673617379884039170E-17, 0.000000000000000000 ) ) ;
#3382 =( LENGTH_UNIT ( ) NAMED_UNIT ( * ) SI_UNIT ( .MILLI., .METRE. ) );
#3383 = VECTOR ( 'NONE', #9180, 1000.000000000000000 ) ;
#3384 = EDGE_CURVE ( 'NONE', #3602, #10510, #997, .T. ) ;
#3385 = ORIENTED_EDGE ( 'NONE', *, *, #7940, .F. ) ;
#3386 = STYLED_ITEM ( 'NONE', ( #8108 ), #4960 ) ;
#3387 = ORIENTED_EDGE ( 'NONE', *, *, #12417, .T. ) ;
#3388 = DIRECTION ( 'NONE',  ( -1.000000000000000000, 2.891205793294680298E-16, 0.000000000000000000 ) ) ;
#3389 = DIRECTION ( 'NONE',  ( 3.491481338843135327E-15, 1.000000000000000000, 0.000000000000000000 ) ) ;
#3390 = ORIENTED_EDGE ( 'NONE', *, *, #5584, .F. ) ;
#3391 = DIRECTION ( 'NONE',  ( 0.000000000000000000, 0.000000000000000000, -1.000000000000000000 ) ) ;
#3392 =( GEOMETRIC_REPRESENTATION_CONTEXT ( 3 ) GLOBAL_UNCERTAINTY_ASSIGNED_CONTEXT ( ( #3670 ) ) GLOBAL_UNIT_ASSIGNED_CONTEXT ( ( #882, #4565, #3811 ) ) REPRESENTATION_CONTEXT ( 'NONE', 'WORKASPACE' ) );
#3393 = LINE ( 'NONE', #6272, #1482 ) ;
#3394 = EDGE_CURVE ( 'NONE', #7137, #7578, #11677, .T. ) ;
#3395 = VECTOR ( 'NONE', #9690, 1000.000000000000000 ) ;
#3396 = FACE_OUTER_BOUND ( 'NONE', #603, .T. ) ;
#3397 = CARTESIAN_POINT ( 'NONE',  ( -2.940000000000049685, -5.000000000000000000, 1.100000000000000089 ) ) ;
#3398 = DIRECTION ( 'NONE',  ( 1.000000000000000000, -3.491481338843135327E-15, 0.000000000000000000 ) ) ;
#3399 = EDGE_LOOP ( 'NONE', ( #7446, #11536, #12180, #4115 ) ) ;
#3400 = MECHANICAL_DESIGN_GEOMETRIC_PRESENTATION_REPRESENTATION (  '', ( #6196 ), #9187 ) ;
#3401 = ORIENTED_EDGE ( 'NONE', *, *, #654, .T. ) ;
#3402 =( GEOMETRIC_REPRESENTATION_CONTEXT ( 3 ) GLOBAL_UNCERTAINTY_ASSIGNED_CONTEXT ( ( #6118 ) ) GLOBAL_UNIT_ASSIGNED_CONTEXT ( ( #7774, #4866, #3919 ) ) REPRESENTATION_CONTEXT ( 'NONE', 'WORKASPACE' ) );
#3403 = CARTESIAN_POINT ( 'NONE',  ( 5.009999999999999787, -2.339999999999999858, -0.1000000000000000056 ) ) ;
#3404 = FACE_OUTER_BOUND ( 'NONE', #10907, .T. ) ;
#3405 = EDGE_CURVE ( 'NONE', #286, #9433, #5113, .T. ) ;
#3406 =( GEOMETRIC_REPRESENTATION_CONTEXT ( 3 ) GLOBAL_UNCERTAINTY_ASSIGNED_CONTEXT ( ( #2813 ) ) GLOBAL_UNIT_ASSIGNED_CONTEXT ( ( #1298, #8010, #10934 ) ) REPRESENTATION_CONTEXT ( 'NONE', 'WORKASPACE' ) );
#3407 = CARTESIAN_POINT ( 'NONE',  ( -1.670000000000045226, -4.250000000000000000, -0.1000000000000000056 ) ) ;
#3408 = ORIENTED_EDGE ( 'NONE', *, *, #2122, .F. ) ;
#3409 = ORIENTED_EDGE ( 'NONE', *, *, #11257, .F. ) ;
#3410 = ORIENTED_EDGE ( 'NONE', *, *, #4881, .T. ) ;
#3411 = VERTEX_POINT ( 'NONE', #8799 ) ;
#3412 = FACE_OUTER_BOUND ( 'NONE', #3505, .T. ) ;
#3413 = PRESENTATION_LAYER_ASSIGNMENT (  '', '', ( #4414 ) ) ;
#3414 = MECHANICAL_DESIGN_GEOMETRIC_PRESENTATION_REPRESENTATION (  '', ( #971 ), #3828 ) ;
#3415 = CARTESIAN_POINT ( 'NONE',  ( -5.009999999999999787, -1.734723475976804783E-18, 0.000000000000000000 ) ) ;
#3416 = SURFACE_STYLE_USAGE ( .BOTH. , #12241 ) ;
#3417 = PLANE ( 'NONE',  #7981 ) ;
#3418 = EDGE_CURVE ( 'NONE', #9503, #671, #6870, .T. ) ;
#3419 = DIRECTION ( 'NONE',  ( -1.000000000000000000, 0.000000000000000000, 0.000000000000000000 ) ) ;
#3420 = CARTESIAN_POINT ( 'NONE',  ( 0.8700000000000169820, 5.009999999999999787, -0.1000000000000000056 ) ) ;
#3421 = DIRECTION ( 'NONE',  ( -1.000000000000000000, 1.047444401652940164E-14, 0.000000000000000000 ) ) ;
#3422 =( NAMED_UNIT ( * ) SI_UNIT ( $, .STERADIAN. ) SOLID_ANGLE_UNIT ( ) );
#3423 = CARTESIAN_POINT ( 'NONE',  ( -2.939999999999999947, 5.000000000000000000, 0.000000000000000000 ) ) ;
#3424 = COLOUR_RGB ( '',0.5372549019607842924, 0.6235294117647058876, 0.000000000000000000 ) ;
#3425 = SURFACE_STYLE_FILL_AREA ( #5297 ) ;
#3426 = SURFACE_STYLE_USAGE ( .BOTH. , #8015 ) ;
#3427 = SURFACE_SIDE_STYLE ('',( #10298 ) ) ;
#3428 = ORIENTED_EDGE ( 'NONE', *, *, #5325, .F. ) ;
#3429 =( NAMED_UNIT ( * ) PLANE_ANGLE_UNIT ( ) SI_UNIT ( $, .RADIAN. ) );
#3430 = ORIENTED_EDGE ( 'NONE', *, *, #7469, .F. ) ;
#3431 = CARTESIAN_POINT ( 'NONE',  ( -5.000000000000000000, -5.000000000000000000, 0.000000000000000000 ) ) ;
#3432 =( GEOMETRIC_REPRESENTATION_CONTEXT ( 3 ) GLOBAL_UNCERTAINTY_ASSIGNED_CONTEXT ( ( #8570 ) ) GLOBAL_UNIT_ASSIGNED_CONTEXT ( ( #11651, #1272, #1213 ) ) REPRESENTATION_CONTEXT ( 'NONE', 'WORKASPACE' ) );
#3433 = FILL_AREA_STYLE ('',( #4310 ) ) ;
#3434 = FACE_OUTER_BOUND ( 'NONE', #2469, .T. ) ;
#3435 = FILL_AREA_STYLE_COLOUR ( '', #11184 ) ;
#3436 = DIRECTION ( 'NONE',  ( 0.000000000000000000, 0.000000000000000000, -1.000000000000000000 ) ) ;
#3437 = EDGE_CURVE ( 'NONE', #590, #7141, #2201, .T. ) ;
#3438 = EDGE_CURVE ( 'NONE', #9840, #5787, #4181, .T. ) ;
#3439 = DIRECTION ( 'NONE',  ( 1.000000000000000000, 0.000000000000000000, 0.000000000000000000 ) ) ;
#3440 = SURFACE_STYLE_USAGE ( .BOTH. , #5503 ) ;
#3441 = PLANE ( 'NONE',  #1678 ) ;
#3442 = CARTESIAN_POINT ( 'NONE',  ( -0.3999999999999845346, 4.750000000000000000, 1.000000000000000000 ) ) ;
#3443 = CARTESIAN_POINT ( 'NONE',  ( -5.009999999999999787, -2.939999999999999947, -0.1000000000000000056 ) ) ;
#3444 = SURFACE_STYLE_FILL_AREA ( #514 ) ;
#3445 = EDGE_CURVE ( 'NONE', #6477, #841, #9744, .T. ) ;
#3446 = COLOUR_RGB ( '',1.000000000000000000, 0.8117647058823529438, 0.5019607843137254832 ) ;
#3447 = ORIENTED_EDGE ( 'NONE', *, *, #6264, .F. ) ;
#3448 = ORIENTED_EDGE ( 'NONE', *, *, #4605, .F. ) ;
#3449 = ORIENTED_EDGE ( 'NONE', *, *, #3135, .T. ) ;
#3450 = ORIENTED_EDGE ( 'NONE', *, *, #9257, .T. ) ;
#3451 = SURFACE_STYLE_FILL_AREA ( #12027 ) ;
#3452 = FILL_AREA_STYLE_COLOUR ( '', #1480 ) ;
#3453 = EDGE_CURVE ( 'NONE', #8457, #8696, #5995, .T. ) ;
#3454 =( NAMED_UNIT ( * ) PLANE_ANGLE_UNIT ( ) SI_UNIT ( $, .RADIAN. ) );
#3455 =( NAMED_UNIT ( * ) SI_UNIT ( $, .STERADIAN. ) SOLID_ANGLE_UNIT ( ) );
#3456 = CARTESIAN_POINT ( 'NONE',  ( 5.009999999999999787, -0.8699999999999999956, -0.1000000000000000056 ) ) ;
#3457 = CARTESIAN_POINT ( 'NONE',  ( -5.009999999999999787, 2.939999999999999947, 1.100000000000000089 ) ) ;
#3458 = AXIS2_PLACEMENT_3D ( 'NONE', #4237, #10095, #11122 ) ;
#3459 = AXIS2_PLACEMENT_3D ( 'NONE', #8766, #11834, #6138 ) ;
#3460 = DIRECTION ( 'NONE',  ( -3.491481338843135327E-15, -1.000000000000000000, 0.000000000000000000 ) ) ;
#3461 = ORIENTED_EDGE ( 'NONE', *, *, #5917, .F. ) ;
#3462 = ORIENTED_EDGE ( 'NONE', *, *, #1861, .F. ) ;
#3463 = CARTESIAN_POINT ( 'NONE',  ( -0.3999999999999845346, 4.750000000000000000, 1.100000000000000089 ) ) ;
#3464 = DIRECTION ( 'NONE',  ( 1.000000000000000000, 1.734723475976804876E-16, 0.000000000000000000 ) ) ;
#3465 = DIRECTION ( 'NONE',  ( 0.000000000000000000, 0.000000000000000000, -1.000000000000000000 ) ) ;
#3466 = PRESENTATION_LAYER_ASSIGNMENT (  '', '', ( #1829 ) ) ;
#3467 = DIRECTION ( 'NONE',  ( 0.000000000000000000, 1.000000000000000000, 0.000000000000000000 ) ) ;
#3468 = SURFACE_SIDE_STYLE ('',( #11181 ) ) ;
#3469 =( LENGTH_UNIT ( ) NAMED_UNIT ( * ) SI_UNIT ( .MILLI., .METRE. ) );
#3470 = VERTEX_POINT ( 'NONE', #3044 ) ;
#3471 = FILL_AREA_STYLE_COLOUR ( '', #3120 ) ;
#3472 = CARTESIAN_POINT ( 'NONE',  ( 1.470000000000015961, 5.009999999999999787, 1.100000000000000089 ) ) ;
#3473 = VERTEX_POINT ( 'NONE', #9802 ) ;
#3474 = DIRECTION ( 'NONE',  ( 0.000000000000000000, 1.000000000000000000, 0.000000000000000000 ) ) ;
#3475 = EDGE_LOOP ( 'NONE', ( #5147, #2645, #9885, #3036, #1803, #11101, #3321, #8257 ) ) ;
#3476 = UNCERTAINTY_MEASURE_WITH_UNIT (LENGTH_MEASURE( 1.000000000000000082E-05 ), #6135, 'distance_accuracy_value', 'NONE');
#3477 = ORIENTED_EDGE ( 'NONE', *, *, #7418, .F. ) ;
#3478 = FILL_AREA_STYLE ('',( #9040 ) ) ;
#3479 = EDGE_CURVE ( 'NONE', #9840, #2837, #1059, .T. ) ;
#3480 = FILL_AREA_STYLE ('',( #8409 ) ) ;
#3481 = FILL_AREA_STYLE_COLOUR ( '', #11437 ) ;
#3482 = CARTESIAN_POINT ( 'NONE',  ( 5.009999999999999787, 0.2000000000000000111, 1.100000000000000089 ) ) ;
#3483 = CARTESIAN_POINT ( 'NONE',  ( 5.009999999999999787, -1.070000000000000062, 1.100000000000000089 ) ) ;
#3484 =( LENGTH_UNIT ( ) NAMED_UNIT ( * ) SI_UNIT ( .MILLI., .METRE. ) );
#3485 = FILL_AREA_STYLE ('',( #11265 ) ) ;
#3486 = ORIENTED_EDGE ( 'NONE', *, *, #8426, .T. ) ;
#3487 = DIRECTION ( 'NONE',  ( -3.780601918172600153E-15, -1.000000000000000000, 0.000000000000000000 ) ) ;
#3488 = FACE_OUTER_BOUND ( 'NONE', #7928, .T. ) ;
#3489 = EDGE_CURVE ( 'NONE', #1730, #6477, #6815, .T. ) ;
#3490 = EDGE_LOOP ( 'NONE', ( #3889, #6165, #1856, #2458 ) ) ;
#3491 = SURFACE_SIDE_STYLE ('',( #7189 ) ) ;
#3492 = ADVANCED_FACE ( 'NONE', ( #10741 ), #5058, .F. ) ;
#3493 = UNCERTAINTY_MEASURE_WITH_UNIT (LENGTH_MEASURE( 1.000000000000000082E-05 ), #5758, 'distance_accuracy_value', 'NONE');
#3494 = FILL_AREA_STYLE ('',( #7303 ) ) ;
#3495 = COLOUR_RGB ( '',1.000000000000000000, 0.8117647058823529438, 0.5019607843137254832 ) ;
#3496 = CARTESIAN_POINT ( 'NONE',  ( 2.139999999999949942, -5.000000000000000000, -0.1000000000000000056 ) ) ;
#3497 =( LENGTH_UNIT ( ) NAMED_UNIT ( * ) SI_UNIT ( .MILLI., .METRE. ) );
#3498 = LINE ( 'NONE', #381, #11832 ) ;
#3499 = CARTESIAN_POINT ( 'NONE',  ( -5.009999999999999787, 2.339999999999999858, -0.1000000000000000056 ) ) ;
#3500 = DIRECTION ( 'NONE',  ( 1.734723475976804876E-16, -1.000000000000000000, 0.000000000000000000 ) ) ;
#3501 = ORIENTED_EDGE ( 'NONE', *, *, #944, .F. ) ;
#3502 = EDGE_LOOP ( 'NONE', ( #4079, #204, #3784, #7620 ) ) ;
#3503 = EDGE_CURVE ( 'NONE', #8481, #973, #1458, .T. ) ;
#3504 = VECTOR ( 'NONE', #8150, 1000.000000000000000 ) ;
#3505 = EDGE_LOOP ( 'NONE', ( #8697, #6450, #1562, #10996 ) ) ;
#3506 = LINE ( 'NONE', #4508, #8375 ) ;
#3507 = CARTESIAN_POINT ( 'NONE',  ( -5.000000000000000000, 1.270000000000000018, -0.2999999999999999889 ) ) ;
#3508 = DIRECTION ( 'NONE',  ( 1.000000000000000000, -1.047444401652940164E-14, 0.000000000000000000 ) ) ;
#3509 = FACE_OUTER_BOUND ( 'NONE', #9302, .T. ) ;
#3510 = AXIS2_PLACEMENT_3D ( 'NONE', #8312, #10331, #1902 ) ;
#3511 = CARTESIAN_POINT ( 'NONE',  ( -2.339999999999999858, 5.009999999999999787, 1.100000000000000089 ) ) ;
#3512 = LINE ( 'NONE', #8189, #7903 ) ;
#3513 = ORIENTED_EDGE ( 'NONE', *, *, #8072, .T. ) ;
#3514 =( NAMED_UNIT ( * ) SI_UNIT ( $, .STERADIAN. ) SOLID_ANGLE_UNIT ( ) );
#3515 = EDGE_CURVE ( 'NONE', #150, #2522, #1242, .T. ) ;
#3516 = ORIENTED_EDGE ( 'NONE', *, *, #2646, .T. ) ;
#3517 = MECHANICAL_DESIGN_GEOMETRIC_PRESENTATION_REPRESENTATION (  '', ( #8898 ), #1266 ) ;
#3518 = ADVANCED_FACE ( 'NONE', ( #9184 ), #6241, .T. ) ;
#3519 = VERTEX_POINT ( 'NONE', #11132 ) ;
#3520 = PRESENTATION_LAYER_ASSIGNMENT (  '', '', ( #10504 ) ) ;
#3521 = DIRECTION ( 'NONE',  ( 0.000000000000000000, 0.000000000000000000, -1.000000000000000000 ) ) ;
#3522 = DIRECTION ( 'NONE',  ( 0.000000000000000000, 0.000000000000000000, 1.000000000000000000 ) ) ;
#3523 = VECTOR ( 'NONE', #5016, 1000.000000000000000 ) ;
#3524 = FACE_OUTER_BOUND ( 'NONE', #11775, .T. ) ;
#3525 = DIRECTION ( 'NONE',  ( 1.000000000000000000, 0.000000000000000000, 0.000000000000000000 ) ) ;
#3526 = VECTOR ( 'NONE', #6593, 1000.000000000000000 ) ;
#3527 = DIRECTION ( 'NONE',  ( -3.780601918172600153E-15, -1.000000000000000000, 0.000000000000000000 ) ) ;
#3528 = VECTOR ( 'NONE', #8366, 1000.000000000000000 ) ;
#3529 = CARTESIAN_POINT ( 'NONE',  ( 4.750000000000000000, -0.4000000000000000222, 1.100000000000000089 ) ) ;
#3530 = COLOUR_RGB ( '',1.000000000000000000, 0.8117647058823529438, 0.5019607843137254832 ) ;
#3531 = ORIENTED_EDGE ( 'NONE', *, *, #12021, .T. ) ;
#3532 = DIRECTION ( 'NONE',  ( 0.000000000000000000, 0.000000000000000000, -1.000000000000000000 ) ) ;
#3533 = ORIENTED_EDGE ( 'NONE', *, *, #7743, .F. ) ;
#3534 = CARTESIAN_POINT ( 'NONE',  ( -5.000000000000000000, 5.000000000000000000, 1.000000000000000000 ) ) ;
#3535 = ORIENTED_EDGE ( 'NONE', *, *, #5085, .F. ) ;
#3536 = ORIENTED_EDGE ( 'NONE', *, *, #9138, .F. ) ;
#3537 = DIRECTION ( 'NONE',  ( 1.000000000000000000, 1.734723475976804876E-16, 0.000000000000000000 ) ) ;
#3538 = AXIS2_PLACEMENT_3D ( 'NONE', #9048, #2591, #567 ) ;
#3539 = AXIS2_PLACEMENT_3D ( 'NONE', #10398, #6157, #408 ) ;
#3540 = LINE ( 'NONE', #1565, #6584 ) ;
#3541 =( GEOMETRIC_REPRESENTATION_CONTEXT ( 3 ) GLOBAL_UNCERTAINTY_ASSIGNED_CONTEXT ( ( #2036 ) ) GLOBAL_UNIT_ASSIGNED_CONTEXT ( ( #10555, #1773, #2800 ) ) REPRESENTATION_CONTEXT ( 'NONE', 'WORKASPACE' ) );
#3542 =( NAMED_UNIT ( * ) SI_UNIT ( $, .STERADIAN. ) SOLID_ANGLE_UNIT ( ) );
#3543 = DIRECTION ( 'NONE',  ( 1.000000000000000000, -1.047444401652940164E-14, 0.000000000000000000 ) ) ;
#3544 = DIRECTION ( 'NONE',  ( 1.047444401652940164E-14, 1.000000000000000000, 0.000000000000000000 ) ) ;
#3545 = LINE ( 'NONE', #7358, #169 ) ;
#3546 = CARTESIAN_POINT ( 'NONE',  ( 5.000000000000000000, 0.8699999999999999956, -0.1000000000000000056 ) ) ;
#3547 =( LENGTH_UNIT ( ) NAMED_UNIT ( * ) SI_UNIT ( .MILLI., .METRE. ) );
#3548 = DIRECTION ( 'NONE',  ( 1.000000000000000000, 0.000000000000000000, 0.000000000000000000 ) ) ;
#3549 = ADVANCED_FACE ( 'NONE', ( #5367 ), #9107, .F. ) ;
#3550 = CARTESIAN_POINT ( 'NONE',  ( -5.000000000000000000, 2.540000000000000036, 1.100000000000000089 ) ) ;
#3551 = SURFACE_STYLE_FILL_AREA ( #3485 ) ;
#3552 = AXIS2_PLACEMENT_3D ( 'NONE', #1341, #2555, #11044 ) ;
#3553 = ORIENTED_EDGE ( 'NONE', *, *, #4243, .T. ) ;
#3554 = MECHANICAL_DESIGN_GEOMETRIC_PRESENTATION_REPRESENTATION (  '', ( #4153 ), #4963 ) ;
#3555 = LINE ( 'NONE', #9189, #2128 ) ;
#3556 = EDGE_LOOP ( 'NONE', ( #10511, #5783, #147, #7787 ) ) ;
#3557 = PRESENTATION_STYLE_ASSIGNMENT (( #1823 ) ) ;
#3558 = COLOUR_RGB ( '',1.000000000000000000, 0.8117647058823529438, 0.5019607843137254832 ) ;
#3559 = DIRECTION ( 'NONE',  ( -1.000000000000000000, 0.000000000000000000, 0.000000000000000000 ) ) ;
#3560 = LINE ( 'NONE', #11215, #1164 ) ;
#3561 = DIRECTION ( 'NONE',  ( 1.000000000000000000, 0.000000000000000000, 0.000000000000000000 ) ) ;
#3562 = LINE ( 'NONE', #7377, #2707 ) ;
#3563 = CARTESIAN_POINT ( 'NONE',  ( 0.8699999999999510347, -4.750000000000000000, 1.100000000000000089 ) ) ;
#3564 = SURFACE_STYLE_FILL_AREA ( #11405 ) ;
#3565 = EDGE_CURVE ( 'NONE', #3710, #7256, #1501, .T. ) ;
#3566 = FACE_OUTER_BOUND ( 'NONE', #4698, .T. ) ;
#3567 = VERTEX_POINT ( 'NONE', #3423 ) ;
#3568 = COLOUR_RGB ( '',0.2509803921568627416, 0.2509803921568627416, 0.2509803921568627416 ) ;
#3569 = ORIENTED_EDGE ( 'NONE', *, *, #5613, .T. ) ;
#3570 = COLOUR_RGB ( '',1.000000000000000000, 0.8117647058823529438, 0.5019607843137254832 ) ;
#3571 = VERTEX_POINT ( 'NONE', #11808 ) ;
#3572 = VECTOR ( 'NONE', #5381, 1000.000000000000000 ) ;
#3573 = ORIENTED_EDGE ( 'NONE', *, *, #2488, .F. ) ;
#3574 =( LENGTH_UNIT ( ) NAMED_UNIT ( * ) SI_UNIT ( .MILLI., .METRE. ) );
#3575 = DIRECTION ( 'NONE',  ( -1.000000000000000000, 0.000000000000000000, 0.000000000000000000 ) ) ;
#3576 = PRESENTATION_LAYER_ASSIGNMENT (  '', '', ( #7926 ) ) ;
#3577 = VECTOR ( 'NONE', #4684, 1000.000000000000000 ) ;
#3578 = PLANE ( 'NONE',  #58 ) ;
#3579 = UNCERTAINTY_MEASURE_WITH_UNIT (LENGTH_MEASURE( 1.000000000000000082E-05 ), #2681, 'distance_accuracy_value', 'NONE');
#3580 = SURFACE_SIDE_STYLE ('',( #2679 ) ) ;
#3581 = CARTESIAN_POINT ( 'NONE',  ( 4.250000000000000000, -0.4000000000000000222, 0.000000000000000000 ) ) ;
#3582 = EDGE_CURVE ( 'NONE', #10847, #5037, #4434, .T. ) ;
#3583 = EDGE_CURVE ( 'NONE', #9091, #6901, #7289, .T. ) ;
#3584 = FILL_AREA_STYLE_COLOUR ( '', #4338 ) ;
#3585 = STYLED_ITEM ( 'NONE', ( #2417 ), #1274 ) ;
#3586 = ORIENTED_EDGE ( 'NONE', *, *, #1778, .T. ) ;
#3587 = ORIENTED_EDGE ( 'NONE', *, *, #5288, .T. ) ;
#3588 = PRESENTATION_STYLE_ASSIGNMENT (( #1004 ) ) ;
#3589 = VECTOR ( 'NONE', #5947, 1000.000000000000000 ) ;
#3590 = COLOUR_RGB ( '',1.000000000000000000, 0.8117647058823529438, 0.5019607843137254832 ) ;
#3591 = CARTESIAN_POINT ( 'NONE',  ( 5.009999999999999787, 2.939999999999999947, -0.1000000000000000056 ) ) ;
#3592 = LINE ( 'NONE', #611, #3166 ) ;
#3593 = ADVANCED_FACE ( 'NONE', ( #1575 ), #3247, .T. ) ;
#3594 = EDGE_CURVE ( 'NONE', #657, #9022, #2593, .T. ) ;
#3595 = SURFACE_STYLE_USAGE ( .BOTH. , #5345 ) ;
#3596 =( NAMED_UNIT ( * ) PLANE_ANGLE_UNIT ( ) SI_UNIT ( $, .RADIAN. ) );
#3597 = ORIENTED_EDGE ( 'NONE', *, *, #2630, .F. ) ;
#3598 = DIRECTION ( 'NONE',  ( 1.000000000000000000, 0.000000000000000000, 0.000000000000000000 ) ) ;
#3599 = VERTEX_POINT ( 'NONE', #6615 ) ;
#3600 = AXIS2_PLACEMENT_3D ( 'NONE', #633, #5557, #10433 ) ;
#3601 = CARTESIAN_POINT ( 'NONE',  ( -2.540000000000050218, -5.000000000000000000, -0.2999999999999999889 ) ) ;
#3602 = VERTEX_POINT ( 'NONE', #4669 ) ;
#3603 = EDGE_LOOP ( 'NONE', ( #1148, #2833, #6129, #9080 ) ) ;
#3604 =( GEOMETRIC_REPRESENTATION_CONTEXT ( 3 ) GLOBAL_UNCERTAINTY_ASSIGNED_CONTEXT ( ( #5379 ) ) GLOBAL_UNIT_ASSIGNED_CONTEXT ( ( #5649, #7817, #10600 ) ) REPRESENTATION_CONTEXT ( 'NONE', 'WORKASPACE' ) );
#3605 = PRESENTATION_STYLE_ASSIGNMENT (( #5607 ) ) ;
#3606 = FACE_OUTER_BOUND ( 'NONE', #9974, .T. ) ;
#3607 = VECTOR ( 'NONE', #10238, 1000.000000000000000 ) ;
#3608 = CARTESIAN_POINT ( 'NONE',  ( 0.4000000000000155098, 4.750000000000000000, 1.100000000000000089 ) ) ;
#3609 = EDGE_CURVE ( 'NONE', #10762, #10304, #755, .T. ) ;
#3610 = DIRECTION ( 'NONE',  ( 0.000000000000000000, 0.000000000000000000, 1.000000000000000000 ) ) ;
#3611 = CARTESIAN_POINT ( 'NONE',  ( 5.000000000000000000, 2.739999999999999769, -0.2999999999999999889 ) ) ;
#3612 = PLANE ( 'NONE',  #1076 ) ;
#3613 = CARTESIAN_POINT ( 'NONE',  ( 5.000000000000000000, 5.000000000000000000, 1.000000000000000000 ) ) ;
#3614 = FACE_OUTER_BOUND ( 'NONE', #2297, .T. ) ;
#3615 = ORIENTED_EDGE ( 'NONE', *, *, #10145, .T. ) ;
#3616 = MECHANICAL_DESIGN_GEOMETRIC_PRESENTATION_REPRESENTATION (  '', ( #359 ), #5025 ) ;
#3617 = DIRECTION ( 'NONE',  ( -1.000000000000000000, 0.000000000000000000, 0.000000000000000000 ) ) ;
#3618 = VECTOR ( 'NONE', #11928, 1000.000000000000000 ) ;
#3619 = ORIENTED_EDGE ( 'NONE', *, *, #6823, .F. ) ;
#3620 = SURFACE_SIDE_STYLE ('',( #12418 ) ) ;
#3621 = EDGE_CURVE ( 'NONE', #4143, #6520, #11263, .T. ) ;
#3622 = FILL_AREA_STYLE_COLOUR ( '', #6412 ) ;
#3623 = AXIS2_PLACEMENT_3D ( 'NONE', #5364, #7950, #8983 ) ;
#3624 = CARTESIAN_POINT ( 'NONE',  ( 5.009999999999999787, -0.2000000000000000111, -0.1000000000000000056 ) ) ;
#3625 = DIRECTION ( 'NONE',  ( 1.076356459585886213E-14, 1.000000000000000000, 0.000000000000000000 ) ) ;
#3626 =( NAMED_UNIT ( * ) PLANE_ANGLE_UNIT ( ) SI_UNIT ( $, .RADIAN. ) );
#3627 = DIRECTION ( 'NONE',  ( 1.000000000000000000, -3.491481338843135327E-15, 0.000000000000000000 ) ) ;
#3628 = MECHANICAL_DESIGN_GEOMETRIC_PRESENTATION_REPRESENTATION (  '', ( #9010 ), #4629 ) ;
#3629 =( NAMED_UNIT ( * ) PLANE_ANGLE_UNIT ( ) SI_UNIT ( $, .RADIAN. ) );
#3630 = VERTEX_POINT ( 'NONE', #8415 ) ;
#3631 = EDGE_LOOP ( 'NONE', ( #10321, #5893, #1719, #12261, #11794, #10336, #6820, #9354 ) ) ;
#3632 =( GEOMETRIC_REPRESENTATION_CONTEXT ( 3 ) GLOBAL_UNCERTAINTY_ASSIGNED_CONTEXT ( ( #10687 ) ) GLOBAL_UNIT_ASSIGNED_CONTEXT ( ( #11039, #5399, #11891 ) ) REPRESENTATION_CONTEXT ( 'NONE', 'WORKASPACE' ) );
#3633 = VERTEX_POINT ( 'NONE', #7362 ) ;
#3634 = CARTESIAN_POINT ( 'NONE',  ( 1.670000000000000151, 5.009999999999999787, -0.1000000000000000056 ) ) ;
#3635 = ADVANCED_FACE ( 'NONE', ( #11389 ), #9430, .F. ) ;
#3636 = DIRECTION ( 'NONE',  ( -1.000000000000000000, 3.491481338843135327E-15, 0.000000000000000000 ) ) ;
#3637 = FILL_AREA_STYLE ('',( #4637 ) ) ;
#3638 = CARTESIAN_POINT ( 'NONE',  ( 5.009999999999999787, -2.540000000000000036, 0.000000000000000000 ) ) ;
#3639 = AXIS2_PLACEMENT_3D ( 'NONE', #1459, #9395, #12219 ) ;
#3640 = PRESENTATION_STYLE_ASSIGNMENT (( #11909 ) ) ;
#3641 = DIRECTION ( 'NONE',  ( 1.000000000000000000, -3.491481338843135327E-15, 0.000000000000000000 ) ) ;
#3642 = DIRECTION ( 'NONE',  ( -3.318008991245455407E-15, -1.000000000000000000, 0.000000000000000000 ) ) ;
#3643 = FILL_AREA_STYLE ('',( #4583 ) ) ;
#3644 = EDGE_LOOP ( 'NONE', ( #305, #7045, #5645, #7384 ) ) ;
#3645 = VERTEX_POINT ( 'NONE', #3796 ) ;
#3646 = SURFACE_SIDE_STYLE ('',( #2487 ) ) ;
#3647 =( GEOMETRIC_REPRESENTATION_CONTEXT ( 3 ) GLOBAL_UNCERTAINTY_ASSIGNED_CONTEXT ( ( #1423 ) ) GLOBAL_UNIT_ASSIGNED_CONTEXT ( ( #5033, #6074, #3073 ) ) REPRESENTATION_CONTEXT ( 'NONE', 'WORKASPACE' ) );
#3648 = EDGE_CURVE ( 'NONE', #8533, #1597, #2784, .T. ) ;
#3649 = SURFACE_STYLE_FILL_AREA ( #2364 ) ;
#3650 = LINE ( 'NONE', #7272, #1162 ) ;
#3651 = DIRECTION ( 'NONE',  ( 0.000000000000000000, 1.000000000000000000, 0.000000000000000000 ) ) ;
#3652 = AXIS2_PLACEMENT_3D ( 'NONE', #3138, #11892, #8823 ) ;
#3653 = ORIENTED_EDGE ( 'NONE', *, *, #1721, .T. ) ;
#3654 = DIRECTION ( 'NONE',  ( 0.000000000000000000, -1.000000000000000000, 0.000000000000000000 ) ) ;
#3655 = FILL_AREA_STYLE ('',( #6413 ) ) ;
#3656 = ORIENTED_EDGE ( 'NONE', *, *, #794, .T. ) ;
#3657 = ORIENTED_EDGE ( 'NONE', *, *, #8232, .F. ) ;
#3658 = CARTESIAN_POINT ( 'NONE',  ( 4.750000000000000000, 0.4000000000000000222, 1.100000000000000089 ) ) ;
#3659 = EDGE_CURVE ( 'NONE', #3367, #7348, #6674, .T. ) ;
#3660 = ADVANCED_FACE ( 'NONE', ( #9541 ), #3612, .T. ) ;
#3661 =( GEOMETRIC_REPRESENTATION_CONTEXT ( 3 ) GLOBAL_UNCERTAINTY_ASSIGNED_CONTEXT ( ( #4359 ) ) GLOBAL_UNIT_ASSIGNED_CONTEXT ( ( #3029, #11616, #2968 ) ) REPRESENTATION_CONTEXT ( 'NONE', 'WORKASPACE' ) );
#3662 =( LENGTH_UNIT ( ) NAMED_UNIT ( * ) SI_UNIT ( .MILLI., .METRE. ) );
#3663 = FACE_OUTER_BOUND ( 'NONE', #3475, .T. ) ;
#3664 =( NAMED_UNIT ( * ) PLANE_ANGLE_UNIT ( ) SI_UNIT ( $, .RADIAN. ) );
#3665 = SURFACE_STYLE_FILL_AREA ( #12243 ) ;
#3666 =( NAMED_UNIT ( * ) PLANE_ANGLE_UNIT ( ) SI_UNIT ( $, .RADIAN. ) );
#3667 = SURFACE_SIDE_STYLE ('',( #8354 ) ) ;
#3668 = ORIENTED_EDGE ( 'NONE', *, *, #3276, .F. ) ;
#3669 = DIRECTION ( 'NONE',  ( -1.047444401652940164E-14, -1.000000000000000000, 0.000000000000000000 ) ) ;
#3670 = UNCERTAINTY_MEASURE_WITH_UNIT (LENGTH_MEASURE( 1.000000000000000082E-05 ), #882, 'distance_accuracy_value', 'NONE');
#3671 = EDGE_CURVE ( 'NONE', #2164, #6543, #11501, .T. ) ;
#3672 = EDGE_CURVE ( 'NONE', #4837, #831, #222, .T. ) ;
#3673 =( NAMED_UNIT ( * ) PLANE_ANGLE_UNIT ( ) SI_UNIT ( $, .RADIAN. ) );
#3674 = CARTESIAN_POINT ( 'NONE',  ( 4.750000000000000000, 0.8699999999999999956, 1.000000000000000000 ) ) ;
#3675 =( NAMED_UNIT ( * ) SI_UNIT ( $, .STERADIAN. ) SOLID_ANGLE_UNIT ( ) );
#3676 =( LENGTH_UNIT ( ) NAMED_UNIT ( * ) SI_UNIT ( .MILLI., .METRE. ) );
#3677 = PLANE ( 'NONE',  #2812 ) ;
#3678 = CARTESIAN_POINT ( 'NONE',  ( 5.000000000000000000, 5.000000000000000000, 0.000000000000000000 ) ) ;
#3679 = CARTESIAN_POINT ( 'NONE',  ( 4.250000000000000000, 0.4000000000000000222, 0.000000000000000000 ) ) ;
#3680 = DIRECTION ( 'NONE',  ( 1.030097166893172093E-14, 1.000000000000000000, 0.000000000000000000 ) ) ;
#3681 = FACE_OUTER_BOUND ( 'NONE', #6203, .T. ) ;
#3682 = CARTESIAN_POINT ( 'NONE',  ( 5.009999999999999787, -2.939999999999999947, 1.100000000000000089 ) ) ;
#3683 = ORIENTED_EDGE ( 'NONE', *, *, #9702, .F. ) ;
#3684 = VERTEX_POINT ( 'NONE', #38 ) ;
#3685 = ORIENTED_EDGE ( 'NONE', *, *, #9860, .F. ) ;
#3686 = LINE ( 'NONE', #3634, #9777 ) ;
#3687 = VECTOR ( 'NONE', #4599, 1000.000000000000000 ) ;
#3688 = DIRECTION ( 'NONE',  ( 1.000000000000000000, 0.000000000000000000, 0.000000000000000000 ) ) ;
#3689 = UNCERTAINTY_MEASURE_WITH_UNIT (LENGTH_MEASURE( 1.000000000000000082E-05 ), #10991, 'distance_accuracy_value', 'NONE');
#3690 =( NAMED_UNIT ( * ) PLANE_ANGLE_UNIT ( ) SI_UNIT ( $, .RADIAN. ) );
#3691 = CARTESIAN_POINT ( 'NONE',  ( -1.670000000000000151, 4.250000000000000000, -0.1000000000000000056 ) ) ;
#3692 =( NAMED_UNIT ( * ) SI_UNIT ( $, .STERADIAN. ) SOLID_ANGLE_UNIT ( ) );
#3693 = ADVANCED_FACE ( 'NONE', ( #3912 ), #4989, .F. ) ;
#3694 = COLOUR_RGB ( '',1.000000000000000000, 0.8117647058823529438, 0.5019607843137254832 ) ;
#3695 = ORIENTED_EDGE ( 'NONE', *, *, #291, .F. ) ;
#3696 = ORIENTED_EDGE ( 'NONE', *, *, #5573, .F. ) ;
#3697 = VERTEX_POINT ( 'NONE', #2188 ) ;
#3698 = LINE ( 'NONE', #12337, #4721 ) ;
#3699 = PRESENTATION_LAYER_ASSIGNMENT (  '', '', ( #1457 ) ) ;
#3700 = CARTESIAN_POINT ( 'NONE',  ( 0.4000000000000170641, 5.009999999999999787, -0.1000000000000000056 ) ) ;
#3701 = VECTOR ( 'NONE', #5020, 1000.000000000000000 ) ;
#3702 = VECTOR ( 'NONE', #1010, 1000.000000000000000 ) ;
#3703 = DIRECTION ( 'NONE',  ( 3.491481338843135327E-15, 1.000000000000000000, 0.000000000000000000 ) ) ;
#3704 = LINE ( 'NONE', #10411, #6522 ) ;
#3705 = CARTESIAN_POINT ( 'NONE',  ( -5.000000000000000000, 2.939999999999999947, -0.1000000000000000056 ) ) ;
#3706 = PLANE ( 'NONE',  #10556 ) ;
#3707 = FACE_OUTER_BOUND ( 'NONE', #8700, .T. ) ;
#3708 = CARTESIAN_POINT ( 'NONE',  ( 2.540000000000000036, 5.009999999999999787, 0.000000000000000000 ) ) ;
#3709 = DIRECTION ( 'NONE',  ( 1.000000000000000000, 0.000000000000000000, 0.000000000000000000 ) ) ;
#3710 = VERTEX_POINT ( 'NONE', #3857 ) ;
#3711 = EDGE_CURVE ( 'NONE', #11636, #8638, #1174, .T. ) ;
#3712 = AXIS2_PLACEMENT_3D ( 'NONE', #7451, #12339, #3771 ) ;
#3713 = VECTOR ( 'NONE', #1650, 1000.000000000000000 ) ;
#3714 = MECHANICAL_DESIGN_GEOMETRIC_PRESENTATION_REPRESENTATION (  '', ( #6515 ), #12303 ) ;
#3715 = CARTESIAN_POINT ( 'NONE',  ( 5.000000000000000000, 1.270000000000000018, -0.2999999999999999889 ) ) ;
#3716 = AXIS2_PLACEMENT_3D ( 'NONE', #7883, #4995, #2139 ) ;
#3717 = DIRECTION ( 'NONE',  ( 1.000000000000000000, 1.734723475976804876E-16, 0.000000000000000000 ) ) ;
#3718 = ORIENTED_EDGE ( 'NONE', *, *, #5630, .T. ) ;
#3719 = VERTEX_POINT ( 'NONE', #5801 ) ;
#3720 = LINE ( 'NONE', #3658, #9176 ) ;
#3721 =( GEOMETRIC_REPRESENTATION_CONTEXT ( 3 ) GLOBAL_UNCERTAINTY_ASSIGNED_CONTEXT ( ( #11641 ) ) GLOBAL_UNIT_ASSIGNED_CONTEXT ( ( #5336, #2427, #10267 ) ) REPRESENTATION_CONTEXT ( 'NONE', 'WORKASPACE' ) );
#3722 = STYLED_ITEM ( 'NONE', ( #3084 ), #3660 ) ;
#3723 = COLOUR_RGB ( '',1.000000000000000000, 0.8117647058823529438, 0.5019607843137254832 ) ;
#3724 = CARTESIAN_POINT ( 'NONE',  ( -1.670000000000050111, -5.000000000000000000, -0.1000000000000000056 ) ) ;
#3725 = LINE ( 'NONE', #5362, #9772 ) ;
#3726 =( LENGTH_UNIT ( ) NAMED_UNIT ( * ) SI_UNIT ( .MILLI., .METRE. ) );
#3727 = VECTOR ( 'NONE', #9381, 1000.000000000000000 ) ;
#3728 = VECTOR ( 'NONE', #3791, 1000.000000000000000 ) ;
#3729 = SURFACE_STYLE_USAGE ( .BOTH. , #12411 ) ;
#3730 = LINE ( 'NONE', #2592, #8773 ) ;
#3731 = EDGE_CURVE ( 'NONE', #2425, #3684, #11728, .T. ) ;
#3732 = DIRECTION ( 'NONE',  ( 1.000000000000000000, 1.734723475976804876E-16, 0.000000000000000000 ) ) ;
#3733 = DIRECTION ( 'NONE',  ( 0.000000000000000000, 0.000000000000000000, 1.000000000000000000 ) ) ;
#3734 = DIRECTION ( 'NONE',  ( 3.491481338843135327E-15, 1.000000000000000000, 0.000000000000000000 ) ) ;
#3735 = ORIENTED_EDGE ( 'NONE', *, *, #8739, .F. ) ;
#3736 = VECTOR ( 'NONE', #900, 1000.000000000000000 ) ;
#3737 = STYLED_ITEM ( 'NONE', ( #2103 ), #6648 ) ;
#3738 = LINE ( 'NONE', #933, #11780 ) ;
#3739 =( NAMED_UNIT ( * ) SI_UNIT ( $, .STERADIAN. ) SOLID_ANGLE_UNIT ( ) );
#3740 = SURFACE_SIDE_STYLE ('',( #7542 ) ) ;
#3741 = CARTESIAN_POINT ( 'NONE',  ( 5.000000000000000000, -1.670000000000000151, 0.000000000000000000 ) ) ;
#3742 = DIRECTION ( 'NONE',  ( 0.000000000000000000, 0.000000000000000000, -1.000000000000000000 ) ) ;
#3743 = LINE ( 'NONE', #7548, #8716 ) ;
#3744 = SURFACE_STYLE_USAGE ( .BOTH. , #10241 ) ;
#3745 =( NAMED_UNIT ( * ) SI_UNIT ( $, .STERADIAN. ) SOLID_ANGLE_UNIT ( ) );
#3746 = STYLED_ITEM ( 'NONE', ( #11896 ), #11983 ) ;
#3747 = EDGE_CURVE ( 'NONE', #8060, #10458, #10790, .T. ) ;
#3748 = FILL_AREA_STYLE_COLOUR ( '', #8289 ) ;
#3749 = ADVANCED_FACE ( 'NONE', ( #8604 ), #12412, .F. ) ;
#3750 = LINE ( 'NONE', #8561, #11960 ) ;
#3751 = DIRECTION ( 'NONE',  ( -1.000000000000000000, 3.491481338843135327E-15, 0.000000000000000000 ) ) ;
#3752 = ORIENTED_EDGE ( 'NONE', *, *, #10049, .F. ) ;
#3753 = EDGE_LOOP ( 'NONE', ( #9321, #6387, #6199, #223, #7569, #6288, #1781, #2310 ) ) ;
#3754 = VERTEX_POINT ( 'NONE', #5220 ) ;
#3755 = FILL_AREA_STYLE_COLOUR ( '', #7567 ) ;
#3756 = AXIS2_PLACEMENT_3D ( 'NONE', #10855, #9728, #6857 ) ;
#3757 = LINE ( 'NONE', #6644, #6588 ) ;
#3758 = PRESENTATION_STYLE_ASSIGNMENT (( #713 ) ) ;
#3759 =( LENGTH_UNIT ( ) NAMED_UNIT ( * ) SI_UNIT ( .MILLI., .METRE. ) );
#3760 =( NAMED_UNIT ( * ) PLANE_ANGLE_UNIT ( ) SI_UNIT ( $, .RADIAN. ) );
#3761 = ADVANCED_FACE ( 'NONE', ( #7277 ), #2434, .F. ) ;
#3762 = COLOUR_RGB ( '',0.5372549019607842924, 0.6235294117647058876, 0.000000000000000000 ) ;
#3763 = COLOUR_RGB ( '',0.7529411764705882248, 0.7529411764705882248, 0.7529411764705882248 ) ;
#3764 = VECTOR ( 'NONE', #3039, 1000.000000000000000 ) ;
#3765 = ORIENTED_EDGE ( 'NONE', *, *, #2307, .T. ) ;
#3766 = PRESENTATION_LAYER_ASSIGNMENT (  '', '', ( #9161 ) ) ;
#3767 = ORIENTED_EDGE ( 'NONE', *, *, #11467, .T. ) ;
#3768 = CARTESIAN_POINT ( 'NONE',  ( -4.750000000000000000, 2.939999999999999947, 1.100000000000000089 ) ) ;
#3769 =( GEOMETRIC_REPRESENTATION_CONTEXT ( 3 ) GLOBAL_UNCERTAINTY_ASSIGNED_CONTEXT ( ( #9756 ) ) GLOBAL_UNIT_ASSIGNED_CONTEXT ( ( #238, #184, #7898 ) ) REPRESENTATION_CONTEXT ( 'NONE', 'WORKASPACE' ) );
#3770 = ADVANCED_FACE ( 'NONE', ( #3344 ), #12254, .F. ) ;
#3771 = DIRECTION ( 'NONE',  ( 0.000000000000000000, 0.000000000000000000, 1.000000000000000000 ) ) ;
#3772 = DIRECTION ( 'NONE',  ( 0.000000000000000000, 0.000000000000000000, -1.000000000000000000 ) ) ;
#3773 = FILL_AREA_STYLE ('',( #11372 ) ) ;
#3774 = COLOUR_RGB ( '',1.000000000000000000, 0.8117647058823529438, 0.5019607843137254832 ) ;
#3775 = VECTOR ( 'NONE', #2706, 1000.000000000000000 ) ;
#3776 = PLANE ( 'NONE',  #11861 ) ;
#3777 = LINE ( 'NONE', #1925, #11175 ) ;
#3778 = DIRECTION ( 'NONE',  ( 1.000000000000000000, 0.000000000000000000, 0.000000000000000000 ) ) ;
#3779 = VECTOR ( 'NONE', #711, 1000.000000000000000 ) ;
#3780 = ORIENTED_EDGE ( 'NONE', *, *, #4464, .T. ) ;
#3781 = COLOUR_RGB ( '',0.5372549019607842924, 0.6235294117647058876, 0.000000000000000000 ) ;
#3782 = CARTESIAN_POINT ( 'NONE',  ( -4.750000000000000000, 2.939999999999999947, 1.100000000000000089 ) ) ;
#3783 = ORIENTED_EDGE ( 'NONE', *, *, #7990, .T. ) ;
#3784 = ORIENTED_EDGE ( 'NONE', *, *, #4418, .F. ) ;
#3785 = DIRECTION ( 'NONE',  ( 1.000000000000000000, 0.000000000000000000, 0.000000000000000000 ) ) ;
#3786 = COLOUR_RGB ( '',1.000000000000000000, 0.8117647058823529438, 0.5019607843137254832 ) ;
#3787 = PRESENTATION_LAYER_ASSIGNMENT (  '', '', ( #2155 ) ) ;
#3788 = EDGE_CURVE ( 'NONE', #9297, #12281, #4627, .T. ) ;
#3789 =( NAMED_UNIT ( * ) PLANE_ANGLE_UNIT ( ) SI_UNIT ( $, .RADIAN. ) );
#3790 = CARTESIAN_POINT ( 'NONE',  ( -0.8700000000000520650, -5.009999999999999787, 1.100000000000000089 ) ) ;
#3791 = DIRECTION ( 'NONE',  ( 0.000000000000000000, 0.000000000000000000, -1.000000000000000000 ) ) ;
#3792 =( NAMED_UNIT ( * ) SI_UNIT ( $, .STERADIAN. ) SOLID_ANGLE_UNIT ( ) );
#3794 = MECHANICAL_DESIGN_GEOMETRIC_PRESENTATION_REPRESENTATION (  '', ( #5398 ), #4996 ) ;
#3793 = UNCERTAINTY_MEASURE_WITH_UNIT (LENGTH_MEASURE( 1.000000000000000082E-05 ), #4924, 'distance_accuracy_value', 'NONE');
#3795 = CARTESIAN_POINT ( 'NONE',  ( 5.000000000000000000, 5.000000000000000000, 0.000000000000000000 ) ) ;
#3796 = CARTESIAN_POINT ( 'NONE',  ( -1.070000000000052021, -5.000000000000000000, 1.100000000000000089 ) ) ;
#3797 = VECTOR ( 'NONE', #7060, 1000.000000000000000 ) ;
#3798 = DIRECTION ( 'NONE',  ( -1.000000000000000000, -1.734723475976804876E-16, 0.000000000000000000 ) ) ;
#3799 = DIRECTION ( 'NONE',  ( 1.000000000000000000, -3.491481338843135327E-15, 0.000000000000000000 ) ) ;
#3800 = ORIENTED_EDGE ( 'NONE', *, *, #4032, .T. ) ;
#3801 = CARTESIAN_POINT ( 'NONE',  ( -1.470000000000049933, -5.009999999999999787, -0.1000000000000000056 ) ) ;
#3802 = UNCERTAINTY_MEASURE_WITH_UNIT (LENGTH_MEASURE( 1.000000000000000082E-05 ), #7047, 'distance_accuracy_value', 'NONE');
#3803 = MECHANICAL_DESIGN_GEOMETRIC_PRESENTATION_REPRESENTATION (  '', ( #4408 ), #1976 ) ;
#3804 = EDGE_CURVE ( 'NONE', #8864, #7739, #820, .T. ) ;
#3805 =( GEOMETRIC_REPRESENTATION_CONTEXT ( 3 ) GLOBAL_UNCERTAINTY_ASSIGNED_CONTEXT ( ( #12013 ) ) GLOBAL_UNIT_ASSIGNED_CONTEXT ( ( #7001, #4311, #9938 ) ) REPRESENTATION_CONTEXT ( 'NONE', 'WORKASPACE' ) );
#3806 = CARTESIAN_POINT ( 'NONE',  ( -5.009999999999999787, 2.939999999999999947, -0.1000000000000000056 ) ) ;
#3807 =( NAMED_UNIT ( * ) PLANE_ANGLE_UNIT ( ) SI_UNIT ( $, .RADIAN. ) );
#3808 = CARTESIAN_POINT ( 'NONE',  ( 4.250000000000000000, -1.670000000000000151, -0.1000000000000000056 ) ) ;
#3809 = SURFACE_STYLE_USAGE ( .BOTH. , #12371 ) ;
#3810 = CARTESIAN_POINT ( 'NONE',  ( 1.670000000000000151, 4.250000000000000000, -0.1000000000000000056 ) ) ;
#3811 =( NAMED_UNIT ( * ) SI_UNIT ( $, .STERADIAN. ) SOLID_ANGLE_UNIT ( ) );
#3812 = FACE_OUTER_BOUND ( 'NONE', #12322, .T. ) ;
#3813 =( NAMED_UNIT ( * ) PLANE_ANGLE_UNIT ( ) SI_UNIT ( $, .RADIAN. ) );
#3814 = VECTOR ( 'NONE', #984, 1000.000000000000000 ) ;
#3815 =( LENGTH_UNIT ( ) NAMED_UNIT ( * ) SI_UNIT ( .MILLI., .METRE. ) );
#3816 = COLOUR_RGB ( '',1.000000000000000000, 0.8117647058823529438, 0.5019607843137254832 ) ;
#3817 = ORIENTED_EDGE ( 'NONE', *, *, #3160, .F. ) ;
#3818 = VERTEX_POINT ( 'NONE', #4679 ) ;
#3819 =( GEOMETRIC_REPRESENTATION_CONTEXT ( 3 ) GLOBAL_UNCERTAINTY_ASSIGNED_CONTEXT ( ( #7841 ) ) GLOBAL_UNIT_ASSIGNED_CONTEXT ( ( #3987, #9733, #2380 ) ) REPRESENTATION_CONTEXT ( 'NONE', 'WORKASPACE' ) );
#3820 = ORIENTED_EDGE ( 'NONE', *, *, #10775, .T. ) ;
#3821 = EDGE_CURVE ( 'NONE', #5961, #9420, #8615, .T. ) ;
#3823 = EDGE_CURVE ( 'NONE', #12175, #9819, #11457, .T. ) ;
#3822 = VECTOR ( 'NONE', #2727, 1000.000000000000000 ) ;
#3824 = UNCERTAINTY_MEASURE_WITH_UNIT (LENGTH_MEASURE( 1.000000000000000082E-05 ), #11513, 'distance_accuracy_value', 'NONE');
#3825 =( NAMED_UNIT ( * ) SI_UNIT ( $, .STERADIAN. ) SOLID_ANGLE_UNIT ( ) );
#3826 = DIRECTION ( 'NONE',  ( 0.000000000000000000, -1.000000000000000000, 0.000000000000000000 ) ) ;
#3827 =( LENGTH_UNIT ( ) NAMED_UNIT ( * ) SI_UNIT ( .MILLI., .METRE. ) );
#3828 =( GEOMETRIC_REPRESENTATION_CONTEXT ( 3 ) GLOBAL_UNCERTAINTY_ASSIGNED_CONTEXT ( ( #5124 ) ) GLOBAL_UNIT_ASSIGNED_CONTEXT ( ( #3726, #7761, #3792 ) ) REPRESENTATION_CONTEXT ( 'NONE', 'WORKASPACE' ) );
#3829 = CARTESIAN_POINT ( 'NONE',  ( -5.000000000000000000, -2.739999999999999769, 1.100000000000000089 ) ) ;
#3830 =( NAMED_UNIT ( * ) SI_UNIT ( $, .STERADIAN. ) SOLID_ANGLE_UNIT ( ) );
#3831 = CARTESIAN_POINT ( 'NONE',  ( -5.000000000000000000, -0.8699999999999999956, 0.000000000000000000 ) ) ;
#3832 = VERTEX_POINT ( 'NONE', #3869 ) ;
#3833 = EDGE_LOOP ( 'NONE', ( #11363, #387, #3462, #12037 ) ) ;
#3834 = STYLED_ITEM ( 'NONE', ( #1246 ), #6189 ) ;
#3835 = ORIENTED_EDGE ( 'NONE', *, *, #8459, .T. ) ;
#3836 = ORIENTED_EDGE ( 'NONE', *, *, #2383, .T. ) ;
#3837 = EDGE_CURVE ( 'NONE', #5838, #11031, #940, .T. ) ;
#3838 = ORIENTED_EDGE ( 'NONE', *, *, #3978, .F. ) ;
#3839 = STYLED_ITEM ( 'NONE', ( #8097 ), #9215 ) ;
#3840 = DIRECTION ( 'NONE',  ( 0.000000000000000000, 0.000000000000000000, 1.000000000000000000 ) ) ;
#3841 =( NAMED_UNIT ( * ) SI_UNIT ( $, .STERADIAN. ) SOLID_ANGLE_UNIT ( ) );
#3842 = FACE_OUTER_BOUND ( 'NONE', #9248, .T. ) ;
#3843 = LINE ( 'NONE', #6844, #390 ) ;
#3844 = EDGE_CURVE ( 'NONE', #2379, #7164, #8489, .T. ) ;
#3845 = CARTESIAN_POINT ( 'NONE',  ( 5.000000000000000000, -1.070000000000000062, 1.100000000000000089 ) ) ;
#3846 = EDGE_LOOP ( 'NONE', ( #799, #9054, #161, #12333 ) ) ;
#3848 = ORIENTED_EDGE ( 'NONE', *, *, #4268, .F. ) ;
#3847 = COLOUR_RGB ( '',0.5372549019607842924, 0.6235294117647058876, 0.000000000000000000 ) ;
#3849 = ORIENTED_EDGE ( 'NONE', *, *, #11398, .T. ) ;
#3850 = DIRECTION ( 'NONE',  ( 1.000000000000000000, 0.000000000000000000, 0.000000000000000000 ) ) ;
#3851 = DIRECTION ( 'NONE',  ( 0.000000000000000000, 0.000000000000000000, -1.000000000000000000 ) ) ;
#3852 = STYLED_ITEM ( 'NONE', ( #8887 ), #2712 ) ;
#3853 = CARTESIAN_POINT ( 'NONE',  ( 1.270000000000016227, 5.000000000000000000, 1.100000000000000089 ) ) ;
#3854 = CARTESIAN_POINT ( 'NONE',  ( 5.000000000000000000, 2.939999999999999947, 0.000000000000000000 ) ) ;
#3855 =( LENGTH_UNIT ( ) NAMED_UNIT ( * ) SI_UNIT ( .MILLI., .METRE. ) );
#3856 = SURFACE_STYLE_USAGE ( .BOTH. , #5043 ) ;
#3857 = CARTESIAN_POINT ( 'NONE',  ( -5.009999999999999787, 0.4000000000000000222, -0.1000000000000000056 ) ) ;
#3858 = DIRECTION ( 'NONE',  ( -1.734723475976804876E-16, 1.000000000000000000, 0.000000000000000000 ) ) ;
#3859 = ORIENTED_EDGE ( 'NONE', *, *, #9458, .F. ) ;
#3860 = EDGE_CURVE ( 'NONE', #4156, #3599, #3743, .T. ) ;
#3861 = PRESENTATION_LAYER_ASSIGNMENT (  '', '', ( #2220 ) ) ;
#3862 = LINE ( 'NONE', #5918, #9806 ) ;
#3863 = PRESENTATION_STYLE_ASSIGNMENT (( #9374 ) ) ;
#3864 = PLANE ( 'NONE',  #4946 ) ;
#3865 = LINE ( 'NONE', #4053, #7190 ) ;
#3866 = CARTESIAN_POINT ( 'NONE',  ( -5.000000000000000000, -2.939999999999999947, 1.000000000000000000 ) ) ;
#3867 = SURFACE_STYLE_USAGE ( .BOTH. , #12423 ) ;
#3868 = LINE ( 'NONE', #1954, #12222 ) ;
#3869 = CARTESIAN_POINT ( 'NONE',  ( -5.009999999999999787, 1.469999999999999973, -0.1000000000000000056 ) ) ;
#3870 = STYLED_ITEM ( 'NONE', ( #8397 ), #2550 ) ;
#3871 = LINE ( 'NONE', #10739, #12196 ) ;
#3872 = SURFACE_STYLE_USAGE ( .BOTH. , #12425 ) ;
#3873 = CARTESIAN_POINT ( 'NONE',  ( -1.670000000000000151, 4.250000000000000000, -0.1000000000000000056 ) ) ;
#3874 = DIRECTION ( 'NONE',  ( -1.047444401652940164E-14, -1.000000000000000000, 0.000000000000000000 ) ) ;
#3875 = EDGE_CURVE ( 'NONE', #12237, #1730, #6628, .T. ) ;
#3876 = ORIENTED_EDGE ( 'NONE', *, *, #7990, .F. ) ;
#3877 = ORIENTED_EDGE ( 'NONE', *, *, #6698, .F. ) ;
#3878 = ORIENTED_EDGE ( 'NONE', *, *, #6802, .T. ) ;
#3879 = DIRECTION ( 'NONE',  ( 1.000000000000000000, -3.491481338843135327E-15, 0.000000000000000000 ) ) ;
#3880 = DIRECTION ( 'NONE',  ( -1.047444401652940164E-14, -1.000000000000000000, 0.000000000000000000 ) ) ;
#3881 = DIRECTION ( 'NONE',  ( -1.000000000000000000, 3.318008991245455407E-15, 0.000000000000000000 ) ) ;
#3882 =( LENGTH_UNIT ( ) NAMED_UNIT ( * ) SI_UNIT ( .MILLI., .METRE. ) );
#3883 = DIRECTION ( 'NONE',  ( 0.000000000000000000, 0.000000000000000000, -1.000000000000000000 ) ) ;
#3884 = EDGE_CURVE ( 'NONE', #1453, #5984, #10439, .T. ) ;
#3885 = ORIENTED_EDGE ( 'NONE', *, *, #8842, .T. ) ;
#3886 = EDGE_LOOP ( 'NONE', ( #1209, #10929, #75, #4449, #3273, #3023, #9637, #9585 ) ) ;
#3887 = EDGE_LOOP ( 'NONE', ( #1740, #7411, #1218, #8243, #11238, #6227, #11428, #1598 ) ) ;
#3888 = ORIENTED_EDGE ( 'NONE', *, *, #10604, .T. ) ;
#3889 = ORIENTED_EDGE ( 'NONE', *, *, #10545, .T. ) ;
#3890 = SURFACE_SIDE_STYLE ('',( #4842 ) ) ;
#3891 = LINE ( 'NONE', #6656, #314 ) ;
#3892 = LINE ( 'NONE', #4708, #10630 ) ;
#3893 = LINE ( 'NONE', #27, #9881 ) ;
#3894 = EDGE_LOOP ( 'NONE', ( #12047, #3129, #417, #6214 ) ) ;
#3895 = EDGE_CURVE ( 'NONE', #3345, #9339, #12373, .T. ) ;
#3896 = EDGE_CURVE ( 'NONE', #7013, #3519, #5500, .T. ) ;
#3897 = CARTESIAN_POINT ( 'NONE',  ( -2.140000000000044977, -4.250000000000000000, -0.1000000000000000056 ) ) ;
#3898 = APPLICATION_PROTOCOL_DEFINITION ( 'draft international standard', 'automotive_design', 1998, #7932 ) ;
#3899 = VERTEX_POINT ( 'NONE', #9376 ) ;
#3900 = ORIENTED_EDGE ( 'NONE', *, *, #8105, .T. ) ;
#3901 = LINE ( 'NONE', #3977, #11761 ) ;
#3902 = SURFACE_SIDE_STYLE ('',( #10653 ) ) ;
#3903 = CARTESIAN_POINT ( 'NONE',  ( 0.8700000000000169820, 5.009999999999999787, 1.100000000000000089 ) ) ;
#3904 = SURFACE_SIDE_STYLE ('',( #2063 ) ) ;
#3905 = MECHANICAL_DESIGN_GEOMETRIC_PRESENTATION_REPRESENTATION (  '', ( #1457 ), #1865 ) ;
#3906 = PLANE ( 'NONE',  #6462 ) ;
#3907 =( GEOMETRIC_REPRESENTATION_CONTEXT ( 3 ) GLOBAL_UNCERTAINTY_ASSIGNED_CONTEXT ( ( #4474 ) ) GLOBAL_UNIT_ASSIGNED_CONTEXT ( ( #10044, #7181, #1431 ) ) REPRESENTATION_CONTEXT ( 'NONE', 'WORKASPACE' ) );
#3908 = FILL_AREA_STYLE ('',( #11317 ) ) ;
#3909 = LINE ( 'NONE', #1815, #5925 ) ;
#3910 = CARTESIAN_POINT ( 'NONE',  ( -2.940000000000044800, -4.250000000000000000, -0.1000000000000000056 ) ) ;
#3911 = AXIS2_PLACEMENT_3D ( 'NONE', #194, #5249, #10886 ) ;
#3912 = FACE_OUTER_BOUND ( 'NONE', #11815, .T. ) ;
#3913 = VECTOR ( 'NONE', #1602, 1000.000000000000000 ) ;
#3914 = CARTESIAN_POINT ( 'NONE',  ( -2.140000000000000124, 4.250000000000000000, -0.1000000000000000056 ) ) ;
#3915 = ORIENTED_EDGE ( 'NONE', *, *, #8630, .F. ) ;
#3916 = UNCERTAINTY_MEASURE_WITH_UNIT (LENGTH_MEASURE( 1.000000000000000082E-05 ), #11657, 'distance_accuracy_value', 'NONE');
#3917 = PRESENTATION_LAYER_ASSIGNMENT (  '', '', ( #1685 ) ) ;
#3918 = AXIS2_PLACEMENT_3D ( 'NONE', #8058, #7226, #10923 ) ;
#3919 =( NAMED_UNIT ( * ) SI_UNIT ( $, .STERADIAN. ) SOLID_ANGLE_UNIT ( ) );
#3920 = PRESENTATION_LAYER_ASSIGNMENT (  '', '', ( #6919 ) ) ;
#3921 = AXIS2_PLACEMENT_3D ( 'NONE', #4455, #8453, #1463 ) ;
#3922 = DIRECTION ( 'NONE',  ( -0.000000000000000000, 1.000000000000000000, 0.000000000000000000 ) ) ;
#3923 = CARTESIAN_POINT ( 'NONE',  ( -5.009999999999999787, 2.739999999999999769, 1.100000000000000089 ) ) ;
#3924 = EDGE_CURVE ( 'NONE', #8256, #10712, #5264, .T. ) ;
#3925 = SURFACE_STYLE_FILL_AREA ( #47 ) ;
#3926 = PRESENTATION_STYLE_ASSIGNMENT (( #1957 ) ) ;
#3927 = CARTESIAN_POINT ( 'NONE',  ( 5.000000000000000000, 5.000000000000000000, 1.000000000000000000 ) ) ;
#3928 = CARTESIAN_POINT ( 'NONE',  ( -1.670000000000050111, -5.000000000000000000, 1.100000000000000089 ) ) ;
#3929 = PRESENTATION_LAYER_ASSIGNMENT (  '', '', ( #6917 ) ) ;
#3930 = CARTESIAN_POINT ( 'NONE',  ( -4.750000000000000000, 0.8699999999999999956, 1.100000000000000089 ) ) ;
#3931 = VECTOR ( 'NONE', #10666, 1000.000000000000000 ) ;
#3932 =( LENGTH_UNIT ( ) NAMED_UNIT ( * ) SI_UNIT ( .MILLI., .METRE. ) );
#3933 = CARTESIAN_POINT ( 'NONE',  ( 1.270000000000018003, 5.009999999999999787, 0.000000000000000000 ) ) ;
#3934 = VECTOR ( 'NONE', #10166, 1000.000000000000000 ) ;
#3935 = MECHANICAL_DESIGN_GEOMETRIC_PRESENTATION_REPRESENTATION (  '', ( #8516 ), #3123 ) ;
#3936 = ORIENTED_EDGE ( 'NONE', *, *, #4699, .T. ) ;
#3937 = PLANE ( 'NONE',  #6752 ) ;
#3938 = VERTEX_POINT ( 'NONE', #1400 ) ;
#3939 = DIRECTION ( 'NONE',  ( -1.000000000000000000, -1.734723475976804876E-16, 0.000000000000000000 ) ) ;
#3940 = CARTESIAN_POINT ( 'NONE',  ( 0.8700000000000160938, 4.750000000000000000, 1.000000000000000000 ) ) ;
#3941 = UNCERTAINTY_MEASURE_WITH_UNIT (LENGTH_MEASURE( 1.000000000000000082E-05 ), #4762, 'distance_accuracy_value', 'NONE');
#3942 = CARTESIAN_POINT ( 'NONE',  ( 2.540000000000000036, 5.000000000000000000, -0.2999999999999999889 ) ) ;
#3943 = PLANE ( 'NONE',  #11779 ) ;
#3944 = ADVANCED_FACE ( 'NONE', ( #2415 ), #2725, .F. ) ;
#3945 = FILL_AREA_STYLE ('',( #4958 ) ) ;
#3946 = AXIS2_PLACEMENT_3D ( 'NONE', #199, #2217, #4076 ) ;
#3947 = VECTOR ( 'NONE', #9558, 1000.000000000000000 ) ;
#3948 = FILL_AREA_STYLE_COLOUR ( '', #5643 ) ;
#3949 = SURFACE_STYLE_USAGE ( .BOTH. , #5580 ) ;
#3950 = SURFACE_SIDE_STYLE ('',( #1077 ) ) ;
#3951 = CARTESIAN_POINT ( 'NONE',  ( -5.000000000000000000, 5.000000000000000000, 0.000000000000000000 ) ) ;
#3952 = EDGE_LOOP ( 'NONE', ( #10122, #9066, #6774, #4538 ) ) ;
#3953 = ORIENTED_EDGE ( 'NONE', *, *, #5271, .T. ) ;
#3954 =( GEOMETRIC_REPRESENTATION_CONTEXT ( 3 ) GLOBAL_UNCERTAINTY_ASSIGNED_CONTEXT ( ( #5459 ) ) GLOBAL_UNIT_ASSIGNED_CONTEXT ( ( #3855, #12288, #7463 ) ) REPRESENTATION_CONTEXT ( 'NONE', 'WORKASPACE' ) );
#3955 = EDGE_LOOP ( 'NONE', ( #1360, #10447, #482, #1199 ) ) ;
#3956 = FILL_AREA_STYLE ('',( #9520 ) ) ;
#3957 = ORIENTED_EDGE ( 'NONE', *, *, #3837, .T. ) ;
#3958 = EDGE_CURVE ( 'NONE', #1655, #9960, #7208, .T. ) ;
#3959 = SURFACE_SIDE_STYLE ('',( #2049 ) ) ;
#3960 = STYLED_ITEM ( 'NONE', ( #9612 ), #12230 ) ;
#3961 = SURFACE_STYLE_USAGE ( .BOTH. , #4900 ) ;
#3962 = SURFACE_STYLE_USAGE ( .BOTH. , #5778 ) ;
#3963 = STYLED_ITEM ( 'NONE', ( #10906 ), #7312 ) ;
#3964 = CARTESIAN_POINT ( 'NONE',  ( 5.009999999999999787, 1.070000000000000062, -0.1000000000000000056 ) ) ;
#3965 =( NAMED_UNIT ( * ) SI_UNIT ( $, .STERADIAN. ) SOLID_ANGLE_UNIT ( ) );
#3966 = ORIENTED_EDGE ( 'NONE', *, *, #10115, .T. ) ;
#3967 = VECTOR ( 'NONE', #660, 1000.000000000000000 ) ;
#3968 = VECTOR ( 'NONE', #11395, 1000.000000000000000 ) ;
#3969 = PLANE ( 'NONE',  #9100 ) ;
#3970 = DIRECTION ( 'NONE',  ( -1.047444401652940164E-14, -1.000000000000000000, 0.000000000000000000 ) ) ;
#3971 = ORIENTED_EDGE ( 'NONE', *, *, #8412, .F. ) ;
#3972 = ORIENTED_EDGE ( 'NONE', *, *, #7103, .T. ) ;
#3973 = LINE ( 'NONE', #4037, #1332 ) ;
#3974 = VECTOR ( 'NONE', #6150, 1000.000000000000000 ) ;
#3975 = VECTOR ( 'NONE', #5712, 1000.000000000000000 ) ;
#3976 = ADVANCED_FACE ( 'NONE', ( #3323 ), #7142, .F. ) ;
#3977 = CARTESIAN_POINT ( 'NONE',  ( 1.669999999999949969, -4.750000000000000000, 1.100000000000000089 ) ) ;
#3978 = EDGE_CURVE ( 'NONE', #2047, #577, #9619, .T. ) ;
#3979 =( GEOMETRIC_REPRESENTATION_CONTEXT ( 3 ) GLOBAL_UNCERTAINTY_ASSIGNED_CONTEXT ( ( #5013 ) ) GLOBAL_UNIT_ASSIGNED_CONTEXT ( ( #7233, #10036, #557 ) ) REPRESENTATION_CONTEXT ( 'NONE', 'WORKASPACE' ) );
#3980 = LINE ( 'NONE', #219, #1048 ) ;
#3981 = CIRCLE ( 'NONE', #1325, 0.1999999999999996503 ) ;
#3982 = SURFACE_SIDE_STYLE ('',( #923 ) ) ;
#3983 = AXIS2_PLACEMENT_3D ( 'NONE', #8982, #3292, #4296 ) ;
#3984 = VERTEX_POINT ( 'NONE', #1118 ) ;
#3985 = PRESENTATION_LAYER_ASSIGNMENT (  '', '', ( #134 ) ) ;
#3986 = VECTOR ( 'NONE', #10897, 1000.000000000000000 ) ;
#3987 =( LENGTH_UNIT ( ) NAMED_UNIT ( * ) SI_UNIT ( .MILLI., .METRE. ) );
#3988 = EDGE_CURVE ( 'NONE', #973, #11936, #6680, .T. ) ;
#3989 =( NAMED_UNIT ( * ) PLANE_ANGLE_UNIT ( ) SI_UNIT ( $, .RADIAN. ) );
#3990 = DIRECTION ( 'NONE',  ( -1.000000000000000000, 0.000000000000000000, 0.000000000000000000 ) ) ;
#3991 = VECTOR ( 'NONE', #12421, 1000.000000000000000 ) ;
#3992 = VECTOR ( 'NONE', #4189, 1000.000000000000000 ) ;
#3993 = LINE ( 'NONE', #8797, #3357 ) ;
#3994 = DIRECTION ( 'NONE',  ( -8.673617379884039170E-17, 1.000000000000000000, 0.000000000000000000 ) ) ;
#3995 = SURFACE_STYLE_FILL_AREA ( #123 ) ;
#3996 = DIRECTION ( 'NONE',  ( 1.000000000000000000, 0.000000000000000000, 0.000000000000000000 ) ) ;
#3997 = FILL_AREA_STYLE ('',( #6931 ) ) ;
#3998 = EDGE_CURVE ( 'NONE', #12026, #458, #993, .T. ) ;
#3999 = CARTESIAN_POINT ( 'NONE',  ( -5.009999999999999787, -2.140000000000000124, 1.100000000000000089 ) ) ;
#4000 = ORIENTED_EDGE ( 'NONE', *, *, #3032, .T. ) ;
#4001 = AXIS2_PLACEMENT_3D ( 'NONE', #2611, #12257, #699 ) ;
#4002 = EDGE_LOOP ( 'NONE', ( #9264, #918, #4600, #804, #10383, #8711, #12402, #10345 ) ) ;
#4003 = EDGE_CURVE ( 'NONE', #8637, #4155, #9552, .T. ) ;
#4004 =( NAMED_UNIT ( * ) PLANE_ANGLE_UNIT ( ) SI_UNIT ( $, .RADIAN. ) );
#4005 = VERTEX_POINT ( 'NONE', #2980 ) ;
#4006 = PRODUCT ( 'Lora E22-900MM22S', 'Lora E22-900MM22S', '', ( #4847 ) ) ;
#4007 = SURFACE_STYLE_USAGE ( .BOTH. , #6876 ) ;
#4008 = UNCERTAINTY_MEASURE_WITH_UNIT (LENGTH_MEASURE( 1.000000000000000082E-05 ), #5650, 'distance_accuracy_value', 'NONE');
#4009 = FACE_OUTER_BOUND ( 'NONE', #5080, .T. ) ;
#4010 = SURFACE_STYLE_FILL_AREA ( #9 ) ;
#4011 = UNCERTAINTY_MEASURE_WITH_UNIT (LENGTH_MEASURE( 1.000000000000000082E-05 ), #5525, 'distance_accuracy_value', 'NONE');
#4012 = SURFACE_STYLE_FILL_AREA ( #2870 ) ;
#4013 = VECTOR ( 'NONE', #11760, 1000.000000000000000 ) ;
#4014 = LINE ( 'NONE', #248, #6240 ) ;
#4015 = MECHANICAL_DESIGN_GEOMETRIC_PRESENTATION_REPRESENTATION (  '', ( #9797 ), #7403 ) ;
#4016 = PLANE ( 'NONE',  #5956 ) ;
#4017 = VERTEX_POINT ( 'NONE', #7711 ) ;
#4018 = EDGE_CURVE ( 'NONE', #10621, #10649, #6742, .T. ) ;
#4019 = ORIENTED_EDGE ( 'NONE', *, *, #6905, .T. ) ;
#4020 = COLOUR_RGB ( '',1.000000000000000000, 0.8117647058823529438, 0.5019607843137254832 ) ;
#4021 = EDGE_LOOP ( 'NONE', ( #11080, #4657, #5301, #11360 ) ) ;
#4022 = COLOUR_RGB ( '',1.000000000000000000, 0.8117647058823529438, 0.5019607843137254832 ) ;
#4023 = VERTEX_POINT ( 'NONE', #4739 ) ;
#4024 = SURFACE_STYLE_USAGE ( .BOTH. , #3959 ) ;
#4025 = MECHANICAL_DESIGN_GEOMETRIC_PRESENTATION_REPRESENTATION (  '', ( #12220 ), #10420 ) ;
#4026 =( NAMED_UNIT ( * ) SI_UNIT ( $, .STERADIAN. ) SOLID_ANGLE_UNIT ( ) );
#4027 = CARTESIAN_POINT ( 'NONE',  ( -5.009999999999999787, -2.739999999999999769, -0.1000000000000000056 ) ) ;
#4028 = AXIS2_PLACEMENT_3D ( 'NONE', #5293, #2449, #493 ) ;
#4029 = CARTESIAN_POINT ( 'NONE',  ( 4.750000000000000000, -2.939999999999999947, 1.000000000000000000 ) ) ;
#4030 = VERTEX_POINT ( 'NONE', #1822 ) ;
#4031 = PRESENTATION_LAYER_ASSIGNMENT (  '', '', ( #6838 ) ) ;
#4032 = EDGE_CURVE ( 'NONE', #7624, #3411, #2076, .T. ) ;
#4033 =( NAMED_UNIT ( * ) SI_UNIT ( $, .STERADIAN. ) SOLID_ANGLE_UNIT ( ) );
#4034 = DIRECTION ( 'NONE',  ( 0.000000000000000000, 0.000000000000000000, 1.000000000000000000 ) ) ;
#4035 = ORIENTED_EDGE ( 'NONE', *, *, #9049, .F. ) ;
#4036 = ORIENTED_EDGE ( 'NONE', *, *, #9997, .T. ) ;
#4037 = CARTESIAN_POINT ( 'NONE',  ( 4.250000000000000000, -2.939999999999999947, 0.000000000000000000 ) ) ;
#4038 = PRESENTATION_LAYER_ASSIGNMENT (  '', '', ( #1599 ) ) ;
#4039 = DIRECTION ( 'NONE',  ( 1.734723475976804876E-16, -1.000000000000000000, 0.000000000000000000 ) ) ;
#4040 = LINE ( 'NONE', #3250, #1603 ) ;
#4041 =( LENGTH_UNIT ( ) NAMED_UNIT ( * ) SI_UNIT ( .MILLI., .METRE. ) );
#4042 = LINE ( 'NONE', #10724, #12342 ) ;
#4043 =( LENGTH_UNIT ( ) NAMED_UNIT ( * ) SI_UNIT ( .MILLI., .METRE. ) );
#4044 = DIRECTION ( 'NONE',  ( 0.000000000000000000, 0.000000000000000000, 1.000000000000000000 ) ) ;
#4045 = CIRCLE ( 'NONE', #9825, 0.1999999999999996503 ) ;
#4046 = VERTEX_POINT ( 'NONE', #5743 ) ;
#4047 = EDGE_CURVE ( 'NONE', #4517, #2243, #7599, .T. ) ;
#4048 = EDGE_CURVE ( 'NONE', #1346, #10034, #2793, .T. ) ;
#4049 = FILL_AREA_STYLE ('',( #1047 ) ) ;
#4050 = UNCERTAINTY_MEASURE_WITH_UNIT (LENGTH_MEASURE( 1.000000000000000082E-05 ), #3547, 'distance_accuracy_value', 'NONE');
#4051 = VECTOR ( 'NONE', #7924, 1000.000000000000000 ) ;
#4052 = FACE_OUTER_BOUND ( 'NONE', #7227, .T. ) ;
#4053 = CARTESIAN_POINT ( 'NONE',  ( 4.750000000000000000, 2.140000000000000124, 1.100000000000000089 ) ) ;
#4054 = FACE_OUTER_BOUND ( 'NONE', #11959, .T. ) ;
#4055 = FILL_AREA_STYLE_COLOUR ( '', #6516 ) ;
#4056 = FILL_AREA_STYLE_COLOUR ( '', #11548 ) ;
#4057 = DIRECTION ( 'NONE',  ( 0.000000000000000000, 0.000000000000000000, -1.000000000000000000 ) ) ;
#4058 = DIRECTION ( 'NONE',  ( 0.000000000000000000, 0.000000000000000000, -1.000000000000000000 ) ) ;
#4059 =( NAMED_UNIT ( * ) PLANE_ANGLE_UNIT ( ) SI_UNIT ( $, .RADIAN. ) );
#4060 = DIRECTION ( 'NONE',  ( -1.047444401652940164E-14, -1.000000000000000000, 0.000000000000000000 ) ) ;
#4061 = STYLED_ITEM ( 'NONE', ( #8296 ), #2222 ) ;
#4062 = EDGE_CURVE ( 'NONE', #8457, #5966, #8549, .T. ) ;
#4063 = EDGE_CURVE ( 'NONE', #9339, #2572, #8611, .T. ) ;
#4064 = ORIENTED_EDGE ( 'NONE', *, *, #6344, .T. ) ;
#4065 = PRESENTATION_STYLE_ASSIGNMENT (( #6874 ) ) ;
#4066 = VERTEX_POINT ( 'NONE', #2852 ) ;
#4067 = LINE ( 'NONE', #8740, #3395 ) ;
#4068 = DIRECTION ( 'NONE',  ( 0.000000000000000000, 1.000000000000000000, 0.000000000000000000 ) ) ;
#4069 = UNCERTAINTY_MEASURE_WITH_UNIT (LENGTH_MEASURE( 1.000000000000000082E-05 ), #11073, 'distance_accuracy_value', 'NONE');
#4070 = VECTOR ( 'NONE', #9088, 1000.000000000000000 ) ;
#4071 = SURFACE_SIDE_STYLE ('',( #4957 ) ) ;
#4072 = CARTESIAN_POINT ( 'NONE',  ( 5.009999999999999787, 0.4000000000000000222, 1.100000000000000089 ) ) ;
#4073 = FILL_AREA_STYLE_COLOUR ( '', #6526 ) ;
#4074 = FILL_AREA_STYLE_COLOUR ( '', #4351 ) ;
#4075 = SURFACE_STYLE_USAGE ( .BOTH. , #6947 ) ;
#4076 = DIRECTION ( 'NONE',  ( 1.000000000000000000, 0.000000000000000000, 0.000000000000000000 ) ) ;
#4077 = DIRECTION ( 'NONE',  ( 0.000000000000000000, 1.000000000000000000, 0.000000000000000000 ) ) ;
#4078 = DIRECTION ( 'NONE',  ( 0.000000000000000000, 0.000000000000000000, -1.000000000000000000 ) ) ;
#4079 = ORIENTED_EDGE ( 'NONE', *, *, #12302, .F. ) ;
#4080 = ORIENTED_EDGE ( 'NONE', *, *, #2040, .T. ) ;
#4081 = ORIENTED_EDGE ( 'NONE', *, *, #7007, .F. ) ;
#4082 = ORIENTED_EDGE ( 'NONE', *, *, #3747, .T. ) ;
#4083 = DIRECTION ( 'NONE',  ( 0.000000000000000000, 0.000000000000000000, 1.000000000000000000 ) ) ;
#4084 = ADVANCED_FACE ( 'NONE', ( #4936 ), #3864, .F. ) ;
#4085 = PLANE ( 'NONE',  #4951 ) ;
#4086 = LINE ( 'NONE', #11711, #9031 ) ;
#4087 = ORIENTED_EDGE ( 'NONE', *, *, #4688, .F. ) ;
#4088 = ORIENTED_EDGE ( 'NONE', *, *, #9387, .T. ) ;
#4089 = VERTEX_POINT ( 'NONE', #6981 ) ;
#4090 = PRESENTATION_STYLE_ASSIGNMENT (( #4222 ) ) ;
#4091 = UNCERTAINTY_MEASURE_WITH_UNIT (LENGTH_MEASURE( 1.000000000000000082E-05 ), #780, 'distance_accuracy_value', 'NONE');
#4092 = EDGE_CURVE ( 'NONE', #7011, #2951, #6049, .T. ) ;
#4093 = VECTOR ( 'NONE', #2305, 1000.000000000000000 ) ;
#4094 = LINE ( 'NONE', #8966, #7005 ) ;
#4095 = CARTESIAN_POINT ( 'NONE',  ( -1.670000000000000151, 5.000000000000000000, -0.1000000000000000056 ) ) ;
#4096 = EDGE_CURVE ( 'NONE', #8498, #970, #10866, .T. ) ;
#4097 =( NAMED_UNIT ( * ) PLANE_ANGLE_UNIT ( ) SI_UNIT ( $, .RADIAN. ) );
#4098 = DIRECTION ( 'NONE',  ( 1.000000000000000000, 0.000000000000000000, 0.000000000000000000 ) ) ;
#4099 = PLANE ( 'NONE',  #8599 ) ;
#4100 = MECHANICAL_DESIGN_GEOMETRIC_PRESENTATION_REPRESENTATION (  '', ( #9488 ), #2260 ) ;
#4101 = ORIENTED_EDGE ( 'NONE', *, *, #12403, .F. ) ;
#4102 = VERTEX_POINT ( 'NONE', #2246 ) ;
#4103 =( NAMED_UNIT ( * ) SI_UNIT ( $, .STERADIAN. ) SOLID_ANGLE_UNIT ( ) );
#4104 = CARTESIAN_POINT ( 'NONE',  ( -0.8699999999999830091, 5.000000000000000000, 1.000000000000000000 ) ) ;
#4105 = CIRCLE ( 'NONE', #3313, 0.1999999999999996503 ) ;
#4106 = DIRECTION ( 'NONE',  ( 0.000000000000000000, 0.000000000000000000, 1.000000000000000000 ) ) ;
#4107 = ADVANCED_FACE ( 'NONE', ( #4052 ), #5107, .F. ) ;
#4108 = STYLED_ITEM ( 'NONE', ( #727 ), #10286 ) ;
#4109 = CARTESIAN_POINT ( 'NONE',  ( -0.2000000000000514977, -5.000000000000000000, 1.100000000000000089 ) ) ;
#4110 = CARTESIAN_POINT ( 'NONE',  ( 5.009999999999999787, 2.939999999999999947, 1.100000000000000089 ) ) ;
#4111 = FILL_AREA_STYLE_COLOUR ( '', #6594 ) ;
#4112 =( NAMED_UNIT ( * ) PLANE_ANGLE_UNIT ( ) SI_UNIT ( $, .RADIAN. ) );
#4113 = PLANE ( 'NONE',  #1775 ) ;
#4114 = CARTESIAN_POINT ( 'NONE',  ( 5.009999999999999787, 0.2000000000000000111, -0.1000000000000000056 ) ) ;
#4115 = ORIENTED_EDGE ( 'NONE', *, *, #6882, .T. ) ;
#4116 = VECTOR ( 'NONE', #3439, 1000.000000000000000 ) ;
#4117 =( GEOMETRIC_REPRESENTATION_CONTEXT ( 3 ) GLOBAL_UNCERTAINTY_ASSIGNED_CONTEXT ( ( #7349 ) ) GLOBAL_UNIT_ASSIGNED_CONTEXT ( ( #4549, #6486, #2846 ) ) REPRESENTATION_CONTEXT ( 'NONE', 'WORKASPACE' ) );
#4118 = SURFACE_SIDE_STYLE ('',( #5064 ) ) ;
#4119 = AXIS2_PLACEMENT_3D ( 'NONE', #7212, #9060, #7843 ) ;
#4120 = VECTOR ( 'NONE', #9736, 1000.000000000000000 ) ;
#4121 = COLOUR_RGB ( '',1.000000000000000000, 0.8117647058823529438, 0.5019607843137254832 ) ;
#4122 = SURFACE_STYLE_FILL_AREA ( #11814 ) ;
#4123 = ORIENTED_EDGE ( 'NONE', *, *, #3068, .T. ) ;
#4124 = LINE ( 'NONE', #6828, #5591 ) ;
#4125 = DIRECTION ( 'NONE',  ( 1.000000000000000000, -1.047444401652940164E-14, 0.000000000000000000 ) ) ;
#4126 = UNCERTAINTY_MEASURE_WITH_UNIT (LENGTH_MEASURE( 1.000000000000000082E-05 ), #11095, 'distance_accuracy_value', 'NONE');
#4127 = LINE ( 'NONE', #7902, #7688 ) ;
#4128 = DIRECTION ( 'NONE',  ( 1.000000000000000000, 0.000000000000000000, 0.000000000000000000 ) ) ;
#4129 = FILL_AREA_STYLE ('',( #7966 ) ) ;
#4130 = EDGE_CURVE ( 'NONE', #11047, #3351, #361, .T. ) ;
#4131 = EDGE_CURVE ( 'NONE', #4155, #6388, #8918, .T. ) ;
#4132 = PLANE ( 'NONE',  #9508 ) ;
#4133 = MECHANICAL_DESIGN_GEOMETRIC_PRESENTATION_REPRESENTATION (  '', ( #10515 ), #7693 ) ;
#4134 = SURFACE_STYLE_FILL_AREA ( #247 ) ;
#4135 = LINE ( 'NONE', #8686, #11052 ) ;
#4136 = VECTOR ( 'NONE', #10183, 1000.000000000000000 ) ;
#4137 = SURFACE_SIDE_STYLE ('',( #249 ) ) ;
#4138 = COLOUR_RGB ( '',1.000000000000000000, 0.8117647058823529438, 0.5019607843137254832 ) ;
#4139 =( GEOMETRIC_REPRESENTATION_CONTEXT ( 3 ) GLOBAL_UNCERTAINTY_ASSIGNED_CONTEXT ( ( #10626 ) ) GLOBAL_UNIT_ASSIGNED_CONTEXT ( ( #4760, #12387, #3830 ) ) REPRESENTATION_CONTEXT ( 'NONE', 'WORKASPACE' ) );
#4140 = SURFACE_STYLE_FILL_AREA ( #3380 ) ;
#4141 = CARTESIAN_POINT ( 'NONE',  ( 1.670000000000000151, 4.750000000000000000, 1.000000000000000000 ) ) ;
#4142 = ORIENTED_EDGE ( 'NONE', *, *, #325, .F. ) ;
#4143 = VERTEX_POINT ( 'NONE', #7887 ) ;
#4144 = DIRECTION ( 'NONE',  ( -1.000000000000000000, -1.734723475976804876E-16, 0.000000000000000000 ) ) ;
#4145 = VECTOR ( 'NONE', #255, 1000.000000000000000 ) ;
#4146 = PRESENTATION_LAYER_ASSIGNMENT (  '', '', ( #9529 ) ) ;
#4147 = FILL_AREA_STYLE ('',( #1454 ) ) ;
#4148 = EDGE_CURVE ( 'NONE', #5585, #7040, #4240, .T. ) ;
#4149 = CARTESIAN_POINT ( 'NONE',  ( -2.339999999999999858, 5.009999999999999787, -0.1000000000000000056 ) ) ;
#4150 = LINE ( 'NONE', #9882, #2416 ) ;
#4151 = STYLED_ITEM ( 'NONE', ( #1245 ), #12123 ) ;
#4152 = VERTEX_POINT ( 'NONE', #5232 ) ;
#4153 = STYLED_ITEM ( 'NONE', ( #11499 ), #7077 ) ;
#4154 = VECTOR ( 'NONE', #2032, 1000.000000000000000 ) ;
#4155 = VERTEX_POINT ( 'NONE', #2319 ) ;
#4156 = VERTEX_POINT ( 'NONE', #6095 ) ;
#4157 = ADVANCED_FACE ( 'NONE', ( #1299 ), #8981, .T. ) ;
#4158 = PRESENTATION_LAYER_ASSIGNMENT (  '', '', ( #12155 ) ) ;
#4159 = VECTOR ( 'NONE', #1288, 1000.000000000000000 ) ;
#4160 = PRESENTATION_LAYER_ASSIGNMENT (  '', '', ( #10747 ) ) ;
#4161 =( NAMED_UNIT ( * ) PLANE_ANGLE_UNIT ( ) SI_UNIT ( $, .RADIAN. ) );
#4162 = MECHANICAL_DESIGN_GEOMETRIC_PRESENTATION_REPRESENTATION (  '', ( #8748 ), #3769 ) ;
#4163 = UNCERTAINTY_MEASURE_WITH_UNIT (LENGTH_MEASURE( 1.000000000000000082E-05 ), #2212, 'distance_accuracy_value', 'NONE');
#4164 = VERTEX_POINT ( 'NONE', #8345 ) ;
#4165 = ORIENTED_EDGE ( 'NONE', *, *, #7327, .T. ) ;
#4166 = COLOUR_RGB ( '',1.000000000000000000, 0.8117647058823529438, 0.5019607843137254832 ) ;
#4167 =( NAMED_UNIT ( * ) SI_UNIT ( $, .STERADIAN. ) SOLID_ANGLE_UNIT ( ) );
#4168 = ORIENTED_EDGE ( 'NONE', *, *, #3884, .T. ) ;
#4169 = UNCERTAINTY_MEASURE_WITH_UNIT (LENGTH_MEASURE( 1.000000000000000082E-05 ), #6258, 'distance_accuracy_value', 'NONE');
#4170 = EDGE_CURVE ( 'NONE', #459, #5317, #5361, .T. ) ;
#4171 = STYLED_ITEM ( 'NONE', ( #12043 ), #1912 ) ;
#4172 = VECTOR ( 'NONE', #11913, 1000.000000000000000 ) ;
#4173 = STYLED_ITEM ( 'NONE', ( #12029 ), #3 ) ;
#4174 = FILL_AREA_STYLE_COLOUR ( '', #4306 ) ;
#4175 = PRESENTATION_STYLE_ASSIGNMENT (( #3174 ) ) ;
#4176 = DIRECTION ( 'NONE',  ( 1.000000000000000000, 0.000000000000000000, 0.000000000000000000 ) ) ;
#4177 = DIRECTION ( 'NONE',  ( -1.000000000000000000, 0.000000000000000000, 0.000000000000000000 ) ) ;
#4178 = PRESENTATION_LAYER_ASSIGNMENT (  '', '', ( #4980 ) ) ;
#4179 = DIRECTION ( 'NONE',  ( 1.000000000000000000, 0.000000000000000000, 0.000000000000000000 ) ) ;
#4180 = COLOUR_RGB ( '',0.5372549019607842924, 0.6235294117647058876, 0.000000000000000000 ) ;
#4181 = LINE ( 'NONE', #11578, #1065 ) ;
#4182 = AXIS2_PLACEMENT_3D ( 'NONE', #11974, #2177, #6080 ) ;
#4183 = FACE_OUTER_BOUND ( 'NONE', #658, .T. ) ;
#4184 = CARTESIAN_POINT ( 'NONE',  ( 0.000000000000000000, 0.000000000000000000, 1.000000000000000000 ) ) ;
#4185 = CARTESIAN_POINT ( 'NONE',  ( 0.8699999999999569189, -4.250000000000000000, 0.000000000000000000 ) ) ;
#4186 = VERTEX_POINT ( 'NONE', #1750 ) ;
#4187 = EDGE_CURVE ( 'NONE', #386, #96, #10160, .T. ) ;
#4188 = ORIENTED_EDGE ( 'NONE', *, *, #6139, .F. ) ;
#4189 = DIRECTION ( 'NONE',  ( 0.000000000000000000, -1.000000000000000000, 0.000000000000000000 ) ) ;
#4190 = AXIS2_PLACEMENT_3D ( 'NONE', #3304, #10951, #5071 ) ;
#4191 = VECTOR ( 'NONE', #2544, 1000.000000000000000 ) ;
#4192 = DIRECTION ( 'NONE',  ( 3.491481338843135327E-15, 1.000000000000000000, 0.000000000000000000 ) ) ;
#4193 = EDGE_CURVE ( 'NONE', #2822, #1541, #10222, .T. ) ;
#4194 = DIRECTION ( 'NONE',  ( 1.000000000000000000, 0.000000000000000000, 0.000000000000000000 ) ) ;
#4195 = CARTESIAN_POINT ( 'NONE',  ( -5.000000000000000000, -8.673617379884030542E-16, -0.1000000000000000056 ) ) ;
#4196 = SURFACE_SIDE_STYLE ('',( #8250 ) ) ;
#4197 = DIRECTION ( 'NONE',  ( 0.000000000000000000, 0.000000000000000000, 1.000000000000000000 ) ) ;
#4198 = COLOUR_RGB ( '',1.000000000000000000, 0.8117647058823529438, 0.5019607843137254832 ) ;
#4199 = STYLED_ITEM ( 'NONE', ( #10052 ), #5339 ) ;
#4200 = ORIENTED_EDGE ( 'NONE', *, *, #5586, .F. ) ;
#4201 = EDGE_CURVE ( 'NONE', #7098, #9190, #12057, .T. ) ;
#4202 = VERTEX_POINT ( 'NONE', #1494 ) ;
#4203 = EDGE_CURVE ( 'NONE', #12131, #1467, #8212, .T. ) ;
#4204 = ORIENTED_EDGE ( 'NONE', *, *, #11652, .F. ) ;
#4205 = PLANE ( 'NONE',  #8365 ) ;
#4206 = STYLED_ITEM ( 'NONE', ( #226 ), #8253 ) ;
#4207 = ORIENTED_EDGE ( 'NONE', *, *, #2748, .T. ) ;
#4208 = ADVANCED_FACE ( 'NONE', ( #3663 ), #8271, .F. ) ;
#4209 = SURFACE_SIDE_STYLE ('',( #10128 ) ) ;
#4210 = AXIS2_PLACEMENT_3D ( 'NONE', #6254, #1386, #10054 ) ;
#4211 = SURFACE_STYLE_USAGE ( .BOTH. , #9707 ) ;
#4212 = DIRECTION ( 'NONE',  ( -1.000000000000000000, 3.491481338843135327E-15, 0.000000000000000000 ) ) ;
#4213 = SURFACE_SIDE_STYLE ('',( #396 ) ) ;
#4214 = FACE_OUTER_BOUND ( 'NONE', #2152, .T. ) ;
#4215 = ORIENTED_EDGE ( 'NONE', *, *, #5028, .F. ) ;
#4216 = PLANE ( 'NONE',  #2912 ) ;
#4217 = PRESENTATION_LAYER_ASSIGNMENT (  '', '', ( #7009 ) ) ;
#4218 = ORIENTED_EDGE ( 'NONE', *, *, #3659, .F. ) ;
#4219 = ADVANCED_FACE ( 'NONE', ( #7235 ), #9289, .F. ) ;
#4220 = ORIENTED_EDGE ( 'NONE', *, *, #3582, .F. ) ;
#4221 = DIRECTION ( 'NONE',  ( -1.000000000000000000, 1.047444401652940164E-14, 0.000000000000000000 ) ) ;
#4222 = SURFACE_STYLE_USAGE ( .BOTH. , #5511 ) ;
#4223 = COLOUR_RGB ( '',1.000000000000000000, 0.8117647058823529438, 0.5019607843137254832 ) ;
#4224 = CARTESIAN_POINT ( 'NONE',  ( 1.469999999999948015, -5.009999999999999787, -0.1000000000000000056 ) ) ;
#4225 = PLANE ( 'NONE',  #6906 ) ;
#4226 = EDGE_CURVE ( 'NONE', #1597, #8677, #12285, .T. ) ;
#4227 = DIRECTION ( 'NONE',  ( 1.734723475976804876E-16, -1.000000000000000000, 0.000000000000000000 ) ) ;
#4228 = AXIS2_PLACEMENT_3D ( 'NONE', #7891, #5292, #11997 ) ;
#4229 = CARTESIAN_POINT ( 'NONE',  ( -5.000000000000000000, 2.339999999999999858, -0.2999999999999999889 ) ) ;
#4230 = DIRECTION ( 'NONE',  ( 0.000000000000000000, 0.000000000000000000, 1.000000000000000000 ) ) ;
#4231 = EDGE_LOOP ( 'NONE', ( #5423, #2371, #1342, #7938 ) ) ;
#4232 = SURFACE_STYLE_USAGE ( .BOTH. , #8970 ) ;
#4233 = ORIENTED_EDGE ( 'NONE', *, *, #2184, .F. ) ;
#4234 = VERTEX_POINT ( 'NONE', #5791 ) ;
#4236 = ORIENTED_EDGE ( 'NONE', *, *, #4526, .F. ) ;
#4235 = AXIS2_PLACEMENT_3D ( 'NONE', #11371, #8274, #2759 ) ;
#4237 = CARTESIAN_POINT ( 'NONE',  ( 5.009999999999999787, 1.734723475976804783E-18, 0.000000000000000000 ) ) ;
#4238 =( GEOMETRIC_REPRESENTATION_CONTEXT ( 3 ) GLOBAL_UNCERTAINTY_ASSIGNED_CONTEXT ( ( #9998 ) ) GLOBAL_UNIT_ASSIGNED_CONTEXT ( ( #7293, #5489, #6488 ) ) REPRESENTATION_CONTEXT ( 'NONE', 'WORKASPACE' ) );
#4239 = SURFACE_SIDE_STYLE ('',( #1296 ) ) ;
#4240 = LINE ( 'NONE', #293, #10694 ) ;
#4241 = PLANE ( 'NONE',  #3983 ) ;
#4242 = CARTESIAN_POINT ( 'NONE',  ( -4.250000000000000000, -2.939999999999999947, 0.000000000000000000 ) ) ;
#4243 = EDGE_CURVE ( 'NONE', #9297, #7230, #8536, .T. ) ;
#4244 = FILL_AREA_STYLE ('',( #3359 ) ) ;
#4245 = DIRECTION ( 'NONE',  ( -1.000000000000000000, 1.047444401652940164E-14, 0.000000000000000000 ) ) ;
#4246 = VERTEX_POINT ( 'NONE', #3027 ) ;
#4247 = DIRECTION ( 'NONE',  ( 0.000000000000000000, 0.000000000000000000, 1.000000000000000000 ) ) ;
#4248 = ORIENTED_EDGE ( 'NONE', *, *, #3405, .F. ) ;
#4249 = PRESENTATION_STYLE_ASSIGNMENT (( #8089 ) ) ;
#4250 = UNCERTAINTY_MEASURE_WITH_UNIT (LENGTH_MEASURE( 1.000000000000000082E-05 ), #5997, 'distance_accuracy_value', 'NONE');
#4251 = CARTESIAN_POINT ( 'NONE',  ( 0.8699999999999479261, -5.009999999999999787, -0.1000000000000000056 ) ) ;
#4252 = CARTESIAN_POINT ( 'NONE',  ( -5.009999999999999787, 1.270000000000000018, 0.000000000000000000 ) ) ;
#4253 = LINE ( 'NONE', #2401, #154 ) ;
#4254 = VECTOR ( 'NONE', #9624, 1000.000000000000000 ) ;
#4255 =( LENGTH_UNIT ( ) NAMED_UNIT ( * ) SI_UNIT ( .MILLI., .METRE. ) );
#4256 =( LENGTH_UNIT ( ) NAMED_UNIT ( * ) SI_UNIT ( .MILLI., .METRE. ) );
#4257 = ADVANCED_FACE ( 'NONE', ( #7523 ), #9602, .F. ) ;
#4258 = DIRECTION ( 'NONE',  ( 1.000000000000000000, 0.000000000000000000, 0.000000000000000000 ) ) ;
#4259 = LINE ( 'NONE', #10890, #10944 ) ;
#4260 = DIRECTION ( 'NONE',  ( 0.000000000000000000, -1.000000000000000000, 0.000000000000000000 ) ) ;
#4261 = EDGE_LOOP ( 'NONE', ( #8162, #9910, #8648, #10252 ) ) ;
#4262 = ORIENTED_EDGE ( 'NONE', *, *, #5706, .F. ) ;
#4263 = AXIS2_PLACEMENT_3D ( 'NONE', #4778, #12343, #10522 ) ;
#4264 = CARTESIAN_POINT ( 'NONE',  ( 0.8700000000000160938, 4.750000000000000000, 1.100000000000000089 ) ) ;
#4265 = ORIENTED_EDGE ( 'NONE', *, *, #6377, .T. ) ;
#4266 = SURFACE_STYLE_FILL_AREA ( #12304 ) ;
#4267 = DIRECTION ( 'NONE',  ( 1.000000000000000000, 0.000000000000000000, 0.000000000000000000 ) ) ;
#4268 = EDGE_CURVE ( 'NONE', #2572, #3220, #11557, .T. ) ;
#4269 = LINE ( 'NONE', #8044, #1621 ) ;
#4270 = VECTOR ( 'NONE', #11547, 1000.000000000000000 ) ;
#4271 =( NAMED_UNIT ( * ) SI_UNIT ( $, .STERADIAN. ) SOLID_ANGLE_UNIT ( ) );
#4272 = ORIENTED_EDGE ( 'NONE', *, *, #1742, .T. ) ;
#4273 = ORIENTED_EDGE ( 'NONE', *, *, #2365, .T. ) ;
#4274 = ORIENTED_EDGE ( 'NONE', *, *, #12296, .F. ) ;
#4275 =( NAMED_UNIT ( * ) SI_UNIT ( $, .STERADIAN. ) SOLID_ANGLE_UNIT ( ) );
#4276 = PRESENTATION_STYLE_ASSIGNMENT (( #8895 ) ) ;
#4277 = FACE_OUTER_BOUND ( 'NONE', #11226, .T. ) ;
#4278 = EDGE_CURVE ( 'NONE', #870, #4506, #1036, .T. ) ;
#4279 = EDGE_CURVE ( 'NONE', #4687, #5227, #100, .T. ) ;
#4280 = DIRECTION ( 'NONE',  ( 0.000000000000000000, 0.000000000000000000, -1.000000000000000000 ) ) ;
#4281 = VERTEX_POINT ( 'NONE', #1937 ) ;
#4282 = FILL_AREA_STYLE ('',( #10994 ) ) ;
#4283 = DIRECTION ( 'NONE',  ( -1.000000000000000000, 1.047444401652940164E-14, 0.000000000000000000 ) ) ;
#4284 = VERTEX_POINT ( 'NONE', #8600 ) ;
#4285 = ORIENTED_EDGE ( 'NONE', *, *, #5028, .T. ) ;
#4286 = FILL_AREA_STYLE ('',( #2312 ) ) ;
#4287 = DIRECTION ( 'NONE',  ( 0.000000000000000000, 0.000000000000000000, 1.000000000000000000 ) ) ;
#4288 = ORIENTED_EDGE ( 'NONE', *, *, #2122, .T. ) ;
#4289 = VERTEX_POINT ( 'NONE', #2966 ) ;
#4290 = CARTESIAN_POINT ( 'NONE',  ( 4.250000000000000000, 0.4000000000000000222, -0.1000000000000000056 ) ) ;
#4291 = AXIS2_PLACEMENT_3D ( 'NONE', #3529, #10150, #10212 ) ;
#4292 = CARTESIAN_POINT ( 'NONE',  ( 4.750000000000000000, 0.8699999999999999956, 1.100000000000000089 ) ) ;
#4293 = DIRECTION ( 'NONE',  ( 0.000000000000000000, 0.000000000000000000, 1.000000000000000000 ) ) ;
#4294 = SURFACE_STYLE_FILL_AREA ( #421 ) ;
#4295 = FILL_AREA_STYLE_COLOUR ( '', #4198 ) ;
#4296 = DIRECTION ( 'NONE',  ( 0.000000000000000000, 1.000000000000000000, 0.000000000000000000 ) ) ;
#4297 = SURFACE_STYLE_FILL_AREA ( #7051 ) ;
#4298 = DIRECTION ( 'NONE',  ( 0.000000000000000000, 0.000000000000000000, -1.000000000000000000 ) ) ;
#4299 = DIRECTION ( 'NONE',  ( -1.047444401652940164E-14, -1.000000000000000000, 0.000000000000000000 ) ) ;
#4300 = PRESENTATION_LAYER_ASSIGNMENT (  '', '', ( #12283 ) ) ;
#4301 = CARTESIAN_POINT ( 'NONE',  ( -5.000000000000000000, 2.140000000000000124, 0.000000000000000000 ) ) ;
#4302 =( NAMED_UNIT ( * ) SI_UNIT ( $, .STERADIAN. ) SOLID_ANGLE_UNIT ( ) );
#4303 = DIRECTION ( 'NONE',  ( 0.000000000000000000, 0.000000000000000000, -1.000000000000000000 ) ) ;
#4304 = EDGE_LOOP ( 'NONE', ( #7725, #7678, #3317, #890, #9732, #9011, #11059, #5067 ) ) ;
#4305 = PRESENTATION_STYLE_ASSIGNMENT (( #11136 ) ) ;
#4306 = COLOUR_RGB ( '',1.000000000000000000, 0.8117647058823529438, 0.5019607843137254832 ) ;
#4307 = ORIENTED_EDGE ( 'NONE', *, *, #5052, .F. ) ;
#4308 = CARTESIAN_POINT ( 'NONE',  ( -5.009999999999999787, -2.739999999999999769, -0.1000000000000000056 ) ) ;
#4309 = AXIS2_PLACEMENT_3D ( 'NONE', #10126, #3389, #10255 ) ;
#4310 = FILL_AREA_STYLE_COLOUR ( '', #682 ) ;
#4311 =( NAMED_UNIT ( * ) PLANE_ANGLE_UNIT ( ) SI_UNIT ( $, .RADIAN. ) );
#4312 = CARTESIAN_POINT ( 'NONE',  ( -0.8699999999999840083, 4.750000000000000000, 1.100000000000000089 ) ) ;
#4313 = LINE ( 'NONE', #11692, #5718 ) ;
#4314 = LINE ( 'NONE', #5190, #12413 ) ;
#4315 = DIRECTION ( 'NONE',  ( -1.000000000000000000, 0.000000000000000000, 0.000000000000000000 ) ) ;
#4316 = VECTOR ( 'NONE', #12136, 1000.000000000000000 ) ;
#4317 = CARTESIAN_POINT ( 'NONE',  ( 5.009999999999999787, -0.2000000000000000111, -0.1000000000000000056 ) ) ;
#4318 = CARTESIAN_POINT ( 'NONE',  ( -5.000000000000000000, -2.339999999999999858, -0.2999999999999999889 ) ) ;
#4319 = CARTESIAN_POINT ( 'NONE',  ( -5.000000000000000000, 5.000000000000000000, 1.000000000000000000 ) ) ;
#4320 = AXIS2_PLACEMENT_3D ( 'NONE', #8856, #234, #3183 ) ;
#4321 = PRESENTATION_LAYER_ASSIGNMENT (  '', '', ( #877 ) ) ;
#4322 = ORIENTED_EDGE ( 'NONE', *, *, #6404, .F. ) ;
#4323 = ORIENTED_EDGE ( 'NONE', *, *, #7061, .F. ) ;
#4324 = ORIENTED_EDGE ( 'NONE', *, *, #10011, .F. ) ;
#4325 = CARTESIAN_POINT ( 'NONE',  ( 5.009999999999999787, -1.070000000000000062, -0.1000000000000000056 ) ) ;
#4326 = EDGE_CURVE ( 'NONE', #11656, #5587, #2004, .T. ) ;
#4327 =( GEOMETRIC_REPRESENTATION_CONTEXT ( 3 ) GLOBAL_UNCERTAINTY_ASSIGNED_CONTEXT ( ( #7123 ) ) GLOBAL_UNIT_ASSIGNED_CONTEXT ( ( #5959, #2111, #6070 ) ) REPRESENTATION_CONTEXT ( 'NONE', 'WORKASPACE' ) );
#4328 = CARTESIAN_POINT ( 'NONE',  ( -0.1999999999999830247, 5.009999999999999787, 1.100000000000000089 ) ) ;
#4329 = VECTOR ( 'NONE', #2730, 1000.000000000000000 ) ;
#4330 = DIRECTION ( 'NONE',  ( 1.000000000000000000, 0.000000000000000000, 0.000000000000000000 ) ) ;
#4331 = DIRECTION ( 'NONE',  ( -1.047444401652940164E-14, -1.000000000000000000, 0.000000000000000000 ) ) ;
#4332 = COLOUR_RGB ( '',1.000000000000000000, 0.8117647058823529438, 0.5019607843137254832 ) ;
#4333 = VECTOR ( 'NONE', #6761, 1000.000000000000000 ) ;
#4334 = CARTESIAN_POINT ( 'NONE',  ( 0.4000000000000165090, 5.000000000000000000, 1.000000000000000000 ) ) ;
#4335 = CARTESIAN_POINT ( 'NONE',  ( -5.000000000000000000, 5.000000000000000000, 1.000000000000000000 ) ) ;
#4336 = PLANE ( 'NONE',  #5460 ) ;
#4337 = AXIS2_PLACEMENT_3D ( 'NONE', #3810, #12424, #1770 ) ;
#4338 = COLOUR_RGB ( '',1.000000000000000000, 0.8117647058823529438, 0.5019607843137254832 ) ;
#4339 = FACE_OUTER_BOUND ( 'NONE', #4304, .T. ) ;
#4340 = VECTOR ( 'NONE', #1714, 1000.000000000000000 ) ;
#4341 = VECTOR ( 'NONE', #1474, 1000.000000000000000 ) ;
#4342 = ORIENTED_EDGE ( 'NONE', *, *, #5622, .T. ) ;
#4343 = EDGE_LOOP ( 'NONE', ( #8511, #7929, #6889, #4080 ) ) ;
#4344 = CARTESIAN_POINT ( 'NONE',  ( 2.139999999999954827, -4.250000000000000000, -0.1000000000000000056 ) ) ;
#4345 = EDGE_CURVE ( 'NONE', #11598, #7578, #3311, .T. ) ;
#4346 =( LENGTH_UNIT ( ) NAMED_UNIT ( * ) SI_UNIT ( .MILLI., .METRE. ) );
#4347 = SURFACE_STYLE_FILL_AREA ( #467 ) ;
#4348 = COLOUR_RGB ( '',1.000000000000000000, 0.8117647058823529438, 0.5019607843137254832 ) ;
#4349 = FILL_AREA_STYLE ('',( #1223 ) ) ;
#4350 = CIRCLE ( 'NONE', #2733, 0.1999999999999996503 ) ;
#4351 = COLOUR_RGB ( '',1.000000000000000000, 0.8117647058823529438, 0.5019607843137254832 ) ;
#4352 = LINE ( 'NONE', #544, #4093 ) ;
#4353 = EDGE_LOOP ( 'NONE', ( #8244, #11811, #4949, #10415, #4608, #7449, #2570, #7165, #12161 ) ) ;
#4354 = PRESENTATION_STYLE_ASSIGNMENT (( #4232 ) ) ;
#4355 = ORIENTED_EDGE ( 'NONE', *, *, #1320, .F. ) ;
#4356 = VERTEX_POINT ( 'NONE', #7641 ) ;
#4357 =( NAMED_UNIT ( * ) PLANE_ANGLE_UNIT ( ) SI_UNIT ( $, .RADIAN. ) );
#4358 = VERTEX_POINT ( 'NONE', #4662 ) ;
#4359 = UNCERTAINTY_MEASURE_WITH_UNIT (LENGTH_MEASURE( 1.000000000000000082E-05 ), #3029, 'distance_accuracy_value', 'NONE');
#4360 = ORIENTED_EDGE ( 'NONE', *, *, #8105, .F. ) ;
#4361 = MECHANICAL_DESIGN_GEOMETRIC_PRESENTATION_REPRESENTATION (  '', ( #8117 ), #7352 ) ;
#4362 = EDGE_CURVE ( 'NONE', #4732, #8256, #8473, .T. ) ;
#4363 = VECTOR ( 'NONE', #6037, 1000.000000000000000 ) ;
#4364 = EDGE_CURVE ( 'NONE', #2993, #3470, #3980, .T. ) ;
#4365 = AXIS2_PLACEMENT_3D ( 'NONE', #9750, #6826, #8804 ) ;
#4366 = LINE ( 'NONE', #11996, #1743 ) ;
#4367 = CARTESIAN_POINT ( 'NONE',  ( -5.000000000000000000, 5.000000000000000000, 1.000000000000000000 ) ) ;
#4368 = CARTESIAN_POINT ( 'NONE',  ( 2.139999999999949942, -5.000000000000000000, -0.1000000000000000056 ) ) ;
#4369 = LINE ( 'NONE', #2517, #6757 ) ;
#4370 = FILL_AREA_STYLE_COLOUR ( '', #10932 ) ;
#4371 = SURFACE_SIDE_STYLE ('',( #6299 ) ) ;
#4372 = VECTOR ( 'NONE', #12344, 1000.000000000000000 ) ;
#4373 = VERTEX_POINT ( 'NONE', #10852 ) ;
#4374 = VECTOR ( 'NONE', #10443, 1000.000000000000000 ) ;
#4375 =( GEOMETRIC_REPRESENTATION_CONTEXT ( 3 ) GLOBAL_UNCERTAINTY_ASSIGNED_CONTEXT ( ( #63 ) ) GLOBAL_UNIT_ASSIGNED_CONTEXT ( ( #6111, #3429, #630 ) ) REPRESENTATION_CONTEXT ( 'NONE', 'WORKASPACE' ) );
#4376 = EDGE_CURVE ( 'NONE', #11911, #3345, #6968, .T. ) ;
#4377 = VERTEX_POINT ( 'NONE', #7030 ) ;
#4378 = PRESENTATION_LAYER_ASSIGNMENT (  '', '', ( #2756 ) ) ;
#4379 = UNCERTAINTY_MEASURE_WITH_UNIT (LENGTH_MEASURE( 1.000000000000000082E-05 ), #11141, 'distance_accuracy_value', 'NONE');
#4380 = FILL_AREA_STYLE ('',( #506 ) ) ;
#4381 = DIRECTION ( 'NONE',  ( 0.000000000000000000, 0.000000000000000000, -1.000000000000000000 ) ) ;
#4382 = PRESENTATION_LAYER_ASSIGNMENT (  '', '', ( #2761 ) ) ;
#4383 = DIRECTION ( 'NONE',  ( -0.000000000000000000, 1.000000000000000000, 0.000000000000000000 ) ) ;
#4384 = FILL_AREA_STYLE_COLOUR ( '', #1251 ) ;
#4385 = LINE ( 'NONE', #587, #11351 ) ;
#4386 = SURFACE_SIDE_STYLE ('',( #9132 ) ) ;
#4387 = MECHANICAL_DESIGN_GEOMETRIC_PRESENTATION_REPRESENTATION (  '', ( #11399 ), #1546 ) ;
#4388 = ORIENTED_EDGE ( 'NONE', *, *, #6661, .F. ) ;
#4389 = FILL_AREA_STYLE_COLOUR ( '', #11396 ) ;
#4390 = ORIENTED_EDGE ( 'NONE', *, *, #3875, .T. ) ;
#4391 = COLOUR_RGB ( '',1.000000000000000000, 0.8117647058823529438, 0.5019607843137254832 ) ;
#4392 = MECHANICAL_DESIGN_GEOMETRIC_PRESENTATION_REPRESENTATION (  '', ( #5789 ), #1955 ) ;
#4393 = ORIENTED_EDGE ( 'NONE', *, *, #18, .F. ) ;
#4394 = ORIENTED_EDGE ( 'NONE', *, *, #1965, .F. ) ;
#4395 = DIRECTION ( 'NONE',  ( 0.000000000000000000, 0.000000000000000000, -1.000000000000000000 ) ) ;
#4396 = CARTESIAN_POINT ( 'NONE',  ( 1.070000000000016049, 5.009999999999999787, 1.100000000000000089 ) ) ;
#4397 = SURFACE_SIDE_STYLE ('',( #5321 ) ) ;
#4398 =( NAMED_UNIT ( * ) PLANE_ANGLE_UNIT ( ) SI_UNIT ( $, .RADIAN. ) );
#4399 = CARTESIAN_POINT ( 'NONE',  ( 4.250000000000000000, 2.140000000000000124, 0.000000000000000000 ) ) ;
#4400 = CIRCLE ( 'NONE', #5191, 0.1999999999999996503 ) ;
#4401 = CARTESIAN_POINT ( 'NONE',  ( -1.470000000000049933, -5.000000000000000000, -0.1000000000000000056 ) ) ;
#4402 = VECTOR ( 'NONE', #6439, 1000.000000000000000 ) ;
#4403 =( GEOMETRIC_REPRESENTATION_CONTEXT ( 3 ) GLOBAL_UNCERTAINTY_ASSIGNED_CONTEXT ( ( #4379 ) ) GLOBAL_UNIT_ASSIGNED_CONTEXT ( ( #11141, #7246, #11081 ) ) REPRESENTATION_CONTEXT ( 'NONE', 'WORKASPACE' ) );
#4404 = FILL_AREA_STYLE ('',( #5462 ) ) ;
#4405 = EDGE_CURVE ( 'NONE', #831, #8481, #4982, .T. ) ;
#4406 = FILL_AREA_STYLE_COLOUR ( '', #8303 ) ;
#4407 = ORIENTED_EDGE ( 'NONE', *, *, #9965, .T. ) ;
#4408 = STYLED_ITEM ( 'NONE', ( #1595 ), #8233 ) ;
#4409 = ORIENTED_EDGE ( 'NONE', *, *, #2438, .T. ) ;
#4410 = CARTESIAN_POINT ( 'NONE',  ( -4.750000000000000000, -2.140000000000000124, 1.100000000000000089 ) ) ;
#4411 = PRESENTATION_LAYER_ASSIGNMENT (  '', '', ( #5008 ) ) ;
#4412 = DIRECTION ( 'NONE',  ( 0.000000000000000000, 1.000000000000000000, 0.000000000000000000 ) ) ;
#4413 = DIRECTION ( 'NONE',  ( 1.000000000000000000, 0.000000000000000000, 0.000000000000000000 ) ) ;
#4414 = STYLED_ITEM ( 'NONE', ( #5615 ), #8382 ) ;
#4415 = FILL_AREA_STYLE_COLOUR ( '', #3080 ) ;
#4416 = PRESENTATION_LAYER_ASSIGNMENT (  '', '', ( #575 ) ) ;
#4417 = ORIENTED_EDGE ( 'NONE', *, *, #991, .F. ) ;
#4418 = EDGE_CURVE ( 'NONE', #7087, #2054, #167, .T. ) ;
#4419 = FILL_AREA_STYLE ('',( #1479 ) ) ;
#4420 = PRESENTATION_STYLE_ASSIGNMENT (( #738 ) ) ;
#4421 = ORIENTED_EDGE ( 'NONE', *, *, #691, .T. ) ;
#4422 = ORIENTED_EDGE ( 'NONE', *, *, #7918, .T. ) ;
#4423 = FILL_AREA_STYLE ('',( #3348 ) ) ;
#4424 = ORIENTED_EDGE ( 'NONE', *, *, #6364, .F. ) ;
#4425 = ORIENTED_EDGE ( 'NONE', *, *, #6741, .F. ) ;
#4426 = STYLED_ITEM ( 'NONE', ( #11863 ), #8844 ) ;
#4427 = AXIS2_PLACEMENT_3D ( 'NONE', #1569, #7421, #11314 ) ;
#4428 = DIRECTION ( 'NONE',  ( 0.000000000000000000, 0.000000000000000000, 1.000000000000000000 ) ) ;
#4429 = PRESENTATION_STYLE_ASSIGNMENT (( #8474 ) ) ;
#4430 = FACE_OUTER_BOUND ( 'NONE', #8816, .T. ) ;
#4431 = LINE ( 'NONE', #3546, #8693 ) ;
#4432 = CARTESIAN_POINT ( 'NONE',  ( 2.739999999999950031, -5.009999999999999787, -0.1000000000000000056 ) ) ;
#4433 = EDGE_CURVE ( 'NONE', #8387, #2350, #11723, .T. ) ;
#4434 = LINE ( 'NONE', #8220, #1874 ) ;
#4435 =( NAMED_UNIT ( * ) PLANE_ANGLE_UNIT ( ) SI_UNIT ( $, .RADIAN. ) );
#4436 = EDGE_LOOP ( 'NONE', ( #7895, #2629, #3752, #2541 ) ) ;
#4437 = AXIS2_PLACEMENT_3D ( 'NONE', #5156, #4227, #6152 ) ;
#4438 = CARTESIAN_POINT ( 'NONE',  ( -3.250000000000000000, 3.250000000000000000, 2.510000000000000231 ) ) ;
#4439 = ORIENTED_EDGE ( 'NONE', *, *, #9776, .T. ) ;
#4440 = CARTESIAN_POINT ( 'NONE',  ( 4.250000000000000000, 1.670000000000000151, 0.000000000000000000 ) ) ;
#4441 = PRESENTATION_LAYER_ASSIGNMENT (  '', '', ( #3839 ) ) ;
#4442 = CARTESIAN_POINT ( 'NONE',  ( 1.470000000000015961, 5.009999999999999787, -0.1000000000000000056 ) ) ;
#4443 = DIRECTION ( 'NONE',  ( 1.000000000000000000, 0.000000000000000000, 0.000000000000000000 ) ) ;
#4444 = LINE ( 'NONE', #8237, #12419 ) ;
#4445 = ADVANCED_FACE ( 'NONE', ( #3150 ), #4225, .F. ) ;
#4446 = PRESENTATION_STYLE_ASSIGNMENT (( #5387 ) ) ;
#4447 = ADVANCED_FACE ( 'NONE', ( #10916 ), #6151, .F. ) ;
#4448 = CARTESIAN_POINT ( 'NONE',  ( -5.009999999999999787, -2.739999999999999769, 1.100000000000000089 ) ) ;
#4449 = ORIENTED_EDGE ( 'NONE', *, *, #1866, .T. ) ;
#4450 = ORIENTED_EDGE ( 'NONE', *, *, #10946, .T. ) ;
#4451 = ORIENTED_EDGE ( 'NONE', *, *, #5917, .T. ) ;
#4452 = STYLED_ITEM ( 'NONE', ( #6518 ), #2820 ) ;
#4453 =( NAMED_UNIT ( * ) SI_UNIT ( $, .STERADIAN. ) SOLID_ANGLE_UNIT ( ) );
#4454 = LINE ( 'NONE', #11236, #11258 ) ;
#4455 = CARTESIAN_POINT ( 'NONE',  ( -5.000000000000000000, 2.540000000000000036, -0.1000000000000000056 ) ) ;
#4456 = DIRECTION ( 'NONE',  ( -1.047444401652940164E-14, -1.000000000000000000, 0.000000000000000000 ) ) ;
#4457 = ORIENTED_EDGE ( 'NONE', *, *, #10604, .F. ) ;
#4458 = ORIENTED_EDGE ( 'NONE', *, *, #490, .T. ) ;
#4459 = PLANE ( 'NONE',  #4119 ) ;
#4460 = ORIENTED_EDGE ( 'NONE', *, *, #10684, .T. ) ;
#4461 = ORIENTED_EDGE ( 'NONE', *, *, #1446, .T. ) ;
#4462 = DIRECTION ( 'NONE',  ( 0.000000000000000000, 0.000000000000000000, 1.000000000000000000 ) ) ;
#4463 = FILL_AREA_STYLE ('',( #605 ) ) ;
#4464 = EDGE_CURVE ( 'NONE', #2350, #5048, #6597, .T. ) ;
#4465 = DIRECTION ( 'NONE',  ( -1.000000000000000000, 0.000000000000000000, 0.000000000000000000 ) ) ;
#4466 = VECTOR ( 'NONE', #5976, 1000.000000000000000 ) ;
#4467 = LINE ( 'NONE', #6530, #10763 ) ;
#4468 = DIRECTION ( 'NONE',  ( 0.000000000000000000, 1.000000000000000000, 0.000000000000000000 ) ) ;
#4469 = CARTESIAN_POINT ( 'NONE',  ( 5.009999999999999787, 2.140000000000000124, -0.1000000000000000056 ) ) ;
#4470 = ORIENTED_EDGE ( 'NONE', *, *, #6032, .T. ) ;
#4471 = CARTESIAN_POINT ( 'NONE',  ( 1.669999999999954854, -4.250000000000000000, -0.1000000000000000056 ) ) ;
#4472 =( NAMED_UNIT ( * ) SI_UNIT ( $, .STERADIAN. ) SOLID_ANGLE_UNIT ( ) );
#4473 = ORIENTED_EDGE ( 'NONE', *, *, #6618, .F. ) ;
#4474 = UNCERTAINTY_MEASURE_WITH_UNIT (LENGTH_MEASURE( 1.000000000000000082E-05 ), #10044, 'distance_accuracy_value', 'NONE');
#4475 = ORIENTED_EDGE ( 'NONE', *, *, #5288, .F. ) ;
#4476 = EDGE_CURVE ( 'NONE', #9663, #8202, #5593, .T. ) ;
#4477 = CARTESIAN_POINT ( 'NONE',  ( -2.140000000000049862, -5.000000000000000000, 1.000000000000000000 ) ) ;
#4478 = DIRECTION ( 'NONE',  ( -1.734723475976804876E-16, 1.000000000000000000, 0.000000000000000000 ) ) ;
#4479 = SURFACE_SIDE_STYLE ('',( #5651 ) ) ;
#4480 = CARTESIAN_POINT ( 'NONE',  ( -5.000000000000000000, -0.4000000000000000222, -0.1000000000000000056 ) ) ;
#4481 =( NAMED_UNIT ( * ) PLANE_ANGLE_UNIT ( ) SI_UNIT ( $, .RADIAN. ) );
#4482 = CARTESIAN_POINT ( 'NONE',  ( 0.3999999999999485079, -5.000000000000000000, -0.1000000000000000056 ) ) ;
#4483 = SURFACE_STYLE_USAGE ( .BOTH. , #627 ) ;
#4484 = PRESENTATION_STYLE_ASSIGNMENT (( #2325 ) ) ;
#4485 = PLANE ( 'NONE',  #8800 ) ;
#4486 =( LENGTH_UNIT ( ) NAMED_UNIT ( * ) SI_UNIT ( .MILLI., .METRE. ) );
#4487 = SURFACE_SIDE_STYLE ('',( #3551 ) ) ;
#4488 = ORIENTED_EDGE ( 'NONE', *, *, #7469, .T. ) ;
#4489 = DIRECTION ( 'NONE',  ( 1.000000000000000000, 0.000000000000000000, 0.000000000000000000 ) ) ;
#4490 = CARTESIAN_POINT ( 'NONE',  ( 4.250000000000000000, 2.939999999999999947, 0.000000000000000000 ) ) ;
#4491 = SURFACE_STYLE_FILL_AREA ( #5442 ) ;
#4492 = ORIENTED_EDGE ( 'NONE', *, *, #4494, .F. ) ;
#4493 =( NAMED_UNIT ( * ) PLANE_ANGLE_UNIT ( ) SI_UNIT ( $, .RADIAN. ) );
#4494 = EDGE_CURVE ( 'NONE', #708, #7583, #3704, .T. ) ;
#4495 = CARTESIAN_POINT ( 'NONE',  ( 2.939999999999999947, 5.009999999999999787, -0.1000000000000000056 ) ) ;
#4496 = LINE ( 'NONE', #4442, #1779 ) ;
#4497 = VECTOR ( 'NONE', #11727, 1000.000000000000000 ) ;
#4498 = LINE ( 'NONE', #4312, #261 ) ;
#4499 = CARTESIAN_POINT ( 'NONE',  ( -5.000000000000000000, 2.540000000000000036, -0.2999999999999999889 ) ) ;
#4500 = SURFACE_SIDE_STYLE ('',( #641 ) ) ;
#4501 = CARTESIAN_POINT ( 'NONE',  ( -5.000000000000000000, -8.673617379884030542E-16, 1.100000000000000089 ) ) ;
#4502 = PRESENTATION_STYLE_ASSIGNMENT (( #643 ) ) ;
#4503 = ORIENTED_EDGE ( 'NONE', *, *, #2883, .T. ) ;
#4504 = ORIENTED_EDGE ( 'NONE', *, *, #2208, .T. ) ;
#4505 = PRESENTATION_LAYER_ASSIGNMENT (  '', '', ( #9877 ) ) ;
#4506 = VERTEX_POINT ( 'NONE', #9523 ) ;
#4507 = ORIENTED_EDGE ( 'NONE', *, *, #8048, .F. ) ;
#4508 = CARTESIAN_POINT ( 'NONE',  ( 5.009999999999999787, 1.670000000000000151, -0.1000000000000000056 ) ) ;
#4509 = EDGE_CURVE ( 'NONE', #7013, #1819, #83, .T. ) ;
#4510 = ADVANCED_FACE ( 'NONE', ( #1919 ), #8518, .T. ) ;
#4511 = SURFACE_STYLE_USAGE ( .BOTH. , #2547 ) ;
#4512 = UNCERTAINTY_MEASURE_WITH_UNIT (LENGTH_MEASURE( 1.000000000000000082E-05 ), #8462, 'distance_accuracy_value', 'NONE');
#4513 = VECTOR ( 'NONE', #9358, 1000.000000000000000 ) ;
#4514 = VECTOR ( 'NONE', #6570, 1000.000000000000000 ) ;
#4515 = COLOUR_RGB ( '',1.000000000000000000, 0.8117647058823529438, 0.5019607843137254832 ) ;
#4516 = FACE_OUTER_BOUND ( 'NONE', #7429, .T. ) ;
#4517 = VERTEX_POINT ( 'NONE', #7573 ) ;
#4518 = FILL_AREA_STYLE ('',( #10201 ) ) ;
#4519 = ORIENTED_EDGE ( 'NONE', *, *, #9476, .F. ) ;
#4520 = ORIENTED_EDGE ( 'NONE', *, *, #11092, .T. ) ;
#4521 = MECHANICAL_DESIGN_GEOMETRIC_PRESENTATION_REPRESENTATION (  '', ( #6918 ), #9316 ) ;
#4522 = LINE ( 'NONE', #8329, #9149 ) ;
#4523 = PRESENTATION_LAYER_ASSIGNMENT (  '', '', ( #1269 ) ) ;
#4524 = STYLED_ITEM ( 'NONE', ( #7063 ), #10485 ) ;
#4525 = VECTOR ( 'NONE', #10399, 1000.000000000000000 ) ;
#4526 = EDGE_CURVE ( 'NONE', #10793, #12131, #966, .T. ) ;
#4527 = DIRECTION ( 'NONE',  ( 0.000000000000000000, 0.000000000000000000, 1.000000000000000000 ) ) ;
#4528 = PRESENTATION_LAYER_ASSIGNMENT (  '', '', ( #10713 ) ) ;
#4529 = CARTESIAN_POINT ( 'NONE',  ( -4.750000000000000000, -1.670000000000000151, 1.100000000000000089 ) ) ;
#4530 = DIRECTION ( 'NONE',  ( 1.000000000000000000, -3.491481338843135327E-15, 0.000000000000000000 ) ) ;
#4531 = ADVANCED_FACE ( 'NONE', ( #5830 ), #4132, .F. ) ;
#4532 = LINE ( 'NONE', #8335, #8683 ) ;
#4533 = ORIENTED_EDGE ( 'NONE', *, *, #3479, .T. ) ;
#4534 = VECTOR ( 'NONE', #12356, 1000.000000000000000 ) ;
#4535 = FILL_AREA_STYLE ('',( #668 ) ) ;
#4536 = EDGE_CURVE ( 'NONE', #1731, #4358, #440, .T. ) ;
#4537 = PRESENTATION_STYLE_ASSIGNMENT (( #8338 ) ) ;
#4538 = ORIENTED_EDGE ( 'NONE', *, *, #7832, .T. ) ;
#4539 = ORIENTED_EDGE ( 'NONE', *, *, #5725, .T. ) ;
#4540 = EDGE_CURVE ( 'NONE', #401, #5483, #12072, .T. ) ;
#4541 = MECHANICAL_DESIGN_GEOMETRIC_PRESENTATION_REPRESENTATION (  '', ( #2939 ), #12149 ) ;
#4542 = PRESENTATION_LAYER_ASSIGNMENT (  '', '', ( #3338 ) ) ;
#4543 = COLOUR_RGB ( '',1.000000000000000000, 0.8117647058823529438, 0.5019607843137254832 ) ;
#4544 =( NAMED_UNIT ( * ) SI_UNIT ( $, .STERADIAN. ) SOLID_ANGLE_UNIT ( ) );
#4545 = DIRECTION ( 'NONE',  ( 0.000000000000000000, 1.000000000000000000, 0.000000000000000000 ) ) ;
#4546 = DIRECTION ( 'NONE',  ( 3.491481338843135327E-15, 1.000000000000000000, 0.000000000000000000 ) ) ;
#4547 = PRODUCT_DEFINITION_CONTEXT ( 'detailed design', #7932, 'design' ) ;
#4548 =( NAMED_UNIT ( * ) SI_UNIT ( $, .STERADIAN. ) SOLID_ANGLE_UNIT ( ) );
#4549 =( LENGTH_UNIT ( ) NAMED_UNIT ( * ) SI_UNIT ( .MILLI., .METRE. ) );
#4550 = CARTESIAN_POINT ( 'NONE',  ( -2.140000000000049862, -4.750000000000000000, 1.000000000000000000 ) ) ;
#4551 = CARTESIAN_POINT ( 'NONE',  ( -5.009999999999999787, -2.140000000000000124, -0.1000000000000000056 ) ) ;
#4552 = PLANE ( 'NONE',  #8420 ) ;
#4553 = COLOUR_RGB ( '',0.5372549019607842924, 0.6235294117647058876, 0.000000000000000000 ) ;
#4554 = ORIENTED_EDGE ( 'NONE', *, *, #11464, .F. ) ;
#4555 = EDGE_CURVE ( 'NONE', #5351, #8177, #4498, .T. ) ;
#4556 = LINE ( 'NONE', #7595, #7552 ) ;
#4557 = COLOUR_RGB ( '',1.000000000000000000, 0.8117647058823529438, 0.5019607843137254832 ) ;
#4558 = ORIENTED_EDGE ( 'NONE', *, *, #1217, .T. ) ;
#4559 = FILL_AREA_STYLE ('',( #3622 ) ) ;
#4560 =( LENGTH_UNIT ( ) NAMED_UNIT ( * ) SI_UNIT ( .MILLI., .METRE. ) );
#4561 =( GEOMETRIC_REPRESENTATION_CONTEXT ( 3 ) GLOBAL_UNCERTAINTY_ASSIGNED_CONTEXT ( ( #9692 ) ) GLOBAL_UNIT_ASSIGNED_CONTEXT ( ( #7177, #4481, #1634 ) ) REPRESENTATION_CONTEXT ( 'NONE', 'WORKASPACE' ) );
#4562 = DIRECTION ( 'NONE',  ( 0.000000000000000000, 1.000000000000000000, 0.000000000000000000 ) ) ;
#4563 = CARTESIAN_POINT ( 'NONE',  ( -4.250000000000000000, 0.8699999999999999956, 0.000000000000000000 ) ) ;
#4564 = SURFACE_STYLE_FILL_AREA ( #11219 ) ;
#4565 =( NAMED_UNIT ( * ) PLANE_ANGLE_UNIT ( ) SI_UNIT ( $, .RADIAN. ) );
#4566 = SURFACE_STYLE_USAGE ( .BOTH. , #5567 ) ;
#4567 = VECTOR ( 'NONE', #5478, 1000.000000000000000 ) ;
#4568 = CARTESIAN_POINT ( 'NONE',  ( 2.339999999999950120, -5.000000000000000000, -0.2999999999999999889 ) ) ;
#4569 = VECTOR ( 'NONE', #6246, 1000.000000000000000 ) ;
#4570 = EDGE_CURVE ( 'NONE', #6892, #11683, #11877, .T. ) ;
#4571 = PRESENTATION_STYLE_ASSIGNMENT (( #1894 ) ) ;
#4572 = ORIENTED_EDGE ( 'NONE', *, *, #11024, .T. ) ;
#4573 = ORIENTED_EDGE ( 'NONE', *, *, #8370, .T. ) ;
#4574 = ORIENTED_EDGE ( 'NONE', *, *, #3609, .F. ) ;
#4575 = SURFACE_STYLE_FILL_AREA ( #2811 ) ;
#4576 = LINE ( 'NONE', #11287, #5579 ) ;
#4577 = COLOUR_RGB ( '',1.000000000000000000, 0.8117647058823529438, 0.5019607843137254832 ) ;
#4578 = UNCERTAINTY_MEASURE_WITH_UNIT (LENGTH_MEASURE( 1.000000000000000082E-05 ), #10559, 'distance_accuracy_value', 'NONE');
#4579 = CARTESIAN_POINT ( 'NONE',  ( 4.250000000000000000, -2.140000000000000124, -0.1000000000000000056 ) ) ;
#4580 = FILL_AREA_STYLE ('',( #10259 ) ) ;
#4581 = MECHANICAL_DESIGN_GEOMETRIC_PRESENTATION_REPRESENTATION (  '', ( #8362 ), #11977 ) ;
#4582 = SURFACE_STYLE_USAGE ( .BOTH. , #716 ) ;
#4583 = FILL_AREA_STYLE_COLOUR ( '', #5331 ) ;
#4584 = VECTOR ( 'NONE', #9393, 1000.000000000000000 ) ;
#4585 = EDGE_CURVE ( 'NONE', #10793, #3263, #8094, .T. ) ;
#4586 = ADVANCED_FACE ( 'NONE', ( #11945 ), #583, .F. ) ;
#4587 = VERTEX_POINT ( 'NONE', #8168 ) ;
#4588 = ORIENTED_EDGE ( 'NONE', *, *, #6723, .T. ) ;
#4589 = ORIENTED_EDGE ( 'NONE', *, *, #8884, .F. ) ;
#4590 = FILL_AREA_STYLE_COLOUR ( '', #10959 ) ;
#4591 =( NAMED_UNIT ( * ) PLANE_ANGLE_UNIT ( ) SI_UNIT ( $, .RADIAN. ) );
#4592 = VECTOR ( 'NONE', #12306, 1000.000000000000000 ) ;
#4593 = STYLED_ITEM ( 'NONE', ( #8548 ), #5360 ) ;
#4594 = LINE ( 'NONE', #5413, #8390 ) ;
#4595 = CARTESIAN_POINT ( 'NONE',  ( -2.939999999999999947, 4.750000000000000000, 1.000000000000000000 ) ) ;
#4596 = PLANE ( 'NONE',  #11107 ) ;
#4597 = DIRECTION ( 'NONE',  ( 0.000000000000000000, 0.000000000000000000, 1.000000000000000000 ) ) ;
#4598 = CARTESIAN_POINT ( 'NONE',  ( 2.939999999999954650, -4.250000000000000000, 0.000000000000000000 ) ) ;
#4599 = DIRECTION ( 'NONE',  ( -1.047444401652940164E-14, -1.000000000000000000, 0.000000000000000000 ) ) ;
#4600 = ORIENTED_EDGE ( 'NONE', *, *, #5282, .T. ) ;
#4601 = EDGE_CURVE ( 'NONE', #3253, #973, #12018, .T. ) ;
#4602 = CARTESIAN_POINT ( 'NONE',  ( 5.000000000000000000, 5.000000000000000000, 1.000000000000000000 ) ) ;
#4603 = ORIENTED_EDGE ( 'NONE', *, *, #2327, .F. ) ;
#4605 = EDGE_CURVE ( 'NONE', #337, #4687, #8234, .T. ) ;
#4604 = VECTOR ( 'NONE', #8673, 1000.000000000000000 ) ;
#4606 =( GEOMETRIC_REPRESENTATION_CONTEXT ( 3 ) GLOBAL_UNCERTAINTY_ASSIGNED_CONTEXT ( ( #8866 ) ) GLOBAL_UNIT_ASSIGNED_CONTEXT ( ( #3827, #139, #2039 ) ) REPRESENTATION_CONTEXT ( 'NONE', 'WORKASPACE' ) );
#4607 = EDGE_LOOP ( 'NONE', ( #2704, #11854, #2166, #12145, #8880, #1216, #6591, #7169, #8877 ) ) ;
#4608 = ORIENTED_EDGE ( 'NONE', *, *, #8663, .T. ) ;
#4609 = CARTESIAN_POINT ( 'NONE',  ( 5.009999999999999787, -2.739999999999999769, -0.1000000000000000056 ) ) ;
#4610 = STYLED_ITEM ( 'NONE', ( #6242 ), #8327 ) ;
#4611 = CARTESIAN_POINT ( 'NONE',  ( 1.669999999999949969, -4.750000000000000000, 1.000000000000000000 ) ) ;
#4612 = CARTESIAN_POINT ( 'NONE',  ( -5.009999999999999787, 1.070000000000000062, -0.1000000000000000056 ) ) ;
#4613 =( NAMED_UNIT ( * ) PLANE_ANGLE_UNIT ( ) SI_UNIT ( $, .RADIAN. ) );
#4614 = FILL_AREA_STYLE_COLOUR ( '', #1097 ) ;
#4615 = DIRECTION ( 'NONE',  ( -1.047444401652940164E-14, -1.000000000000000000, 0.000000000000000000 ) ) ;
#4616 = DIRECTION ( 'NONE',  ( 1.000000000000000000, -3.491481338843135327E-15, 0.000000000000000000 ) ) ;
#4617 = ORIENTED_EDGE ( 'NONE', *, *, #5306, .T. ) ;
#4618 = CIRCLE ( 'NONE', #4817, 0.1999999999999996503 ) ;
#4619 = SURFACE_STYLE_USAGE ( .BOTH. , #11450 ) ;
#4620 = PRESENTATION_LAYER_ASSIGNMENT (  '', '', ( #781 ) ) ;
#4621 = ORIENTED_EDGE ( 'NONE', *, *, #6529, .F. ) ;
#4622 = DIRECTION ( 'NONE',  ( 1.000000000000000000, 0.000000000000000000, 0.000000000000000000 ) ) ;
#4623 = LINE ( 'NONE', #7302, #4402 ) ;
#4624 = EDGE_CURVE ( 'NONE', #8638, #6388, #8999, .T. ) ;
#4625 =( NAMED_UNIT ( * ) SI_UNIT ( $, .STERADIAN. ) SOLID_ANGLE_UNIT ( ) );
#4626 = VECTOR ( 'NONE', #6495, 1000.000000000000000 ) ;
#4627 = LINE ( 'NONE', #9382, #9124 ) ;
#4628 = LINE ( 'NONE', #11404, #4652 ) ;
#4629 =( GEOMETRIC_REPRESENTATION_CONTEXT ( 3 ) GLOBAL_UNCERTAINTY_ASSIGNED_CONTEXT ( ( #7963 ) ) GLOBAL_UNIT_ASSIGNED_CONTEXT ( ( #10654, #3225, #1352 ) ) REPRESENTATION_CONTEXT ( 'NONE', 'WORKASPACE' ) );
#4630 = DIRECTION ( 'NONE',  ( -8.673617379884039170E-17, 1.000000000000000000, 0.000000000000000000 ) ) ;
#4631 = ORIENTED_EDGE ( 'NONE', *, *, #4661, .F. ) ;
#4632 = ORIENTED_EDGE ( 'NONE', *, *, #8069, .F. ) ;
#4633 = ORIENTED_EDGE ( 'NONE', *, *, #3160, .T. ) ;
#4634 = MECHANICAL_DESIGN_GEOMETRIC_PRESENTATION_REPRESENTATION (  '', ( #1599 ), #3632 ) ;
#4635 = ORIENTED_EDGE ( 'NONE', *, *, #10270, .T. ) ;
#4636 = DIRECTION ( 'NONE',  ( 1.076356459585886213E-14, 1.000000000000000000, 0.000000000000000000 ) ) ;
#4637 = FILL_AREA_STYLE_COLOUR ( '', #2154 ) ;
#4638 = EDGE_CURVE ( 'NONE', #907, #1, #7127, .T. ) ;
#4639 = DIRECTION ( 'NONE',  ( -1.000000000000000000, 1.047444401652940164E-14, 0.000000000000000000 ) ) ;
#4640 = CARTESIAN_POINT ( 'NONE',  ( 4.750000000000000000, -2.140000000000000124, 1.100000000000000089 ) ) ;
#4641 = ORIENTED_EDGE ( 'NONE', *, *, #1499, .F. ) ;
#4642 = ORIENTED_EDGE ( 'NONE', *, *, #7773, .F. ) ;
#4643 = ORIENTED_EDGE ( 'NONE', *, *, #10730, .T. ) ;
#4644 = PRESENTATION_LAYER_ASSIGNMENT (  '', '', ( #6245 ) ) ;
#4645 =( LENGTH_UNIT ( ) NAMED_UNIT ( * ) SI_UNIT ( .MILLI., .METRE. ) );
#4646 = EDGE_CURVE ( 'NONE', #2227, #9566, #5449, .T. ) ;
#4647 =( NAMED_UNIT ( * ) PLANE_ANGLE_UNIT ( ) SI_UNIT ( $, .RADIAN. ) );
#4648 = SURFACE_STYLE_FILL_AREA ( #3773 ) ;
#4649 = FILL_AREA_STYLE_COLOUR ( '', #7259 ) ;
#4650 = CARTESIAN_POINT ( 'NONE',  ( -3.250000000000000000, 3.250000000000000000, 2.510000000000000231 ) ) ;
#4651 = DIRECTION ( 'NONE',  ( 0.000000000000000000, 1.000000000000000000, 0.000000000000000000 ) ) ;
#4652 = VECTOR ( 'NONE', #5267, 1000.000000000000000 ) ;
#4653 = EDGE_LOOP ( 'NONE', ( #2616, #9220, #4784, #12122, #1760, #5117, #5394, #6903 ) ) ;
#4654 = DIRECTION ( 'NONE',  ( 0.000000000000000000, -1.000000000000000000, 0.000000000000000000 ) ) ;
#4655 = CARTESIAN_POINT ( 'NONE',  ( 4.750000000000000000, -0.4000000000000000222, 1.100000000000000089 ) ) ;
#4656 = SURFACE_STYLE_FILL_AREA ( #3655 ) ;
#4657 = ORIENTED_EDGE ( 'NONE', *, *, #437, .F. ) ;
#4658 = ORIENTED_EDGE ( 'NONE', *, *, #9884, .F. ) ;
#4659 = DIRECTION ( 'NONE',  ( 0.000000000000000000, 0.000000000000000000, -1.000000000000000000 ) ) ;
#4660 = EDGE_CURVE ( 'NONE', #5510, #11884, #3562, .T. ) ;
#4661 = EDGE_CURVE ( 'NONE', #10582, #787, #9911, .T. ) ;
#4662 = CARTESIAN_POINT ( 'NONE',  ( -5.009999999999999787, -1.670000000000000151, 1.100000000000000089 ) ) ;
#4663 =( NAMED_UNIT ( * ) PLANE_ANGLE_UNIT ( ) SI_UNIT ( $, .RADIAN. ) );
#4664 = FACE_OUTER_BOUND ( 'NONE', #6141, .T. ) ;
#4665 = CARTESIAN_POINT ( 'NONE',  ( -2.739999999999999769, 5.000000000000000000, -0.2999999999999999889 ) ) ;
#4666 = UNCERTAINTY_MEASURE_WITH_UNIT (LENGTH_MEASURE( 1.000000000000000082E-05 ), #2988, 'distance_accuracy_value', 'NONE');
#4667 = LINE ( 'NONE', #8476, #6132 ) ;
#4668 = LINE ( 'NONE', #9479, #11987 ) ;
#4669 = CARTESIAN_POINT ( 'NONE',  ( 5.009999999999999787, -2.339999999999999858, -0.1000000000000000056 ) ) ;
#4670 = CARTESIAN_POINT ( 'NONE',  ( 0.3999999999999485079, -5.000000000000000000, 1.000000000000000000 ) ) ;
#4671 = ORIENTED_EDGE ( 'NONE', *, *, #8509, .T. ) ;
#4672 = CARTESIAN_POINT ( 'NONE',  ( -1.469999999999981988, 5.009999999999999787, 1.100000000000000089 ) ) ;
#4673 = CARTESIAN_POINT ( 'NONE',  ( -5.000000000000000000, 0.2000000000000000111, -0.1000000000000000056 ) ) ;
#4674 = UNCERTAINTY_MEASURE_WITH_UNIT (LENGTH_MEASURE( 1.000000000000000082E-05 ), #5131, 'distance_accuracy_value', 'NONE');
#4675 = ADVANCED_FACE ( 'NONE', ( #535 ), #6215, .F. ) ;
#4676 = LINE ( 'NONE', #8291, #4715 ) ;
#4677 = DIRECTION ( 'NONE',  ( -1.000000000000000000, 1.047444401652940164E-14, 0.000000000000000000 ) ) ;
#4678 = CARTESIAN_POINT ( 'NONE',  ( -5.000000000000000000, 1.070000000000000062, -0.2999999999999999889 ) ) ;
#4679 = CARTESIAN_POINT ( 'NONE',  ( 4.750000000000000000, -2.140000000000000124, 1.000000000000000000 ) ) ;
#4680 = LINE ( 'NONE', #10314, #3049 ) ;
#4681 = PLANE ( 'NONE',  #12376 ) ;
#4682 = CARTESIAN_POINT ( 'NONE',  ( 5.009999999999999787, -2.339999999999999858, 1.100000000000000089 ) ) ;
#4683 = DIRECTION ( 'NONE',  ( 1.030097166893172093E-14, 1.000000000000000000, 0.000000000000000000 ) ) ;
#4684 = DIRECTION ( 'NONE',  ( 1.030097166893172093E-14, 1.000000000000000000, 0.000000000000000000 ) ) ;
#4685 = SURFACE_STYLE_USAGE ( .BOTH. , #10324 ) ;
#4686 = ORIENTED_EDGE ( 'NONE', *, *, #9788, .F. ) ;
#4687 = VERTEX_POINT ( 'NONE', #4344 ) ;
#4688 = EDGE_CURVE ( 'NONE', #8818, #431, #5128, .T. ) ;
#4689 = ORIENTED_EDGE ( 'NONE', *, *, #11581, .T. ) ;
#4690 = SURFACE_STYLE_USAGE ( .BOTH. , #8377 ) ;
#4691 = VECTOR ( 'NONE', #2569, 1000.000000000000000 ) ;
#4692 = UNCERTAINTY_MEASURE_WITH_UNIT (LENGTH_MEASURE( 1.000000000000000082E-05 ), #3759, 'distance_accuracy_value', 'NONE');
#4693 = FACE_OUTER_BOUND ( 'NONE', #4261, .T. ) ;
#4694 = SURFACE_STYLE_USAGE ( .BOTH. , #6585 ) ;
#4695 =( NAMED_UNIT ( * ) PLANE_ANGLE_UNIT ( ) SI_UNIT ( $, .RADIAN. ) );
#4696 = PRESENTATION_LAYER_ASSIGNMENT (  '', '', ( #8276 ) ) ;
#4697 = VECTOR ( 'NONE', #7945, 1000.000000000000000 ) ;
#4698 = EDGE_LOOP ( 'NONE', ( #11018, #3573, #11293, #12147, #12173, #9527, #931, #904 ) ) ;
#4699 = EDGE_CURVE ( 'NONE', #1819, #8468, #8126, .T. ) ;
#4700 = EDGE_LOOP ( 'NONE', ( #11227, #11941, #11411, #3387, #9337, #6536, #1376, #6962 ) ) ;
#4701 = ORIENTED_EDGE ( 'NONE', *, *, #1778, .F. ) ;
#4702 = AXIS2_PLACEMENT_3D ( 'NONE', #11068, #2584, #1629 ) ;
#4703 = PRESENTATION_STYLE_ASSIGNMENT (( #1667 ) ) ;
#4704 = PRESENTATION_LAYER_ASSIGNMENT (  '', '', ( #10705 ) ) ;
#4705 = VECTOR ( 'NONE', #12150, 1000.000000000000000 ) ;
#4706 =( NAMED_UNIT ( * ) PLANE_ANGLE_UNIT ( ) SI_UNIT ( $, .RADIAN. ) );
#4707 = FACE_OUTER_BOUND ( 'NONE', #7437, .T. ) ;
#4708 = CARTESIAN_POINT ( 'NONE',  ( 5.000000000000000000, -1.670000000000000151, 0.000000000000000000 ) ) ;
#4709 = CARTESIAN_POINT ( 'NONE',  ( -5.009999999999999787, 0.2000000000000000111, -0.1000000000000000056 ) ) ;
#4710 = SURFACE_STYLE_USAGE ( .BOTH. , #9468 ) ;
#4711 = VERTEX_POINT ( 'NONE', #3463 ) ;
#4712 =( GEOMETRIC_REPRESENTATION_CONTEXT ( 3 ) GLOBAL_UNCERTAINTY_ASSIGNED_CONTEXT ( ( #1317 ) ) GLOBAL_UNIT_ASSIGNED_CONTEXT ( ( #6883, #5015, #3199 ) ) REPRESENTATION_CONTEXT ( 'NONE', 'WORKASPACE' ) );
#4713 = VECTOR ( 'NONE', #3398, 1000.000000000000000 ) ;
#4714 = EDGE_CURVE ( 'NONE', #1331, #7663, #10142, .T. ) ;
#4715 = VECTOR ( 'NONE', #5493, 1000.000000000000000 ) ;
#4716 = PRESENTATION_STYLE_ASSIGNMENT (( #9283 ) ) ;
#4717 = ORIENTED_EDGE ( 'NONE', *, *, #10427, .T. ) ;
#4718 = EDGE_LOOP ( 'NONE', ( #2468, #11255, #8282, #1793 ) ) ;
#4719 = SURFACE_STYLE_FILL_AREA ( #9474 ) ;
#4720 = LINE ( 'NONE', #8652, #6164 ) ;
#4721 = VECTOR ( 'NONE', #9463, 1000.000000000000000 ) ;
#4722 = VECTOR ( 'NONE', #6622, 1000.000000000000000 ) ;
#4723 = PRESENTATION_LAYER_ASSIGNMENT (  '', '', ( #474 ) ) ;
#4724 = CARTESIAN_POINT ( 'NONE',  ( 4.750000000000000000, 0.4000000000000000222, 1.100000000000000089 ) ) ;
#4725 = PRESENTATION_LAYER_ASSIGNMENT (  '', '', ( #8516 ) ) ;
#4726 =( GEOMETRIC_REPRESENTATION_CONTEXT ( 3 ) GLOBAL_UNCERTAINTY_ASSIGNED_CONTEXT ( ( #652 ) ) GLOBAL_UNIT_ASSIGNED_CONTEXT ( ( #5697, #836, #7494 ) ) REPRESENTATION_CONTEXT ( 'NONE', 'WORKASPACE' ) );
#4727 = LINE ( 'NONE', #6670, #12256 ) ;
#4728 = SURFACE_STYLE_USAGE ( .BOTH. , #11386 ) ;
#4729 = PRESENTATION_STYLE_ASSIGNMENT (( #3729 ) ) ;
#4730 = DIRECTION ( 'NONE',  ( 0.000000000000000000, 0.000000000000000000, -1.000000000000000000 ) ) ;
#4731 = DIRECTION ( 'NONE',  ( 1.000000000000000000, 0.000000000000000000, 0.000000000000000000 ) ) ;
#4732 = VERTEX_POINT ( 'NONE', #7270 ) ;
#4733 = EDGE_CURVE ( 'NONE', #3233, #8018, #11106, .T. ) ;
#4734 = ADVANCED_FACE ( 'NONE', ( #1543 ), #11242, .F. ) ;
#4735 = AXIS2_PLACEMENT_3D ( 'NONE', #9183, #10104, #1500 ) ;
#4736 = VECTOR ( 'NONE', #10425, 1000.000000000000000 ) ;
#4737 = SURFACE_STYLE_USAGE ( .BOTH. , #7470 ) ;
#4738 = EDGE_CURVE ( 'NONE', #7026, #7837, #9586, .T. ) ;
#4739 = CARTESIAN_POINT ( 'NONE',  ( 5.009999999999999787, -2.739999999999999769, 1.100000000000000089 ) ) ;
#4740 = DIRECTION ( 'NONE',  ( 0.000000000000000000, 0.000000000000000000, 1.000000000000000000 ) ) ;
#4741 = DIRECTION ( 'NONE',  ( 1.000000000000000000, 1.734723475976804876E-16, 0.000000000000000000 ) ) ;
#4742 = DIRECTION ( 'NONE',  ( 0.000000000000000000, 0.000000000000000000, 1.000000000000000000 ) ) ;
#4743 = FACE_OUTER_BOUND ( 'NONE', #1720, .T. ) ;
#4744 = CARTESIAN_POINT ( 'NONE',  ( -2.540000000000050218, -5.000000000000000000, -0.1000000000000000056 ) ) ;
#4745 =( NAMED_UNIT ( * ) SI_UNIT ( $, .STERADIAN. ) SOLID_ANGLE_UNIT ( ) );
#4746 = PRESENTATION_LAYER_ASSIGNMENT (  '', '', ( #8723 ) ) ;
#4747 = LINE ( 'NONE', #11461, #6572 ) ;
#4748 = EDGE_CURVE ( 'NONE', #6278, #4152, #79, .T. ) ;
#4749 = SURFACE_SIDE_STYLE ('',( #4821 ) ) ;
#4750 = VERTEX_POINT ( 'NONE', #7571 ) ;
#4751 = ORIENTED_EDGE ( 'NONE', *, *, #11872, .T. ) ;
#4752 = ORIENTED_EDGE ( 'NONE', *, *, #4833, .T. ) ;
#4753 = DIRECTION ( 'NONE',  ( 3.491481338843135327E-15, 1.000000000000000000, 0.000000000000000000 ) ) ;
#4754 = COLOUR_RGB ( '',1.000000000000000000, 0.8117647058823529438, 0.5019607843137254832 ) ;
#4755 = PRESENTATION_LAYER_ASSIGNMENT (  '', '', ( #1515 ) ) ;
#4756 = EDGE_CURVE ( 'NONE', #6323, #6540, #7676, .T. ) ;
#4757 = CARTESIAN_POINT ( 'NONE',  ( 5.000000000000000000, 2.540000000000000036, 1.100000000000000089 ) ) ;
#4758 = MECHANICAL_DESIGN_GEOMETRIC_PRESENTATION_REPRESENTATION (  '', ( #7917 ), #2318 ) ;
#4759 = CARTESIAN_POINT ( 'NONE',  ( 5.009999999999999787, -0.8699999999999999956, 1.100000000000000089 ) ) ;
#4760 =( LENGTH_UNIT ( ) NAMED_UNIT ( * ) SI_UNIT ( .MILLI., .METRE. ) );
#4761 = DIRECTION ( 'NONE',  ( -1.734723475976804876E-16, 1.000000000000000000, 0.000000000000000000 ) ) ;
#4762 =( LENGTH_UNIT ( ) NAMED_UNIT ( * ) SI_UNIT ( .MILLI., .METRE. ) );
#4763 = DIRECTION ( 'NONE',  ( 0.000000000000000000, 0.000000000000000000, -1.000000000000000000 ) ) ;
#4764 = AXIS2_PLACEMENT_3D ( 'NONE', #553, #4287, #5283 ) ;
#4765 = DIRECTION ( 'NONE',  ( 1.000000000000000000, -3.491481338843135327E-15, 0.000000000000000000 ) ) ;
#4766 = ORIENTED_EDGE ( 'NONE', *, *, #187, .F. ) ;
#4767 = ORIENTED_EDGE ( 'NONE', *, *, #2399, .F. ) ;
#4768 = MECHANICAL_DESIGN_GEOMETRIC_PRESENTATION_REPRESENTATION (  '', ( #3168 ), #9953 ) ;
#4769 = VERTEX_POINT ( 'NONE', #3768 ) ;
#4770 = SURFACE_STYLE_FILL_AREA ( #3956 ) ;
#4771 = PRESENTATION_LAYER_ASSIGNMENT (  '', '', ( #2538 ) ) ;
#4772 = ORIENTED_EDGE ( 'NONE', *, *, #2663, .F. ) ;
#4773 = DIRECTION ( 'NONE',  ( -1.047444401652940164E-14, -1.000000000000000000, 0.000000000000000000 ) ) ;
#4774 = PRESENTATION_STYLE_ASSIGNMENT (( #8588 ) ) ;
#4775 = CARTESIAN_POINT ( 'NONE',  ( -4.750000000000000000, -0.4000000000000000222, 1.000000000000000000 ) ) ;
#4776 = EDGE_CURVE ( 'NONE', #10092, #4517, #3698, .T. ) ;
#4777 = MECHANICAL_DESIGN_GEOMETRIC_PRESENTATION_REPRESENTATION (  '', ( #2762 ), #5780 ) ;
#4778 = CARTESIAN_POINT ( 'NONE',  ( 2.540000000000000036, 5.009999999999999787, 0.000000000000000000 ) ) ;
#4779 = DIRECTION ( 'NONE',  ( 0.000000000000000000, 0.000000000000000000, 1.000000000000000000 ) ) ;
#4780 = SURFACE_SIDE_STYLE ('',( #158 ) ) ;
#4781 = DIRECTION ( 'NONE',  ( 1.000000000000000000, 0.000000000000000000, 0.000000000000000000 ) ) ;
#4782 = VECTOR ( 'NONE', #1631, 1000.000000000000000 ) ;
#4783 = ORIENTED_EDGE ( 'NONE', *, *, #7103, .F. ) ;
#4784 = ORIENTED_EDGE ( 'NONE', *, *, #8139, .F. ) ;
#4785 = DIRECTION ( 'NONE',  ( 0.000000000000000000, 0.000000000000000000, -1.000000000000000000 ) ) ;
#4786 = STYLED_ITEM ( 'NONE', ( #8183 ), #1336 ) ;
#4787 = PRESENTATION_LAYER_ASSIGNMENT (  '', '', ( #3193 ) ) ;
#4788 = PLANE ( 'NONE',  #7371 ) ;
#4789 = CARTESIAN_POINT ( 'NONE',  ( 2.139999999999954827, -4.250000000000000000, -0.1000000000000000056 ) ) ;
#4790 = DIRECTION ( 'NONE',  ( 0.000000000000000000, -1.000000000000000000, 0.000000000000000000 ) ) ;
#4791 = FILL_AREA_STYLE_COLOUR ( '', #1997 ) ;
#4792 = ADVANCED_FACE ( 'NONE', ( #6708 ), #2825, .T. ) ;
#4793 = STYLED_ITEM ( 'NONE', ( #6426 ), #9475 ) ;
#4794 = DIRECTION ( 'NONE',  ( -1.000000000000000000, 3.318008991245455407E-15, 0.000000000000000000 ) ) ;
#4795 = DIRECTION ( 'NONE',  ( 0.000000000000000000, 0.000000000000000000, -1.000000000000000000 ) ) ;
#4796 = PRESENTATION_LAYER_ASSIGNMENT (  '', '', ( #6396 ) ) ;
#4797 = DIRECTION ( 'NONE',  ( -3.780601918172600153E-15, -1.000000000000000000, 0.000000000000000000 ) ) ;
#4798 = VECTOR ( 'NONE', #2261, 1000.000000000000000 ) ;
#4799 =( NAMED_UNIT ( * ) PLANE_ANGLE_UNIT ( ) SI_UNIT ( $, .RADIAN. ) );
#4800 = ORIENTED_EDGE ( 'NONE', *, *, #9700, .T. ) ;
#4801 = UNCERTAINTY_MEASURE_WITH_UNIT (LENGTH_MEASURE( 1.000000000000000082E-05 ), #3275, 'distance_accuracy_value', 'NONE');
#4802 = AXIS2_PLACEMENT_3D ( 'NONE', #7255, #644, #7199 ) ;
#4803 = DIRECTION ( 'NONE',  ( -1.000000000000000000, 2.891205793294680298E-16, 0.000000000000000000 ) ) ;
#4804 = PRESENTATION_LAYER_ASSIGNMENT (  '', '', ( #9628 ) ) ;
#4805 = VECTOR ( 'NONE', #3436, 1000.000000000000000 ) ;
#4806 = CARTESIAN_POINT ( 'NONE',  ( 5.000000000000000000, 2.140000000000000124, -0.1000000000000000056 ) ) ;
#4807 = CARTESIAN_POINT ( 'NONE',  ( -5.000000000000000000, 0.4000000000000000222, 1.000000000000000000 ) ) ;
#4808 = EDGE_CURVE ( 'NONE', #3818, #2705, #9653, .T. ) ;
#4809 = CARTESIAN_POINT ( 'NONE',  ( -5.000000000000000000, 0.4000000000000000222, 1.100000000000000089 ) ) ;
#4810 = DIRECTION ( 'NONE',  ( 1.000000000000000000, -1.047444401652940164E-14, 0.000000000000000000 ) ) ;
#4811 =( NAMED_UNIT ( * ) SI_UNIT ( $, .STERADIAN. ) SOLID_ANGLE_UNIT ( ) );
#4812 = FILL_AREA_STYLE ('',( #6630 ) ) ;
#4813 = CARTESIAN_POINT ( 'NONE',  ( -5.000000000000000000, -5.000000000000000000, 1.000000000000000000 ) ) ;
#4814 = PLANE ( 'NONE',  #5986 ) ;
#4815 = SURFACE_STYLE_USAGE ( .BOTH. , #941 ) ;
#4816 = CARTESIAN_POINT ( 'NONE',  ( 5.000000000000000000, -0.2000000000000000111, -0.1000000000000000056 ) ) ;
#4817 = AXIS2_PLACEMENT_3D ( 'NONE', #10365, #7531, #11200 ) ;
#4818 = SURFACE_STYLE_FILL_AREA ( #11281 ) ;
#4819 = ORIENTED_EDGE ( 'NONE', *, *, #4048, .T. ) ;
#4820 = MECHANICAL_DESIGN_GEOMETRIC_PRESENTATION_REPRESENTATION (  '', ( #1988 ), #3013 ) ;
#4821 = SURFACE_STYLE_FILL_AREA ( #7553 ) ;
#4822 = ORIENTED_EDGE ( 'NONE', *, *, #1738, .F. ) ;
#4823 = ORIENTED_EDGE ( 'NONE', *, *, #6545, .T. ) ;
#4824 = COLOUR_RGB ( '',1.000000000000000000, 0.8117647058823529438, 0.5019607843137254832 ) ;
#4825 = PLANE ( 'NONE',  #11560 ) ;
#4826 = VERTEX_POINT ( 'NONE', #962 ) ;
#4827 = COLOUR_RGB ( '',1.000000000000000000, 0.8117647058823529438, 0.5019607843137254832 ) ;
#4828 = UNCERTAINTY_MEASURE_WITH_UNIT (LENGTH_MEASURE( 1.000000000000000082E-05 ), #10409, 'distance_accuracy_value', 'NONE');
#4829 = CARTESIAN_POINT ( 'NONE',  ( 0.4000000000000140110, 4.250000000000000000, 0.000000000000000000 ) ) ;
#4830 = FACE_OUTER_BOUND ( 'NONE', #4653, .T. ) ;
#4831 =( NAMED_UNIT ( * ) PLANE_ANGLE_UNIT ( ) SI_UNIT ( $, .RADIAN. ) );
#4832 = ADVANCED_FACE ( 'NONE', ( #1022 ), #5588, .F. ) ;
#4833 = EDGE_CURVE ( 'NONE', #11748, #12281, #1088, .T. ) ;
#4834 = SURFACE_STYLE_FILL_AREA ( #4887 ) ;
#4835 = FACE_OUTER_BOUND ( 'NONE', #9217, .T. ) ;
#4836 = ORIENTED_EDGE ( 'NONE', *, *, #1636, .T. ) ;
#4837 = VERTEX_POINT ( 'NONE', #11649 ) ;
#4838 = VERTEX_POINT ( 'NONE', #5081 ) ;
#4839 = FILL_AREA_STYLE_COLOUR ( '', #6325 ) ;
#4840 = ORIENTED_EDGE ( 'NONE', *, *, #4047, .T. ) ;
#4841 = STYLED_ITEM ( 'NONE', ( #5516 ), #9087 ) ;
#4842 = SURFACE_STYLE_FILL_AREA ( #11369 ) ;
#4843 =( NAMED_UNIT ( * ) PLANE_ANGLE_UNIT ( ) SI_UNIT ( $, .RADIAN. ) );
#4844 = CARTESIAN_POINT ( 'NONE',  ( 5.000000000000000000, 5.000000000000000000, 0.000000000000000000 ) ) ;
#4845 = FILL_AREA_STYLE_COLOUR ( '', #8049 ) ;
#4846 = ORIENTED_EDGE ( 'NONE', *, *, #1852, .F. ) ;
#4847 = PRODUCT_CONTEXT ( 'NONE', #11432, 'mechanical' ) ;
#4849 = ORIENTED_EDGE ( 'NONE', *, *, #7391, .T. ) ;
#4848 = COLOUR_RGB ( '',1.000000000000000000, 0.8117647058823529438, 0.5019607843137254832 ) ;
#4850 = ORIENTED_EDGE ( 'NONE', *, *, #2383, .F. ) ;
#4851 = DIRECTION ( 'NONE',  ( 0.000000000000000000, 0.000000000000000000, 1.000000000000000000 ) ) ;
#4852 = ADVANCED_FACE ( 'NONE', ( #4966 ), #4205, .F. ) ;
#4853 = DIRECTION ( 'NONE',  ( 1.000000000000000000, 0.000000000000000000, 0.000000000000000000 ) ) ;
#4854 =( GEOMETRIC_REPRESENTATION_CONTEXT ( 3 ) GLOBAL_UNCERTAINTY_ASSIGNED_CONTEXT ( ( #4991 ) ) GLOBAL_UNIT_ASSIGNED_CONTEXT ( ( #1124, #180, #6928 ) ) REPRESENTATION_CONTEXT ( 'NONE', 'WORKASPACE' ) );
#4855 = DIRECTION ( 'NONE',  ( 1.000000000000000000, 0.000000000000000000, 0.000000000000000000 ) ) ;
#4856 = PLANE ( 'NONE',  #11624 ) ;
#4857 = CARTESIAN_POINT ( 'NONE',  ( -5.009999999999999787, -1.070000000000000062, -0.1000000000000000056 ) ) ;
#4858 = CARTESIAN_POINT ( 'NONE',  ( 0.8700000000000160938, 4.750000000000000000, 1.100000000000000089 ) ) ;
#4859 = CARTESIAN_POINT ( 'NONE',  ( 4.750000000000000000, -0.8699999999999999956, 1.100000000000000089 ) ) ;
#4860 = SURFACE_STYLE_USAGE ( .BOTH. , #7822 ) ;
#4861 = DIRECTION ( 'NONE',  ( 0.000000000000000000, 1.000000000000000000, 0.000000000000000000 ) ) ;
#4862 = ORIENTED_EDGE ( 'NONE', *, *, #8396, .F. ) ;
#4863 = PLANE ( 'NONE',  #2945 ) ;
#4864 = EDGE_CURVE ( 'NONE', #11656, #6392, #6891, .T. ) ;
#4865 = FILL_AREA_STYLE_COLOUR ( '', #3694 ) ;
#4866 =( NAMED_UNIT ( * ) PLANE_ANGLE_UNIT ( ) SI_UNIT ( $, .RADIAN. ) );
#4867 = SURFACE_SIDE_STYLE ('',( #2915 ) ) ;
#4868 = LINE ( 'NONE', #9676, #3205 ) ;
#4869 = SURFACE_SIDE_STYLE ('',( #995 ) ) ;
#4870 = SURFACE_STYLE_USAGE ( .BOTH. , #9677 ) ;
#4871 = CARTESIAN_POINT ( 'NONE',  ( -2.939999999999999947, 4.750000000000000000, 1.100000000000000089 ) ) ;
#4872 = DIRECTION ( 'NONE',  ( 1.000000000000000000, 0.000000000000000000, 0.000000000000000000 ) ) ;
#4873 = CARTESIAN_POINT ( 'NONE',  ( 5.009999999999999787, -2.339999999999999858, -0.1000000000000000056 ) ) ;
#4874 = DIRECTION ( 'NONE',  ( 0.000000000000000000, -1.000000000000000000, 0.000000000000000000 ) ) ;
#4875 = PLANE ( 'NONE',  #1323 ) ;
#4876 = ORIENTED_EDGE ( 'NONE', *, *, #6332, .T. ) ;
#4877 = EDGE_CURVE ( 'NONE', #9685, #1581, #9822, .T. ) ;
#4878 =( NAMED_UNIT ( * ) SI_UNIT ( $, .STERADIAN. ) SOLID_ANGLE_UNIT ( ) );
#4879 = EDGE_LOOP ( 'NONE', ( #10009, #948, #615, #12428 ) ) ;
#4880 =( NAMED_UNIT ( * ) SI_UNIT ( $, .STERADIAN. ) SOLID_ANGLE_UNIT ( ) );
#4881 = EDGE_CURVE ( 'NONE', #9952, #8355, #3210, .T. ) ;
#4882 = LINE ( 'NONE', #62, #1146 ) ;
#4883 = UNCERTAINTY_MEASURE_WITH_UNIT (LENGTH_MEASURE( 1.000000000000000082E-05 ), #9719, 'distance_accuracy_value', 'NONE');
#4884 = DIRECTION ( 'NONE',  ( 0.000000000000000000, 0.000000000000000000, 1.000000000000000000 ) ) ;
#4885 = SURFACE_SIDE_STYLE ('',( #7842 ) ) ;
#4886 = DIRECTION ( 'NONE',  ( 0.000000000000000000, 1.000000000000000000, 0.000000000000000000 ) ) ;
#4887 = FILL_AREA_STYLE ('',( #12386 ) ) ;
#4888 = PLANE ( 'NONE',  #5294 ) ;
#4889 = FILL_AREA_STYLE ('',( #1843 ) ) ;
#4890 = CARTESIAN_POINT ( 'NONE',  ( 4.750000000000000000, -1.670000000000000151, 1.100000000000000089 ) ) ;
#4891 = ORIENTED_EDGE ( 'NONE', *, *, #3133, .T. ) ;
#4892 = ORIENTED_EDGE ( 'NONE', *, *, #2183, .F. ) ;
#4893 = EDGE_CURVE ( 'NONE', #6056, #9952, #7014, .T. ) ;
#4894 = ORIENTED_EDGE ( 'NONE', *, *, #12090, .F. ) ;
#4895 = EDGE_CURVE ( 'NONE', #3899, #1987, #10836, .T. ) ;
#4896 = ORIENTED_EDGE ( 'NONE', *, *, #166, .F. ) ;
#4897 = CARTESIAN_POINT ( 'NONE',  ( 5.000000000000000000, -1.670000000000000151, 1.100000000000000089 ) ) ;
#4898 = ORIENTED_EDGE ( 'NONE', *, *, #9342, .F. ) ;
#4899 =( NAMED_UNIT ( * ) PLANE_ANGLE_UNIT ( ) SI_UNIT ( $, .RADIAN. ) );
#4900 = SURFACE_SIDE_STYLE ('',( #9956 ) ) ;
#4901 = VECTOR ( 'NONE', #1752, 1000.000000000000000 ) ;
#4902 = DIRECTION ( 'NONE',  ( 1.734723475976804876E-16, -1.000000000000000000, 0.000000000000000000 ) ) ;
#4903 = EDGE_LOOP ( 'NONE', ( #12277, #8469, #11105, #11751, #632, #6639, #12268, #9793 ) ) ;
#4904 = PRESENTATION_STYLE_ASSIGNMENT (( #8710 ) ) ;
#4905 = CARTESIAN_POINT ( 'NONE',  ( -4.250000000000000000, -0.4000000000000000222, 0.000000000000000000 ) ) ;
#4906 = ORIENTED_EDGE ( 'NONE', *, *, #3206, .T. ) ;
#4907 = EDGE_CURVE ( 'NONE', #841, #11203, #3265, .T. ) ;
#4908 = VERTEX_POINT ( 'NONE', #388 ) ;
#4909 = VECTOR ( 'NONE', #2464, 1000.000000000000000 ) ;
#4910 =( GEOMETRIC_REPRESENTATION_CONTEXT ( 3 ) GLOBAL_UNCERTAINTY_ASSIGNED_CONTEXT ( ( #10799 ) ) GLOBAL_UNIT_ASSIGNED_CONTEXT ( ( #11260, #4613, #8411 ) ) REPRESENTATION_CONTEXT ( 'NONE', 'WORKASPACE' ) );
#4911 = CARTESIAN_POINT ( 'NONE',  ( 5.000000000000000000, 0.2000000000000000111, 1.100000000000000089 ) ) ;
#4912 = CARTESIAN_POINT ( 'NONE',  ( 2.939999999999954650, -4.250000000000000000, -0.1000000000000000056 ) ) ;
#4913 = EDGE_CURVE ( 'NONE', #11203, #10326, #2278, .T. ) ;
#4914 = FILL_AREA_STYLE_COLOUR ( '', #2929 ) ;
#4915 = CARTESIAN_POINT ( 'NONE',  ( -2.940000000000044800, -4.250000000000000000, 0.000000000000000000 ) ) ;
#4916 = STYLED_ITEM ( 'NONE', ( #6234 ), #4107 ) ;
#4917 = UNCERTAINTY_MEASURE_WITH_UNIT (LENGTH_MEASURE( 1.000000000000000082E-05 ), #7658, 'distance_accuracy_value', 'NONE');
#4918 =( GEOMETRIC_REPRESENTATION_CONTEXT ( 3 ) GLOBAL_UNCERTAINTY_ASSIGNED_CONTEXT ( ( #6353 ) ) GLOBAL_UNIT_ASSIGNED_CONTEXT ( ( #12206, #3813, #4745 ) ) REPRESENTATION_CONTEXT ( 'NONE', 'WORKASPACE' ) );
#4919 = FACE_OUTER_BOUND ( 'NONE', #5507, .T. ) ;
#4920 = MECHANICAL_DESIGN_GEOMETRIC_PRESENTATION_REPRESENTATION (  '', ( #10914 ), #56 ) ;
#4921 = SURFACE_SIDE_STYLE ('',( #6736 ) ) ;
#4922 = PRESENTATION_LAYER_ASSIGNMENT (  '', '', ( #11894 ) ) ;
#4923 = SURFACE_STYLE_USAGE ( .BOTH. , #10795 ) ;
#4924 =( LENGTH_UNIT ( ) NAMED_UNIT ( * ) SI_UNIT ( .MILLI., .METRE. ) );
#4925 = ORIENTED_EDGE ( 'NONE', *, *, #7918, .F. ) ;
#4926 = SURFACE_SIDE_STYLE ('',( #9615 ) ) ;
#4927 = UNCERTAINTY_MEASURE_WITH_UNIT (LENGTH_MEASURE( 1.000000000000000082E-05 ), #6270, 'distance_accuracy_value', 'NONE');
#4928 = VECTOR ( 'NONE', #5189, 1000.000000000000000 ) ;
#4929 = VECTOR ( 'NONE', #4797, 1000.000000000000000 ) ;
#4930 = SURFACE_SIDE_STYLE ('',( #8847 ) ) ;
#4931 = COLOUR_RGB ( '',1.000000000000000000, 0.8117647058823529438, 0.5019607843137254832 ) ;
#4932 = CARTESIAN_POINT ( 'NONE',  ( 0.3999999999999510059, -4.750000000000000000, 1.000000000000000000 ) ) ;
#4933 = CARTESIAN_POINT ( 'NONE',  ( 4.750000000000000000, 2.939999999999999947, 1.100000000000000089 ) ) ;
#4934 = MECHANICAL_DESIGN_GEOMETRIC_PRESENTATION_REPRESENTATION (  '', ( #6113 ), #7496 ) ;
#4935 =( GEOMETRIC_REPRESENTATION_CONTEXT ( 3 ) GLOBAL_UNCERTAINTY_ASSIGNED_CONTEXT ( ( #3941 ) ) GLOBAL_UNIT_ASSIGNED_CONTEXT ( ( #4762, #4695, #9512 ) ) REPRESENTATION_CONTEXT ( 'NONE', 'WORKASPACE' ) );
#4936 = FACE_OUTER_BOUND ( 'NONE', #8008, .T. ) ;
#4937 = PLANE ( 'NONE',  #12379 ) ;
#4938 =( LENGTH_UNIT ( ) NAMED_UNIT ( * ) SI_UNIT ( .MILLI., .METRE. ) );
#4939 = FILL_AREA_STYLE_COLOUR ( '', #11473 ) ;
#4940 = LINE ( 'NONE', #5000, #1728 ) ;
#4941 = PRESENTATION_STYLE_ASSIGNMENT (( #6173 ) ) ;
#4942 = DIRECTION ( 'NONE',  ( -1.000000000000000000, 0.000000000000000000, 0.000000000000000000 ) ) ;
#4943 = CARTESIAN_POINT ( 'NONE',  ( -2.940000000000049685, -5.009999999999999787, -0.1000000000000000056 ) ) ;
#4944 = EDGE_CURVE ( 'NONE', #4005, #2822, #2355, .T. ) ;
#4945 = CARTESIAN_POINT ( 'NONE',  ( -5.000000000000000000, 0.2000000000000000111, -0.2999999999999999889 ) ) ;
#4946 = AXIS2_PLACEMENT_3D ( 'NONE', #8848, #7049, #9849 ) ;
#4947 = SURFACE_SIDE_STYLE ('',( #5996 ) ) ;
#4948 =( LENGTH_UNIT ( ) NAMED_UNIT ( * ) SI_UNIT ( .MILLI., .METRE. ) );
#4949 = ORIENTED_EDGE ( 'NONE', *, *, #7655, .F. ) ;
#4950 = PRESENTATION_LAYER_ASSIGNMENT (  '', '', ( #2112 ) ) ;
#4951 = AXIS2_PLACEMENT_3D ( 'NONE', #10015, #1460, #5203 ) ;
#4952 = ORIENTED_EDGE ( 'NONE', *, *, #1804, .F. ) ;
#4953 = ORIENTED_EDGE ( 'NONE', *, *, #9464, .T. ) ;
#4954 = FACE_OUTER_BOUND ( 'NONE', #7397, .T. ) ;
#4955 = UNCERTAINTY_MEASURE_WITH_UNIT (LENGTH_MEASURE( 1.000000000000000082E-05 ), #7669, 'distance_accuracy_value', 'NONE');
#4956 = LINE ( 'NONE', #8743, #8078 ) ;
#4957 = SURFACE_STYLE_FILL_AREA ( #1073 ) ;
#4958 = FILL_AREA_STYLE_COLOUR ( '', #9201 ) ;
#4959 = CARTESIAN_POINT ( 'NONE',  ( 5.009999999999999787, 1.270000000000000018, 0.000000000000000000 ) ) ;
#4960 = ADVANCED_FACE ( 'NONE', ( #9324 ), #9136, .F. ) ;
#4961 = DIRECTION ( 'NONE',  ( 1.084202172485506327E-14, 1.000000000000000000, 0.000000000000000000 ) ) ;
#4962 = ORIENTED_EDGE ( 'NONE', *, *, #2145, .T. ) ;
#4963 =( GEOMETRIC_REPRESENTATION_CONTEXT ( 3 ) GLOBAL_UNCERTAINTY_ASSIGNED_CONTEXT ( ( #7440 ) ) GLOBAL_UNIT_ASSIGNED_CONTEXT ( ( #2844, #1691, #5733 ) ) REPRESENTATION_CONTEXT ( 'NONE', 'WORKASPACE' ) );
#4964 = ORIENTED_EDGE ( 'NONE', *, *, #5306, .F. ) ;
#4965 = ORIENTED_EDGE ( 'NONE', *, *, #1320, .T. ) ;
#4966 = FACE_OUTER_BOUND ( 'NONE', #5676, .T. ) ;
#4967 = VECTOR ( 'NONE', #6115, 1000.000000000000000 ) ;
#4968 = VERTEX_POINT ( 'NONE', #5458 ) ;
#4969 = EDGE_CURVE ( 'NONE', #10910, #9204, #5187, .T. ) ;
#4970 = VECTOR ( 'NONE', #4779, 1000.000000000000000 ) ;
#4971 = EDGE_CURVE ( 'NONE', #4046, #2047, #3506, .T. ) ;
#4972 = DIRECTION ( 'NONE',  ( 0.000000000000000000, 1.000000000000000000, 0.000000000000000000 ) ) ;
#4973 = ORIENTED_EDGE ( 'NONE', *, *, #12239, .T. ) ;
#4974 = VECTOR ( 'NONE', #7505, 1000.000000000000000 ) ;
#4975 =( GEOMETRIC_REPRESENTATION_CONTEXT ( 3 ) GLOBAL_UNCERTAINTY_ASSIGNED_CONTEXT ( ( #2097 ) ) GLOBAL_UNIT_ASSIGNED_CONTEXT ( ( #8176, #6389, #2737 ) ) REPRESENTATION_CONTEXT ( 'NONE', 'WORKASPACE' ) );
#4976 =( NAMED_UNIT ( * ) PLANE_ANGLE_UNIT ( ) SI_UNIT ( $, .RADIAN. ) );
#4977 = ORIENTED_EDGE ( 'NONE', *, *, #6741, .T. ) ;
#4978 = ORIENTED_EDGE ( 'NONE', *, *, #11608, .T. ) ;
#4979 = LINE ( 'NONE', #163, #5974 ) ;
#4980 = STYLED_ITEM ( 'NONE', ( #663 ), #7547 ) ;
#4981 = SURFACE_STYLE_FILL_AREA ( #1105 ) ;
#4982 = LINE ( 'NONE', #7997, #2279 ) ;
#4983 = DIRECTION ( 'NONE',  ( 0.000000000000000000, 0.000000000000000000, -1.000000000000000000 ) ) ;
#4984 = LINE ( 'NONE', #6730, #3227 ) ;
#4985 = EDGE_CURVE ( 'NONE', #2280, #8306, #6391, .T. ) ;
#4986 = EDGE_CURVE ( 'NONE', #8944, #6900, #6267, .T. ) ;
#4987 = CARTESIAN_POINT ( 'NONE',  ( 4.750000000000000000, -2.140000000000000124, 1.100000000000000089 ) ) ;
#4988 = PRESENTATION_STYLE_ASSIGNMENT (( #3856 ) ) ;
#4989 = PLANE ( 'NONE',  #9509 ) ;
#4990 = MECHANICAL_DESIGN_GEOMETRIC_PRESENTATION_REPRESENTATION (  '', ( #8954 ), #10769 ) ;
#4991 = UNCERTAINTY_MEASURE_WITH_UNIT (LENGTH_MEASURE( 1.000000000000000082E-05 ), #1124, 'distance_accuracy_value', 'NONE');
#4992 = VERTEX_POINT ( 'NONE', #9069 ) ;
#4993 = CARTESIAN_POINT ( 'NONE',  ( -1.670000000000045226, -4.250000000000000000, -0.1000000000000000056 ) ) ;
#4994 =( NAMED_UNIT ( * ) SI_UNIT ( $, .STERADIAN. ) SOLID_ANGLE_UNIT ( ) );
#4995 = DIRECTION ( 'NONE',  ( 0.000000000000000000, 0.000000000000000000, -1.000000000000000000 ) ) ;
#4996 =( GEOMETRIC_REPRESENTATION_CONTEXT ( 3 ) GLOBAL_UNCERTAINTY_ASSIGNED_CONTEXT ( ( #10432 ) ) GLOBAL_UNIT_ASSIGNED_CONTEXT ( ( #2657, #2717, #6673 ) ) REPRESENTATION_CONTEXT ( 'NONE', 'WORKASPACE' ) );
#4997 = STYLED_ITEM ( 'NONE', ( #8995 ), #1526 ) ;
#4998 = AXIS2_PLACEMENT_3D ( 'NONE', #2334, #8290, #2398 ) ;
#4999 = PRESENTATION_STYLE_ASSIGNMENT (( #2080 ) ) ;
#5000 = CARTESIAN_POINT ( 'NONE',  ( 0.8699999999999479261, -5.009999999999999787, 1.100000000000000089 ) ) ;
#5001 = SURFACE_STYLE_FILL_AREA ( #1126 ) ;
#5002 = CARTESIAN_POINT ( 'NONE',  ( -5.000000000000000000, -5.000000000000000000, 1.000000000000000000 ) ) ;
#5003 = PLANE ( 'NONE',  #5999 ) ;
#5004 =( NAMED_UNIT ( * ) PLANE_ANGLE_UNIT ( ) SI_UNIT ( $, .RADIAN. ) );
#5005 =( LENGTH_UNIT ( ) NAMED_UNIT ( * ) SI_UNIT ( .MILLI., .METRE. ) );
#5006 = ORIENTED_EDGE ( 'NONE', *, *, #10776, .F. ) ;
#5007 = ORIENTED_EDGE ( 'NONE', *, *, #11383, .F. ) ;
#5008 = STYLED_ITEM ( 'NONE', ( #7730 ), #5517 ) ;
#5009 = CARTESIAN_POINT ( 'NONE',  ( -4.250000000000000000, 2.140000000000000124, 0.000000000000000000 ) ) ;
#5010 = ORIENTED_EDGE ( 'NONE', *, *, #2208, .F. ) ;
#5011 = EDGE_CURVE ( 'NONE', #10774, #6772, #1656, .T. ) ;
#5012 = UNCERTAINTY_MEASURE_WITH_UNIT (LENGTH_MEASURE( 1.000000000000000082E-05 ), #6440, 'distance_accuracy_value', 'NONE');
#5013 = UNCERTAINTY_MEASURE_WITH_UNIT (LENGTH_MEASURE( 1.000000000000000082E-05 ), #7233, 'distance_accuracy_value', 'NONE');
#5014 = SURFACE_STYLE_FILL_AREA ( #3945 ) ;
#5015 =( NAMED_UNIT ( * ) PLANE_ANGLE_UNIT ( ) SI_UNIT ( $, .RADIAN. ) );
#5016 = DIRECTION ( 'NONE',  ( 0.000000000000000000, 0.000000000000000000, 1.000000000000000000 ) ) ;
#5017 =( NAMED_UNIT ( * ) SI_UNIT ( $, .STERADIAN. ) SOLID_ANGLE_UNIT ( ) );
#5018 = COLOUR_RGB ( '',1.000000000000000000, 0.8117647058823529438, 0.5019607843137254832 ) ;
#5019 =( NAMED_UNIT ( * ) SI_UNIT ( $, .STERADIAN. ) SOLID_ANGLE_UNIT ( ) );
#5020 = DIRECTION ( 'NONE',  ( 0.000000000000000000, 0.000000000000000000, -1.000000000000000000 ) ) ;
#5021 = VECTOR ( 'NONE', #9046, 1000.000000000000000 ) ;
#5022 = FACE_OUTER_BOUND ( 'NONE', #11565, .T. ) ;
#5023 = ORIENTED_EDGE ( 'NONE', *, *, #2024, .T. ) ;
#5024 = ORIENTED_EDGE ( 'NONE', *, *, #844, .T. ) ;
#5025 =( GEOMETRIC_REPRESENTATION_CONTEXT ( 3 ) GLOBAL_UNCERTAINTY_ASSIGNED_CONTEXT ( ( #9327 ) ) GLOBAL_UNIT_ASSIGNED_CONTEXT ( ( #6974, #5980, #7876 ) ) REPRESENTATION_CONTEXT ( 'NONE', 'WORKASPACE' ) );
#5026 = ORIENTED_EDGE ( 'NONE', *, *, #2663, .T. ) ;
#5027 =( LENGTH_UNIT ( ) NAMED_UNIT ( * ) SI_UNIT ( .MILLI., .METRE. ) );
#5028 = EDGE_CURVE ( 'NONE', #11415, #2227, #6453, .T. ) ;
#5029 = ORIENTED_EDGE ( 'NONE', *, *, #6823, .T. ) ;
#5030 = PRESENTATION_STYLE_ASSIGNMENT (( #7079 ) ) ;
#5031 = SURFACE_STYLE_FILL_AREA ( #10708 ) ;
#5032 = COLOUR_RGB ( '',1.000000000000000000, 0.8117647058823529438, 0.5019607843137254832 ) ;
#5033 =( LENGTH_UNIT ( ) NAMED_UNIT ( * ) SI_UNIT ( .MILLI., .METRE. ) );
#5034 = CARTESIAN_POINT ( 'NONE',  ( -5.000000000000000000, 5.000000000000000000, 0.000000000000000000 ) ) ;
#5035 = ORIENTED_EDGE ( 'NONE', *, *, #10451, .F. ) ;
#5036 = DIRECTION ( 'NONE',  ( 1.000000000000000000, 0.000000000000000000, 0.000000000000000000 ) ) ;
#5037 = VERTEX_POINT ( 'NONE', #10254 ) ;
#5038 = ORIENTED_EDGE ( 'NONE', *, *, #5438, .F. ) ;
#5039 = ADVANCED_FACE ( 'NONE', ( #8180 ), #709, .F. ) ;
#5040 = CARTESIAN_POINT ( 'NONE',  ( 1.670000000000000151, 5.000000000000000000, 1.000000000000000000 ) ) ;
#5041 = DIRECTION ( 'NONE',  ( 1.000000000000000000, -1.047444401652940164E-14, 0.000000000000000000 ) ) ;
#5042 = DIRECTION ( 'NONE',  ( 1.000000000000000000, -3.491481338843135327E-15, 0.000000000000000000 ) ) ;
#5043 = SURFACE_SIDE_STYLE ('',( #105 ) ) ;
#5044 = CARTESIAN_POINT ( 'NONE',  ( -4.250000000000000000, 2.939999999999999947, -0.1000000000000000056 ) ) ;
#5045 = FILL_AREA_STYLE ('',( #7704 ) ) ;
#5046 = DIRECTION ( 'NONE',  ( -1.000000000000000000, -2.040851148208009970E-16, 0.000000000000000000 ) ) ;
#5047 = ORIENTED_EDGE ( 'NONE', *, *, #4714, .T. ) ;
#5048 = VERTEX_POINT ( 'NONE', #6693 ) ;
#5049 =( NAMED_UNIT ( * ) PLANE_ANGLE_UNIT ( ) SI_UNIT ( $, .RADIAN. ) );
#5050 = UNCERTAINTY_MEASURE_WITH_UNIT (LENGTH_MEASURE( 1.000000000000000082E-05 ), #5914, 'distance_accuracy_value', 'NONE');
#5051 = EDGE_CURVE ( 'NONE', #8677, #504, #10448, .T. ) ;
#5052 = EDGE_CURVE ( 'NONE', #77, #8047, #11471, .T. ) ;
#5053 =( GEOMETRIC_REPRESENTATION_CONTEXT ( 3 ) GLOBAL_UNCERTAINTY_ASSIGNED_CONTEXT ( ( #11001 ) ) GLOBAL_UNIT_ASSIGNED_CONTEXT ( ( #1144, #142, #3061 ) ) REPRESENTATION_CONTEXT ( 'NONE', 'WORKASPACE' ) );
#5054 = LINE ( 'NONE', #3171, #10707 ) ;
#5055 = DIRECTION ( 'NONE',  ( 3.491481338843135327E-15, 1.000000000000000000, 0.000000000000000000 ) ) ;
#5056 = PLANE ( 'NONE',  #3623 ) ;
#5057 = CARTESIAN_POINT ( 'NONE',  ( 2.539999999999950298, -5.000000000000000000, -0.2999999999999999889 ) ) ;
#5058 = PLANE ( 'NONE',  #460 ) ;
#5059 = PRESENTATION_STYLE_ASSIGNMENT (( #3103 ) ) ;
#5060 = DIRECTION ( 'NONE',  ( 1.000000000000000000, 0.000000000000000000, 0.000000000000000000 ) ) ;
#5061 = LINE ( 'NONE', #4114, #11786 ) ;
#5062 = ORIENTED_EDGE ( 'NONE', *, *, #9188, .F. ) ;
#5063 = VECTOR ( 'NONE', #9384, 1000.000000000000000 ) ;
#5064 = SURFACE_STYLE_FILL_AREA ( #10817 ) ;
#5065 = EDGE_CURVE ( 'NONE', #671, #2107, #9570, .T. ) ;
#5066 = CARTESIAN_POINT ( 'NONE',  ( -2.140000000000049862, -4.750000000000000000, 1.100000000000000089 ) ) ;
#5067 = ORIENTED_EDGE ( 'NONE', *, *, #9871, .T. ) ;
#5068 = CARTESIAN_POINT ( 'NONE',  ( 1.669999999999949969, -4.750000000000000000, 1.100000000000000089 ) ) ;
#5069 = CARTESIAN_POINT ( 'NONE',  ( -0.8699999999999860067, 4.250000000000000000, 0.000000000000000000 ) ) ;
#5070 = VECTOR ( 'NONE', #11726, 1000.000000000000000 ) ;
#5071 = DIRECTION ( 'NONE',  ( -1.000000000000000000, 1.047444401652940164E-14, 0.000000000000000000 ) ) ;
#5072 = DIRECTION ( 'NONE',  ( 0.000000000000000000, 0.000000000000000000, 1.000000000000000000 ) ) ;
#5073 = DIRECTION ( 'NONE',  ( -1.000000000000000000, 0.000000000000000000, 0.000000000000000000 ) ) ;
#5074 = CARTESIAN_POINT ( 'NONE',  ( 5.000000000000000000, 2.540000000000000036, -0.1000000000000000056 ) ) ;
#5075 = FACE_OUTER_BOUND ( 'NONE', #5165, .T. ) ;
#5076 =( NAMED_UNIT ( * ) SI_UNIT ( $, .STERADIAN. ) SOLID_ANGLE_UNIT ( ) );
#5077 = PRODUCT_RELATED_PRODUCT_CATEGORY ( 'part', '', ( #4006 ) ) ;
#5078 = ORIENTED_EDGE ( 'NONE', *, *, #70, .F. ) ;
#5079 = ORIENTED_EDGE ( 'NONE', *, *, #7479, .T. ) ;
#5080 = EDGE_LOOP ( 'NONE', ( #3286, #9452, #11599, #7570, #7806, #3019, #3077, #8033, #352, #6029, #12294, #9686, #11113, #11119, #3619, #12390, #592, #839, #451, #4322, #9472, #11973, #8971, #3231, #9842, #6954, #7852, #3159, #5163, #5468, #6521, #6145, #4215, #5540, #5508, #9008, #3215, #3136, #12236, #10051, #5453, #10062, #3915, #9901, #4394, #1250, #5007, #813, #410, #2176, #6350, #2187, #1665, #3848, #7480, #4142, #11838, #11240, #5104, #4360, #5285, #10066, #3409, #8124, #8627, #2772, #10155, #9876, #5826, #11957, #11224, #12078, #8194, #2466, #545, #10729, #11888, #10796, #11993, #1264, #1136, #7435, #12323, #8772 ) ) ;
#5081 = CARTESIAN_POINT ( 'NONE',  ( -5.009999999999999787, 0.8699999999999999956, -0.1000000000000000056 ) ) ;
#5082 = CARTESIAN_POINT ( 'NONE',  ( 4.250000000000000000, 4.250000000000000000, 2.500000000000000000 ) ) ;
#5083 = CARTESIAN_POINT ( 'NONE',  ( 5.000000000000000000, 0.8699999999999999956, 1.100000000000000089 ) ) ;
#5084 = EDGE_LOOP ( 'NONE', ( #5944, #1091, #2229, #3146 ) ) ;
#5085 = EDGE_CURVE ( 'NONE', #9649, #7624, #3686, .T. ) ;
#5086 =( NAMED_UNIT ( * ) PLANE_ANGLE_UNIT ( ) SI_UNIT ( $, .RADIAN. ) );
#5087 = EDGE_LOOP ( 'NONE', ( #5899, #1034, #12213, #10846, #6660, #11063, #1640, #2424 ) ) ;
#5088 = VERTEX_POINT ( 'NONE', #6643 ) ;
#5089 = MECHANICAL_DESIGN_GEOMETRIC_PRESENTATION_REPRESENTATION (  '', ( #8045 ), #2059 ) ;
#5090 =( NAMED_UNIT ( * ) SI_UNIT ( $, .STERADIAN. ) SOLID_ANGLE_UNIT ( ) );
#5091 = CARTESIAN_POINT ( 'NONE',  ( 0.2000000000000165257, 5.009999999999999787, -0.1000000000000000056 ) ) ;
#5092 = DIRECTION ( 'NONE',  ( 0.000000000000000000, 0.000000000000000000, 1.000000000000000000 ) ) ;
#5093 = CARTESIAN_POINT ( 'NONE',  ( 4.250000000000000000, 0.8699999999999999956, 0.000000000000000000 ) ) ;
#5094 = LINE ( 'NONE', #8054, #10646 ) ;
#5095 = LINE ( 'NONE', #6038, #5694 ) ;
#5096 = ORIENTED_EDGE ( 'NONE', *, *, #3515, .T. ) ;
#5097 = ADVANCED_FACE ( 'NONE', ( #8503 ), #892, .T. ) ;
#5098 = CARTESIAN_POINT ( 'NONE',  ( 2.139999999999949942, -4.750000000000000000, 1.100000000000000089 ) ) ;
#5099 = LINE ( 'NONE', #412, #921 ) ;
#5100 = ORIENTED_EDGE ( 'NONE', *, *, #11079, .T. ) ;
#5101 = FACE_OUTER_BOUND ( 'NONE', #4903, .T. ) ;
#5102 = ORIENTED_EDGE ( 'NONE', *, *, #7327, .F. ) ;
#5103 = VECTOR ( 'NONE', #2590, 1000.000000000000000 ) ;
#5104 = ORIENTED_EDGE ( 'NONE', *, *, #2529, .F. ) ;
#5105 = CARTESIAN_POINT ( 'NONE',  ( 5.000000000000000000, 2.939999999999999947, -0.1000000000000000056 ) ) ;
#5106 = STYLED_ITEM ( 'NONE', ( #11384 ), #4257 ) ;
#5107 = PLANE ( 'NONE',  #11315 ) ;
#5108 = MECHANICAL_DESIGN_GEOMETRIC_PRESENTATION_REPRESENTATION (  '', ( #5709 ), #254 ) ;
#5109 = SURFACE_STYLE_FILL_AREA ( #10736 ) ;
#5110 = CARTESIAN_POINT ( 'NONE',  ( 4.250000000000000000, -1.670000000000000151, 0.000000000000000000 ) ) ;
#5111 = CARTESIAN_POINT ( 'NONE',  ( -2.339999999999999858, 5.000000000000000000, 1.100000000000000089 ) ) ;
#5112 = EDGE_CURVE ( 'NONE', #9685, #6509, #8568, .T. ) ;
#5113 = LINE ( 'NONE', #4945, #1868 ) ;
#5114 = ADVANCED_FACE ( 'NONE', ( #12214 ), #832, .F. ) ;
#5115 =( NAMED_UNIT ( * ) PLANE_ANGLE_UNIT ( ) SI_UNIT ( $, .RADIAN. ) );
#5116 =( NAMED_UNIT ( * ) SI_UNIT ( $, .STERADIAN. ) SOLID_ANGLE_UNIT ( ) );
#5117 = ORIENTED_EDGE ( 'NONE', *, *, #859, .T. ) ;
#5118 = STYLED_ITEM ( 'NONE', ( #1817 ), #3635 ) ;
#5119 = COLOUR_RGB ( '',1.000000000000000000, 0.8117647058823529438, 0.5019607843137254832 ) ;
#5120 = VECTOR ( 'NONE', #11962, 1000.000000000000000 ) ;
#5121 =( NAMED_UNIT ( * ) PLANE_ANGLE_UNIT ( ) SI_UNIT ( $, .RADIAN. ) );
#5122 = EDGE_LOOP ( 'NONE', ( #8565, #7012, #12067, #11344 ) ) ;
#5123 = LINE ( 'NONE', #8931, #3992 ) ;
#5124 = UNCERTAINTY_MEASURE_WITH_UNIT (LENGTH_MEASURE( 1.000000000000000082E-05 ), #3726, 'distance_accuracy_value', 'NONE');
#5125 = CARTESIAN_POINT ( 'NONE',  ( 1.670000000000000151, 4.750000000000000000, 1.100000000000000089 ) ) ;
#5126 = LINE ( 'NONE', #1256, #3572 ) ;
#5127 = CARTESIAN_POINT ( 'NONE',  ( 5.000000000000000000, -0.4000000000000000222, 1.000000000000000000 ) ) ;
#5128 = CIRCLE ( 'NONE', #7501, 0.1999999999999996503 ) ;
#5129 = VECTOR ( 'NONE', #5558, 1000.000000000000000 ) ;
#5130 = PRESENTATION_STYLE_ASSIGNMENT (( #9867 ) ) ;
#5131 =( LENGTH_UNIT ( ) NAMED_UNIT ( * ) SI_UNIT ( .MILLI., .METRE. ) );
#5132 = CYLINDRICAL_SURFACE ( 'NONE', #10526, 0.2000000000000000944 ) ;
#5133 =( LENGTH_UNIT ( ) NAMED_UNIT ( * ) SI_UNIT ( .MILLI., .METRE. ) );
#5134 = VECTOR ( 'NONE', #8129, 1000.000000000000000 ) ;
#5135 = PRESENTATION_LAYER_ASSIGNMENT (  '', '', ( #1893 ) ) ;
#5136 = EDGE_CURVE ( 'NONE', #7995, #2033, #4067, .T. ) ;
#5137 = DIRECTION ( 'NONE',  ( 1.000000000000000000, 0.000000000000000000, 0.000000000000000000 ) ) ;
#5138 = ORIENTED_EDGE ( 'NONE', *, *, #12183, .T. ) ;
#5139 = ORIENTED_EDGE ( 'NONE', *, *, #6393, .F. ) ;
#5140 = EDGE_CURVE ( 'NONE', #9068, #9908, #4124, .T. ) ;
#5141 = CARTESIAN_POINT ( 'NONE',  ( 2.140000000000000124, 4.250000000000000000, 0.000000000000000000 ) ) ;
#5142 = MECHANICAL_DESIGN_GEOMETRIC_PRESENTATION_REPRESENTATION (  '', ( #11937 ), #1286 ) ;
#5143 = FACE_OUTER_BOUND ( 'NONE', #6890, .T. ) ;
#5144 = LINE ( 'NONE', #3325, #1945 ) ;
#5145 = FACE_OUTER_BOUND ( 'NONE', #3399, .T. ) ;
#5146 = VECTOR ( 'NONE', #6275, 1000.000000000000000 ) ;
#5147 = ORIENTED_EDGE ( 'NONE', *, *, #4092, .T. ) ;
#5148 = STYLED_ITEM ( 'NONE', ( #54 ), #6969 ) ;
#5149 = CARTESIAN_POINT ( 'NONE',  ( 0.8699999999999510347, -4.750000000000000000, 1.000000000000000000 ) ) ;
#5150 =( GEOMETRIC_REPRESENTATION_CONTEXT ( 3 ) GLOBAL_UNCERTAINTY_ASSIGNED_CONTEXT ( ( #4011 ) ) GLOBAL_UNIT_ASSIGNED_CONTEXT ( ( #5525, #725, #7269 ) ) REPRESENTATION_CONTEXT ( 'NONE', 'WORKASPACE' ) );
#5151 = ORIENTED_EDGE ( 'NONE', *, *, #1475, .F. ) ;
#5152 = ORIENTED_EDGE ( 'NONE', *, *, #87, .T. ) ;
#5153 = MECHANICAL_DESIGN_GEOMETRIC_PRESENTATION_REPRESENTATION (  '', ( #3960 ), #10961 ) ;
#5154 = EDGE_CURVE ( 'NONE', #7825, #8060, #10683, .T. ) ;
#5155 = AXIS2_PLACEMENT_3D ( 'NONE', #4650, #8464, #12275 ) ;
#5156 = CARTESIAN_POINT ( 'NONE',  ( 5.009999999999999787, -2.739999999999999769, -0.1000000000000000056 ) ) ;
#5157 = LINE ( 'NONE', #2235, #4341 ) ;
#5158 = STYLED_ITEM ( 'NONE', ( #4703 ), #874 ) ;
#5159 = DIRECTION ( 'NONE',  ( 0.000000000000000000, 0.000000000000000000, -1.000000000000000000 ) ) ;
#5160 = FACE_OUTER_BOUND ( 'NONE', #7737, .T. ) ;
#5161 = VECTOR ( 'NONE', #8421, 1000.000000000000000 ) ;
#5162 = UNCERTAINTY_MEASURE_WITH_UNIT (LENGTH_MEASURE( 1.000000000000000082E-05 ), #7109, 'distance_accuracy_value', 'NONE');
#5163 = ORIENTED_EDGE ( 'NONE', *, *, #5554, .F. ) ;
#5164 = DIRECTION ( 'NONE',  ( 1.000000000000000000, 0.000000000000000000, 0.000000000000000000 ) ) ;
#5165 = EDGE_LOOP ( 'NONE', ( #4689, #4457, #2767, #10718 ) ) ;
#5166 = PRESENTATION_LAYER_ASSIGNMENT (  '', '', ( #8954 ) ) ;
#5167 = EDGE_LOOP ( 'NONE', ( #11699, #4262, #10008, #3800, #7343, #1578, #9749, #1313 ) ) ;
#5168 = EDGE_CURVE ( 'NONE', #326, #870, #2207, .T. ) ;
#5169 =( NAMED_UNIT ( * ) PLANE_ANGLE_UNIT ( ) SI_UNIT ( $, .RADIAN. ) );
#5170 =( NAMED_UNIT ( * ) PLANE_ANGLE_UNIT ( ) SI_UNIT ( $, .RADIAN. ) );
#5171 = PLANE ( 'NONE',  #4028 ) ;
#5172 = STYLED_ITEM ( 'NONE', ( #3605 ), #7831 ) ;
#5173 =( NAMED_UNIT ( * ) SI_UNIT ( $, .STERADIAN. ) SOLID_ANGLE_UNIT ( ) );
#5174 = LINE ( 'NONE', #1125, #11339 ) ;
#5175 = VECTOR ( 'NONE', #8204, 1000.000000000000000 ) ;
#5176 = STYLED_ITEM ( 'NONE', ( #7865 ), #589 ) ;
#5177 = CARTESIAN_POINT ( 'NONE',  ( -1.270000000000052198, -5.009999999999999787, 0.000000000000000000 ) ) ;
#5178 = DIRECTION ( 'NONE',  ( 0.000000000000000000, 0.000000000000000000, 1.000000000000000000 ) ) ;
#5179 = DIRECTION ( 'NONE',  ( 1.000000000000000000, 0.000000000000000000, 0.000000000000000000 ) ) ;
#5180 = VERTEX_POINT ( 'NONE', #1070 ) ;
#5181 = DIRECTION ( 'NONE',  ( -8.673617379884039170E-17, 1.000000000000000000, 0.000000000000000000 ) ) ;
#5182 =( NAMED_UNIT ( * ) PLANE_ANGLE_UNIT ( ) SI_UNIT ( $, .RADIAN. ) );
#5183 = ORIENTED_EDGE ( 'NONE', *, *, #3711, .F. ) ;
#5184 = SURFACE_STYLE_USAGE ( .BOTH. , #3491 ) ;
#5185 = PRESENTATION_LAYER_ASSIGNMENT (  '', '', ( #1953 ) ) ;
#5186 = EDGE_CURVE ( 'NONE', #7995, #12025, #7961, .T. ) ;
#5187 = CIRCLE ( 'NONE', #11772, 0.1999999999999996503 ) ;
#5188 = CARTESIAN_POINT ( 'NONE',  ( -4.250000000000000000, 0.4000000000000000222, 0.000000000000000000 ) ) ;
#5189 = DIRECTION ( 'NONE',  ( 1.076356459585886213E-14, 1.000000000000000000, 0.000000000000000000 ) ) ;
#5190 = CARTESIAN_POINT ( 'NONE',  ( -5.009999999999999787, 1.469999999999999973, 1.100000000000000089 ) ) ;
#5191 = AXIS2_PLACEMENT_3D ( 'NONE', #6556, #811, #1755 ) ;
#5192 = ORIENTED_EDGE ( 'NONE', *, *, #11622, .T. ) ;
#5193 = ORIENTED_EDGE ( 'NONE', *, *, #7796, .F. ) ;
#5194 = CARTESIAN_POINT ( 'NONE',  ( -5.000000000000000000, 5.000000000000000000, 1.000000000000000000 ) ) ;
#5195 = ADVANCED_FACE ( 'NONE', ( #4954 ), #11588, .F. ) ;
#5197 = EDGE_CURVE ( 'NONE', #4517, #7101, #10880, .T. ) ;
#5196 = CIRCLE ( 'NONE', #11222, 0.1999999999999996503 ) ;
#5198 = VERTEX_POINT ( 'NONE', #5068 ) ;
#5199 =( GEOMETRIC_REPRESENTATION_CONTEXT ( 3 ) GLOBAL_UNCERTAINTY_ASSIGNED_CONTEXT ( ( #5884 ) ) GLOBAL_UNIT_ASSIGNED_CONTEXT ( ( #11781, #10985, #4275 ) ) REPRESENTATION_CONTEXT ( 'NONE', 'WORKASPACE' ) );
#5200 = DIRECTION ( 'NONE',  ( -1.000000000000000000, -8.673617379884039170E-17, 0.000000000000000000 ) ) ;
#5201 = PRESENTATION_LAYER_ASSIGNMENT (  '', '', ( #6807 ) ) ;
#5202 = SURFACE_STYLE_USAGE ( .BOTH. , #8952 ) ;
#5203 = DIRECTION ( 'NONE',  ( 1.000000000000000000, -3.491481338843135327E-15, 0.000000000000000000 ) ) ;
#5204 = DIRECTION ( 'NONE',  ( 1.000000000000000000, 0.000000000000000000, 0.000000000000000000 ) ) ;
#5205 = SURFACE_STYLE_USAGE ( .BOTH. , #7988 ) ;
#5206 = ORIENTED_EDGE ( 'NONE', *, *, #3405, .T. ) ;
#5207 = STYLED_ITEM ( 'NONE', ( #8661 ), #8559 ) ;
#5208 = LINE ( 'NONE', #6847, #9706 ) ;
#5209 = PRESENTATION_LAYER_ASSIGNMENT (  '', '', ( #12011 ) ) ;
#5210 = VERTEX_POINT ( 'NONE', #8865 ) ;
#5211 = ORIENTED_EDGE ( 'NONE', *, *, #4279, .T. ) ;
#5212 =( GEOMETRIC_REPRESENTATION_CONTEXT ( 3 ) GLOBAL_UNCERTAINTY_ASSIGNED_CONTEXT ( ( #10629 ) ) GLOBAL_UNIT_ASSIGNED_CONTEXT ( ( #7537, #5678, #8284 ) ) REPRESENTATION_CONTEXT ( 'NONE', 'WORKASPACE' ) );
#5213 = FACE_OUTER_BOUND ( 'NONE', #6478, .T. ) ;
#5214 = DIRECTION ( 'NONE',  ( -1.030097166893172093E-14, -1.000000000000000000, 0.000000000000000000 ) ) ;
#5215 = CARTESIAN_POINT ( 'NONE',  ( 2.339999999999999858, 5.000000000000000000, 1.100000000000000089 ) ) ;
#5216 = LINE ( 'NONE', #345, #11352 ) ;
#5217 = LINE ( 'NONE', #6156, #9053 ) ;
#5218 = FACE_OUTER_BOUND ( 'NONE', #1796, .T. ) ;
#5219 = ORIENTED_EDGE ( 'NONE', *, *, #7418, .T. ) ;
#5220 = CARTESIAN_POINT ( 'NONE',  ( 0.3999999999999510059, -4.750000000000000000, 1.000000000000000000 ) ) ;
#5221 = LINE ( 'NONE', #1292, #522 ) ;
#5222 = ORIENTED_EDGE ( 'NONE', *, *, #9259, .T. ) ;
#5223 = EDGE_CURVE ( 'NONE', #3411, #4017, #242, .T. ) ;
#5224 = SURFACE_SIDE_STYLE ('',( #2377 ) ) ;
#5226 = EDGE_LOOP ( 'NONE', ( #9948, #1069, #2483, #6414 ) ) ;
#5225 = AXIS2_PLACEMENT_3D ( 'NONE', #9591, #967, #1570 ) ;
#5227 = VERTEX_POINT ( 'NONE', #2034 ) ;
#5228 = CARTESIAN_POINT ( 'NONE',  ( -5.000000000000000000, -1.270000000000000018, -0.2999999999999999889 ) ) ;
#5229 = COLOUR_RGB ( '',1.000000000000000000, 0.8117647058823529438, 0.5019607843137254832 ) ;
#5230 = PRESENTATION_STYLE_ASSIGNMENT (( #10096 ) ) ;
#5231 = CARTESIAN_POINT ( 'NONE',  ( 1.670000000000000151, 5.000000000000000000, 1.100000000000000089 ) ) ;
#5232 = CARTESIAN_POINT ( 'NONE',  ( 5.009999999999999787, -1.670000000000000151, 1.100000000000000089 ) ) ;
#5233 = DIRECTION ( 'NONE',  ( -3.318008991245455407E-15, -1.000000000000000000, 0.000000000000000000 ) ) ;
#5234 = CARTESIAN_POINT ( 'NONE',  ( 4.250000000000000000, -2.140000000000000124, 0.000000000000000000 ) ) ;
#5235 = DIRECTION ( 'NONE',  ( 0.000000000000000000, 1.000000000000000000, 0.000000000000000000 ) ) ;
#5236 = PRESENTATION_STYLE_ASSIGNMENT (( #6239 ) ) ;
#5237 = PLANE ( 'NONE',  #7533 ) ;
#5238 = FILL_AREA_STYLE ('',( #1375 ) ) ;
#5239 = ORIENTED_EDGE ( 'NONE', *, *, #8541, .T. ) ;
#5240 = EDGE_CURVE ( 'NONE', #1729, #7835, #3192, .T. ) ;
#5241 = LINE ( 'NONE', #6303, #9563 ) ;
#5242 = PRESENTATION_STYLE_ASSIGNMENT (( #1435 ) ) ;
#5243 = ORIENTED_EDGE ( 'NONE', *, *, #11243, .F. ) ;
#5244 = LINE ( 'NONE', #9057, #7191 ) ;
#5245 = UNCERTAINTY_MEASURE_WITH_UNIT (LENGTH_MEASURE( 1.000000000000000082E-05 ), #10406, 'distance_accuracy_value', 'NONE');
#5246 = DIRECTION ( 'NONE',  ( 0.000000000000000000, 0.000000000000000000, -1.000000000000000000 ) ) ;
#5247 = LINE ( 'NONE', #5307, #351 ) ;
#5248 = CARTESIAN_POINT ( 'NONE',  ( -5.009999999999999787, -1.670000000000000151, -0.1000000000000000056 ) ) ;
#5249 = DIRECTION ( 'NONE',  ( 0.000000000000000000, -1.000000000000000000, 0.000000000000000000 ) ) ;
#5250 = MECHANICAL_DESIGN_GEOMETRIC_PRESENTATION_REPRESENTATION (  '', ( #8958 ), #10853 ) ;
#5251 = FACE_OUTER_BOUND ( 'NONE', #10350, .T. ) ;
#5252 = CARTESIAN_POINT ( 'NONE',  ( 2.339999999999999858, 5.009999999999999787, -0.1000000000000000056 ) ) ;
#5253 = CARTESIAN_POINT ( 'NONE',  ( -5.009999999999999787, -0.8699999999999999956, -0.1000000000000000056 ) ) ;
#5254 = LINE ( 'NONE', #2405, #1204 ) ;
#5255 = LINE ( 'NONE', #10832, #7875 ) ;
#5256 = EDGE_CURVE ( 'NONE', #5037, #3832, #5123, .T. ) ;
#5257 = FILL_AREA_STYLE ('',( #4389 ) ) ;
#5258 = ORIENTED_EDGE ( 'NONE', *, *, #8584, .F. ) ;
#5259 = ORIENTED_EDGE ( 'NONE', *, *, #11663, .F. ) ;
#5260 = ORIENTED_EDGE ( 'NONE', *, *, #4187, .F. ) ;
#5261 = VECTOR ( 'NONE', #5041, 1000.000000000000000 ) ;
#5262 = CARTESIAN_POINT ( 'NONE',  ( -5.000000000000000000, 1.270000000000000018, 1.100000000000000089 ) ) ;
#5263 = ORIENTED_EDGE ( 'NONE', *, *, #7743, .T. ) ;
#5264 = LINE ( 'NONE', #11889, #9912 ) ;
#5265 =( NAMED_UNIT ( * ) SI_UNIT ( $, .STERADIAN. ) SOLID_ANGLE_UNIT ( ) );
#5266 = SURFACE_STYLE_USAGE ( .BOTH. , #1337 ) ;
#5267 = DIRECTION ( 'NONE',  ( 1.000000000000000000, 1.734723475976804876E-16, 0.000000000000000000 ) ) ;
#5268 = CARTESIAN_POINT ( 'NONE',  ( 5.009999999999999787, 0.8699999999999999956, -0.1000000000000000056 ) ) ;
#5269 =( NAMED_UNIT ( * ) PLANE_ANGLE_UNIT ( ) SI_UNIT ( $, .RADIAN. ) );
#5270 = ADVANCED_FACE ( 'NONE', ( #8682 ), #505, .F. ) ;
#5271 = EDGE_CURVE ( 'NONE', #6543, #9663, #1382, .T. ) ;
#5272 = ORIENTED_EDGE ( 'NONE', *, *, #2775, .F. ) ;
#5273 = ORIENTED_EDGE ( 'NONE', *, *, #1608, .F. ) ;
#5274 = FILL_AREA_STYLE ('',( #7930 ) ) ;
#5275 =( NAMED_UNIT ( * ) PLANE_ANGLE_UNIT ( ) SI_UNIT ( $, .RADIAN. ) );
#5276 = FACE_OUTER_BOUND ( 'NONE', #6850, .T. ) ;
#5277 = SURFACE_STYLE_FILL_AREA ( #4349 ) ;
#5278 = CARTESIAN_POINT ( 'NONE',  ( -5.009999999999999787, -0.8699999999999999956, -0.1000000000000000056 ) ) ;
#5279 = CARTESIAN_POINT ( 'NONE',  ( 1.670000000000000151, 5.009999999999999787, 1.100000000000000089 ) ) ;
#5280 = ORIENTED_EDGE ( 'NONE', *, *, #12239, .F. ) ;
#5281 = ORIENTED_EDGE ( 'NONE', *, *, #11691, .T. ) ;
#5282 = EDGE_CURVE ( 'NONE', #4992, #11605, #9191, .T. ) ;
#5283 = DIRECTION ( 'NONE',  ( 1.000000000000000000, 0.000000000000000000, 0.000000000000000000 ) ) ;
#5284 = ORIENTED_EDGE ( 'NONE', *, *, #1284, .T. ) ;
#5285 = ORIENTED_EDGE ( 'NONE', *, *, #3821, .F. ) ;
#5286 = SURFACE_STYLE_USAGE ( .BOTH. , #12055 ) ;
#5287 = AXIS2_PLACEMENT_3D ( 'NONE', #3407, #473, #2369 ) ;
#5288 = EDGE_CURVE ( 'NONE', #10151, #10105, #10390, .T. ) ;
#5289 =( LENGTH_UNIT ( ) NAMED_UNIT ( * ) SI_UNIT ( .MILLI., .METRE. ) );
#5290 = FILL_AREA_STYLE_COLOUR ( '', #9768 ) ;
#5291 =( LENGTH_UNIT ( ) NAMED_UNIT ( * ) SI_UNIT ( .MILLI., .METRE. ) );
#5292 = DIRECTION ( 'NONE',  ( 1.000000000000000000, 0.000000000000000000, 0.000000000000000000 ) ) ;
#5293 = CARTESIAN_POINT ( 'NONE',  ( 5.000000000000000000, 5.000000000000000000, 1.000000000000000000 ) ) ;
#5294 = AXIS2_PLACEMENT_3D ( 'NONE', #7845, #9816, #10830 ) ;
#5295 = FACE_OUTER_BOUND ( 'NONE', #1911, .T. ) ;
#5296 = VECTOR ( 'NONE', #7359, 1000.000000000000000 ) ;
#5297 = FILL_AREA_STYLE ('',( #6103 ) ) ;
#5298 = ORIENTED_EDGE ( 'NONE', *, *, #8990, .F. ) ;
#5299 = DIRECTION ( 'NONE',  ( 0.000000000000000000, -1.000000000000000000, 0.000000000000000000 ) ) ;
#5300 = VECTOR ( 'NONE', #7420, 1000.000000000000000 ) ;
#5301 = ORIENTED_EDGE ( 'NONE', *, *, #10849, .F. ) ;
#5302 = VECTOR ( 'NONE', #6125, 1000.000000000000000 ) ;
#5303 = VECTOR ( 'NONE', #10143, 1000.000000000000000 ) ;
#5304 = CARTESIAN_POINT ( 'NONE',  ( -4.750000000000000000, -0.4000000000000000222, 1.100000000000000089 ) ) ;
#5305 = FACE_OUTER_BOUND ( 'NONE', #6463, .T. ) ;
#5306 = EDGE_CURVE ( 'NONE', #7098, #11619, #5244, .T. ) ;
#5307 = CARTESIAN_POINT ( 'NONE',  ( -5.000000000000000000, -2.939999999999999947, -0.1000000000000000056 ) ) ;
#5308 = CARTESIAN_POINT ( 'NONE',  ( 0.3999999999999565570, -4.250000000000000000, -0.1000000000000000056 ) ) ;
#5309 = LINE ( 'NONE', #7304, #4136 ) ;
#5310 = FILL_AREA_STYLE_COLOUR ( '', #3847 ) ;
#5311 =( LENGTH_UNIT ( ) NAMED_UNIT ( * ) SI_UNIT ( .MILLI., .METRE. ) );
#5312 = LINE ( 'NONE', #5253, #855 ) ;
#5313 = DIRECTION ( 'NONE',  ( 0.000000000000000000, 0.000000000000000000, -1.000000000000000000 ) ) ;
#5314 = VECTOR ( 'NONE', #9560, 1000.000000000000000 ) ;
#5315 = MECHANICAL_DESIGN_GEOMETRIC_PRESENTATION_REPRESENTATION (  '', ( #877 ), #10307 ) ;
#5316 = VERTEX_POINT ( 'NONE', #6250 ) ;
#5317 = VERTEX_POINT ( 'NONE', #375 ) ;
#5318 = ORIENTED_EDGE ( 'NONE', *, *, #1879, .T. ) ;
#5319 = DIRECTION ( 'NONE',  ( 1.000000000000000000, 1.734723475976804876E-16, 0.000000000000000000 ) ) ;
#5320 = AXIS2_PLACEMENT_3D ( 'NONE', #6123, #9940, #1322 ) ;
#5321 = SURFACE_STYLE_FILL_AREA ( #4147 ) ;
#5322 = VECTOR ( 'NONE', #3155, 1000.000000000000000 ) ;
#5323 = FILL_AREA_STYLE ('',( #1455 ) ) ;
#5324 = LINE ( 'NONE', #9072, #2351 ) ;
#5325 = EDGE_CURVE ( 'NONE', #1996, #2934, #432, .T. ) ;
#5326 = VECTOR ( 'NONE', #4260, 1000.000000000000000 ) ;
#5327 = LINE ( 'NONE', #8115, #5120 ) ;
#5328 =( NAMED_UNIT ( * ) SI_UNIT ( $, .STERADIAN. ) SOLID_ANGLE_UNIT ( ) );
#5329 = CARTESIAN_POINT ( 'NONE',  ( 4.750000000000000000, -2.140000000000000124, 1.100000000000000089 ) ) ;
#5330 = MECHANICAL_DESIGN_GEOMETRIC_PRESENTATION_REPRESENTATION (  '', ( #11134 ), #7881 ) ;
#5331 = COLOUR_RGB ( '',1.000000000000000000, 0.8117647058823529438, 0.5019607843137254832 ) ;
#5332 = VECTOR ( 'NONE', #7032, 1000.000000000000000 ) ;
#5333 = VERTEX_POINT ( 'NONE', #1314 ) ;
#5334 = ORIENTED_EDGE ( 'NONE', *, *, #1825, .F. ) ;
#5335 = SURFACE_STYLE_USAGE ( .BOTH. , #402 ) ;
#5336 =( LENGTH_UNIT ( ) NAMED_UNIT ( * ) SI_UNIT ( .MILLI., .METRE. ) );
#5337 = DIRECTION ( 'NONE',  ( -1.000000000000000000, 0.000000000000000000, 0.000000000000000000 ) ) ;
#5338 = EDGE_CURVE ( 'NONE', #7878, #1356, #11942, .T. ) ;
#5339 = ADVANCED_FACE ( 'NONE', ( #12132 ), #8229, .F. ) ;
#5340 = VECTOR ( 'NONE', #10133, 1000.000000000000000 ) ;
#5341 = CARTESIAN_POINT ( 'NONE',  ( 1.469999999999948015, -5.000000000000000000, -0.2999999999999999889 ) ) ;
#5342 = CARTESIAN_POINT ( 'NONE',  ( 4.250000000000000000, 1.670000000000000151, 0.000000000000000000 ) ) ;
#5343 = SURFACE_STYLE_FILL_AREA ( #8199 ) ;
#5344 = PRESENTATION_LAYER_ASSIGNMENT (  '', '', ( #3143 ) ) ;
#5345 = SURFACE_SIDE_STYLE ('',( #734 ) ) ;
#5346 = CARTESIAN_POINT ( 'NONE',  ( 0.3999999999999510059, -4.750000000000000000, 1.100000000000000089 ) ) ;
#5347 = VERTEX_POINT ( 'NONE', #6493 ) ;
#5348 =( NAMED_UNIT ( * ) PLANE_ANGLE_UNIT ( ) SI_UNIT ( $, .RADIAN. ) );
#5349 = SURFACE_STYLE_FILL_AREA ( #3156 ) ;
#5350 = ORIENTED_EDGE ( 'NONE', *, *, #11148, .F. ) ;
#5351 = VERTEX_POINT ( 'NONE', #1875 ) ;
#5352 = CARTESIAN_POINT ( 'NONE',  ( 0.4000000000000165090, 5.000000000000000000, 1.100000000000000089 ) ) ;
#5353 = ORIENTED_EDGE ( 'NONE', *, *, #8861, .F. ) ;
#5354 = UNCERTAINTY_MEASURE_WITH_UNIT (LENGTH_MEASURE( 1.000000000000000082E-05 ), #2626, 'distance_accuracy_value', 'NONE');
#5355 = ORIENTED_EDGE ( 'NONE', *, *, #1861, .T. ) ;
#5356 = STYLED_ITEM ( 'NONE', ( #7592 ), #12176 ) ;
#5357 = PRESENTATION_LAYER_ASSIGNMENT (  '', '', ( #8935 ) ) ;
#5358 = ADVANCED_FACE ( 'NONE', ( #5680 ), #12367, .F. ) ;
#5359 = VECTOR ( 'NONE', #7724, 1000.000000000000000 ) ;
#5360 = ADVANCED_FACE ( 'NONE', ( #8425 ), #12251, .F. ) ;
#5361 = LINE ( 'NONE', #1686, #1677 ) ;
#5362 = CARTESIAN_POINT ( 'NONE',  ( -0.8699999999999830091, 5.009999999999999787, -0.1000000000000000056 ) ) ;
#5363 = LINE ( 'NONE', #8214, #6221 ) ;
#5364 = CARTESIAN_POINT ( 'NONE',  ( -1.470000000000049933, -5.009999999999999787, -0.1000000000000000056 ) ) ;
#5365 = LINE ( 'NONE', #10043, #278 ) ;
#5366 = MECHANICAL_DESIGN_GEOMETRIC_PRESENTATION_REPRESENTATION (  '', ( #10353 ), #9155 ) ;
#5367 = FACE_OUTER_BOUND ( 'NONE', #7086, .T. ) ;
#5368 = VECTOR ( 'NONE', #4298, 1000.000000000000000 ) ;
#5369 = FACE_OUTER_BOUND ( 'NONE', #4231, .T. ) ;
#5370 = ORIENTED_EDGE ( 'NONE', *, *, #2058, .F. ) ;
#5371 = PRESENTATION_LAYER_ASSIGNMENT (  '', '', ( #7158 ) ) ;
#5372 = CARTESIAN_POINT ( 'NONE',  ( 5.009999999999999787, 1.469999999999999973, 1.100000000000000089 ) ) ;
#5373 = VECTOR ( 'NONE', #9113, 1000.000000000000000 ) ;
#5374 = CARTESIAN_POINT ( 'NONE',  ( -0.1999999999999830247, 5.009999999999999787, -0.1000000000000000056 ) ) ;
#5375 = DIRECTION ( 'NONE',  ( 0.000000000000000000, 1.000000000000000000, 0.000000000000000000 ) ) ;
#5376 = ORIENTED_EDGE ( 'NONE', *, *, #6298, .F. ) ;
#5377 = FILL_AREA_STYLE_COLOUR ( '', #6596 ) ;
#5378 =( GEOMETRIC_REPRESENTATION_CONTEXT ( 3 ) GLOBAL_UNCERTAINTY_ASSIGNED_CONTEXT ( ( #9574 ) ) GLOBAL_UNIT_ASSIGNED_CONTEXT ( ( #5665, #7868, #5090 ) ) REPRESENTATION_CONTEXT ( 'NONE', 'WORKASPACE' ) );
#5379 = UNCERTAINTY_MEASURE_WITH_UNIT (LENGTH_MEASURE( 1.000000000000000082E-05 ), #5649, 'distance_accuracy_value', 'NONE');
#5380 = PLANE ( 'NONE',  #1338 ) ;
#5381 = DIRECTION ( 'NONE',  ( -1.000000000000000000, 3.491481338843135327E-15, 0.000000000000000000 ) ) ;
#5382 = FILL_AREA_STYLE ('',( #1706 ) ) ;
#5383 = PRESENTATION_LAYER_ASSIGNMENT (  '', '', ( #4171 ) ) ;
#5384 = FILL_AREA_STYLE_COLOUR ( '', #677 ) ;
#5385 = FACE_OUTER_BOUND ( 'NONE', #12099, .T. ) ;
#5386 =( NAMED_UNIT ( * ) PLANE_ANGLE_UNIT ( ) SI_UNIT ( $, .RADIAN. ) );
#5387 = SURFACE_STYLE_USAGE ( .BOTH. , #6314 ) ;
#5388 = LINE ( 'NONE', #4318, #11463 ) ;
#5389 = ORIENTED_EDGE ( 'NONE', *, *, #7261, .F. ) ;
#5390 = SURFACE_STYLE_FILL_AREA ( #5257 ) ;
#5391 = VERTEX_POINT ( 'NONE', #8485 ) ;
#5392 = EDGE_CURVE ( 'NONE', #9039, #6912, #3738, .T. ) ;
#5393 = AXIS2_PLACEMENT_3D ( 'NONE', #4325, #2470, #5319 ) ;
#5394 = ORIENTED_EDGE ( 'NONE', *, *, #7234, .F. ) ;
#5395 = DIRECTION ( 'NONE',  ( 0.000000000000000000, 0.000000000000000000, 1.000000000000000000 ) ) ;
#5396 = CARTESIAN_POINT ( 'NONE',  ( 5.009999999999999787, 2.140000000000000124, 1.100000000000000089 ) ) ;
#5397 = CARTESIAN_POINT ( 'NONE',  ( -5.009999999999999787, 2.739999999999999769, -0.1000000000000000056 ) ) ;
#5398 = STYLED_ITEM ( 'NONE', ( #752 ), #9398 ) ;
#5399 =( NAMED_UNIT ( * ) PLANE_ANGLE_UNIT ( ) SI_UNIT ( $, .RADIAN. ) );
#5400 = PRESENTATION_LAYER_ASSIGNMENT (  '', '', ( #754 ) ) ;
#5401 = SURFACE_SIDE_STYLE ('',( #8188 ) ) ;
#5402 = DIRECTION ( 'NONE',  ( 1.000000000000000000, -2.891205793294680298E-16, 0.000000000000000000 ) ) ;
#5403 = FILL_AREA_STYLE ('',( #9017 ) ) ;
#5404 = FACE_OUTER_BOUND ( 'NONE', #7186, .T. ) ;
#5405 = EDGE_CURVE ( 'NONE', #4017, #3220, #11397, .T. ) ;
#5406 = ORIENTED_EDGE ( 'NONE', *, *, #2963, .F. ) ;
#5407 = MECHANICAL_DESIGN_GEOMETRIC_PRESENTATION_REPRESENTATION (  '', ( #11421 ), #3406 ) ;
#5408 = VERTEX_POINT ( 'NONE', #6621 ) ;
#5409 = DIRECTION ( 'NONE',  ( 0.000000000000000000, -1.000000000000000000, 0.000000000000000000 ) ) ;
#5410 = SURFACE_STYLE_FILL_AREA ( #5526 ) ;
#5411 = SURFACE_SIDE_STYLE ('',( #3649 ) ) ;
#5412 = FACE_OUTER_BOUND ( 'NONE', #8399, .T. ) ;
#5413 = CARTESIAN_POINT ( 'NONE',  ( 2.139999999999949942, -4.750000000000000000, 1.100000000000000089 ) ) ;
#5414 =( LENGTH_UNIT ( ) NAMED_UNIT ( * ) SI_UNIT ( .MILLI., .METRE. ) );
#5415 = CARTESIAN_POINT ( 'NONE',  ( -2.940000000000049685, -5.000000000000000000, 1.000000000000000000 ) ) ;
#5416 = COLOUR_RGB ( '',1.000000000000000000, 0.8117647058823529438, 0.5019607843137254832 ) ;
#5417 = ORIENTED_EDGE ( 'NONE', *, *, #5882, .T. ) ;
#5418 = VECTOR ( 'NONE', #10116, 1000.000000000000000 ) ;
#5419 = LINE ( 'NONE', #2697, #4567 ) ;
#5420 = EDGE_LOOP ( 'NONE', ( #8891, #12401, #3065, #5491 ) ) ;
#5421 = EDGE_CURVE ( 'NONE', #7663, #12026, #8609, .T. ) ;
#5422 = ORIENTED_EDGE ( 'NONE', *, *, #9530, .F. ) ;
#5423 = ORIENTED_EDGE ( 'NONE', *, *, #9860, .T. ) ;
#5424 = SURFACE_STYLE_USAGE ( .BOTH. , #11440 ) ;
#5425 = PRESENTATION_LAYER_ASSIGNMENT (  '', '', ( #6418 ) ) ;
#5426 =( LENGTH_UNIT ( ) NAMED_UNIT ( * ) SI_UNIT ( .MILLI., .METRE. ) );
#5427 = MECHANICAL_DESIGN_GEOMETRIC_PRESENTATION_REPRESENTATION (  '', ( #8802 ), #2614 ) ;
#5428 = FILL_AREA_STYLE ('',( #7460 ) ) ;
#5429 = SURFACE_SIDE_STYLE ('',( #7574 ) ) ;
#5430 = LINE ( 'NONE', #749, #858 ) ;
#5431 = CARTESIAN_POINT ( 'NONE',  ( 4.750000000000000000, -0.4000000000000000222, 1.000000000000000000 ) ) ;
#5432 = DIRECTION ( 'NONE',  ( 1.000000000000000000, 0.000000000000000000, 0.000000000000000000 ) ) ;
#5433 = DIRECTION ( 'NONE',  ( -3.318008991245455407E-15, -1.000000000000000000, 0.000000000000000000 ) ) ;
#5434 =( GEOMETRIC_REPRESENTATION_CONTEXT ( 3 ) GLOBAL_UNCERTAINTY_ASSIGNED_CONTEXT ( ( #779 ) ) GLOBAL_UNIT_ASSIGNED_CONTEXT ( ( #12153, #3454, #10069 ) ) REPRESENTATION_CONTEXT ( 'NONE', 'WORKASPACE' ) );
#5435 = CARTESIAN_POINT ( 'NONE',  ( -5.150485834465859678E-14, -5.000000000000000000, -0.1000000000000000056 ) ) ;
#5436 = SURFACE_STYLE_FILL_AREA ( #10482 ) ;
#5437 = ORIENTED_EDGE ( 'NONE', *, *, #4756, .T. ) ;
#5438 = EDGE_CURVE ( 'NONE', #1987, #11170, #1643, .T. ) ;
#5439 = AXIS2_PLACEMENT_3D ( 'NONE', #9928, #1309, #5179 ) ;
#5440 = EDGE_CURVE ( 'NONE', #9039, #3221, #290, .T. ) ;
#5441 = LINE ( 'NONE', #1434, #2548 ) ;
#5442 = FILL_AREA_STYLE ('',( #2525 ) ) ;
#5443 = EDGE_LOOP ( 'NONE', ( #3142, #10012, #10077, #7534 ) ) ;
#5444 = AXIS2_PLACEMENT_3D ( 'NONE', #3309, #9061, #2343 ) ;
#5445 = CARTESIAN_POINT ( 'NONE',  ( 4.750000000000000000, -0.8699999999999999956, 1.000000000000000000 ) ) ;
#5446 = LINE ( 'NONE', #4495, #8374 ) ;
#5447 = DIRECTION ( 'NONE',  ( -1.000000000000000000, 0.000000000000000000, 0.000000000000000000 ) ) ;
#5448 = CARTESIAN_POINT ( 'NONE',  ( -1.670000000000050111, -5.009999999999999787, 1.100000000000000089 ) ) ;
#5449 = LINE ( 'NONE', #640, #4316 ) ;
#5450 = LINE ( 'NONE', #2463, #7323 ) ;
#5451 = LINE ( 'NONE', #10119, #12282 ) ;
#5452 = FACE_OUTER_BOUND ( 'NONE', #10650, .T. ) ;
#5453 = ORIENTED_EDGE ( 'NONE', *, *, #6020, .F. ) ;
#5454 = ADVANCED_FACE ( 'NONE', ( #5922 ), #10734, .F. ) ;
#5455 = EDGE_LOOP ( 'NONE', ( #3211, #185, #9792, #7912 ) ) ;
#5456 = ORIENTED_EDGE ( 'NONE', *, *, #2429, .T. ) ;
#5457 = ORIENTED_EDGE ( 'NONE', *, *, #7796, .T. ) ;
#5458 = CARTESIAN_POINT ( 'NONE',  ( 5.000000000000000000, 2.939999999999999947, 1.000000000000000000 ) ) ;
#5459 = UNCERTAINTY_MEASURE_WITH_UNIT (LENGTH_MEASURE( 1.000000000000000082E-05 ), #3855, 'distance_accuracy_value', 'NONE');
#5460 = AXIS2_PLACEMENT_3D ( 'NONE', #11223, #3500, #5313 ) ;
#5461 = LINE ( 'NONE', #2418, #976 ) ;
#5462 = FILL_AREA_STYLE_COLOUR ( '', #7038 ) ;
#5463 = LINE ( 'NONE', #7444, #1080 ) ;
#5464 = LINE ( 'NONE', #3831, #10524 ) ;
#5465 = VECTOR ( 'NONE', #11709, 1000.000000000000000 ) ;
#5466 = ORIENTED_EDGE ( 'NONE', *, *, #3875, .F. ) ;
#5467 = SURFACE_STYLE_USAGE ( .BOTH. , #7332 ) ;
#5468 = ORIENTED_EDGE ( 'NONE', *, *, #11065, .F. ) ;
#5469 = ORIENTED_EDGE ( 'NONE', *, *, #399, .T. ) ;
#5470 = SURFACE_STYLE_USAGE ( .BOTH. , #2562 ) ;
#5471 = DIRECTION ( 'NONE',  ( 0.000000000000000000, 0.000000000000000000, -1.000000000000000000 ) ) ;
#5472 = FILL_AREA_STYLE_COLOUR ( '', #7354 ) ;
#5473 = DIRECTION ( 'NONE',  ( 1.047444401652940164E-14, 1.000000000000000000, 0.000000000000000000 ) ) ;
#5474 = ADVANCED_FACE ( 'NONE', ( #355 ), #5948, .T. ) ;
#5475 = FACE_OUTER_BOUND ( 'NONE', #9402, .T. ) ;
#5476 = FACE_OUTER_BOUND ( 'NONE', #3753, .T. ) ;
#5477 = VERTEX_POINT ( 'NONE', #2940 ) ;
#5478 = DIRECTION ( 'NONE',  ( 0.000000000000000000, 0.000000000000000000, 1.000000000000000000 ) ) ;
#5479 = ORIENTED_EDGE ( 'NONE', *, *, #977, .T. ) ;
#5480 = FILL_AREA_STYLE ('',( #802 ) ) ;
#5481 = VERTEX_POINT ( 'NONE', #6699 ) ;
#5482 = UNCERTAINTY_MEASURE_WITH_UNIT (LENGTH_MEASURE( 1.000000000000000082E-05 ), #6714, 'distance_accuracy_value', 'NONE');
#5483 = VERTEX_POINT ( 'NONE', #10 ) ;
#5484 = SURFACE_STYLE_FILL_AREA ( #6416 ) ;
#5485 = SURFACE_STYLE_FILL_AREA ( #3480 ) ;
#5486 =( LENGTH_UNIT ( ) NAMED_UNIT ( * ) SI_UNIT ( .MILLI., .METRE. ) );
#5487 = EDGE_CURVE ( 'NONE', #1560, #8944, #7959, .T. ) ;
#5488 =( LENGTH_UNIT ( ) NAMED_UNIT ( * ) SI_UNIT ( .MILLI., .METRE. ) );
#5489 =( NAMED_UNIT ( * ) PLANE_ANGLE_UNIT ( ) SI_UNIT ( $, .RADIAN. ) );
#5490 = EDGE_LOOP ( 'NONE', ( #7281, #4323, #9519, #4876 ) ) ;
#5491 = ORIENTED_EDGE ( 'NONE', *, *, #7487, .T. ) ;
#5492 = CARTESIAN_POINT ( 'NONE',  ( 2.140000000000000124, 5.000000000000000000, -0.1000000000000000056 ) ) ;
#5493 = DIRECTION ( 'NONE',  ( 0.000000000000000000, 0.000000000000000000, -1.000000000000000000 ) ) ;
#5494 =( LENGTH_UNIT ( ) NAMED_UNIT ( * ) SI_UNIT ( .MILLI., .METRE. ) );
#5495 =( NAMED_UNIT ( * ) SI_UNIT ( $, .STERADIAN. ) SOLID_ANGLE_UNIT ( ) );
#5496 = ADVANCED_FACE ( 'NONE', ( #64 ), #11475, .F. ) ;
#5497 = LINE ( 'NONE', #1826, #1588 ) ;
#5498 = AXIS2_PLACEMENT_3D ( 'NONE', #5346, #2237, #11981 ) ;
#5499 = EDGE_CURVE ( 'NONE', #10034, #708, #1975, .T. ) ;
#5500 = LINE ( 'NONE', #9310, #3528 ) ;
#5501 =( LENGTH_UNIT ( ) NAMED_UNIT ( * ) SI_UNIT ( .MILLI., .METRE. ) );
#5502 = PRESENTATION_STYLE_ASSIGNMENT (( #1517 ) ) ;
#5503 = SURFACE_SIDE_STYLE ('',( #8434 ) ) ;
#5504 = LINE ( 'NONE', #10810, #7300 ) ;
#5505 = SURFACE_STYLE_FILL_AREA ( #10059 ) ;
#5506 = ORIENTED_EDGE ( 'NONE', *, *, #11707, .T. ) ;
#5507 = EDGE_LOOP ( 'NONE', ( #7225, #7568, #5219, #5703 ) ) ;
#5508 = ORIENTED_EDGE ( 'NONE', *, *, #233, .F. ) ;
#5509 = MECHANICAL_DESIGN_GEOMETRIC_PRESENTATION_REPRESENTATION (  '', ( #10905 ), #9492 ) ;
#5510 = VERTEX_POINT ( 'NONE', #7667 ) ;
#5511 = SURFACE_SIDE_STYLE ('',( #6454 ) ) ;
#5512 = UNCERTAINTY_MEASURE_WITH_UNIT (LENGTH_MEASURE( 1.000000000000000082E-05 ), #1736, 'distance_accuracy_value', 'NONE');
#5513 =( GEOMETRIC_REPRESENTATION_CONTEXT ( 3 ) GLOBAL_UNCERTAINTY_ASSIGNED_CONTEXT ( ( #8090 ) ) GLOBAL_UNIT_ASSIGNED_CONTEXT ( ( #10472, #3789, #6610 ) ) REPRESENTATION_CONTEXT ( 'NONE', 'WORKASPACE' ) );
#5514 = EDGE_CURVE ( 'NONE', #3263, #8457, #10690, .T. ) ;
#5515 = VECTOR ( 'NONE', #8732, 1000.000000000000000 ) ;
#5516 = PRESENTATION_STYLE_ASSIGNMENT (( #4694 ) ) ;
#5517 = ADVANCED_FACE ( 'NONE', ( #5829 ), #7616, .F. ) ;
#5518 = SURFACE_STYLE_FILL_AREA ( #11097 ) ;
#5519 = FACE_OUTER_BOUND ( 'NONE', #7925, .T. ) ;
#5520 = EDGE_LOOP ( 'NONE', ( #4165, #11342, #1153, #8062 ) ) ;
#5521 = EDGE_LOOP ( 'NONE', ( #10123, #3408, #9874, #10926 ) ) ;
#5522 = STYLED_ITEM ( 'NONE', ( #7791 ), #4531 ) ;
#5523 = EDGE_LOOP ( 'NONE', ( #803, #5263, #8531, #5942 ) ) ;
#5524 = PRESENTATION_LAYER_ASSIGNMENT (  '', '', ( #8506 ) ) ;
#5525 =( LENGTH_UNIT ( ) NAMED_UNIT ( * ) SI_UNIT ( .MILLI., .METRE. ) );
#5526 = FILL_AREA_STYLE ('',( #11172 ) ) ;
#5527 = MECHANICAL_DESIGN_GEOMETRIC_PRESENTATION_REPRESENTATION (  '', ( #10517 ), #1477 ) ;
#5528 = FILL_AREA_STYLE_COLOUR ( '', #9891 ) ;
#5529 = VECTOR ( 'NONE', #9250, 1000.000000000000000 ) ;
#5530 = PRESENTATION_LAYER_ASSIGNMENT (  '', '', ( #1690 ) ) ;
#5531 = CYLINDRICAL_SURFACE ( 'NONE', #8486, 0.2000000000000000111 ) ;
#5532 = CARTESIAN_POINT ( 'NONE',  ( 5.009999999999999787, 2.540000000000000036, 0.000000000000000000 ) ) ;
#5533 = VECTOR ( 'NONE', #5810, 1000.000000000000000 ) ;
#5534 =( NAMED_UNIT ( * ) SI_UNIT ( $, .STERADIAN. ) SOLID_ANGLE_UNIT ( ) );
#5535 = ORIENTED_EDGE ( 'NONE', *, *, #4364, .F. ) ;
#5536 =( GEOMETRIC_REPRESENTATION_CONTEXT ( 3 ) GLOBAL_UNCERTAINTY_ASSIGNED_CONTEXT ( ( #5805 ) ) GLOBAL_UNIT_ASSIGNED_CONTEXT ( ( #7558, #8445, #1185 ) ) REPRESENTATION_CONTEXT ( 'NONE', 'WORKASPACE' ) );
#5537 = CARTESIAN_POINT ( 'NONE',  ( -2.140000000000000124, 5.009999999999999787, -0.1000000000000000056 ) ) ;
#5538 =( GEOMETRIC_REPRESENTATION_CONTEXT ( 3 ) GLOBAL_UNCERTAINTY_ASSIGNED_CONTEXT ( ( #10330 ) ) GLOBAL_UNIT_ASSIGNED_CONTEXT ( ( #3002, #3760, #7070 ) ) REPRESENTATION_CONTEXT ( 'NONE', 'WORKASPACE' ) );
#5539 = ORIENTED_EDGE ( 'NONE', *, *, #3565, .F. ) ;
#5540 = ORIENTED_EDGE ( 'NONE', *, *, #8025, .F. ) ;
#5541 = VERTEX_POINT ( 'NONE', #4072 ) ;
#5542 = DIRECTION ( 'NONE',  ( 1.000000000000000000, 0.000000000000000000, 0.000000000000000000 ) ) ;
#5543 = ADVANCED_FACE ( 'NONE', ( #9123 ), #7192, .F. ) ;
#5544 = COLOUR_RGB ( '',1.000000000000000000, 0.8117647058823529438, 0.5019607843137254832 ) ;
#5545 = DIRECTION ( 'NONE',  ( 1.734723475976804876E-16, -1.000000000000000000, 0.000000000000000000 ) ) ;
#5546 = LINE ( 'NONE', #10163, #2262 ) ;
#5547 = SURFACE_SIDE_STYLE ('',( #5796 ) ) ;
#5548 = CARTESIAN_POINT ( 'NONE',  ( 2.339999999999999858, 5.009999999999999787, 1.100000000000000089 ) ) ;
#5549 = LINE ( 'NONE', #7591, #9207 ) ;
#5550 = PRESENTATION_STYLE_ASSIGNMENT (( #8418 ) ) ;
#5551 = VERTEX_POINT ( 'NONE', #8093 ) ;
#5552 = AXIS2_PLACEMENT_3D ( 'NONE', #3047, #1061, #1963 ) ;
#5553 = CARTESIAN_POINT ( 'NONE',  ( -5.009999999999999787, 1.270000000000000018, 0.000000000000000000 ) ) ;
#5554 = EDGE_CURVE ( 'NONE', #5575, #5787, #1440, .T. ) ;
#5555 = STYLED_ITEM ( 'NONE', ( #3588 ), #706 ) ;
#5556 = ORIENTED_EDGE ( 'NONE', *, *, #11707, .F. ) ;
#5557 = DIRECTION ( 'NONE',  ( 3.491481338843135327E-15, 1.000000000000000000, 0.000000000000000000 ) ) ;
#5558 = DIRECTION ( 'NONE',  ( 1.000000000000000000, -3.491481338843135327E-15, 0.000000000000000000 ) ) ;
#5559 = VECTOR ( 'NONE', #7536, 1000.000000000000000 ) ;
#5560 =( NAMED_UNIT ( * ) PLANE_ANGLE_UNIT ( ) SI_UNIT ( $, .RADIAN. ) );
#5561 = SURFACE_STYLE_FILL_AREA ( #5382 ) ;
#5562 = SURFACE_STYLE_USAGE ( .BOTH. , #638 ) ;
#5563 = AXIS2_PLACEMENT_3D ( 'NONE', #11965, #528, #11098 ) ;
#5564 = LINE ( 'NONE', #7475, #5134 ) ;
#5565 = LINE ( 'NONE', #6497, #5063 ) ;
#5566 = SURFACE_STYLE_USAGE ( .BOTH. , #9446 ) ;
#5567 = SURFACE_SIDE_STYLE ('',( #10317 ) ) ;
#5568 = VECTOR ( 'NONE', #7605, 1000.000000000000000 ) ;
#5569 = MECHANICAL_DESIGN_GEOMETRIC_PRESENTATION_REPRESENTATION (  '', ( #12355 ), #5212 ) ;
#5570 = PRESENTATION_STYLE_ASSIGNMENT (( #4685 ) ) ;
#5571 = VERTEX_POINT ( 'NONE', #3372 ) ;
#5572 = ORIENTED_EDGE ( 'NONE', *, *, #1394, .T. ) ;
#5573 = EDGE_CURVE ( 'NONE', #337, #11656, #8997, .T. ) ;
#5574 = STYLED_ITEM ( 'NONE', ( #1550 ), #7525 ) ;
#5575 = VERTEX_POINT ( 'NONE', #12016 ) ;
#5576 = MECHANICAL_DESIGN_GEOMETRIC_PRESENTATION_REPRESENTATION (  '', ( #122 ), #11968 ) ;
#5577 = AXIS2_PLACEMENT_3D ( 'NONE', #10282, #1682, #5542 ) ;
#5578 = UNCERTAINTY_MEASURE_WITH_UNIT (LENGTH_MEASURE( 1.000000000000000082E-05 ), #9800, 'distance_accuracy_value', 'NONE');
#5579 = VECTOR ( 'NONE', #3636, 1000.000000000000000 ) ;
#5580 = SURFACE_SIDE_STYLE ('',( #4834 ) ) ;
#5581 = LINE ( 'NONE', #1606, #1878 ) ;
#5582 = AXIS2_PLACEMENT_3D ( 'NONE', #8247, #6511, #7489 ) ;
#5583 = MECHANICAL_DESIGN_GEOMETRIC_PRESENTATION_REPRESENTATION (  '', ( #3193 ), #2352 ) ;
#5584 = EDGE_CURVE ( 'NONE', #10445, #4377, #2338, .T. ) ;
#5585 = VERTEX_POINT ( 'NONE', #5127 ) ;
#5586 = EDGE_CURVE ( 'NONE', #4968, #840, #4253, .T. ) ;
#5587 = VERTEX_POINT ( 'NONE', #8933 ) ;
#5588 = PLANE ( 'NONE',  #11336 ) ;
#5589 = SURFACE_SIDE_STYLE ('',( #9275 ) ) ;
#5590 = MECHANICAL_DESIGN_GEOMETRIC_PRESENTATION_REPRESENTATION (  '', ( #9192 ), #2564 ) ;
#5591 = VECTOR ( 'NONE', #3939, 1000.000000000000000 ) ;
#5592 = CARTESIAN_POINT ( 'NONE',  ( -1.670000000000000151, 5.009999999999999787, -0.1000000000000000056 ) ) ;
#5593 = LINE ( 'NONE', #12270, #6315 ) ;
#5594 = DIRECTION ( 'NONE',  ( -1.000000000000000000, -1.734723475976804876E-16, 0.000000000000000000 ) ) ;
#5595 = PLANE ( 'NONE',  #6090 ) ;
#5596 = EDGE_LOOP ( 'NONE', ( #11719, #960, #6770, #2577 ) ) ;
#5597 = LINE ( 'NONE', #11252, #6155 ) ;
#5598 = MECHANICAL_DESIGN_GEOMETRIC_PRESENTATION_REPRESENTATION (  '', ( #6980 ), #8783 ) ;
#5599 = DIRECTION ( 'NONE',  ( -1.000000000000000000, 3.491481338843135327E-15, 0.000000000000000000 ) ) ;
#5600 = CYLINDRICAL_SURFACE ( 'NONE', #11328, 0.1999999999999996503 ) ;
#5601 =( NAMED_UNIT ( * ) PLANE_ANGLE_UNIT ( ) SI_UNIT ( $, .RADIAN. ) );
#5602 = ORIENTED_EDGE ( 'NONE', *, *, #8011, .T. ) ;
#5603 = ORIENTED_EDGE ( 'NONE', *, *, #7182, .T. ) ;
#5604 = CARTESIAN_POINT ( 'NONE',  ( -5.009999999999999787, 1.070000000000000062, -0.1000000000000000056 ) ) ;
#5605 = MECHANICAL_DESIGN_GEOMETRIC_PRESENTATION_REPRESENTATION (  '', ( #4206 ), #10396 ) ;
#5606 = VECTOR ( 'NONE', #3465, 1000.000000000000000 ) ;
#5607 = SURFACE_STYLE_USAGE ( .BOTH. , #12186 ) ;
#5608 =( NAMED_UNIT ( * ) PLANE_ANGLE_UNIT ( ) SI_UNIT ( $, .RADIAN. ) );
#5609 = VECTOR ( 'NONE', #4677, 1000.000000000000000 ) ;
#5610 = DIRECTION ( 'NONE',  ( 0.000000000000000000, 0.000000000000000000, -1.000000000000000000 ) ) ;
#5611 = LINE ( 'NONE', #9609, #4736 ) ;
#5612 = DIRECTION ( 'NONE',  ( -1.000000000000000000, 0.000000000000000000, 0.000000000000000000 ) ) ;
#5613 = EDGE_CURVE ( 'NONE', #1356, #3645, #7580, .T. ) ;
#5614 =( NAMED_UNIT ( * ) SI_UNIT ( $, .STERADIAN. ) SOLID_ANGLE_UNIT ( ) );
#5615 = PRESENTATION_STYLE_ASSIGNMENT (( #10296 ) ) ;
#5616 = LINE ( 'NONE', #687, #1510 ) ;
#5617 = ORIENTED_EDGE ( 'NONE', *, *, #3133, .F. ) ;
#5618 = MECHANICAL_DESIGN_GEOMETRIC_PRESENTATION_REPRESENTATION (  '', ( #11023 ), #175 ) ;
#5619 = DIRECTION ( 'NONE',  ( -1.000000000000000000, 0.000000000000000000, 0.000000000000000000 ) ) ;
#5620 = PRESENTATION_LAYER_ASSIGNMENT (  '', '', ( #7015 ) ) ;
#5621 = FILL_AREA_STYLE_COLOUR ( '', #552 ) ;
#5622 = EDGE_CURVE ( 'NONE', #521, #10593, #3306, .T. ) ;
#5623 = FILL_AREA_STYLE_COLOUR ( '', #11912 ) ;
#5624 = DIRECTION ( 'NONE',  ( 0.000000000000000000, 1.000000000000000000, 0.000000000000000000 ) ) ;
#5625 = LINE ( 'NONE', #818, #963 ) ;
#5626 = DIRECTION ( 'NONE',  ( 0.000000000000000000, 0.000000000000000000, 1.000000000000000000 ) ) ;
#5627 = AXIS2_PLACEMENT_3D ( 'NONE', #9443, #3742, #11402 ) ;
#5628 = CARTESIAN_POINT ( 'NONE',  ( 2.939999999999999947, 5.000000000000000000, 1.100000000000000089 ) ) ;
#5629 =( NAMED_UNIT ( * ) PLANE_ANGLE_UNIT ( ) SI_UNIT ( $, .RADIAN. ) );
#5630 = EDGE_CURVE ( 'NONE', #10029, #7608, #10952, .T. ) ;
#5631 = DIRECTION ( 'NONE',  ( 0.000000000000000000, 0.000000000000000000, 1.000000000000000000 ) ) ;
#5632 = VECTOR ( 'NONE', #1195, 1000.000000000000000 ) ;
#5633 = LINE ( 'NONE', #9386, #9758 ) ;
#5634 =( NAMED_UNIT ( * ) SI_UNIT ( $, .STERADIAN. ) SOLID_ANGLE_UNIT ( ) );
#5635 = SURFACE_STYLE_FILL_AREA ( #6505 ) ;
#5636 = ORIENTED_EDGE ( 'NONE', *, *, #10332, .T. ) ;
#5637 = ORIENTED_EDGE ( 'NONE', *, *, #5112, .F. ) ;
#5638 = EDGE_LOOP ( 'NONE', ( #10266, #57, #9970, #3835 ) ) ;
#5639 =( NAMED_UNIT ( * ) SI_UNIT ( $, .STERADIAN. ) SOLID_ANGLE_UNIT ( ) );
#5640 = SURFACE_SIDE_STYLE ('',( #5763 ) ) ;
#5641 = PLANE ( 'NONE',  #3921 ) ;
#5642 = EDGE_CURVE ( 'NONE', #7427, #10177, #9597, .T. ) ;
#5643 = COLOUR_RGB ( '',1.000000000000000000, 0.8117647058823529438, 0.5019607843137254832 ) ;
#5644 = DIRECTION ( 'NONE',  ( 1.000000000000000000, 0.000000000000000000, 0.000000000000000000 ) ) ;
#5645 = ORIENTED_EDGE ( 'NONE', *, *, #4540, .F. ) ;
#5646 = ORIENTED_EDGE ( 'NONE', *, *, #12296, .T. ) ;
#5647 = ORIENTED_EDGE ( 'NONE', *, *, #11148, .T. ) ;
#5648 = AXIS2_PLACEMENT_3D ( 'NONE', #10261, #6330, #655 ) ;
#5649 =( LENGTH_UNIT ( ) NAMED_UNIT ( * ) SI_UNIT ( .MILLI., .METRE. ) );
#5650 =( LENGTH_UNIT ( ) NAMED_UNIT ( * ) SI_UNIT ( .MILLI., .METRE. ) );
#5651 = SURFACE_STYLE_FILL_AREA ( #2953 ) ;
#5652 = PRESENTATION_STYLE_ASSIGNMENT (( #8520 ) ) ;
#5653 = EDGE_CURVE ( 'NONE', #2425, #7637, #5247, .T. ) ;
#5654 = EDGE_CURVE ( 'NONE', #908, #4023, #8167, .T. ) ;
#5655 = FACE_OUTER_BOUND ( 'NONE', #3075, .T. ) ;
#5656 = LINE ( 'NONE', #7512, #111 ) ;
#5657 = LINE ( 'NONE', #6473, #6292 ) ;
#5658 = VECTOR ( 'NONE', #3327, 1000.000000000000000 ) ;
#5659 = ORIENTED_EDGE ( 'NONE', *, *, #1321, .T. ) ;
#5660 = FILL_AREA_STYLE_COLOUR ( '', #5544 ) ;
#5661 = FILL_AREA_STYLE_COLOUR ( '', #3570 ) ;
#5662 = ORIENTED_EDGE ( 'NONE', *, *, #4986, .F. ) ;
#5663 = ORIENTED_EDGE ( 'NONE', *, *, #5819, .T. ) ;
#5664 = PRESENTATION_STYLE_ASSIGNMENT (( #856 ) ) ;
#5665 =( LENGTH_UNIT ( ) NAMED_UNIT ( * ) SI_UNIT ( .MILLI., .METRE. ) );
#5666 = CARTESIAN_POINT ( 'NONE',  ( -1.670000000000050111, -4.750000000000000000, 1.000000000000000000 ) ) ;
#5668 = EDGE_CURVE ( 'NONE', #11266, #2927, #11083, .T. ) ;
#5667 = UNCERTAINTY_MEASURE_WITH_UNIT (LENGTH_MEASURE( 1.000000000000000082E-05 ), #397, 'distance_accuracy_value', 'NONE');
#5669 = FILL_AREA_STYLE_COLOUR ( '', #8455 ) ;
#5670 = CARTESIAN_POINT ( 'NONE',  ( -2.140000000000049862, -5.009999999999999787, 1.100000000000000089 ) ) ;
#5671 = CARTESIAN_POINT ( 'NONE',  ( -1.070000000000052021, -5.009999999999999787, -0.1000000000000000056 ) ) ;
#5672 = CARTESIAN_POINT ( 'NONE',  ( 5.000000000000000000, 5.000000000000000000, 1.000000000000000000 ) ) ;
#5673 = CARTESIAN_POINT ( 'NONE',  ( -4.250000000000000000, 4.250000000000000000, 2.500000000000000000 ) ) ;
#5674 = CARTESIAN_POINT ( 'NONE',  ( -4.799999999999999822, -2.540000000000000036, -0.1000000000000000056 ) ) ;
#5675 = CARTESIAN_POINT ( 'NONE',  ( -4.750000000000000000, 1.670000000000000151, 1.100000000000000089 ) ) ;
#5676 = EDGE_LOOP ( 'NONE', ( #9718, #1019, #481, #9767, #2031, #6649, #4439, #7439 ) ) ;
#5677 = LINE ( 'NONE', #9484, #6537 ) ;
#5678 =( NAMED_UNIT ( * ) PLANE_ANGLE_UNIT ( ) SI_UNIT ( $, .RADIAN. ) );
#5679 = UNCERTAINTY_MEASURE_WITH_UNIT (LENGTH_MEASURE( 1.000000000000000082E-05 ), #409, 'distance_accuracy_value', 'NONE');
#5680 = FACE_OUTER_BOUND ( 'NONE', #2673, .T. ) ;
#5681 = CARTESIAN_POINT ( 'NONE',  ( 2.939999999999999947, 5.009999999999999787, 1.100000000000000089 ) ) ;
#5682 = CARTESIAN_POINT ( 'NONE',  ( 5.000000000000000000, 1.070000000000000062, 1.100000000000000089 ) ) ;
#5683 = DIRECTION ( 'NONE',  ( 0.000000000000000000, 0.000000000000000000, -1.000000000000000000 ) ) ;
#5684 = FILL_AREA_STYLE ('',( #6441 ) ) ;
#5685 = SURFACE_SIDE_STYLE ('',( #8672 ) ) ;
#5686 = SURFACE_STYLE_USAGE ( .BOTH. , #1830 ) ;
#5687 = FACE_OUTER_BOUND ( 'NONE', #8832, .T. ) ;
#5688 = SURFACE_SIDE_STYLE ('',( #126 ) ) ;
#5689 = ORIENTED_EDGE ( 'NONE', *, *, #7317, .T. ) ;
#5690 = ORIENTED_EDGE ( 'NONE', *, *, #10703, .F. ) ;
#5691 = VERTEX_POINT ( 'NONE', #8869 ) ;
#5692 = SURFACE_SIDE_STYLE ('',( #1784 ) ) ;
#5693 = ADVANCED_FACE ( 'NONE', ( #246 ), #1586, .F. ) ;
#5694 = VECTOR ( 'NONE', #9839, 1000.000000000000000 ) ;
#5695 = UNCERTAINTY_MEASURE_WITH_UNIT (LENGTH_MEASURE( 1.000000000000000082E-05 ), #3882, 'distance_accuracy_value', 'NONE');
#5696 = PLANE ( 'NONE',  #11824 ) ;
#5697 =( LENGTH_UNIT ( ) NAMED_UNIT ( * ) SI_UNIT ( .MILLI., .METRE. ) );
#5698 = VECTOR ( 'NONE', #8813, 1000.000000000000000 ) ;
#5699 = LINE ( 'NONE', #144, #12334 ) ;
#5700 = AXIS2_PLACEMENT_3D ( 'NONE', #3608, #7422, #2654 ) ;
#5701 = ORIENTED_EDGE ( 'NONE', *, *, #7698, .T. ) ;
#5702 = ORIENTED_EDGE ( 'NONE', *, *, #201, .F. ) ;
#5703 = ORIENTED_EDGE ( 'NONE', *, *, #3672, .T. ) ;
#5704 = VERTEX_POINT ( 'NONE', #3741 ) ;
#5705 = DIRECTION ( 'NONE',  ( -1.047444401652940164E-14, -1.000000000000000000, 0.000000000000000000 ) ) ;
#5706 = EDGE_CURVE ( 'NONE', #4102, #431, #4496, .T. ) ;
#5707 = VECTOR ( 'NONE', #6791, 1000.000000000000000 ) ;
#5708 = EDGE_LOOP ( 'NONE', ( #5506, #389, #3208, #6265, #10641, #4220, #4519, #5100 ) ) ;
#5709 = STYLED_ITEM ( 'NONE', ( #10674 ), #3492 ) ;
#5710 = VECTOR ( 'NONE', #8725, 1000.000000000000000 ) ;
#5711 = DIRECTION ( 'NONE',  ( 0.000000000000000000, 0.000000000000000000, 1.000000000000000000 ) ) ;
#5712 = DIRECTION ( 'NONE',  ( 1.000000000000000000, 0.000000000000000000, 0.000000000000000000 ) ) ;
#5713 = LINE ( 'NONE', #1029, #5874 ) ;
#5714 = LINE ( 'NONE', #9525, #1452 ) ;
#5715 = ORIENTED_EDGE ( 'NONE', *, *, #2583, .F. ) ;
#5716 = VECTOR ( 'NONE', #6191, 1000.000000000000000 ) ;
#5717 = VECTOR ( 'NONE', #9480, 1000.000000000000000 ) ;
#5718 = VECTOR ( 'NONE', #9759, 1000.000000000000000 ) ;
#5719 = CARTESIAN_POINT ( 'NONE',  ( 0.8699999999999490363, -5.000000000000000000, 0.000000000000000000 ) ) ;
#5720 = STYLED_ITEM ( 'NONE', ( #7143 ), #10547 ) ;
#5721 = PRESENTATION_LAYER_ASSIGNMENT (  '', '', ( #2715 ) ) ;
#5722 = PLANE ( 'NONE',  #11954 ) ;
#5723 = EDGE_LOOP ( 'NONE', ( #10912, #6464, #11731, #8621 ) ) ;
#5724 = ORIENTED_EDGE ( 'NONE', *, *, #1366, .T. ) ;
#5725 = EDGE_CURVE ( 'NONE', #8638, #9930, #3560, .T. ) ;
#5726 = ADVANCED_FACE ( 'NONE', ( #1768 ), #12071, .F. ) ;
#5727 = DIRECTION ( 'NONE',  ( 0.000000000000000000, 0.000000000000000000, -1.000000000000000000 ) ) ;
#5728 = DIRECTION ( 'NONE',  ( -1.000000000000000000, 3.491481338843135327E-15, 0.000000000000000000 ) ) ;
#5729 = VECTOR ( 'NONE', #11085, 1000.000000000000000 ) ;
#5730 = LINE ( 'NONE', #5859, #6731 ) ;
#5731 = PRESENTATION_LAYER_ASSIGNMENT (  '', '', ( #2713 ) ) ;
#5732 = VECTOR ( 'NONE', #11111, 1000.000000000000000 ) ;
#5733 =( NAMED_UNIT ( * ) SI_UNIT ( $, .STERADIAN. ) SOLID_ANGLE_UNIT ( ) );
#5734 = CARTESIAN_POINT ( 'NONE',  ( 1.469999999999948015, -5.000000000000000000, -0.1000000000000000056 ) ) ;
#5735 = CARTESIAN_POINT ( 'NONE',  ( -5.000000000000000000, -1.670000000000000151, 0.000000000000000000 ) ) ;
#5736 = EDGE_LOOP ( 'NONE', ( #2684, #7500, #6575, #10403 ) ) ;
#5737 = DIRECTION ( 'NONE',  ( -2.040851148208009970E-16, 1.000000000000000000, 0.000000000000000000 ) ) ;
#5738 = PLANE ( 'NONE',  #173 ) ;
#5739 = CIRCLE ( 'NONE', #5938, 0.1999999999999996503 ) ;
#5740 = EDGE_CURVE ( 'NONE', #6523, #8481, #5625, .T. ) ;
#5741 = PRESENTATION_LAYER_ASSIGNMENT (  '', '', ( #10722 ) ) ;
#5742 = EDGE_CURVE ( 'NONE', #10797, #5966, #12202, .T. ) ;
#5743 = CARTESIAN_POINT ( 'NONE',  ( 5.009999999999999787, 1.670000000000000151, -0.1000000000000000056 ) ) ;
#5744 = DIRECTION ( 'NONE',  ( -1.000000000000000000, 0.000000000000000000, 0.000000000000000000 ) ) ;
#5745 = FILL_AREA_STYLE ('',( #7600 ) ) ;
#5746 = LINE ( 'NONE', #2919, #12127 ) ;
#5747 = DIRECTION ( 'NONE',  ( -1.000000000000000000, 0.000000000000000000, 0.000000000000000000 ) ) ;
#5748 = MECHANICAL_DESIGN_GEOMETRIC_PRESENTATION_REPRESENTATION (  '', ( #2731 ), #6355 ) ;
#5749 = FACE_OUTER_BOUND ( 'NONE', #9562, .T. ) ;
#5750 = LINE ( 'NONE', #6687, #5314 ) ;
#5751 = SURFACE_SIDE_STYLE ('',( #9631 ) ) ;
#5752 = ORIENTED_EDGE ( 'NONE', *, *, #3290, .T. ) ;
#5753 = COLOUR_RGB ( '',1.000000000000000000, 0.8117647058823529438, 0.5019607843137254832 ) ;
#5754 =( NAMED_UNIT ( * ) SI_UNIT ( $, .STERADIAN. ) SOLID_ANGLE_UNIT ( ) );
#5755 = ORIENTED_EDGE ( 'NONE', *, *, #4226, .F. ) ;
#5756 = VERTEX_POINT ( 'NONE', #6625 ) ;
#5757 = ORIENTED_EDGE ( 'NONE', *, *, #2232, .F. ) ;
#5758 =( LENGTH_UNIT ( ) NAMED_UNIT ( * ) SI_UNIT ( .MILLI., .METRE. ) );
#5759 = PRESENTATION_LAYER_ASSIGNMENT (  '', '', ( #3960 ) ) ;
#5760 = PRESENTATION_STYLE_ASSIGNMENT (( #10501 ) ) ;
#5761 = FILL_AREA_STYLE_COLOUR ( '', #330 ) ;
#5762 = CARTESIAN_POINT ( 'NONE',  ( 4.250000000000000000, 2.140000000000000124, -0.1000000000000000056 ) ) ;
#5764 = MECHANICAL_DESIGN_GEOMETRIC_PRESENTATION_REPRESENTATION (  '', ( #11173 ), #11961 ) ;
#5763 = SURFACE_STYLE_FILL_AREA ( #1725 ) ;
#5765 = SURFACE_SIDE_STYLE ('',( #837 ) ) ;
#5766 = DIRECTION ( 'NONE',  ( 1.000000000000000000, 0.000000000000000000, 0.000000000000000000 ) ) ;
#5767 = ADVANCED_FACE ( 'NONE', ( #11272 ), #1513, .F. ) ;
#5768 = PRESENTATION_LAYER_ASSIGNMENT (  '', '', ( #9156 ) ) ;
#5769 = ORIENTED_EDGE ( 'NONE', *, *, #572, .T. ) ;
#5770 = VECTOR ( 'NONE', #6713, 1000.000000000000000 ) ;
#5771 = ORIENTED_EDGE ( 'NONE', *, *, #2504, .F. ) ;
#5772 = ORIENTED_EDGE ( 'NONE', *, *, #2746, .F. ) ;
#5773 = CARTESIAN_POINT ( 'NONE',  ( -2.140000000000000124, 4.750000000000000000, 1.100000000000000089 ) ) ;
#5774 = VERTEX_POINT ( 'NONE', #2983 ) ;
#5775 =( GEOMETRIC_REPRESENTATION_CONTEXT ( 3 ) GLOBAL_UNCERTAINTY_ASSIGNED_CONTEXT ( ( #2937 ) ) GLOBAL_UNIT_ASSIGNED_CONTEXT ( ( #11297, #10268, #11053 ) ) REPRESENTATION_CONTEXT ( 'NONE', 'WORKASPACE' ) );
#5776 = SURFACE_STYLE_USAGE ( .BOTH. , #8587 ) ;
#5777 = FACE_OUTER_BOUND ( 'NONE', #8843, .T. ) ;
#5778 = SURFACE_SIDE_STYLE ('',( #7508 ) ) ;
#5779 =( NAMED_UNIT ( * ) PLANE_ANGLE_UNIT ( ) SI_UNIT ( $, .RADIAN. ) );
#5780 =( GEOMETRIC_REPRESENTATION_CONTEXT ( 3 ) GLOBAL_UNCERTAINTY_ASSIGNED_CONTEXT ( ( #4883 ) ) GLOBAL_UNIT_ASSIGNED_CONTEXT ( ( #9719, #8833, #10596 ) ) REPRESENTATION_CONTEXT ( 'NONE', 'WORKASPACE' ) );
#5781 = FILL_AREA_STYLE ('',( #8523 ) ) ;
#5782 = CARTESIAN_POINT ( 'NONE',  ( -5.009999999999999787, 2.140000000000000124, -0.1000000000000000056 ) ) ;
#5783 = ORIENTED_EDGE ( 'NONE', *, *, #2551, .F. ) ;
#5784 = ADVANCED_FACE ( 'NONE', ( #4054 ), #3095, .F. ) ;
#5785 = LINE ( 'NONE', #94, #10706 ) ;
#5786 = ORIENTED_EDGE ( 'NONE', *, *, #5223, .F. ) ;
#5787 = VERTEX_POINT ( 'NONE', #11673 ) ;
#5788 = MECHANICAL_DESIGN_GEOMETRIC_PRESENTATION_REPRESENTATION (  '', ( #6396 ), #10577 ) ;
#5789 = STYLED_ITEM ( 'NONE', ( #12262 ), #5097 ) ;
#5790 = CARTESIAN_POINT ( 'NONE',  ( -5.000000000000000000, 2.939999999999999947, 1.100000000000000089 ) ) ;
#5791 = CARTESIAN_POINT ( 'NONE',  ( -2.940000000000044800, -4.250000000000000000, -0.1000000000000000056 ) ) ;
#5792 = DIRECTION ( 'NONE',  ( 3.252606517456518824E-15, 1.000000000000000000, 0.000000000000000000 ) ) ;
#5793 = PRESENTATION_STYLE_ASSIGNMENT (( #1812 ) ) ;
#5794 = COLOUR_RGB ( '',1.000000000000000000, 0.8117647058823529438, 0.5019607843137254832 ) ;
#5795 = DIRECTION ( 'NONE',  ( -1.000000000000000000, 1.047444401652940164E-14, 0.000000000000000000 ) ) ;
#5796 = SURFACE_STYLE_FILL_AREA ( #3908 ) ;
#5797 = PLANE ( 'NONE',  #2941 ) ;
#5798 = LINE ( 'NONE', #3910, #4497 ) ;
#5799 = VECTOR ( 'NONE', #10610, 1000.000000000000000 ) ;
#5800 = ADVANCED_FACE ( 'NONE', ( #8669 ), #6865, .F. ) ;
#5801 = CARTESIAN_POINT ( 'NONE',  ( -0.4000000000000519806, -5.000000000000000000, 1.000000000000000000 ) ) ;
#5802 = PRESENTATION_LAYER_ASSIGNMENT (  '', '', ( #4199 ) ) ;
#5803 = CARTESIAN_POINT ( 'NONE',  ( 5.009999999999999787, 1.469999999999999973, -0.1000000000000000056 ) ) ;
#5804 = ORIENTED_EDGE ( 'NONE', *, *, #10850, .F. ) ;
#5805 = UNCERTAINTY_MEASURE_WITH_UNIT (LENGTH_MEASURE( 1.000000000000000082E-05 ), #7558, 'distance_accuracy_value', 'NONE');
#5806 = COLOUR_RGB ( '',1.000000000000000000, 0.8117647058823529438, 0.5019607843137254832 ) ;
#5807 = PLANE ( 'NONE',  #7099 ) ;
#5808 = MECHANICAL_DESIGN_GEOMETRIC_PRESENTATION_REPRESENTATION (  '', ( #11607 ), #3604 ) ;
#5809 =( GEOMETRIC_REPRESENTATION_CONTEXT ( 3 ) GLOBAL_UNCERTAINTY_ASSIGNED_CONTEXT ( ( #3116 ) ) GLOBAL_UNIT_ASSIGNED_CONTEXT ( ( #8496, #11162, #8315 ) ) REPRESENTATION_CONTEXT ( 'NONE', 'WORKASPACE' ) );
#5810 = DIRECTION ( 'NONE',  ( -3.780601918172600153E-15, -1.000000000000000000, 0.000000000000000000 ) ) ;
#5811 = PRESENTATION_STYLE_ASSIGNMENT (( #6809 ) ) ;
#5812 = LINE ( 'NONE', #10738, #10199 ) ;
#5813 = DIRECTION ( 'NONE',  ( 1.000000000000000000, -3.491481338843135327E-15, 0.000000000000000000 ) ) ;
#5814 = CARTESIAN_POINT ( 'NONE',  ( -4.250000000000000000, 2.939999999999999947, -0.1000000000000000056 ) ) ;
#5815 = LINE ( 'NONE', #4682, #6133 ) ;
#5816 = EDGE_CURVE ( 'NONE', #4732, #4, #11740, .T. ) ;
#5817 = DIRECTION ( 'NONE',  ( -1.000000000000000000, -1.734723475976804876E-16, 0.000000000000000000 ) ) ;
#5819 = EDGE_CURVE ( 'NONE', #10140, #5756, #296, .T. ) ;
#5818 = COLOUR_RGB ( '',1.000000000000000000, 0.8117647058823529438, 0.5019607843137254832 ) ;
#5820 = FACE_OUTER_BOUND ( 'NONE', #2171, .T. ) ;
#5821 = SURFACE_STYLE_FILL_AREA ( #999 ) ;
#5822 = CARTESIAN_POINT ( 'NONE',  ( -2.940000000000049685, -4.750000000000000000, 1.100000000000000089 ) ) ;
#5823 = FACE_OUTER_BOUND ( 'NONE', #5443, .T. ) ;
#5824 = COLOUR_RGB ( '',1.000000000000000000, 0.8117647058823529438, 0.5019607843137254832 ) ;
#5825 = ORIENTED_EDGE ( 'NONE', *, *, #6963, .F. ) ;
#5826 = ORIENTED_EDGE ( 'NONE', *, *, #5136, .F. ) ;
#5827 = PRESENTATION_LAYER_ASSIGNMENT (  '', '', ( #4426 ) ) ;
#5828 = UNCERTAINTY_MEASURE_WITH_UNIT (LENGTH_MEASURE( 1.000000000000000082E-05 ), #2659, 'distance_accuracy_value', 'NONE');
#5829 = FACE_OUTER_BOUND ( 'NONE', #11899, .T. ) ;
#5830 = FACE_OUTER_BOUND ( 'NONE', #11380, .T. ) ;
#5831 = PLANE ( 'NONE',  #5444 ) ;
#5832 = FACE_OUTER_BOUND ( 'NONE', #8756, .T. ) ;
#5833 = ADVANCED_FACE ( 'NONE', ( #11862 ), #492, .F. ) ;
#5834 = DIRECTION ( 'NONE',  ( -1.000000000000000000, 0.000000000000000000, 0.000000000000000000 ) ) ;
#5835 = LINE ( 'NONE', #1908, #8111 ) ;
#5836 = AXIS2_PLACEMENT_3D ( 'NONE', #10412, #3772, #846 ) ;
#5837 = ORIENTED_EDGE ( 'NONE', *, *, #151, .T. ) ;
#5838 = VERTEX_POINT ( 'NONE', #5110 ) ;
#5839 = VECTOR ( 'NONE', #8781, 1000.000000000000000 ) ;
#5840 = ORIENTED_EDGE ( 'NONE', *, *, #11337, .F. ) ;
#5841 = ORIENTED_EDGE ( 'NONE', *, *, #10545, .F. ) ;
#5842 = CARTESIAN_POINT ( 'NONE',  ( 2.539999999999950298, -5.009999999999999787, 0.000000000000000000 ) ) ;
#5843 = VERTEX_POINT ( 'NONE', #3293 ) ;
#5844 = EDGE_CURVE ( 'NONE', #3351, #649, #8920, .T. ) ;
#5845 =( NAMED_UNIT ( * ) SI_UNIT ( $, .STERADIAN. ) SOLID_ANGLE_UNIT ( ) );
#5846 = FACE_OUTER_BOUND ( 'NONE', #12332, .T. ) ;
#5847 =( LENGTH_UNIT ( ) NAMED_UNIT ( * ) SI_UNIT ( .MILLI., .METRE. ) );
#5848 = CARTESIAN_POINT ( 'NONE',  ( -0.1999999999999830247, 5.000000000000000000, 1.100000000000000089 ) ) ;
#5849 = FILL_AREA_STYLE_COLOUR ( '', #7171 ) ;
#5850 = DIRECTION ( 'NONE',  ( 0.000000000000000000, 0.000000000000000000, -1.000000000000000000 ) ) ;
#5851 = SURFACE_STYLE_USAGE ( .BOTH. , #11675 ) ;
#5852 = ORIENTED_EDGE ( 'NONE', *, *, #9368, .F. ) ;
#5853 =( GEOMETRIC_REPRESENTATION_CONTEXT ( 3 ) GLOBAL_UNCERTAINTY_ASSIGNED_CONTEXT ( ( #8066 ) ) GLOBAL_UNIT_ASSIGNED_CONTEXT ( ( #11895, #3270, #7858 ) ) REPRESENTATION_CONTEXT ( 'NONE', 'WORKASPACE' ) );
#5854 = DIRECTION ( 'NONE',  ( -1.000000000000000000, 0.000000000000000000, 0.000000000000000000 ) ) ;
#5855 = EDGE_LOOP ( 'NONE', ( #1896, #532, #6665, #9350 ) ) ;
#5856 = VERTEX_POINT ( 'NONE', #4242 ) ;
#5857 = ADVANCED_FACE ( 'NONE', ( #7948 ), #1426, .F. ) ;
#5858 = DIRECTION ( 'NONE',  ( 1.000000000000000000, 0.000000000000000000, 0.000000000000000000 ) ) ;
#5859 = CARTESIAN_POINT ( 'NONE',  ( 1.470000000000015961, 5.009999999999999787, 1.100000000000000089 ) ) ;
#5860 = CARTESIAN_POINT ( 'NONE',  ( 0.4000000000000170641, 5.009999999999999787, -0.1000000000000000056 ) ) ;
#5861 = LINE ( 'NONE', #4915, #7790 ) ;
#5862 = FACE_OUTER_BOUND ( 'NONE', #7802, .T. ) ;
#5863 = DIRECTION ( 'NONE',  ( -1.000000000000000000, 0.000000000000000000, 0.000000000000000000 ) ) ;
#5864 = FILL_AREA_STYLE_COLOUR ( '', #1268 ) ;
#5865 = CARTESIAN_POINT ( 'NONE',  ( 5.009999999999999787, 1.469999999999999973, -0.1000000000000000056 ) ) ;
#5866 = EDGE_LOOP ( 'NONE', ( #6130, #4417, #3695, #5752 ) ) ;
#5867 = VECTOR ( 'NONE', #7936, 1000.000000000000000 ) ;
#5868 = LINE ( 'NONE', #4932, #5710 ) ;
#5869 = ADVANCED_FACE ( 'NONE', ( #6925 ), #10737, .F. ) ;
#5870 = SURFACE_SIDE_STYLE ('',( #9738 ) ) ;
#5871 = SURFACE_STYLE_USAGE ( .BOTH. , #4869 ) ;
#5872 = DIRECTION ( 'NONE',  ( -1.000000000000000000, 1.047444401652940164E-14, 0.000000000000000000 ) ) ;
#5873 = SURFACE_SIDE_STYLE ('',( #11575 ) ) ;
#5874 = VECTOR ( 'NONE', #88, 1000.000000000000000 ) ;
#5875 = SURFACE_SIDE_STYLE ('',( #3995 ) ) ;
#5876 =( LENGTH_UNIT ( ) NAMED_UNIT ( * ) SI_UNIT ( .MILLI., .METRE. ) );
#5877 = SURFACE_STYLE_USAGE ( .BOTH. , #9630 ) ;
#5878 = ORIENTED_EDGE ( 'NONE', *, *, #9702, .T. ) ;
#5879 = VERTEX_POINT ( 'NONE', #8475 ) ;
#5880 = DIRECTION ( 'NONE',  ( 1.000000000000000000, 0.000000000000000000, 0.000000000000000000 ) ) ;
#5881 = EDGE_CURVE ( 'NONE', #3938, #8178, #5363, .T. ) ;
#5882 = EDGE_CURVE ( 'NONE', #648, #7783, #808, .T. ) ;
#5883 = CARTESIAN_POINT ( 'NONE',  ( 0.8699999999999569189, -4.250000000000000000, -0.1000000000000000056 ) ) ;
#5884 = UNCERTAINTY_MEASURE_WITH_UNIT (LENGTH_MEASURE( 1.000000000000000082E-05 ), #11781, 'distance_accuracy_value', 'NONE');
#5885 = LINE ( 'NONE', #2095, #9319 ) ;
#5886 = FACE_OUTER_BOUND ( 'NONE', #2907, .T. ) ;
#5887 = UNCERTAINTY_MEASURE_WITH_UNIT (LENGTH_MEASURE( 1.000000000000000082E-05 ), #8893, 'distance_accuracy_value', 'NONE');
#5888 = FILL_AREA_STYLE ('',( #10631 ) ) ;
#5889 = FILL_AREA_STYLE_COLOUR ( '', #2302 ) ;
#5890 = CARTESIAN_POINT ( 'NONE',  ( 2.539999999999950298, -5.000000000000000000, -0.1000000000000000056 ) ) ;
#5891 = CARTESIAN_POINT ( 'NONE',  ( 4.750000000000000000, -0.8699999999999999956, 1.100000000000000089 ) ) ;
#5892 = DIRECTION ( 'NONE',  ( -1.047444401652940164E-14, -1.000000000000000000, 0.000000000000000000 ) ) ;
#5893 = ORIENTED_EDGE ( 'NONE', *, *, #8483, .F. ) ;
#5894 = CIRCLE ( 'NONE', #439, 0.1999999999999996503 ) ;
#5895 = ORIENTED_EDGE ( 'NONE', *, *, #8532, .F. ) ;
#5896 = DIRECTION ( 'NONE',  ( 0.000000000000000000, 0.000000000000000000, 1.000000000000000000 ) ) ;
#5897 = EDGE_CURVE ( 'NONE', #4, #2601, #1496, .T. ) ;
#5898 = ADVANCED_FACE ( 'NONE', ( #4430 ), #3417, .T. ) ;
#5899 = ORIENTED_EDGE ( 'NONE', *, *, #10354, .T. ) ;
#5900 =( LENGTH_UNIT ( ) NAMED_UNIT ( * ) SI_UNIT ( .MILLI., .METRE. ) );
#5901 = CIRCLE ( 'NONE', #3088, 0.1999999999999996503 ) ;
#5902 = PRESENTATION_STYLE_ASSIGNMENT (( #1802 ) ) ;
#5903 = DIRECTION ( 'NONE',  ( 1.000000000000000000, -1.047444401652940164E-14, 0.000000000000000000 ) ) ;
#5904 = ORIENTED_EDGE ( 'NONE', *, *, #5197, .F. ) ;
#5905 = LINE ( 'NONE', #5149, #10099 ) ;
#5906 = CARTESIAN_POINT ( 'NONE',  ( 5.009999999999999787, -2.540000000000000036, 0.000000000000000000 ) ) ;
#5907 = VERTEX_POINT ( 'NONE', #6482 ) ;
#5908 = EDGE_LOOP ( 'NONE', ( #11869, #1212, #11611, #7810, #9594, #8179, #10637, #7859 ) ) ;
#5909 =( GEOMETRIC_REPRESENTATION_CONTEXT ( 3 ) GLOBAL_UNCERTAINTY_ASSIGNED_CONTEXT ( ( #2441 ) ) GLOBAL_UNIT_ASSIGNED_CONTEXT ( ( #5133, #11822, #8749 ) ) REPRESENTATION_CONTEXT ( 'NONE', 'WORKASPACE' ) );
#5910 = SURFACE_SIDE_STYLE ('',( #2060 ) ) ;
#5911 =( LENGTH_UNIT ( ) NAMED_UNIT ( * ) SI_UNIT ( .MILLI., .METRE. ) );
#5912 = DIRECTION ( 'NONE',  ( 0.000000000000000000, -1.000000000000000000, 0.000000000000000000 ) ) ;
#5913 = COLOUR_RGB ( '',1.000000000000000000, 0.8117647058823529438, 0.5019607843137254832 ) ;
#5914 =( LENGTH_UNIT ( ) NAMED_UNIT ( * ) SI_UNIT ( .MILLI., .METRE. ) );
#5915 = CIRCLE ( 'NONE', #3716, 0.1999999999999996503 ) ;
#5916 = VERTEX_POINT ( 'NONE', #12114 ) ;
#5917 = EDGE_CURVE ( 'NONE', #6392, #1521, #3545, .T. ) ;
#5918 = CARTESIAN_POINT ( 'NONE',  ( -5.000000000000000000, 5.000000000000000000, 1.000000000000000000 ) ) ;
#5919 = UNCERTAINTY_MEASURE_WITH_UNIT (LENGTH_MEASURE( 1.000000000000000082E-05 ), #6813, 'distance_accuracy_value', 'NONE');
#5920 = COLOUR_RGB ( '',1.000000000000000000, 0.8117647058823529438, 0.5019607843137254832 ) ;
#5921 = PRESENTATION_LAYER_ASSIGNMENT (  '', '', ( #5118 ) ) ;
#5922 = FACE_OUTER_BOUND ( 'NONE', #1782, .T. ) ;
#5923 = VECTOR ( 'NONE', #11631, 1000.000000000000000 ) ;
#5924 = DIRECTION ( 'NONE',  ( 0.000000000000000000, 0.000000000000000000, -1.000000000000000000 ) ) ;
#5925 = VECTOR ( 'NONE', #925, 1000.000000000000000 ) ;
#5926 = AXIS2_PLACEMENT_3D ( 'NONE', #1907, #6700, #3883 ) ;
#5927 = DIRECTION ( 'NONE',  ( 1.047444401652940164E-14, 1.000000000000000000, 0.000000000000000000 ) ) ;
#5928 = PLANE ( 'NONE',  #11935 ) ;
#5929 = SURFACE_STYLE_USAGE ( .BOTH. , #7714 ) ;
#5930 = DIRECTION ( 'NONE',  ( -1.000000000000000000, 1.047444401652940164E-14, 0.000000000000000000 ) ) ;
#5931 = PRESENTATION_STYLE_ASSIGNMENT (( #2920 ) ) ;
#5932 =( NAMED_UNIT ( * ) SI_UNIT ( $, .STERADIAN. ) SOLID_ANGLE_UNIT ( ) );
#5933 = PRESENTATION_STYLE_ASSIGNMENT (( #7954 ) ) ;
#5934 = COLOUR_RGB ( '',1.000000000000000000, 0.8117647058823529438, 0.5019607843137254832 ) ;
#5935 = CARTESIAN_POINT ( 'NONE',  ( 4.250000000000000000, -0.8699999999999999956, -0.1000000000000000056 ) ) ;
#5936 = DIRECTION ( 'NONE',  ( 3.491481338843135327E-15, 1.000000000000000000, 0.000000000000000000 ) ) ;
#5937 = ORIENTED_EDGE ( 'NONE', *, *, #3895, .T. ) ;
#5938 = AXIS2_PLACEMENT_3D ( 'NONE', #11358, #12156, #5644 ) ;
#5939 = EDGE_CURVE ( 'NONE', #3567, #6056, #8347, .T. ) ;
#5940 = VECTOR ( 'NONE', #9596, 1000.000000000000000 ) ;
#5941 = VECTOR ( 'NONE', #9029, 1000.000000000000000 ) ;
#5942 = ORIENTED_EDGE ( 'NONE', *, *, #7406, .T. ) ;
#5943 = CARTESIAN_POINT ( 'NONE',  ( -3.750000000000000000, 3.250000000000000000, 2.500000000000000000 ) ) ;
#5944 = ORIENTED_EDGE ( 'NONE', *, *, #12278, .T. ) ;
#5945 = UNCERTAINTY_MEASURE_WITH_UNIT (LENGTH_MEASURE( 1.000000000000000082E-05 ), #4560, 'distance_accuracy_value', 'NONE');
#5946 = FILL_AREA_STYLE_COLOUR ( '', #3110 ) ;
#5947 = DIRECTION ( 'NONE',  ( 1.000000000000000000, 0.000000000000000000, 0.000000000000000000 ) ) ;
#5948 = PLANE ( 'NONE',  #7405 ) ;
#5949 = LINE ( 'NONE', #9000, #12112 ) ;
#5950 = DIRECTION ( 'NONE',  ( 0.000000000000000000, 0.000000000000000000, -1.000000000000000000 ) ) ;
#5951 = LINE ( 'NONE', #3059, #3302 ) ;
#5952 = ADVANCED_FACE ( 'NONE', ( #3606 ), #11259, .F. ) ;
#5953 = ORIENTED_EDGE ( 'NONE', *, *, #8763, .F. ) ;
#5954 = MECHANICAL_DESIGN_GEOMETRIC_PRESENTATION_REPRESENTATION (  '', ( #5356 ), #109 ) ;
#5955 = ORIENTED_EDGE ( 'NONE', *, *, #10334, .T. ) ;
#5956 = AXIS2_PLACEMENT_3D ( 'NONE', #9746, #7659, #2804 ) ;
#5957 = VERTEX_POINT ( 'NONE', #9726 ) ;
#5958 = ORIENTED_EDGE ( 'NONE', *, *, #7279, .F. ) ;
#5959 =( LENGTH_UNIT ( ) NAMED_UNIT ( * ) SI_UNIT ( .MILLI., .METRE. ) );
#5960 = COLOUR_RGB ( '',1.000000000000000000, 0.8117647058823529438, 0.5019607843137254832 ) ;
#5961 = VERTEX_POINT ( 'NONE', #3854 ) ;
#5962 = LINE ( 'NONE', #2169, #11041 ) ;
#5963 = PLANE ( 'NONE',  #3652 ) ;
#5964 = CARTESIAN_POINT ( 'NONE',  ( 4.250000000000000000, 0.8699999999999999956, -0.1000000000000000056 ) ) ;
#5965 = FACE_OUTER_BOUND ( 'NONE', #5908, .T. ) ;
#5966 = VERTEX_POINT ( 'NONE', #5666 ) ;
#5967 = EDGE_CURVE ( 'NONE', #10593, #5879, #5861, .T. ) ;
#5968 = ADVANCED_FACE ( 'NONE', ( #9604 ), #6855, .F. ) ;
#5969 = VECTOR ( 'NONE', #10995, 1000.000000000000000 ) ;
#5970 = VECTOR ( 'NONE', #11870, 1000.000000000000000 ) ;
#5971 = ORIENTED_EDGE ( 'NONE', *, *, #7681, .F. ) ;
#5972 = ORIENTED_EDGE ( 'NONE', *, *, #12238, .T. ) ;
#5973 = AXIS2_PLACEMENT_3D ( 'NONE', #2827, #8461, #4773 ) ;
#5974 = VECTOR ( 'NONE', #3850, 1000.000000000000000 ) ;
#5975 = LINE ( 'NONE', #2896, #1698 ) ;
#5976 = DIRECTION ( 'NONE',  ( 0.000000000000000000, 0.000000000000000000, -1.000000000000000000 ) ) ;
#5977 = CARTESIAN_POINT ( 'NONE',  ( -1.069999999999983853, 5.009999999999999787, 1.100000000000000089 ) ) ;
#5978 = COLOUR_RGB ( '',1.000000000000000000, 0.8117647058823529438, 0.5019607843137254832 ) ;
#5979 = EDGE_CURVE ( 'NONE', #6772, #2705, #4984, .T. ) ;
#5980 =( NAMED_UNIT ( * ) PLANE_ANGLE_UNIT ( ) SI_UNIT ( $, .RADIAN. ) );
#5981 = PLANE ( 'NONE',  #10342 ) ;
#5982 = ORIENTED_EDGE ( 'NONE', *, *, #4201, .T. ) ;
#5983 = AXIS2_PLACEMENT_3D ( 'NONE', #7443, #8314, #9330 ) ;
#5984 = VERTEX_POINT ( 'NONE', #1939 ) ;
#5985 =( LENGTH_UNIT ( ) NAMED_UNIT ( * ) SI_UNIT ( .MILLI., .METRE. ) );
#5986 = AXIS2_PLACEMENT_3D ( 'NONE', #11334, #6445, #770 ) ;
#5987 = CARTESIAN_POINT ( 'NONE',  ( -4.250000000000000000, 2.939999999999999947, 0.000000000000000000 ) ) ;
#5988 = DIRECTION ( 'NONE',  ( 0.000000000000000000, 0.000000000000000000, -1.000000000000000000 ) ) ;
#5989 = ADVANCED_FACE ( 'NONE', ( #11559 ), #4856, .F. ) ;
#5990 = FILL_AREA_STYLE ('',( #2142 ) ) ;
#5991 = MECHANICAL_DESIGN_GEOMETRIC_PRESENTATION_REPRESENTATION (  '', ( #754 ), #2359 ) ;
#5992 = VECTOR ( 'NONE', #7122, 1000.000000000000000 ) ;
#5993 = LINE ( 'NONE', #231, #10355 ) ;
#5994 = SURFACE_SIDE_STYLE ('',( #6987 ) ) ;
#5995 = LINE ( 'NONE', #3928, #11116 ) ;
#5996 = SURFACE_STYLE_FILL_AREA ( #6818 ) ;
#5997 =( LENGTH_UNIT ( ) NAMED_UNIT ( * ) SI_UNIT ( .MILLI., .METRE. ) );
#5998 = VERTEX_POINT ( 'NONE', #3280 ) ;
#5999 = AXIS2_PLACEMENT_3D ( 'NONE', #10743, #1244, #4874 ) ;
#6000 = COLOUR_RGB ( '',1.000000000000000000, 0.8117647058823529438, 0.5019607843137254832 ) ;
#6001 = ORIENTED_EDGE ( 'NONE', *, *, #1742, .F. ) ;
#6002 = CARTESIAN_POINT ( 'NONE',  ( -5.000000000000000000, 5.000000000000000000, 1.000000000000000000 ) ) ;
#6003 = UNCERTAINTY_MEASURE_WITH_UNIT (LENGTH_MEASURE( 1.000000000000000082E-05 ), #9812, 'distance_accuracy_value', 'NONE');
#6004 = DIRECTION ( 'NONE',  ( 0.000000000000000000, 0.000000000000000000, 1.000000000000000000 ) ) ;
#6005 = EDGE_CURVE ( 'NONE', #3633, #6952, #11847, .T. ) ;
#6006 = SURFACE_STYLE_USAGE ( .BOTH. , #10885 ) ;
#6007 = VECTOR ( 'NONE', #11666, 1000.000000000000000 ) ;
#6008 = CARTESIAN_POINT ( 'NONE',  ( 5.000000000000000000, -2.739999999999999769, -0.2999999999999999889 ) ) ;
#6009 = DIRECTION ( 'NONE',  ( 0.000000000000000000, 0.000000000000000000, -1.000000000000000000 ) ) ;
#6010 = AXIS2_PLACEMENT_3D ( 'NONE', #6407, #1735, #10410 ) ;
#6011 = LINE ( 'NONE', #197, #8325 ) ;
#6012 =( GEOMETRIC_REPRESENTATION_CONTEXT ( 3 ) GLOBAL_UNCERTAINTY_ASSIGNED_CONTEXT ( ( #7248 ) ) GLOBAL_UNIT_ASSIGNED_CONTEXT ( ( #4938, #1121, #9490 ) ) REPRESENTATION_CONTEXT ( 'NONE', 'WORKASPACE' ) );
#6013 = LINE ( 'NONE', #8875, #10787 ) ;
#6014 = ORIENTED_EDGE ( 'NONE', *, *, #3503, .T. ) ;
#6015 = EDGE_LOOP ( 'NONE', ( #9367, #6437, #202, #9263, #4492, #11918, #12226, #15 ) ) ;
#6016 = VERTEX_POINT ( 'NONE', #2367 ) ;
#6017 = DIRECTION ( 'NONE',  ( 1.000000000000000000, -1.047444401652940164E-14, 0.000000000000000000 ) ) ;
#6018 = COLOUR_RGB ( '',1.000000000000000000, 0.8117647058823529438, 0.5019607843137254832 ) ;
#6019 = VERTEX_POINT ( 'NONE', #10721 ) ;
#6020 = EDGE_CURVE ( 'NONE', #2522, #3567, #7156, .T. ) ;
#6021 = FILL_AREA_STYLE_COLOUR ( '', #9015 ) ;
#6022 = CARTESIAN_POINT ( 'NONE',  ( -2.340000000000050040, -5.000000000000000000, 1.100000000000000089 ) ) ;
#6023 = AXIS2_PLACEMENT_3D ( 'NONE', #7920, #11769, #7018 ) ;
#6024 = CYLINDRICAL_SURFACE ( 'NONE', #6846, 0.1999999999999996503 ) ;
#6025 = ORIENTED_EDGE ( 'NONE', *, *, #488, .T. ) ;
#6026 = VECTOR ( 'NONE', #3186, 1000.000000000000000 ) ;
#6027 = DIRECTION ( 'NONE',  ( 0.000000000000000000, 0.000000000000000000, -1.000000000000000000 ) ) ;
#6028 = ORIENTED_EDGE ( 'NONE', *, *, #7196, .T. ) ;
#6029 = ORIENTED_EDGE ( 'NONE', *, *, #10686, .F. ) ;
#6030 =( NAMED_UNIT ( * ) PLANE_ANGLE_UNIT ( ) SI_UNIT ( $, .RADIAN. ) );
#6031 =( GEOMETRIC_REPRESENTATION_CONTEXT ( 3 ) GLOBAL_UNCERTAINTY_ASSIGNED_CONTEXT ( ( #11347 ) ) GLOBAL_UNIT_ASSIGNED_CONTEXT ( ( #11164, #6208, #392 ) ) REPRESENTATION_CONTEXT ( 'NONE', 'WORKASPACE' ) );
#6032 = EDGE_CURVE ( 'NONE', #724, #6543, #10854, .T. ) ;
#6033 = ADVANCED_FACE ( 'NONE', ( #7094 ), #10786, .F. ) ;
#6034 = DIRECTION ( 'NONE',  ( 0.000000000000000000, 0.000000000000000000, -1.000000000000000000 ) ) ;
#6035 =( LENGTH_UNIT ( ) NAMED_UNIT ( * ) SI_UNIT ( .MILLI., .METRE. ) );
#6036 = FILL_AREA_STYLE_COLOUR ( '', #1410 ) ;
#6037 = DIRECTION ( 'NONE',  ( -1.000000000000000000, 0.000000000000000000, 0.000000000000000000 ) ) ;
#6038 = CARTESIAN_POINT ( 'NONE',  ( 0.4000000000000155098, 4.750000000000000000, 1.100000000000000089 ) ) ;
#6039 = EDGE_CURVE ( 'NONE', #600, #1381, #1171, .T. ) ;
#6040 = ORIENTED_EDGE ( 'NONE', *, *, #5421, .T. ) ;
#6041 = CARTESIAN_POINT ( 'NONE',  ( 0.4000000000000165090, 5.000000000000000000, 0.000000000000000000 ) ) ;
#6042 = DIRECTION ( 'NONE',  ( -1.000000000000000000, -1.734723475976804876E-16, 0.000000000000000000 ) ) ;
#6043 = VERTEX_POINT ( 'NONE', #9028 ) ;
#6044 = VERTEX_POINT ( 'NONE', #5215 ) ;
#6045 = EDGE_LOOP ( 'NONE', ( #3820, #3668, #3274, #4588 ) ) ;
#6046 = UNCERTAINTY_MEASURE_WITH_UNIT (LENGTH_MEASURE( 1.000000000000000082E-05 ), #1240, 'distance_accuracy_value', 'NONE');
#6047 = COLOUR_RGB ( '',0.5372549019607842924, 0.6235294117647058876, 0.000000000000000000 ) ;
#6048 = EDGE_CURVE ( 'NONE', #5481, #2934, #405, .T. ) ;
#6049 = LINE ( 'NONE', #3172, #6532 ) ;
#6050 =( LENGTH_UNIT ( ) NAMED_UNIT ( * ) SI_UNIT ( .MILLI., .METRE. ) );
#6051 = DIRECTION ( 'NONE',  ( -1.000000000000000000, 1.047444401652940164E-14, 0.000000000000000000 ) ) ;
#6052 = DIRECTION ( 'NONE',  ( 0.000000000000000000, 0.000000000000000000, 1.000000000000000000 ) ) ;
#6053 = DIRECTION ( 'NONE',  ( -3.318008991245455407E-15, -1.000000000000000000, 0.000000000000000000 ) ) ;
#6054 = FACE_OUTER_BOUND ( 'NONE', #6751, .T. ) ;
#6055 = CARTESIAN_POINT ( 'NONE',  ( -0.8700000000000440714, -4.250000000000000000, -0.1000000000000000056 ) ) ;
#6056 = VERTEX_POINT ( 'NONE', #6220 ) ;
#6057 = COLOUR_RGB ( '',1.000000000000000000, 0.8117647058823529438, 0.5019607843137254832 ) ;
#6058 = ORIENTED_EDGE ( 'NONE', *, *, #7234, .T. ) ;
#6059 = DIRECTION ( 'NONE',  ( 0.000000000000000000, 0.000000000000000000, 1.000000000000000000 ) ) ;
#6060 = CARTESIAN_POINT ( 'NONE',  ( -4.250000000000000000, 0.8699999999999999956, -0.1000000000000000056 ) ) ;
#6061 = SURFACE_STYLE_FILL_AREA ( #10627 ) ;
#6062 = AXIS2_PLACEMENT_3D ( 'NONE', #5532, #2497, #4468 ) ;
#6063 = FILL_AREA_STYLE_COLOUR ( '', #2783 ) ;
#6064 = SURFACE_SIDE_STYLE ('',( #2265 ) ) ;
#6065 = DIRECTION ( 'NONE',  ( 1.076356459585886213E-14, 1.000000000000000000, 0.000000000000000000 ) ) ;
#6066 = SURFACE_SIDE_STYLE ('',( #318 ) ) ;
#6067 = ORIENTED_EDGE ( 'NONE', *, *, #7509, .T. ) ;
#6068 = EDGE_CURVE ( 'NONE', #7348, #6044, #10025, .T. ) ;
#6069 = ORIENTED_EDGE ( 'NONE', *, *, #4509, .F. ) ;
#6070 =( NAMED_UNIT ( * ) SI_UNIT ( $, .STERADIAN. ) SOLID_ANGLE_UNIT ( ) );
#6071 = ORIENTED_EDGE ( 'NONE', *, *, #1154, .F. ) ;
#6072 = FILL_AREA_STYLE_COLOUR ( '', #8965 ) ;
#6073 = SURFACE_STYLE_FILL_AREA ( #328 ) ;
#6074 =( NAMED_UNIT ( * ) PLANE_ANGLE_UNIT ( ) SI_UNIT ( $, .RADIAN. ) );
#6075 = ORIENTED_EDGE ( 'NONE', *, *, #187, .T. ) ;
#6076 = EDGE_CURVE ( 'NONE', #504, #6016, #4040, .T. ) ;
#6077 = CARTESIAN_POINT ( 'NONE',  ( -4.750000000000000000, -0.4000000000000000222, 1.100000000000000089 ) ) ;
#6078 = ORIENTED_EDGE ( 'NONE', *, *, #10594, .F. ) ;
#6079 = ORIENTED_EDGE ( 'NONE', *, *, #7655, .T. ) ;
#6080 = DIRECTION ( 'NONE',  ( 1.000000000000000000, 1.734723475976804876E-16, 0.000000000000000000 ) ) ;
#6081 = CARTESIAN_POINT ( 'NONE',  ( -4.750000000000000000, -0.4000000000000000222, 1.100000000000000089 ) ) ;
#6082 = SURFACE_STYLE_USAGE ( .BOTH. , #10081 ) ;
#6083 = SURFACE_STYLE_FILL_AREA ( #6728 ) ;
#6084 = CARTESIAN_POINT ( 'NONE',  ( -5.000000000000000000, 0.8699999999999999956, 0.000000000000000000 ) ) ;
#6085 = EDGE_LOOP ( 'NONE', ( #2931, #7769, #5006, #3251 ) ) ;
#6086 = DIRECTION ( 'NONE',  ( 0.000000000000000000, -1.000000000000000000, 0.000000000000000000 ) ) ;
#6087 = VERTEX_POINT ( 'NONE', #6178 ) ;
#6088 = VECTOR ( 'NONE', #11804, 1000.000000000000000 ) ;
#6089 = EDGE_CURVE ( 'NONE', #189, #600, #5061, .T. ) ;
#6090 = AXIS2_PLACEMENT_3D ( 'NONE', #1159, #1995, #3778 ) ;
#6091 = EDGE_LOOP ( 'NONE', ( #10135, #2675, #6492, #4273 ) ) ;
#6092 = CARTESIAN_POINT ( 'NONE',  ( 2.140000000000000124, 4.750000000000000000, 1.100000000000000089 ) ) ;
#6093 = CYLINDRICAL_SURFACE ( 'NONE', #7503, 0.2000000000000000944 ) ;
#6094 = AXIS2_PLACEMENT_3D ( 'NONE', #8715, #11496, #1863 ) ;
#6095 = CARTESIAN_POINT ( 'NONE',  ( 0.8699999999999479261, -5.009999999999999787, -0.1000000000000000056 ) ) ;
#6096 =( LENGTH_UNIT ( ) NAMED_UNIT ( * ) SI_UNIT ( .MILLI., .METRE. ) );
#6097 = CARTESIAN_POINT ( 'NONE',  ( 1.669999999999949969, -4.750000000000000000, 1.100000000000000089 ) ) ;
#6098 = FILL_AREA_STYLE ('',( #7110 ) ) ;
#6099 = LINE ( 'NONE', #1303, #241 ) ;
#6100 = DIRECTION ( 'NONE',  ( 0.000000000000000000, 0.000000000000000000, -1.000000000000000000 ) ) ;
#6101 = CARTESIAN_POINT ( 'NONE',  ( -2.740000000000049507, -5.009999999999999787, 1.100000000000000089 ) ) ;
#6102 = SURFACE_STYLE_FILL_AREA ( #10872 ) ;
#6103 = FILL_AREA_STYLE_COLOUR ( '', #9401 ) ;
#6104 = FILL_AREA_STYLE_COLOUR ( '', #1103 ) ;
#6105 = DIRECTION ( 'NONE',  ( 0.000000000000000000, 0.000000000000000000, -1.000000000000000000 ) ) ;
#6106 = ORIENTED_EDGE ( 'NONE', *, *, #3060, .T. ) ;
#6107 = EDGE_CURVE ( 'NONE', #10860, #1996, #7894, .T. ) ;
#6108 = STYLED_ITEM ( 'NONE', ( #1106 ), #4447 ) ;
#6109 = EDGE_CURVE ( 'NONE', #9093, #828, #8926, .T. ) ;
#6110 = MECHANICAL_DESIGN_GEOMETRIC_PRESENTATION_REPRESENTATION (  '', ( #12315 ), #8900 ) ;
#6111 =( LENGTH_UNIT ( ) NAMED_UNIT ( * ) SI_UNIT ( .MILLI., .METRE. ) );
#6112 = MECHANICAL_DESIGN_GEOMETRIC_PRESENTATION_REPRESENTATION (  '', ( #1269 ), #9304 ) ;
#6113 = STYLED_ITEM ( 'NONE', ( #218 ), #10651 ) ;
#6114 = PRESENTATION_LAYER_ASSIGNMENT (  '', '', ( #11533 ) ) ;
#6115 = DIRECTION ( 'NONE',  ( 0.000000000000000000, 0.000000000000000000, -1.000000000000000000 ) ) ;
#6116 = ORIENTED_EDGE ( 'NONE', *, *, #8527, .T. ) ;
#6117 = CARTESIAN_POINT ( 'NONE',  ( 5.009999999999999787, -0.4000000000000000222, -0.1000000000000000056 ) ) ;
#6118 = UNCERTAINTY_MEASURE_WITH_UNIT (LENGTH_MEASURE( 1.000000000000000082E-05 ), #7774, 'distance_accuracy_value', 'NONE');
#6119 = CARTESIAN_POINT ( 'NONE',  ( -5.000000000000000000, 1.670000000000000151, 1.100000000000000089 ) ) ;
#6120 = DIRECTION ( 'NONE',  ( 0.000000000000000000, 0.000000000000000000, -1.000000000000000000 ) ) ;
#6121 = PLANE ( 'NONE',  #10553 ) ;
#6122 = VECTOR ( 'NONE', #2878, 1000.000000000000000 ) ;
#6123 = CARTESIAN_POINT ( 'NONE',  ( -3.250000000000000000, 3.250000000000000000, 2.500000000000000000 ) ) ;
#6124 = AXIS2_PLACEMENT_3D ( 'NONE', #9675, #11572, #12368 ) ;
#6125 = DIRECTION ( 'NONE',  ( -1.000000000000000000, 1.047444401652940164E-14, 0.000000000000000000 ) ) ;
#6126 = MECHANICAL_DESIGN_GEOMETRIC_PRESENTATION_REPRESENTATION (  '', ( #1893 ), #2503 ) ;
#6127 =( NAMED_UNIT ( * ) PLANE_ANGLE_UNIT ( ) SI_UNIT ( $, .RADIAN. ) );
#6128 = ORIENTED_EDGE ( 'NONE', *, *, #1430, .F. ) ;
#6129 = ORIENTED_EDGE ( 'NONE', *, *, #3445, .T. ) ;
#6130 = ORIENTED_EDGE ( 'NONE', *, *, #5338, .T. ) ;
#6131 = CARTESIAN_POINT ( 'NONE',  ( 5.009999999999999787, 1.469999999999999973, 1.100000000000000089 ) ) ;
#6132 = VECTOR ( 'NONE', #9539, 1000.000000000000000 ) ;
#6133 = VECTOR ( 'NONE', #10614, 1000.000000000000000 ) ;
#6134 = EDGE_LOOP ( 'NONE', ( #3966, #3780, #4751, #2375, #7593, #5715, #448, #3888 ) ) ;
#6135 =( LENGTH_UNIT ( ) NAMED_UNIT ( * ) SI_UNIT ( .MILLI., .METRE. ) );
#6136 = FILL_AREA_STYLE ('',( #6072 ) ) ;
#6137 = PLANE ( 'NONE',  #10612 ) ;
#6138 = DIRECTION ( 'NONE',  ( 1.000000000000000000, 0.000000000000000000, 0.000000000000000000 ) ) ;
#6139 = EDGE_CURVE ( 'NONE', #96, #2738, #11681, .T. ) ;
#6140 =( GEOMETRIC_REPRESENTATION_CONTEXT ( 3 ) GLOBAL_UNCERTAINTY_ASSIGNED_CONTEXT ( ( #2898 ) ) GLOBAL_UNIT_ASSIGNED_CONTEXT ( ( #3932, #5004, #2203 ) ) REPRESENTATION_CONTEXT ( 'NONE', 'WORKASPACE' ) );
#6141 = EDGE_LOOP ( 'NONE', ( #4589, #8987, #3410, #6837 ) ) ;
#6142 = DIRECTION ( 'NONE',  ( 0.000000000000000000, 1.000000000000000000, 0.000000000000000000 ) ) ;
#6143 = AXIS2_PLACEMENT_3D ( 'NONE', #7368, #2396, #10176 ) ;
#6144 = ORIENTED_EDGE ( 'NONE', *, *, #1897, .T. ) ;
#6145 = ORIENTED_EDGE ( 'NONE', *, *, #4646, .F. ) ;
#6146 = LINE ( 'NONE', #1220, #11766 ) ;
#6147 =( LENGTH_UNIT ( ) NAMED_UNIT ( * ) SI_UNIT ( .MILLI., .METRE. ) );
#6148 = COLOUR_RGB ( '',1.000000000000000000, 0.8117647058823529438, 0.5019607843137254832 ) ;
#6149 = VECTOR ( 'NONE', #1737, 1000.000000000000000 ) ;
#6150 = DIRECTION ( 'NONE',  ( 0.000000000000000000, 0.000000000000000000, 1.000000000000000000 ) ) ;
#6151 = PLANE ( 'NONE',  #11529 ) ;
#6152 = DIRECTION ( 'NONE',  ( 0.000000000000000000, 0.000000000000000000, -1.000000000000000000 ) ) ;
#6153 = EDGE_CURVE ( 'NONE', #7627, #3818, #7834, .T. ) ;
#6154 = DIRECTION ( 'NONE',  ( -0.000000000000000000, 1.000000000000000000, 0.000000000000000000 ) ) ;
#6155 = VECTOR ( 'NONE', #4654, 1000.000000000000000 ) ;
#6156 = CARTESIAN_POINT ( 'NONE',  ( -4.250000000000000000, 2.939999999999999947, -0.1000000000000000056 ) ) ;
#6157 = DIRECTION ( 'NONE',  ( 3.491481338843135327E-15, 1.000000000000000000, 0.000000000000000000 ) ) ;
#6158 = SURFACE_STYLE_USAGE ( .BOTH. , #11785 ) ;
#6159 = UNCERTAINTY_MEASURE_WITH_UNIT (LENGTH_MEASURE( 1.000000000000000082E-05 ), #5494, 'distance_accuracy_value', 'NONE');
#6160 = ORIENTED_EDGE ( 'NONE', *, *, #12183, .F. ) ;
#6161 = CARTESIAN_POINT ( 'NONE',  ( 0.4000000000000170641, 5.009999999999999787, 1.100000000000000089 ) ) ;
#6162 = ORIENTED_EDGE ( 'NONE', *, *, #10500, .F. ) ;
#6163 = CARTESIAN_POINT ( 'NONE',  ( -4.250000000000000000, 2.140000000000000124, -0.1000000000000000056 ) ) ;
#6164 = VECTOR ( 'NONE', #11442, 1000.000000000000000 ) ;
#6165 = ORIENTED_EDGE ( 'NONE', *, *, #4201, .F. ) ;
#6166 = ORIENTED_EDGE ( 'NONE', *, *, #177, .F. ) ;
#6167 = LINE ( 'NONE', #11920, #11857 ) ;
#6168 = DIRECTION ( 'NONE',  ( 1.000000000000000000, 0.000000000000000000, 0.000000000000000000 ) ) ;
#6169 = CARTESIAN_POINT ( 'NONE',  ( -0.3999999999999835354, 5.009999999999999787, -0.1000000000000000056 ) ) ;
#6170 =( LENGTH_UNIT ( ) NAMED_UNIT ( * ) SI_UNIT ( .MILLI., .METRE. ) );
#6171 =( NAMED_UNIT ( * ) SI_UNIT ( $, .STERADIAN. ) SOLID_ANGLE_UNIT ( ) );
#6172 = EDGE_CURVE ( 'NONE', #8047, #10385, #8859, .T. ) ;
#6173 = SURFACE_STYLE_USAGE ( .BOTH. , #10938 ) ;
#6174 = SURFACE_STYLE_FILL_AREA ( #7240 ) ;
#6175 = VECTOR ( 'NONE', #3388, 1000.000000000000000 ) ;
#6176 = COLOUR_RGB ( '',1.000000000000000000, 0.8117647058823529438, 0.5019607843137254832 ) ;
#6177 =( NAMED_UNIT ( * ) PLANE_ANGLE_UNIT ( ) SI_UNIT ( $, .RADIAN. ) );
#6178 = CARTESIAN_POINT ( 'NONE',  ( 2.739999999999950031, -5.009999999999999787, 1.100000000000000089 ) ) ;
#6179 = ORIENTED_EDGE ( 'NONE', *, *, #6005, .T. ) ;
#6180 = CARTESIAN_POINT ( 'NONE',  ( -5.000000000000000000, 5.000000000000000000, 0.000000000000000000 ) ) ;
#6181 = ORIENTED_EDGE ( 'NONE', *, *, #4243, .F. ) ;
#6182 = CARTESIAN_POINT ( 'NONE',  ( 5.009999999999999787, -1.670000000000000151, -0.1000000000000000056 ) ) ;
#6183 = SURFACE_STYLE_FILL_AREA ( #11209 ) ;
#6184 = VECTOR ( 'NONE', #5927, 1000.000000000000000 ) ;
#6185 = COLOUR_RGB ( '',0.5372549019607842924, 0.6235294117647058876, 0.000000000000000000 ) ;
#6186 = CARTESIAN_POINT ( 'NONE',  ( 1.669999999999949969, -5.009999999999999787, -0.1000000000000000056 ) ) ;
#6187 = CARTESIAN_POINT ( 'NONE',  ( -5.009999999999999787, -1.070000000000000062, 1.100000000000000089 ) ) ;
#6188 = CARTESIAN_POINT ( 'NONE',  ( -5.009999999999999787, -1.070000000000000062, -0.1000000000000000056 ) ) ;
#6189 = ADVANCED_FACE ( 'NONE', ( #9858 ), #8016, .F. ) ;
#6190 = EDGE_CURVE ( 'NONE', #11897, #6400, #1794, .T. ) ;
#6191 = DIRECTION ( 'NONE',  ( 0.000000000000000000, 0.000000000000000000, 1.000000000000000000 ) ) ;
#6192 = CARTESIAN_POINT ( 'NONE',  ( -5.000000000000000000, -2.540000000000000036, -0.2999999999999999889 ) ) ;
#6193 = SURFACE_SIDE_STYLE ('',( #7130 ) ) ;
#6194 = CARTESIAN_POINT ( 'NONE',  ( -5.000000000000000000, -2.540000000000000036, -0.2999999999999999889 ) ) ;
#6195 = DIRECTION ( 'NONE',  ( 0.000000000000000000, 0.000000000000000000, -1.000000000000000000 ) ) ;
#6196 = STYLED_ITEM ( 'NONE', ( #6814 ), #9397 ) ;
#6197 = DIRECTION ( 'NONE',  ( 0.000000000000000000, 0.000000000000000000, 1.000000000000000000 ) ) ;
#6198 = AXIS2_PLACEMENT_3D ( 'NONE', #6310, #4192, #3197 ) ;
#6199 = ORIENTED_EDGE ( 'NONE', *, *, #37, .F. ) ;
#6200 = VERTEX_POINT ( 'NONE', #2150 ) ;
#6201 = ORIENTED_EDGE ( 'NONE', *, *, #11543, .F. ) ;
#6202 = SURFACE_STYLE_FILL_AREA ( #650 ) ;
#6203 = EDGE_LOOP ( 'NONE', ( #4952, #10366, #5701, #8376, #5284, #5647, #4772, #6676 ) ) ;
#6204 = SURFACE_SIDE_STYLE ('',( #4266 ) ) ;
#6205 = AXIS2_PLACEMENT_3D ( 'NONE', #10148, #2494, #3525 ) ;
#6206 = COLOUR_RGB ( '',1.000000000000000000, 0.8117647058823529438, 0.5019607843137254832 ) ;
#6207 = EDGE_CURVE ( 'NONE', #827, #2379, #10940, .T. ) ;
#6208 =( NAMED_UNIT ( * ) PLANE_ANGLE_UNIT ( ) SI_UNIT ( $, .RADIAN. ) );
#6209 = FILL_AREA_STYLE ('',( #2797 ) ) ;
#6210 = PLANE ( 'NONE',  #10731 ) ;
#6211 = ADVANCED_FACE ( 'NONE', ( #11868 ), #3296, .F. ) ;
#6212 =( GEOMETRIC_REPRESENTATION_CONTEXT ( 3 ) GLOBAL_UNCERTAINTY_ASSIGNED_CONTEXT ( ( #10113 ) ) GLOBAL_UNIT_ASSIGNED_CONTEXT ( ( #3676, #8430, #8293 ) ) REPRESENTATION_CONTEXT ( 'NONE', 'WORKASPACE' ) );
#6213 = EDGE_LOOP ( 'NONE', ( #1399, #8681, #5637, #11856 ) ) ;
#6214 = ORIENTED_EDGE ( 'NONE', *, *, #3363, .T. ) ;
#6215 = PLANE ( 'NONE',  #7880 ) ;
#6216 = PRESENTATION_LAYER_ASSIGNMENT (  '', '', ( #12220 ) ) ;
#6217 = FILL_AREA_STYLE_COLOUR ( '', #3369 ) ;
#6218 = STYLED_ITEM ( 'NONE', ( #6381 ), #8746 ) ;
#6219 = PLANE ( 'NONE',  #11429 ) ;
#6220 = CARTESIAN_POINT ( 'NONE',  ( -2.939999999999999947, 5.000000000000000000, 1.000000000000000000 ) ) ;
#6221 = VECTOR ( 'NONE', #11126, 1000.000000000000000 ) ;
#6222 = DIRECTION ( 'NONE',  ( 0.000000000000000000, 0.000000000000000000, 1.000000000000000000 ) ) ;
#6223 = LINE ( 'NONE', #7037, #9683 ) ;
#6224 = ORIENTED_EDGE ( 'NONE', *, *, #1366, .F. ) ;
#6225 = CARTESIAN_POINT ( 'NONE',  ( 5.009999999999999787, -1.070000000000000062, -0.1000000000000000056 ) ) ;
#6226 = ORIENTED_EDGE ( 'NONE', *, *, #9977, .F. ) ;
#6227 = ORIENTED_EDGE ( 'NONE', *, *, #2790, .T. ) ;
#6229 = VERTEX_POINT ( 'NONE', #12006 ) ;
#6228 = MECHANICAL_DESIGN_GEOMETRIC_PRESENTATION_REPRESENTATION (  '', ( #7229 ), #9431 ) ;
#6230 = UNCERTAINTY_MEASURE_WITH_UNIT (LENGTH_MEASURE( 1.000000000000000082E-05 ), #12232, 'distance_accuracy_value', 'NONE');
#6231 = ORIENTED_EDGE ( 'NONE', *, *, #12357, .T. ) ;
#6232 = ADVANCED_FACE ( 'NONE', ( #11202 ), #4552, .F. ) ;
#6233 =( NAMED_UNIT ( * ) PLANE_ANGLE_UNIT ( ) SI_UNIT ( $, .RADIAN. ) );
#6234 = PRESENTATION_STYLE_ASSIGNMENT (( #10039 ) ) ;
#6235 = FACE_OUTER_BOUND ( 'NONE', #11777, .T. ) ;
#6236 = DIRECTION ( 'NONE',  ( -1.000000000000000000, 0.000000000000000000, 0.000000000000000000 ) ) ;
#6237 =( NAMED_UNIT ( * ) SI_UNIT ( $, .STERADIAN. ) SOLID_ANGLE_UNIT ( ) );
#6238 = CARTESIAN_POINT ( 'NONE',  ( -2.540000000000050218, -5.000000000000000000, -0.1000000000000000056 ) ) ;
#6239 = SURFACE_STYLE_USAGE ( .BOTH. , #1371 ) ;
#6240 = VECTOR ( 'NONE', #6760, 1000.000000000000000 ) ;
#6241 = PLANE ( 'NONE',  #3093 ) ;
#6242 = PRESENTATION_STYLE_ASSIGNMENT (( #8155 ) ) ;
#6243 = FACE_BOUND ( 'NONE', #9989, .T. ) ;
#6244 = ORIENTED_EDGE ( 'NONE', *, *, #8198, .F. ) ;
#6245 = STYLED_ITEM ( 'NONE', ( #2225 ), #2672 ) ;
#6246 = DIRECTION ( 'NONE',  ( 1.734723475976804876E-16, -1.000000000000000000, 0.000000000000000000 ) ) ;
#6247 = ADVANCED_FACE ( 'NONE', ( #12121 ), #1638, .F. ) ;
#6248 = DIRECTION ( 'NONE',  ( 0.000000000000000000, 0.000000000000000000, 1.000000000000000000 ) ) ;
#6249 = ORIENTED_EDGE ( 'NONE', *, *, #6264, .T. ) ;
#6250 = CARTESIAN_POINT ( 'NONE',  ( -2.940000000000049685, -5.000000000000000000, 1.000000000000000000 ) ) ;
#6251 = UNCERTAINTY_MEASURE_WITH_UNIT (LENGTH_MEASURE( 1.000000000000000082E-05 ), #5005, 'distance_accuracy_value', 'NONE');
#6252 = LINE ( 'NONE', #5125, #10998 ) ;
#6253 = CARTESIAN_POINT ( 'NONE',  ( -5.009999999999999787, 2.339999999999999858, 1.100000000000000089 ) ) ;
#6254 = CARTESIAN_POINT ( 'NONE',  ( -3.250000000000000000, 3.250000000000000000, 2.510000000000000231 ) ) ;
#6255 =( NAMED_UNIT ( * ) PLANE_ANGLE_UNIT ( ) SI_UNIT ( $, .RADIAN. ) );
#6256 =( LENGTH_UNIT ( ) NAMED_UNIT ( * ) SI_UNIT ( .MILLI., .METRE. ) );
#6257 = VECTOR ( 'NONE', #9073, 1000.000000000000000 ) ;
#6258 =( LENGTH_UNIT ( ) NAMED_UNIT ( * ) SI_UNIT ( .MILLI., .METRE. ) );
#6259 = LINE ( 'NONE', #11086, #8882 ) ;
#6260 = DIRECTION ( 'NONE',  ( 1.000000000000000000, 0.000000000000000000, 0.000000000000000000 ) ) ;
#6261 = LINE ( 'NONE', #1448, #8224 ) ;
#6262 = ORIENTED_EDGE ( 'NONE', *, *, #5668, .T. ) ;
#6263 = ADVANCED_FACE ( 'NONE', ( #5276 ), #9892, .F. ) ;
#6264 = EDGE_CURVE ( 'NONE', #8642, #3684, #7219, .T. ) ;
#6265 = ORIENTED_EDGE ( 'NONE', *, *, #10388, .F. ) ;
#6266 = VECTOR ( 'NONE', #4597, 1000.000000000000000 ) ;
#6267 = LINE ( 'NONE', #10065, #332 ) ;
#6268 = EDGE_LOOP ( 'NONE', ( #9705, #10647, #2353, #7556 ) ) ;
#6269 = DIRECTION ( 'NONE',  ( -1.000000000000000000, 0.000000000000000000, 0.000000000000000000 ) ) ;
#6270 =( LENGTH_UNIT ( ) NAMED_UNIT ( * ) SI_UNIT ( .MILLI., .METRE. ) );
#6271 = DIRECTION ( 'NONE',  ( 0.000000000000000000, 0.000000000000000000, 1.000000000000000000 ) ) ;
#6272 = CARTESIAN_POINT ( 'NONE',  ( 0.8699999999999510347, -4.750000000000000000, 1.100000000000000089 ) ) ;
#6273 = SURFACE_STYLE_FILL_AREA ( #8885 ) ;
#6274 = CARTESIAN_POINT ( 'NONE',  ( -4.750000000000000000, 1.670000000000000151, 1.100000000000000089 ) ) ;
#6275 = DIRECTION ( 'NONE',  ( -1.047444401652940164E-14, -1.000000000000000000, 0.000000000000000000 ) ) ;
#6276 = PRESENTATION_STYLE_ASSIGNMENT (( #2423 ) ) ;
#6277 = EDGE_CURVE ( 'NONE', #1729, #4246, #11054, .T. ) ;
#6278 = VERTEX_POINT ( 'NONE', #10851 ) ;
#6279 = EDGE_CURVE ( 'NONE', #3602, #8156, #1281, .T. ) ;
#6280 = ORIENTED_EDGE ( 'NONE', *, *, #9622, .F. ) ;
#6281 = DIRECTION ( 'NONE',  ( -1.000000000000000000, 1.047444401652940164E-14, 0.000000000000000000 ) ) ;
#6282 = FILL_AREA_STYLE ('',( #2431 ) ) ;
#6283 = CARTESIAN_POINT ( 'NONE',  ( -5.000000000000000000, -2.140000000000000124, 1.000000000000000000 ) ) ;
#6284 = LINE ( 'NONE', #10084, #9483 ) ;
#6285 = ORIENTED_EDGE ( 'NONE', *, *, #10865, .T. ) ;
#6286 = DIRECTION ( 'NONE',  ( -1.047444401652940164E-14, -1.000000000000000000, 0.000000000000000000 ) ) ;
#6287 = LINE ( 'NONE', #9905, #6771 ) ;
#6288 = ORIENTED_EDGE ( 'NONE', *, *, #3256, .T. ) ;
#6289 = ORIENTED_EDGE ( 'NONE', *, *, #10594, .T. ) ;
#6290 = EDGE_LOOP ( 'NONE', ( #11521, #11647, #1847, #7612 ) ) ;
#6291 =( LENGTH_UNIT ( ) NAMED_UNIT ( * ) SI_UNIT ( .MILLI., .METRE. ) );
#6292 = VECTOR ( 'NONE', #6534, 1000.000000000000000 ) ;
#6293 = FILL_AREA_STYLE ('',( #3289 ) ) ;
#6294 = PRESENTATION_STYLE_ASSIGNMENT (( #12110 ) ) ;
#6295 = FILL_AREA_STYLE_COLOUR ( '', #9115 ) ;
#6296 = CARTESIAN_POINT ( 'NONE',  ( 4.250000000000000000, 2.140000000000000124, -0.1000000000000000056 ) ) ;
#6297 = AXIS2_PLACEMENT_3D ( 'NONE', #12141, #4315, #9197 ) ;
#6298 = EDGE_CURVE ( 'NONE', #4750, #11598, #4094, .T. ) ;
#6299 = SURFACE_STYLE_FILL_AREA ( #8080 ) ;
#6300 =( LENGTH_UNIT ( ) NAMED_UNIT ( * ) SI_UNIT ( .MILLI., .METRE. ) );
#6301 = SURFACE_STYLE_USAGE ( .BOTH. , #4487 ) ;
#6302 = ORIENTED_EDGE ( 'NONE', *, *, #9717, .T. ) ;
#6303 = CARTESIAN_POINT ( 'NONE',  ( 2.939999999999999947, 4.250000000000000000, -0.1000000000000000056 ) ) ;
#6304 = STYLED_ITEM ( 'NONE', ( #2445 ), #4219 ) ;
#6305 = ORIENTED_EDGE ( 'NONE', *, *, #1938, .F. ) ;
#6306 = COLOUR_RGB ( '',1.000000000000000000, 0.8117647058823529438, 0.5019607843137254832 ) ;
#6307 = VECTOR ( 'NONE', #9206, 1000.000000000000000 ) ;
#6308 = ADVANCED_FACE ( 'NONE', ( #7154 ), #6219, .F. ) ;
#6309 = CARTESIAN_POINT ( 'NONE',  ( -4.250000000000000000, 0.8699999999999999956, -0.1000000000000000056 ) ) ;
#6310 = CARTESIAN_POINT ( 'NONE',  ( -0.8699999999999840083, 4.750000000000000000, 1.100000000000000089 ) ) ;
#6311 = DIRECTION ( 'NONE',  ( -1.734723475976804876E-16, 1.000000000000000000, 0.000000000000000000 ) ) ;
#6312 = DIRECTION ( 'NONE',  ( 1.000000000000000000, 0.000000000000000000, 0.000000000000000000 ) ) ;
#6313 = EDGE_CURVE ( 'NONE', #6912, #1524, #7869, .T. ) ;
#6314 = SURFACE_SIDE_STYLE ('',( #7380 ) ) ;
#6315 = VECTOR ( 'NONE', #5711, 1000.000000000000000 ) ;
#6316 = PRESENTATION_STYLE_ASSIGNMENT (( #10187 ) ) ;
#6317 = VECTOR ( 'NONE', #12003, 1000.000000000000000 ) ;
#6318 = VECTOR ( 'NONE', #9661, 1000.000000000000000 ) ;
#6319 = PRESENTATION_LAYER_ASSIGNMENT (  '', '', ( #5720 ) ) ;
#6320 = AXIS2_PLACEMENT_3D ( 'NONE', #9145, #1533, #11237 ) ;
#6321 = EDGE_LOOP ( 'NONE', ( #4393, #1024, #12107, #8771 ) ) ;
#6322 = ORIENTED_EDGE ( 'NONE', *, *, #9573, .F. ) ;
#6323 = VERTEX_POINT ( 'NONE', #5592 ) ;
#6324 = DIRECTION ( 'NONE',  ( 0.000000000000000000, 0.000000000000000000, 1.000000000000000000 ) ) ;
#6325 = COLOUR_RGB ( '',1.000000000000000000, 0.8117647058823529438, 0.5019607843137254832 ) ;
#6326 = MECHANICAL_DESIGN_GEOMETRIC_PRESENTATION_REPRESENTATION (  '', ( #8095 ), #10288 ) ;
#6327 = VECTOR ( 'NONE', #4983, 1000.000000000000000 ) ;
#6328 = VECTOR ( 'NONE', #6197, 1000.000000000000000 ) ;
#6329 = EDGE_CURVE ( 'NONE', #1808, #9317, #9992, .T. ) ;
#6330 = DIRECTION ( 'NONE',  ( -1.047444401652940164E-14, -1.000000000000000000, 0.000000000000000000 ) ) ;
#6331 = LINE ( 'NONE', #3511, #12319 ) ;
#6332 = EDGE_CURVE ( 'NONE', #4202, #5477, #2691, .T. ) ;
#6333 = CARTESIAN_POINT ( 'NONE',  ( 4.250000000000000000, 4.250000000000000000, 2.500000000000000000 ) ) ;
#6334 = ORIENTED_EDGE ( 'NONE', *, *, #12260, .F. ) ;
#6335 = SURFACE_SIDE_STYLE ('',( #9079 ) ) ;
#6336 = COLOUR_RGB ( '',1.000000000000000000, 0.8117647058823529438, 0.5019607843137254832 ) ;
#6337 = ORIENTED_EDGE ( 'NONE', *, *, #4895, .T. ) ;
#6338 = ORIENTED_EDGE ( 'NONE', *, *, #7182, .F. ) ;
#6339 = CARTESIAN_POINT ( 'NONE',  ( -2.739999999999999769, 5.000000000000000000, 1.100000000000000089 ) ) ;
#6340 = DIRECTION ( 'NONE',  ( 0.000000000000000000, 0.000000000000000000, -1.000000000000000000 ) ) ;
#6341 = LINE ( 'NONE', #729, #1734 ) ;
#6342 = CARTESIAN_POINT ( 'NONE',  ( -1.469999999999981988, 5.000000000000000000, -0.2999999999999999889 ) ) ;
#6343 = VECTOR ( 'NONE', #6990, 1000.000000000000000 ) ;
#6344 = EDGE_CURVE ( 'NONE', #10304, #5347, #3650, .T. ) ;
#6345 =( GEOMETRIC_REPRESENTATION_CONTEXT ( 3 ) GLOBAL_UNCERTAINTY_ASSIGNED_CONTEXT ( ( #3824 ) ) GLOBAL_UNIT_ASSIGNED_CONTEXT ( ( #11513, #48, #7717 ) ) REPRESENTATION_CONTEXT ( 'NONE', 'WORKASPACE' ) );
#6346 = EDGE_CURVE ( 'NONE', #9469, #4030, #730, .T. ) ;
#6347 = LINE ( 'NONE', #1553, #628 ) ;
#6348 = VERTEX_POINT ( 'NONE', #1617 ) ;
#6349 = CARTESIAN_POINT ( 'NONE',  ( 1.669999999999949969, -5.000000000000000000, 0.000000000000000000 ) ) ;
#6350 = ORIENTED_EDGE ( 'NONE', *, *, #3747, .F. ) ;
#6351 = DIRECTION ( 'NONE',  ( -3.318008991245455407E-15, -1.000000000000000000, 0.000000000000000000 ) ) ;
#6352 = EDGE_LOOP ( 'NONE', ( #7075, #7482, #1849, #9769 ) ) ;
#6353 = UNCERTAINTY_MEASURE_WITH_UNIT (LENGTH_MEASURE( 1.000000000000000082E-05 ), #12206, 'distance_accuracy_value', 'NONE');
#6354 = ORIENTED_EDGE ( 'NONE', *, *, #1651, .T. ) ;
#6355 =( GEOMETRIC_REPRESENTATION_CONTEXT ( 3 ) GLOBAL_UNCERTAINTY_ASSIGNED_CONTEXT ( ( #8538 ) ) GLOBAL_UNIT_ASSIGNED_CONTEXT ( ( #11867, #6177, #9987 ) ) REPRESENTATION_CONTEXT ( 'NONE', 'WORKASPACE' ) );
#6356 =( GEOMETRIC_REPRESENTATION_CONTEXT ( 3 ) GLOBAL_UNCERTAINTY_ASSIGNED_CONTEXT ( ( #4578 ) ) GLOBAL_UNIT_ASSIGNED_CONTEXT ( ( #10559, #11582, #8620 ) ) REPRESENTATION_CONTEXT ( 'NONE', 'WORKASPACE' ) );
#6357 = FACE_OUTER_BOUND ( 'NONE', #3833, .T. ) ;
#6358 =( GEOMETRIC_REPRESENTATION_CONTEXT ( 3 ) GLOBAL_UNCERTAINTY_ASSIGNED_CONTEXT ( ( #8745 ) ) GLOBAL_UNIT_ASSIGNED_CONTEXT ( ( #7027, #9152, #10848 ) ) REPRESENTATION_CONTEXT ( 'NONE', 'WORKASPACE' ) );
#6359 = DIRECTION ( 'NONE',  ( 0.000000000000000000, -1.000000000000000000, 0.000000000000000000 ) ) ;
#6360 = LINE ( 'NONE', #6424, #4782 ) ;
#6361 =( NAMED_UNIT ( * ) PLANE_ANGLE_UNIT ( ) SI_UNIT ( $, .RADIAN. ) );
#6362 = CARTESIAN_POINT ( 'NONE',  ( -0.4000000000000434874, -4.250000000000000000, 0.000000000000000000 ) ) ;
#6363 = CARTESIAN_POINT ( 'NONE',  ( -5.009999999999999787, 2.140000000000000124, -0.1000000000000000056 ) ) ;
#6364 = EDGE_CURVE ( 'NONE', #12378, #6043, #9406, .T. ) ;
#6365 = CARTESIAN_POINT ( 'NONE',  ( 5.009999999999999787, 0.8699999999999999956, 1.100000000000000089 ) ) ;
#6366 = DIRECTION ( 'NONE',  ( -1.000000000000000000, 1.047444401652940164E-14, 0.000000000000000000 ) ) ;
#6367 = VECTOR ( 'NONE', #12398, 1000.000000000000000 ) ;
#6368 = PLANE ( 'NONE',  #11370 ) ;
#6369 = FILL_AREA_STYLE_COLOUR ( '', #7023 ) ;
#6370 = EDGE_LOOP ( 'NONE', ( #5636, #5259, #7811, #8210 ) ) ;
#6371 =( GEOMETRIC_REPRESENTATION_CONTEXT ( 3 ) GLOBAL_UNCERTAINTY_ASSIGNED_CONTEXT ( ( #9900 ) ) GLOBAL_UNIT_ASSIGNED_CONTEXT ( ( #6096, #2196, #11005 ) ) REPRESENTATION_CONTEXT ( 'NONE', 'WORKASPACE' ) );
#6372 = MECHANICAL_DESIGN_GEOMETRIC_PRESENTATION_REPRESENTATION (  '', ( #9161 ), #9561 ) ;
#6373 = LINE ( 'NONE', #8019, #5970 ) ;
#6374 = AXIS2_PLACEMENT_3D ( 'NONE', #5553, #3617, #8482 ) ;
#6375 = CARTESIAN_POINT ( 'NONE',  ( 0.3999999999999510059, -4.750000000000000000, 1.100000000000000089 ) ) ;
#6376 = ORIENTED_EDGE ( 'NONE', *, *, #5668, .F. ) ;
#6377 = EDGE_CURVE ( 'NONE', #8401, #10281, #349, .T. ) ;
#6378 = UNCERTAINTY_MEASURE_WITH_UNIT (LENGTH_MEASURE( 1.000000000000000082E-05 ), #331, 'distance_accuracy_value', 'NONE');
#6379 = CARTESIAN_POINT ( 'NONE',  ( 0.2000000000000165257, 5.000000000000000000, 1.100000000000000089 ) ) ;
#6380 = SURFACE_STYLE_FILL_AREA ( #3494 ) ;
#6381 = PRESENTATION_STYLE_ASSIGNMENT (( #3809 ) ) ;
#6382 = DIRECTION ( 'NONE',  ( 1.000000000000000000, -3.491481338843135327E-15, 0.000000000000000000 ) ) ;
#6383 =( GEOMETRIC_REPRESENTATION_CONTEXT ( 3 ) GLOBAL_UNCERTAINTY_ASSIGNED_CONTEXT ( ( #9640 ) ) GLOBAL_UNIT_ASSIGNED_CONTEXT ( ( #9423, #10221, #674 ) ) REPRESENTATION_CONTEXT ( 'NONE', 'WORKASPACE' ) );
#6384 = PRESENTATION_STYLE_ASSIGNMENT (( #11145 ) ) ;
#6385 = PLANE ( 'NONE',  #9240 ) ;
#6386 = CARTESIAN_POINT ( 'NONE',  ( 5.009999999999999787, -1.469999999999999973, 1.100000000000000089 ) ) ;
#6387 = ORIENTED_EDGE ( 'NONE', *, *, #11320, .F. ) ;
#6388 = VERTEX_POINT ( 'NONE', #6469 ) ;
#6389 =( NAMED_UNIT ( * ) PLANE_ANGLE_UNIT ( ) SI_UNIT ( $, .RADIAN. ) );
#6390 = ORIENTED_EDGE ( 'NONE', *, *, #2728, .F. ) ;
#6391 = CIRCLE ( 'NONE', #7750, 0.1999999999999996503 ) ;
#6392 = VERTEX_POINT ( 'NONE', #1551 ) ;
#6393 = EDGE_CURVE ( 'NONE', #1404, #3233, #4594, .T. ) ;
#6394 =( LENGTH_UNIT ( ) NAMED_UNIT ( * ) SI_UNIT ( .MILLI., .METRE. ) );
#6395 = PLANE ( 'NONE',  #8614 ) ;
#6396 = STYLED_ITEM ( 'NONE', ( #311 ), #1461 ) ;
#6397 = CARTESIAN_POINT ( 'NONE',  ( -5.000000000000000000, -1.670000000000000151, 1.000000000000000000 ) ) ;
#6398 = EDGE_LOOP ( 'NONE', ( #8976, #9711, #4451, #2991 ) ) ;
#6399 = LINE ( 'NONE', #2558, #4713 ) ;
#6400 = VERTEX_POINT ( 'NONE', #610 ) ;
#6401 = ORIENTED_EDGE ( 'NONE', *, *, #6843, .F. ) ;
#6402 =( NAMED_UNIT ( * ) SI_UNIT ( $, .STERADIAN. ) SOLID_ANGLE_UNIT ( ) );
#6403 = PRESENTATION_LAYER_ASSIGNMENT (  '', '', ( #3025 ) ) ;
#6404 = EDGE_CURVE ( 'NONE', #5856, #2425, #8393, .T. ) ;
#6405 = COLOUR_RGB ( '',1.000000000000000000, 0.8117647058823529438, 0.5019607843137254832 ) ;
#6406 = SURFACE_STYLE_FILL_AREA ( #609 ) ;
#6407 = CARTESIAN_POINT ( 'NONE',  ( 2.540000000000000036, 5.000000000000000000, -0.1000000000000000056 ) ) ;
#6408 = DIRECTION ( 'NONE',  ( 1.000000000000000000, 0.000000000000000000, 0.000000000000000000 ) ) ;
#6409 = PRESENTATION_LAYER_ASSIGNMENT (  '', '', ( #5207 ) ) ;
#6410 = SURFACE_STYLE_USAGE ( .BOTH. , #12172 ) ;
#6411 = ORIENTED_EDGE ( 'NONE', *, *, #4733, .T. ) ;
#6412 = COLOUR_RGB ( '',1.000000000000000000, 0.8117647058823529438, 0.5019607843137254832 ) ;
#6413 = FILL_AREA_STYLE_COLOUR ( '', #4166 ) ;
#6414 = ORIENTED_EDGE ( 'NONE', *, *, #9923, .T. ) ;
#6415 = EDGE_LOOP ( 'NONE', ( #2015, #11409, #3696, #12101, #3783, #11155, #6753, #7350 ) ) ;
#6416 = FILL_AREA_STYLE ('',( #7459 ) ) ;
#6417 = EDGE_CURVE ( 'NONE', #4017, #2442, #10269, .T. ) ;
#6419 = EDGE_CURVE ( 'NONE', #1730, #2863, #10208, .T. ) ;
#6418 = STYLED_ITEM ( 'NONE', ( #8670 ), #8817 ) ;
#6420 = VECTOR ( 'NONE', #10226, 1000.000000000000000 ) ;
#6421 = CARTESIAN_POINT ( 'NONE',  ( -1.670000000000045226, -4.250000000000000000, -0.1000000000000000056 ) ) ;
#6422 = EDGE_CURVE ( 'NONE', #7583, #7331, #1799, .T. ) ;
#6423 = DIRECTION ( 'NONE',  ( 3.491481338843135327E-15, 1.000000000000000000, 0.000000000000000000 ) ) ;
#6424 = CARTESIAN_POINT ( 'NONE',  ( -5.009999999999999787, -1.070000000000000062, 1.100000000000000089 ) ) ;
#6425 = CARTESIAN_POINT ( 'NONE',  ( -5.009999999999999787, -1.070000000000000062, -0.1000000000000000056 ) ) ;
#6426 = PRESENTATION_STYLE_ASSIGNMENT (( #4483 ) ) ;
#6427 = SURFACE_SIDE_STYLE ('',( #6102 ) ) ;
#6428 = CARTESIAN_POINT ( 'NONE',  ( 4.750000000000000000, 1.670000000000000151, 1.100000000000000089 ) ) ;
#6429 = CARTESIAN_POINT ( 'NONE',  ( -2.540000000000000036, 5.009999999999999787, 0.000000000000000000 ) ) ;
#6430 = CARTESIAN_POINT ( 'NONE',  ( -4.250000000000000000, -4.250000000000000000, 2.500000000000000000 ) ) ;
#6431 = ORIENTED_EDGE ( 'NONE', *, *, #177, .T. ) ;
#6432 = MECHANICAL_DESIGN_GEOMETRIC_PRESENTATION_REPRESENTATION (  '', ( #3834 ), #956 ) ;
#6433 = FACE_OUTER_BOUND ( 'NONE', #7989, .T. ) ;
#6434 =( NAMED_UNIT ( * ) SI_UNIT ( $, .STERADIAN. ) SOLID_ANGLE_UNIT ( ) );
#6435 = ADVANCED_FACE ( 'NONE', ( #9278 ), #664, .T. ) ;
#6436 =( NAMED_UNIT ( * ) SI_UNIT ( $, .STERADIAN. ) SOLID_ANGLE_UNIT ( ) );
#6437 = ORIENTED_EDGE ( 'NONE', *, *, #1096, .F. ) ;
#6438 = CARTESIAN_POINT ( 'NONE',  ( -5.009999999999999787, 2.939999999999999947, 1.100000000000000089 ) ) ;
#6439 = DIRECTION ( 'NONE',  ( 1.076356459585886213E-14, 1.000000000000000000, 0.000000000000000000 ) ) ;
#6440 =( LENGTH_UNIT ( ) NAMED_UNIT ( * ) SI_UNIT ( .MILLI., .METRE. ) );
#6441 = FILL_AREA_STYLE_COLOUR ( '', #3016 ) ;
#6442 = DIRECTION ( 'NONE',  ( 0.000000000000000000, 0.000000000000000000, 1.000000000000000000 ) ) ;
#6443 =( NAMED_UNIT ( * ) PLANE_ANGLE_UNIT ( ) SI_UNIT ( $, .RADIAN. ) );
#6444 =( NAMED_UNIT ( * ) SI_UNIT ( $, .STERADIAN. ) SOLID_ANGLE_UNIT ( ) );
#6445 = DIRECTION ( 'NONE',  ( 1.000000000000000000, 0.000000000000000000, 0.000000000000000000 ) ) ;
#6446 = CARTESIAN_POINT ( 'NONE',  ( 4.750000000000000000, -2.939999999999999947, 1.100000000000000089 ) ) ;
#6447 = CARTESIAN_POINT ( 'NONE',  ( 4.250000000000000000, -0.8699999999999999956, -0.1000000000000000056 ) ) ;
#6448 = VERTEX_POINT ( 'NONE', #8196 ) ;
#6449 = AXIS2_PLACEMENT_3D ( 'NONE', #445, #3381, #1594 ) ;
#6450 = ORIENTED_EDGE ( 'NONE', *, *, #11620, .T. ) ;
#6451 = ORIENTED_EDGE ( 'NONE', *, *, #8187, .T. ) ;
#6452 = ORIENTED_EDGE ( 'NONE', *, *, #6346, .F. ) ;
#6453 = LINE ( 'NONE', #11958, #4191 ) ;
#6454 = SURFACE_STYLE_FILL_AREA ( #2624 ) ;
#6455 = UNCERTAINTY_MEASURE_WITH_UNIT (LENGTH_MEASURE( 1.000000000000000082E-05 ), #2711, 'distance_accuracy_value', 'NONE');
#6456 = DIRECTION ( 'NONE',  ( -1.084202172485506327E-14, -1.000000000000000000, 0.000000000000000000 ) ) ;
#6457 =( NAMED_UNIT ( * ) PLANE_ANGLE_UNIT ( ) SI_UNIT ( $, .RADIAN. ) );
#6458 = CARTESIAN_POINT ( 'NONE',  ( 5.009999999999999787, -1.070000000000000062, 1.100000000000000089 ) ) ;
#6459 = CARTESIAN_POINT ( 'NONE',  ( -5.000000000000000000, 5.000000000000000000, 1.000000000000000000 ) ) ;
#6460 = CARTESIAN_POINT ( 'NONE',  ( -1.670000000000000151, 4.750000000000000000, 1.100000000000000089 ) ) ;
#6461 = EDGE_CURVE ( 'NONE', #2934, #6200, #12042, .T. ) ;
#6462 = AXIS2_PLACEMENT_3D ( 'NONE', #8968, #10919, #10788 ) ;
#6463 = EDGE_LOOP ( 'NONE', ( #2414, #500, #10527, #9565 ) ) ;
#6464 = ORIENTED_EDGE ( 'NONE', *, *, #7824, .F. ) ;
#6465 = ORIENTED_EDGE ( 'NONE', *, *, #4047, .F. ) ;
#6466 = FILL_AREA_STYLE ('',( #4590 ) ) ;
#6467 = DIRECTION ( 'NONE',  ( -3.252606517456518824E-15, -1.000000000000000000, 0.000000000000000000 ) ) ;
#6468 = DIRECTION ( 'NONE',  ( 3.491481338843135327E-15, 1.000000000000000000, 0.000000000000000000 ) ) ;
#6469 = CARTESIAN_POINT ( 'NONE',  ( -4.250000000000000000, 2.140000000000000124, 0.000000000000000000 ) ) ;
#6470 = VECTOR ( 'NONE', #11604, 1000.000000000000000 ) ;
#6471 = CARTESIAN_POINT ( 'NONE',  ( 1.659004495622724745E-14, 5.000000000000000000, -0.2999999999999999889 ) ) ;
#6472 =( NAMED_UNIT ( * ) SI_UNIT ( $, .STERADIAN. ) SOLID_ANGLE_UNIT ( ) );
#6473 = CARTESIAN_POINT ( 'NONE',  ( 0.8700000000000139844, 4.250000000000000000, 0.000000000000000000 ) ) ;
#6474 = ORIENTED_EDGE ( 'NONE', *, *, #4170, .T. ) ;
#6475 = EDGE_CURVE ( 'NONE', #3719, #5333, #1990, .T. ) ;
#6476 = CARTESIAN_POINT ( 'NONE',  ( 2.739999999999999769, 5.000000000000000000, -0.2999999999999999889 ) ) ;
#6477 = VERTEX_POINT ( 'NONE', #82 ) ;
#6478 = EDGE_LOOP ( 'NONE', ( #3163, #4168, #11792, #2277 ) ) ;
#6479 = ORIENTED_EDGE ( 'NONE', *, *, #10988, .T. ) ;
#6480 = PLANE ( 'NONE',  #5577 ) ;
#6481 = DIRECTION ( 'NONE',  ( -1.000000000000000000, 0.000000000000000000, 0.000000000000000000 ) ) ;
#6482 = CARTESIAN_POINT ( 'NONE',  ( 5.000000000000000000, -1.070000000000000062, -0.1000000000000000056 ) ) ;
#6483 = FACE_OUTER_BOUND ( 'NONE', #3502, .T. ) ;
#6484 = CARTESIAN_POINT ( 'NONE',  ( -2.939999999999999947, 4.750000000000000000, 1.100000000000000089 ) ) ;
#6485 = ADVANCED_FACE ( 'NONE', ( #5846 ), #2880, .F. ) ;
#6486 =( NAMED_UNIT ( * ) PLANE_ANGLE_UNIT ( ) SI_UNIT ( $, .RADIAN. ) );
#6487 = FILL_AREA_STYLE_COLOUR ( '', #3558 ) ;
#6488 =( NAMED_UNIT ( * ) SI_UNIT ( $, .STERADIAN. ) SOLID_ANGLE_UNIT ( ) );
#6489 = ORIENTED_EDGE ( 'NONE', *, *, #33, .F. ) ;
#6490 = VECTOR ( 'NONE', #4795, 1000.000000000000000 ) ;
#6491 = CARTESIAN_POINT ( 'NONE',  ( -5.009999999999999787, -2.739999999999999769, -0.1000000000000000056 ) ) ;
#6492 = ORIENTED_EDGE ( 'NONE', *, *, #1284, .F. ) ;
#6493 = CARTESIAN_POINT ( 'NONE',  ( 1.070000000000016049, 5.000000000000000000, 1.100000000000000089 ) ) ;
#6494 = LINE ( 'NONE', #10373, #9971 ) ;
#6495 = DIRECTION ( 'NONE',  ( 0.000000000000000000, 0.000000000000000000, -1.000000000000000000 ) ) ;
#6496 = VECTOR ( 'NONE', #10733, 1000.000000000000000 ) ;
#6497 = CARTESIAN_POINT ( 'NONE',  ( 1.469999999999948015, -5.009999999999999787, -0.1000000000000000056 ) ) ;
#6498 = FILL_AREA_STYLE ('',( #584 ) ) ;
#6499 = DIRECTION ( 'NONE',  ( 0.000000000000000000, 0.000000000000000000, 1.000000000000000000 ) ) ;
#6500 = EDGE_CURVE ( 'NONE', #3367, #4202, #1353, .T. ) ;
#6501 = DIRECTION ( 'NONE',  ( 1.030097166893172093E-14, 1.000000000000000000, 0.000000000000000000 ) ) ;
#6502 = EDGE_CURVE ( 'NONE', #4838, #4732, #5157, .T. ) ;
#6503 = SURFACE_STYLE_USAGE ( .BOTH. , #2671 ) ;
#6504 = ORIENTED_EDGE ( 'NONE', *, *, #11765, .F. ) ;
#6505 = FILL_AREA_STYLE ('',( #1780 ) ) ;
#6506 = VERTEX_POINT ( 'NONE', #11848 ) ;
#6507 = COLOUR_RGB ( '',1.000000000000000000, 0.8117647058823529438, 0.5019607843137254832 ) ;
#6508 = VERTEX_POINT ( 'NONE', #406 ) ;
#6509 = VERTEX_POINT ( 'NONE', #7221 ) ;
#6510 = CARTESIAN_POINT ( 'NONE',  ( -0.4000000000000519806, -5.000000000000000000, -0.1000000000000000056 ) ) ;
#6511 = DIRECTION ( 'NONE',  ( 1.000000000000000000, 1.734723475976804876E-16, 0.000000000000000000 ) ) ;
#6512 = VECTOR ( 'NONE', #5728, 1000.000000000000000 ) ;
#6513 = VECTOR ( 'NONE', #299, 1000.000000000000000 ) ;
#6514 = PRESENTATION_STYLE_ASSIGNMENT (( #11289 ) ) ;
#6515 = STYLED_ITEM ( 'NONE', ( #1610 ), #11366 ) ;
#6516 = COLOUR_RGB ( '',1.000000000000000000, 0.8117647058823529438, 0.5019607843137254832 ) ;
#6517 = SURFACE_STYLE_FILL_AREA ( #10364 ) ;
#6518 = PRESENTATION_STYLE_ASSIGNMENT (( #2683 ) ) ;
#6519 = SURFACE_SIDE_STYLE ('',( #7396 ) ) ;
#6520 = VERTEX_POINT ( 'NONE', #9894 ) ;
#6521 = ORIENTED_EDGE ( 'NONE', *, *, #2859, .F. ) ;
#6522 = VECTOR ( 'NONE', #9656, 1000.000000000000000 ) ;
#6523 = VERTEX_POINT ( 'NONE', #12044 ) ;
#6524 = MECHANICAL_DESIGN_GEOMETRIC_PRESENTATION_REPRESENTATION (  '', ( #10504 ), #11338 ) ;
#6525 = DIRECTION ( 'NONE',  ( 3.491481338843135327E-15, 1.000000000000000000, 0.000000000000000000 ) ) ;
#6526 = COLOUR_RGB ( '',1.000000000000000000, 0.8117647058823529438, 0.5019607843137254832 ) ;
#6527 =( GEOMETRIC_REPRESENTATION_CONTEXT ( 3 ) GLOBAL_UNCERTAINTY_ASSIGNED_CONTEXT ( ( #12298 ) ) GLOBAL_UNIT_ASSIGNED_CONTEXT ( ( #2527, #11082, #1383 ) ) REPRESENTATION_CONTEXT ( 'NONE', 'WORKASPACE' ) );
#6528 = COLOUR_RGB ( '',1.000000000000000000, 0.8117647058823529438, 0.5019607843137254832 ) ;
#6529 = EDGE_CURVE ( 'NONE', #6637, #9649, #8967, .T. ) ;
#6530 = CARTESIAN_POINT ( 'NONE',  ( -5.000000000000000000, 5.000000000000000000, 1.000000000000000000 ) ) ;
#6531 = LINE ( 'NONE', #10083, #6266 ) ;
#6532 = VECTOR ( 'NONE', #3092, 1000.000000000000000 ) ;
#6533 = LINE ( 'NONE', #1673, #3162 ) ;
#6534 = DIRECTION ( 'NONE',  ( 3.491481338843135327E-15, 1.000000000000000000, 0.000000000000000000 ) ) ;
#6535 = VECTOR ( 'NONE', #9580, 1000.000000000000000 ) ;
#6536 = ORIENTED_EDGE ( 'NONE', *, *, #1928, .T. ) ;
#6537 = VECTOR ( 'NONE', #4489, 1000.000000000000000 ) ;
#6538 = CARTESIAN_POINT ( 'NONE',  ( -0.8699999999999860067, 4.250000000000000000, 0.000000000000000000 ) ) ;
#6539 = MECHANICAL_DESIGN_GEOMETRIC_PRESENTATION_REPRESENTATION (  '', ( #888 ), #1098 ) ;
#6540 = VERTEX_POINT ( 'NONE', #11056 ) ;
#6541 = SURFACE_SIDE_STYLE ('',( #2701 ) ) ;
#6542 = DIRECTION ( 'NONE',  ( -1.000000000000000000, 0.000000000000000000, 0.000000000000000000 ) ) ;
#6543 = VERTEX_POINT ( 'NONE', #5342 ) ;
#6544 = ORIENTED_EDGE ( 'NONE', *, *, #4170, .F. ) ;
#6545 = EDGE_CURVE ( 'NONE', #3253, #2539, #7157, .T. ) ;
#6546 = CARTESIAN_POINT ( 'NONE',  ( -4.250000000000000000, -0.8699999999999999956, -0.1000000000000000056 ) ) ;
#6547 =( GEOMETRIC_REPRESENTATION_CONTEXT ( 3 ) GLOBAL_UNCERTAINTY_ASSIGNED_CONTEXT ( ( #4917 ) ) GLOBAL_UNIT_ASSIGNED_CONTEXT ( ( #7658, #11933, #4302 ) ) REPRESENTATION_CONTEXT ( 'NONE', 'WORKASPACE' ) );
#6548 = EDGE_CURVE ( 'NONE', #8720, #10847, #5216, .T. ) ;
#6549 = FILL_AREA_STYLE ('',( #9914 ) ) ;
#6550 = VECTOR ( 'NONE', #2903, 1000.000000000000000 ) ;
#6551 = VECTOR ( 'NONE', #7794, 1000.000000000000000 ) ;
#6552 = FILL_AREA_STYLE ('',( #678 ) ) ;
#6553 = CARTESIAN_POINT ( 'NONE',  ( -2.140000000000000124, 4.750000000000000000, 1.100000000000000089 ) ) ;
#6554 = CARTESIAN_POINT ( 'NONE',  ( -1.069999999999983853, 5.009999999999999787, -0.1000000000000000056 ) ) ;
#6555 = CARTESIAN_POINT ( 'NONE',  ( -5.000000000000000000, 2.939999999999999947, 1.000000000000000000 ) ) ;
#6556 = CARTESIAN_POINT ( 'NONE',  ( -5.000000000000000000, 2.540000000000000036, -0.1000000000000000056 ) ) ;
#6557 = LINE ( 'NONE', #868, #10193 ) ;
#6558 =( GEOMETRIC_REPRESENTATION_CONTEXT ( 3 ) GLOBAL_UNCERTAINTY_ASSIGNED_CONTEXT ( ( #7526 ) ) GLOBAL_UNIT_ASSIGNED_CONTEXT ( ( #356, #4357, #4167 ) ) REPRESENTATION_CONTEXT ( 'NONE', 'WORKASPACE' ) );
#6559 = ORIENTED_EDGE ( 'NONE', *, *, #639, .F. ) ;
#6560 = CIRCLE ( 'NONE', #1104, 0.1999999999999996503 ) ;
#6561 = SURFACE_STYLE_FILL_AREA ( #11205 ) ;
#6562 = UNCERTAINTY_MEASURE_WITH_UNIT (LENGTH_MEASURE( 1.000000000000000082E-05 ), #11348, 'distance_accuracy_value', 'NONE');
#6563 = STYLED_ITEM ( 'NONE', ( #2205 ), #795 ) ;
#6564 = EDGE_CURVE ( 'NONE', #77, #1231, #542, .T. ) ;
#6565 = CARTESIAN_POINT ( 'NONE',  ( 5.000000000000000000, 0.8699999999999999956, -0.1000000000000000056 ) ) ;
#6566 = VECTOR ( 'NONE', #6100, 1000.000000000000000 ) ;
#6567 = DIRECTION ( 'NONE',  ( -1.000000000000000000, 0.000000000000000000, 0.000000000000000000 ) ) ;
#6568 = LINE ( 'NONE', #4813, #8313 ) ;
#6569 = PRESENTATION_STYLE_ASSIGNMENT (( #5566 ) ) ;
#6570 = DIRECTION ( 'NONE',  ( 0.000000000000000000, 0.000000000000000000, -1.000000000000000000 ) ) ;
#6571 = DIRECTION ( 'NONE',  ( -1.047444401652940164E-14, -1.000000000000000000, 0.000000000000000000 ) ) ;
#6572 = VECTOR ( 'NONE', #10382, 1000.000000000000000 ) ;
#6573 =( NAMED_UNIT ( * ) PLANE_ANGLE_UNIT ( ) SI_UNIT ( $, .RADIAN. ) );
#6574 = COLOUR_RGB ( '',0.5372549019607842924, 0.6235294117647058876, 0.000000000000000000 ) ;
#6575 = ORIENTED_EDGE ( 'NONE', *, *, #3045, .T. ) ;
#6576 = ORIENTED_EDGE ( 'NONE', *, *, #2089, .T. ) ;
#6577 = COLOUR_RGB ( '',1.000000000000000000, 0.8117647058823529438, 0.5019607843137254832 ) ;
#6578 = ORIENTED_EDGE ( 'NONE', *, *, #2963, .T. ) ;
#6579 = AXIS2_PLACEMENT_3D ( 'NONE', #7946, #5055, #7050 ) ;
#6580 = ADVANCED_FACE ( 'NONE', ( #4277 ), #8053, .F. ) ;
#6581 = ADVANCED_FACE ( 'NONE', ( #3842 ), #4085, .F. ) ;
#6582 = UNCERTAINTY_MEASURE_WITH_UNIT (LENGTH_MEASURE( 1.000000000000000082E-05 ), #10605, 'distance_accuracy_value', 'NONE');
#6583 =( NAMED_UNIT ( * ) PLANE_ANGLE_UNIT ( ) SI_UNIT ( $, .RADIAN. ) );
#6584 = VECTOR ( 'NONE', #4125, 1000.000000000000000 ) ;
#6585 = SURFACE_SIDE_STYLE ('',( #11422 ) ) ;
#6586 = VECTOR ( 'NONE', #10551, 1000.000000000000000 ) ;
#6587 = LINE ( 'NONE', #3125, #5326 ) ;
#6588 = VECTOR ( 'NONE', #3508, 1000.000000000000000 ) ;
#6589 = VECTOR ( 'NONE', #8628, 1000.000000000000000 ) ;
#6590 = VERTEX_POINT ( 'NONE', #2419 ) ;
#6591 = ORIENTED_EDGE ( 'NONE', *, *, #9476, .T. ) ;
#6592 = ORIENTED_EDGE ( 'NONE', *, *, #5653, .T. ) ;
#6593 = DIRECTION ( 'NONE',  ( 0.000000000000000000, 0.000000000000000000, 1.000000000000000000 ) ) ;
#6595 = ADVANCED_FACE ( 'NONE', ( #7210 ), #10070, .F. ) ;
#6594 = COLOUR_RGB ( '',1.000000000000000000, 0.8117647058823529438, 0.5019607843137254832 ) ;
#6596 = COLOUR_RGB ( '',1.000000000000000000, 0.8117647058823529438, 0.5019607843137254832 ) ;
#6597 = LINE ( 'NONE', #909, #11326 ) ;
#6598 = DIRECTION ( 'NONE',  ( 0.000000000000000000, 0.000000000000000000, -1.000000000000000000 ) ) ;
#6599 =( NAMED_UNIT ( * ) PLANE_ANGLE_UNIT ( ) SI_UNIT ( $, .RADIAN. ) );
#6600 = SURFACE_STYLE_FILL_AREA ( #2763 ) ;
#6601 = DIRECTION ( 'NONE',  ( 0.000000000000000000, 1.000000000000000000, 0.000000000000000000 ) ) ;
#6602 = FILL_AREA_STYLE ('',( #9412 ) ) ;
#6603 = VERTEX_POINT ( 'NONE', #5268 ) ;
#6604 = AXIS2_PLACEMENT_3D ( 'NONE', #6871, #7780, #3996 ) ;
#6605 = STYLED_ITEM ( 'NONE', ( #11756 ), #5543 ) ;
#6606 = ORIENTED_EDGE ( 'NONE', *, *, #5586, .T. ) ;
#6607 = EDGE_LOOP ( 'NONE', ( #6106, #81, #11470, #5878 ) ) ;
#6608 = SURFACE_SIDE_STYLE ('',( #10597 ) ) ;
#6609 =( GEOMETRIC_REPRESENTATION_CONTEXT ( 3 ) GLOBAL_UNCERTAINTY_ASSIGNED_CONTEXT ( ( #4069 ) ) GLOBAL_UNIT_ASSIGNED_CONTEXT ( ( #11073, #367, #7291 ) ) REPRESENTATION_CONTEXT ( 'NONE', 'WORKASPACE' ) );
#6610 =( NAMED_UNIT ( * ) SI_UNIT ( $, .STERADIAN. ) SOLID_ANGLE_UNIT ( ) );
#6611 = VECTOR ( 'NONE', #7933, 1000.000000000000000 ) ;
#6612 = COLOUR_RGB ( '',1.000000000000000000, 0.8117647058823529438, 0.5019607843137254832 ) ;
#6613 = DIRECTION ( 'NONE',  ( 1.000000000000000000, -1.047444401652940164E-14, 0.000000000000000000 ) ) ;
#6614 = FILL_AREA_STYLE ('',( #7529 ) ) ;
#6615 = CARTESIAN_POINT ( 'NONE',  ( 1.069999999999949880, -5.009999999999999787, -0.1000000000000000056 ) ) ;
#6616 = DIRECTION ( 'NONE',  ( 0.000000000000000000, 0.000000000000000000, -1.000000000000000000 ) ) ;
#6617 = ORIENTED_EDGE ( 'NONE', *, *, #5740, .T. ) ;
#6618 = EDGE_CURVE ( 'NONE', #11986, #11270, #11541, .T. ) ;
#6619 = AXIS2_PLACEMENT_3D ( 'NONE', #11264, #12361, #3733 ) ;
#6620 = CARTESIAN_POINT ( 'NONE',  ( -1.069999999999983853, 5.000000000000000000, -0.1000000000000000056 ) ) ;
#6621 = CARTESIAN_POINT ( 'NONE',  ( -2.140000000000000124, 5.000000000000000000, 1.000000000000000000 ) ) ;
#6622 = DIRECTION ( 'NONE',  ( 1.000000000000000000, -2.891205793294680298E-16, 0.000000000000000000 ) ) ;
#6623 = PLANE ( 'NONE',  #7117 ) ;
#6624 = CARTESIAN_POINT ( 'NONE',  ( 0.2000000000000165257, 5.009999999999999787, -0.1000000000000000056 ) ) ;
#6625 = CARTESIAN_POINT ( 'NONE',  ( -0.8699999999999830091, 5.000000000000000000, 0.000000000000000000 ) ) ;
#6626 = PLANE ( 'NONE',  #11621 ) ;
#6627 = AXIS2_PLACEMENT_3D ( 'NONE', #6238, #8922, #4176 ) ;
#6628 = LINE ( 'NONE', #9493, #8522 ) ;
#6629 =( NAMED_UNIT ( * ) SI_UNIT ( $, .STERADIAN. ) SOLID_ANGLE_UNIT ( ) );
#6630 = FILL_AREA_STYLE_COLOUR ( '', #3763 ) ;
#6631 = FILL_AREA_STYLE ('',( #881 ) ) ;
#6632 = FACE_OUTER_BOUND ( 'NONE', #2740, .T. ) ;
#6633 = DIRECTION ( 'NONE',  ( 1.000000000000000000, 0.000000000000000000, 0.000000000000000000 ) ) ;
#6634 = DIRECTION ( 'NONE',  ( -1.000000000000000000, 3.491481338843135327E-15, 0.000000000000000000 ) ) ;
#6635 = VECTOR ( 'NONE', #9988, 1000.000000000000000 ) ;
#6636 = CARTESIAN_POINT ( 'NONE',  ( -5.009999999999999787, -1.469999999999999973, 1.100000000000000089 ) ) ;
#6637 = VERTEX_POINT ( 'NONE', #8043 ) ;
#6638 = ADVANCED_FACE ( 'NONE', ( #3139 ), #11893, .F. ) ;
#6639 = ORIENTED_EDGE ( 'NONE', *, *, #11953, .T. ) ;
#6640 = VERTEX_POINT ( 'NONE', #1979 ) ;
#6641 =( GEOMETRIC_REPRESENTATION_CONTEXT ( 3 ) GLOBAL_UNCERTAINTY_ASSIGNED_CONTEXT ( ( #3054 ) ) GLOBAL_UNIT_ASSIGNED_CONTEXT ( ( #5900, #265, #4026 ) ) REPRESENTATION_CONTEXT ( 'NONE', 'WORKASPACE' ) );
#6642 = ORIENTED_EDGE ( 'NONE', *, *, #1804, .T. ) ;
#6643 = CARTESIAN_POINT ( 'NONE',  ( -2.140000000000000124, 4.250000000000000000, -0.1000000000000000056 ) ) ;
#6644 = CARTESIAN_POINT ( 'NONE',  ( -2.340000000000050040, -5.009999999999999787, -0.1000000000000000056 ) ) ;
#6645 =( NAMED_UNIT ( * ) SI_UNIT ( $, .STERADIAN. ) SOLID_ANGLE_UNIT ( ) );
#6646 = COLOUR_RGB ( '',1.000000000000000000, 0.8117647058823529438, 0.5019607843137254832 ) ;
#6647 =( LENGTH_UNIT ( ) NAMED_UNIT ( * ) SI_UNIT ( .MILLI., .METRE. ) );
#6648 = ADVANCED_FACE ( 'NONE', ( #5832 ), #9695, .F. ) ;
#6649 = ORIENTED_EDGE ( 'NONE', *, *, #5405, .T. ) ;
#6650 = VERTEX_POINT ( 'NONE', #11948 ) ;
#6651 = ORIENTED_EDGE ( 'NONE', *, *, #3256, .F. ) ;
#6652 = CARTESIAN_POINT ( 'NONE',  ( 4.750000000000000000, -2.939999999999999947, 1.000000000000000000 ) ) ;
#6653 =( NAMED_UNIT ( * ) SI_UNIT ( $, .STERADIAN. ) SOLID_ANGLE_UNIT ( ) );
#6654 = PLANE ( 'NONE',  #8352 ) ;
#6655 = PRESENTATION_STYLE_ASSIGNMENT (( #9465 ) ) ;
#6656 = CARTESIAN_POINT ( 'NONE',  ( 4.250000000000000000, -0.4000000000000000222, -0.1000000000000000056 ) ) ;
#6657 = FILL_AREA_STYLE_COLOUR ( '', #9130 ) ;
#6658 = SURFACE_STYLE_FILL_AREA ( #9466 ) ;
#6659 = DIRECTION ( 'NONE',  ( 0.000000000000000000, 0.000000000000000000, 1.000000000000000000 ) ) ;
#6660 = ORIENTED_EDGE ( 'NONE', *, *, #4660, .T. ) ;
#6661 = EDGE_CURVE ( 'NONE', #11883, #12350, #1206, .T. ) ;
#6662 = EDGE_CURVE ( 'NONE', #6229, #4750, #10120, .T. ) ;
#6663 = LINE ( 'NONE', #7634, #501 ) ;
#6664 = ORIENTED_EDGE ( 'NONE', *, *, #9665, .T. ) ;
#6665 = ORIENTED_EDGE ( 'NONE', *, *, #11481, .F. ) ;
#6666 = FILL_AREA_STYLE_COLOUR ( '', #9370 ) ;
#6667 = DIRECTION ( 'NONE',  ( -1.000000000000000000, 0.000000000000000000, 0.000000000000000000 ) ) ;
#6668 = CARTESIAN_POINT ( 'NONE',  ( -4.250000000000000000, 4.250000000000000000, 2.500000000000000000 ) ) ;
#6669 = UNCERTAINTY_MEASURE_WITH_UNIT (LENGTH_MEASURE( 1.000000000000000082E-05 ), #11567, 'distance_accuracy_value', 'NONE');
#6670 = CARTESIAN_POINT ( 'NONE',  ( -0.2000000000000514977, -5.009999999999999787, 1.100000000000000089 ) ) ;
#6671 = SURFACE_STYLE_USAGE ( .BOTH. , #5547 ) ;
#6672 = LINE ( 'NONE', #6555, #7709 ) ;
#6673 =( NAMED_UNIT ( * ) SI_UNIT ( $, .STERADIAN. ) SOLID_ANGLE_UNIT ( ) );
#6674 = LINE ( 'NONE', #5548, #10320 ) ;
#6675 = LINE ( 'NONE', #1637, #1579 ) ;
#6676 = ORIENTED_EDGE ( 'NONE', *, *, #151, .F. ) ;
#6677 = FACE_OUTER_BOUND ( 'NONE', #10213, .T. ) ;
#6678 = UNCERTAINTY_MEASURE_WITH_UNIT (LENGTH_MEASURE( 1.000000000000000082E-05 ), #1241, 'distance_accuracy_value', 'NONE');
#6679 = PLANE ( 'NONE',  #464 ) ;
#6680 = LINE ( 'NONE', #10487, #10107 ) ;
#6681 = FILL_AREA_STYLE_COLOUR ( '', #10180 ) ;
#6682 = ADVANCED_FACE ( 'NONE', ( #1142 ), #5132, .F. ) ;
#6683 = CARTESIAN_POINT ( 'NONE',  ( -4.750000000000000000, 2.140000000000000124, 1.000000000000000000 ) ) ;
#6684 = FILL_AREA_STYLE_COLOUR ( '', #2928 ) ;
#6685 = FILL_AREA_STYLE_COLOUR ( '', #8633 ) ;
#6686 = DIRECTION ( 'NONE',  ( -1.000000000000000000, -8.673617379884039170E-17, 0.000000000000000000 ) ) ;
#6687 = CARTESIAN_POINT ( 'NONE',  ( 2.339999999999950120, -5.009999999999999787, 1.100000000000000089 ) ) ;
#6688 = ORIENTED_EDGE ( 'NONE', *, *, #10776, .T. ) ;
#6689 = ORIENTED_EDGE ( 'NONE', *, *, #11464, .T. ) ;
#6690 = ORIENTED_EDGE ( 'NONE', *, *, #3362, .T. ) ;
#6691 = CARTESIAN_POINT ( 'NONE',  ( -2.939999999999999947, 5.009999999999999787, -0.1000000000000000056 ) ) ;
#6692 = EDGE_LOOP ( 'NONE', ( #3657, #369, #2643, #11364 ) ) ;
#6693 = CARTESIAN_POINT ( 'NONE',  ( -5.000000000000000000, -0.8699999999999999956, 0.000000000000000000 ) ) ;
#6694 =( GEOMETRIC_REPRESENTATION_CONTEXT ( 3 ) GLOBAL_UNCERTAINTY_ASSIGNED_CONTEXT ( ( #5679 ) ) GLOBAL_UNIT_ASSIGNED_CONTEXT ( ( #409, #4161, #11853 ) ) REPRESENTATION_CONTEXT ( 'NONE', 'WORKASPACE' ) );
#6695 = UNCERTAINTY_MEASURE_WITH_UNIT (LENGTH_MEASURE( 1.000000000000000082E-05 ), #7987, 'distance_accuracy_value', 'NONE');
#6696 = SURFACE_SIDE_STYLE ('',( #894 ) ) ;
#6697 = DIRECTION ( 'NONE',  ( 1.000000000000000000, -3.491481338843135327E-15, 0.000000000000000000 ) ) ;
#6698 = EDGE_CURVE ( 'NONE', #3470, #7799, #6011, .T. ) ;
#6699 = CARTESIAN_POINT ( 'NONE',  ( -4.250000000000000000, -2.939999999999999947, -0.1000000000000000056 ) ) ;
#6700 = DIRECTION ( 'NONE',  ( 0.000000000000000000, -1.000000000000000000, 0.000000000000000000 ) ) ;
#6701 = VECTOR ( 'NONE', #586, 1000.000000000000000 ) ;
#6702 = CARTESIAN_POINT ( 'NONE',  ( 0.4000000000000165090, 5.000000000000000000, -0.1000000000000000056 ) ) ;
#6703 = CARTESIAN_POINT ( 'NONE',  ( -5.000000000000000000, -2.540000000000000036, 1.100000000000000089 ) ) ;
#6704 = VECTOR ( 'NONE', #9181, 1000.000000000000000 ) ;
#6705 = VERTEX_POINT ( 'NONE', #11820 ) ;
#6706 = ORIENTED_EDGE ( 'NONE', *, *, #7758, .F. ) ;
#6707 = ORIENTED_EDGE ( 'NONE', *, *, #2109, .F. ) ;
#6708 = FACE_OUTER_BOUND ( 'NONE', #6996, .T. ) ;
#6709 = ORIENTED_EDGE ( 'NONE', *, *, #8412, .T. ) ;
#6710 = VECTOR ( 'NONE', #181, 1000.000000000000000 ) ;
#6711 = ADVANCED_FACE ( 'NONE', ( #3259 ), #10759, .T. ) ;
#6712 = VECTOR ( 'NONE', #1659, 1000.000000000000000 ) ;
#6713 = DIRECTION ( 'NONE',  ( 1.000000000000000000, -2.891205793294680298E-16, 0.000000000000000000 ) ) ;
#6714 =( LENGTH_UNIT ( ) NAMED_UNIT ( * ) SI_UNIT ( .MILLI., .METRE. ) );
#6715 = ORIENTED_EDGE ( 'NONE', *, *, #4326, .T. ) ;
#6716 = COLOUR_RGB ( '',1.000000000000000000, 0.8117647058823529438, 0.5019607843137254832 ) ;
#6717 = PRESENTATION_LAYER_ASSIGNMENT (  '', '', ( #12315 ) ) ;
#6718 = VECTOR ( 'NONE', #9886, 1000.000000000000000 ) ;
#6719 = MECHANICAL_DESIGN_GEOMETRIC_PRESENTATION_REPRESENTATION (  '', ( #5720 ), #2282 ) ;
#6720 = ORIENTED_EDGE ( 'NONE', *, *, #4733, .F. ) ;
#6721 = ORIENTED_EDGE ( 'NONE', *, *, #9417, .T. ) ;
#6722 =( NAMED_UNIT ( * ) SI_UNIT ( $, .STERADIAN. ) SOLID_ANGLE_UNIT ( ) );
#6723 = EDGE_CURVE ( 'NONE', #7837, #1989, #8238, .T. ) ;
#6724 = AXIS2_PLACEMENT_3D ( 'NONE', #5842, #5705, #12269 ) ;
#6725 = EDGE_CURVE ( 'NONE', #9819, #3209, #7306, .T. ) ;
#6726 = DIRECTION ( 'NONE',  ( 0.000000000000000000, 0.000000000000000000, 1.000000000000000000 ) ) ;
#6727 = MECHANICAL_DESIGN_GEOMETRIC_PRESENTATION_REPRESENTATION (  '', ( #8914 ), #1696 ) ;
#6728 = FILL_AREA_STYLE ('',( #6295 ) ) ;
#6729 =( GEOMETRIC_REPRESENTATION_CONTEXT ( 3 ) GLOBAL_UNCERTAINTY_ASSIGNED_CONTEXT ( ( #9435 ) ) GLOBAL_UNIT_ASSIGNED_CONTEXT ( ( #10828, #2267, #1324 ) ) REPRESENTATION_CONTEXT ( 'NONE', 'WORKASPACE' ) );
#6730 = CARTESIAN_POINT ( 'NONE',  ( 4.750000000000000000, -2.939999999999999947, 1.100000000000000089 ) ) ;
#6731 = VECTOR ( 'NONE', #8654, 1000.000000000000000 ) ;
#6732 = PRESENTATION_LAYER_ASSIGNMENT (  '', '', ( #9916 ) ) ;
#6733 = CARTESIAN_POINT ( 'NONE',  ( -2.740000000000049507, -5.009999999999999787, -0.1000000000000000056 ) ) ;
#6734 = CARTESIAN_POINT ( 'NONE',  ( 5.009999999999999787, -2.339999999999999858, -0.1000000000000000056 ) ) ;
#6735 = LINE ( 'NONE', #9669, #6490 ) ;
#6736 = SURFACE_STYLE_FILL_AREA ( #1042 ) ;
#6737 = LINE ( 'NONE', #1943, #7779 ) ;
#6738 = ORIENTED_EDGE ( 'NONE', *, *, #8990, .T. ) ;
#6739 = FACE_OUTER_BOUND ( 'NONE', #6964, .T. ) ;
#6740 = VECTOR ( 'NONE', #8593, 1000.000000000000000 ) ;
#6741 = EDGE_CURVE ( 'NONE', #10595, #10454, #12075, .T. ) ;
#6742 = LINE ( 'NONE', #3038, #11714 ) ;
#6743 = CARTESIAN_POINT ( 'NONE',  ( -5.009999999999999787, -1.670000000000000151, -0.1000000000000000056 ) ) ;
#6744 = DIRECTION ( 'NONE',  ( 0.000000000000000000, -1.000000000000000000, 0.000000000000000000 ) ) ;
#6745 = CARTESIAN_POINT ( 'NONE',  ( -4.750000000000000000, 2.140000000000000124, 1.100000000000000089 ) ) ;
#6746 = FACE_OUTER_BOUND ( 'NONE', #8908, .T. ) ;
#6747 = VECTOR ( 'NONE', #1464, 1000.000000000000000 ) ;
#6748 = FILL_AREA_STYLE ('',( #8731 ) ) ;
#6749 = LINE ( 'NONE', #10558, #4374 ) ;
#6750 = CARTESIAN_POINT ( 'NONE',  ( -5.000000000000000000, 2.140000000000000124, -0.1000000000000000056 ) ) ;
#6751 = EDGE_LOOP ( 'NONE', ( #12234, #8388, #5689, #1424 ) ) ;
#6752 = AXIS2_PLACEMENT_3D ( 'NONE', #5066, #10623, #8020 ) ;
#6753 = ORIENTED_EDGE ( 'NONE', *, *, #4833, .F. ) ;
#6754 = ORIENTED_EDGE ( 'NONE', *, *, #1249, .T. ) ;
#6755 = DIRECTION ( 'NONE',  ( -0.000000000000000000, 1.000000000000000000, 0.000000000000000000 ) ) ;
#6756 = ORIENTED_EDGE ( 'NONE', *, *, #5584, .T. ) ;
#6757 = VECTOR ( 'NONE', #10103, 1000.000000000000000 ) ;
#6758 =( LENGTH_UNIT ( ) NAMED_UNIT ( * ) SI_UNIT ( .MILLI., .METRE. ) );
#6759 = DIRECTION ( 'NONE',  ( 0.000000000000000000, 1.000000000000000000, 0.000000000000000000 ) ) ;
#6760 = DIRECTION ( 'NONE',  ( 0.000000000000000000, 0.000000000000000000, 1.000000000000000000 ) ) ;
#6761 = DIRECTION ( 'NONE',  ( -1.000000000000000000, 0.000000000000000000, 0.000000000000000000 ) ) ;
#6762 = CARTESIAN_POINT ( 'NONE',  ( 2.939999999999954650, -4.250000000000000000, 0.000000000000000000 ) ) ;
#6763 =( GEOMETRIC_REPRESENTATION_CONTEXT ( 3 ) GLOBAL_UNCERTAINTY_ASSIGNED_CONTEXT ( ( #8782 ) ) GLOBAL_UNIT_ASSIGNED_CONTEXT ( ( #972, #2120, #6786 ) ) REPRESENTATION_CONTEXT ( 'NONE', 'WORKASPACE' ) );
#6764 = CARTESIAN_POINT ( 'NONE',  ( 2.139999999999949942, -5.000000000000000000, 1.000000000000000000 ) ) ;
#6765 =( GEOMETRIC_REPRESENTATION_CONTEXT ( 3 ) GLOBAL_UNCERTAINTY_ASSIGNED_CONTEXT ( ( #4828 ) ) GLOBAL_UNIT_ASSIGNED_CONTEXT ( ( #10409, #245, #7905 ) ) REPRESENTATION_CONTEXT ( 'NONE', 'WORKASPACE' ) );
#6766 = ORIENTED_EDGE ( 'NONE', *, *, #4776, .T. ) ;
#6767 = ORIENTED_EDGE ( 'NONE', *, *, #3804, .F. ) ;
#6768 = EDGE_CURVE ( 'NONE', #8694, #648, #2534, .T. ) ;
#6769 =( GEOMETRIC_REPRESENTATION_CONTEXT ( 3 ) GLOBAL_UNCERTAINTY_ASSIGNED_CONTEXT ( ( #13 ) ) GLOBAL_UNIT_ASSIGNED_CONTEXT ( ( #5414, #847, #3841 ) ) REPRESENTATION_CONTEXT ( 'NONE', 'WORKASPACE' ) );
#6770 = ORIENTED_EDGE ( 'NONE', *, *, #8557, .T. ) ;
#6771 = VECTOR ( 'NONE', #5164, 1000.000000000000000 ) ;
#6772 = VERTEX_POINT ( 'NONE', #6446 ) ;
#6773 =( NAMED_UNIT ( * ) PLANE_ANGLE_UNIT ( ) SI_UNIT ( $, .RADIAN. ) );
#6774 = ORIENTED_EDGE ( 'NONE', *, *, #1120, .T. ) ;
#6775 = STYLED_ITEM ( 'NONE', ( #2197 ), #7682 ) ;
#6776 = FILL_AREA_STYLE ('',( #965 ) ) ;
#6777 = DIRECTION ( 'NONE',  ( 0.000000000000000000, 0.000000000000000000, 1.000000000000000000 ) ) ;
#6778 =( NAMED_UNIT ( * ) PLANE_ANGLE_UNIT ( ) SI_UNIT ( $, .RADIAN. ) );
#6779 = CARTESIAN_POINT ( 'NONE',  ( -5.000000000000000000, 5.000000000000000000, 0.000000000000000000 ) ) ;
#6780 = DIRECTION ( 'NONE',  ( 0.000000000000000000, 0.000000000000000000, 1.000000000000000000 ) ) ;
#6781 =( GEOMETRIC_REPRESENTATION_CONTEXT ( 3 ) GLOBAL_UNCERTAINTY_ASSIGNED_CONTEXT ( ( #1167 ) ) GLOBAL_UNIT_ASSIGNED_CONTEXT ( ( #9209, #9954, #4453 ) ) REPRESENTATION_CONTEXT ( 'NONE', 'WORKASPACE' ) );
#6782 = CARTESIAN_POINT ( 'NONE',  ( 4.750000000000000000, 0.8699999999999999956, 1.100000000000000089 ) ) ;
#6783 = CARTESIAN_POINT ( 'NONE',  ( 1.659004495622724745E-14, 5.000000000000000000, 1.100000000000000089 ) ) ;
#6784 = ORIENTED_EDGE ( 'NONE', *, *, #7217, .F. ) ;
#6785 = ADVANCED_FACE ( 'NONE', ( #1592 ), #9127, .F. ) ;
#6786 =( NAMED_UNIT ( * ) SI_UNIT ( $, .STERADIAN. ) SOLID_ANGLE_UNIT ( ) );
#6787 = EDGE_LOOP ( 'NONE', ( #2631, #6231, #3878, #4572 ) ) ;
#6788 = VERTEX_POINT ( 'NONE', #4943 ) ;
#6789 = SURFACE_STYLE_USAGE ( .BOTH. , #2124 ) ;
#6790 = VECTOR ( 'NONE', #9936, 1000.000000000000000 ) ;
#6791 = DIRECTION ( 'NONE',  ( 0.000000000000000000, 0.000000000000000000, -1.000000000000000000 ) ) ;
#6792 = FACE_OUTER_BOUND ( 'NONE', #5596, .T. ) ;
#6793 = SURFACE_STYLE_FILL_AREA ( #34 ) ;
#6794 = STYLED_ITEM ( 'NONE', ( #9496 ), #9325 ) ;
#6795 = SURFACE_STYLE_FILL_AREA ( #1813 ) ;
#6796 = CARTESIAN_POINT ( 'NONE',  ( 5.009999999999999787, 2.739999999999999769, 1.100000000000000089 ) ) ;
#6797 = CARTESIAN_POINT ( 'NONE',  ( -5.000000000000000000, 1.670000000000000151, 1.100000000000000089 ) ) ;
#6798 = DIRECTION ( 'NONE',  ( 0.000000000000000000, 0.000000000000000000, -1.000000000000000000 ) ) ;
#6799 = VECTOR ( 'NONE', #6059, 1000.000000000000000 ) ;
#6800 = DIRECTION ( 'NONE',  ( 1.000000000000000000, 0.000000000000000000, 0.000000000000000000 ) ) ;
#6801 = ORIENTED_EDGE ( 'NONE', *, *, #8040, .F. ) ;
#6802 = EDGE_CURVE ( 'NONE', #6019, #9613, #5815, .T. ) ;
#6803 = ADVANCED_FACE ( 'NONE', ( #5749 ), #883, .F. ) ;
#6804 = DIRECTION ( 'NONE',  ( -1.000000000000000000, 0.000000000000000000, 0.000000000000000000 ) ) ;
#6805 = UNCERTAINTY_MEASURE_WITH_UNIT (LENGTH_MEASURE( 1.000000000000000082E-05 ), #11046, 'distance_accuracy_value', 'NONE');
#6806 = COLOUR_RGB ( '',1.000000000000000000, 0.8117647058823529438, 0.5019607843137254832 ) ;
#6807 = STYLED_ITEM ( 'NONE', ( #11625 ), #5454 ) ;
#6808 = SURFACE_STYLE_USAGE ( .BOTH. , #4867 ) ;
#6809 = SURFACE_STYLE_USAGE ( .BOTH. , #5870 ) ;
#6810 = SURFACE_STYLE_USAGE ( .BOTH. , #7713 ) ;
#6811 = DIRECTION ( 'NONE',  ( 0.000000000000000000, 0.000000000000000000, -1.000000000000000000 ) ) ;
#6812 = PLANE ( 'NONE',  #11839 ) ;
#6813 =( LENGTH_UNIT ( ) NAMED_UNIT ( * ) SI_UNIT ( .MILLI., .METRE. ) );
#6814 = PRESENTATION_STYLE_ASSIGNMENT (( #8729 ) ) ;
#6815 = LINE ( 'NONE', #5002, #5515 ) ;
#6816 = COLOUR_RGB ( '',1.000000000000000000, 0.8117647058823529438, 0.5019607843137254832 ) ;
#6817 = LINE ( 'NONE', #8857, #346 ) ;
#6818 = FILL_AREA_STYLE ('',( #182 ) ) ;
#6819 = CARTESIAN_POINT ( 'NONE',  ( 0.3999999999999565570, -4.250000000000000000, 0.000000000000000000 ) ) ;
#6820 = ORIENTED_EDGE ( 'NONE', *, *, #7317, .F. ) ;
#6821 = EDGE_CURVE ( 'NONE', #2632, #6650, #10337, .T. ) ;
#6822 = STYLED_ITEM ( 'NONE', ( #10668 ), #5767 ) ;
#6823 = EDGE_CURVE ( 'NONE', #5879, #7013, #8556, .T. ) ;
#6824 = DIRECTION ( 'NONE',  ( -1.000000000000000000, 1.047444401652940164E-14, 0.000000000000000000 ) ) ;
#6825 = VERTEX_POINT ( 'NONE', #1887 ) ;
#6826 = DIRECTION ( 'NONE',  ( -1.000000000000000000, 3.491481338843135327E-15, 0.000000000000000000 ) ) ;
#6827 = ORIENTED_EDGE ( 'NONE', *, *, #4985, .F. ) ;
#6828 = CARTESIAN_POINT ( 'NONE',  ( 5.009999999999999787, -1.070000000000000062, 1.100000000000000089 ) ) ;
#6829 = MECHANICAL_DESIGN_GEOMETRIC_PRESENTATION_REPRESENTATION (  '', ( #4426 ), #9424 ) ;
#6830 = UNCERTAINTY_MEASURE_WITH_UNIT (LENGTH_MEASURE( 1.000000000000000082E-05 ), #12166, 'distance_accuracy_value', 'NONE');
#6831 = DIRECTION ( 'NONE',  ( 0.000000000000000000, 0.000000000000000000, -1.000000000000000000 ) ) ;
#6832 =( NAMED_UNIT ( * ) SI_UNIT ( $, .STERADIAN. ) SOLID_ANGLE_UNIT ( ) );
#6833 = STYLED_ITEM ( 'NONE', ( #12187 ), #5869 ) ;
#6834 = DIRECTION ( 'NONE',  ( 3.491481338843135327E-15, 1.000000000000000000, 0.000000000000000000 ) ) ;
#6835 = DIRECTION ( 'NONE',  ( -1.000000000000000000, 0.000000000000000000, 0.000000000000000000 ) ) ;
#6836 = VECTOR ( 'NONE', #24, 1000.000000000000000 ) ;
#6837 = ORIENTED_EDGE ( 'NONE', *, *, #8936, .T. ) ;
#6838 = STYLED_ITEM ( 'NONE', ( #10917 ), #6033 ) ;
#6839 = EDGE_LOOP ( 'NONE', ( #11310, #6181, #3876, #5211 ) ) ;
#6840 = ORIENTED_EDGE ( 'NONE', *, *, #4092, .F. ) ;
#6841 = ORIENTED_EDGE ( 'NONE', *, *, #9342, .T. ) ;
#6842 = CARTESIAN_POINT ( 'NONE',  ( 5.009999999999999787, 1.670000000000000151, 1.100000000000000089 ) ) ;
#6843 = EDGE_CURVE ( 'NONE', #10351, #6520, #7603, .T. ) ;
#6844 = CARTESIAN_POINT ( 'NONE',  ( -0.3999999999999845346, 4.750000000000000000, 1.100000000000000089 ) ) ;
#6845 = ORIENTED_EDGE ( 'NONE', *, *, #3113, .F. ) ;
#6846 = AXIS2_PLACEMENT_3D ( 'NONE', #7082, #9826, #2117 ) ;
#6847 = CARTESIAN_POINT ( 'NONE',  ( -1.670000000000000151, 4.750000000000000000, 1.000000000000000000 ) ) ;
#6848 = APPLICATION_PROTOCOL_DEFINITION ( 'draft international standard', 'automotive_design', 1998, #11432 ) ;
#6849 = ORIENTED_EDGE ( 'NONE', *, *, #2978, .T. ) ;
#6850 = EDGE_LOOP ( 'NONE', ( #6617, #7853, #7136, #8712 ) ) ;
#6851 = SURFACE_STYLE_USAGE ( .BOTH. , #6608 ) ;
#6852 = FILL_AREA_STYLE ('',( #12354 ) ) ;
#6853 = VECTOR ( 'NONE', #4083, 1000.000000000000000 ) ;
#6854 = PRESENTATION_STYLE_ASSIGNMENT (( #11614 ) ) ;
#6855 = PLANE ( 'NONE',  #8608 ) ;
#6856 = ADVANCED_FACE ( 'NONE', ( #3812 ), #10379, .F. ) ;
#6857 = DIRECTION ( 'NONE',  ( 1.084202172485506327E-14, 1.000000000000000000, 0.000000000000000000 ) ) ;
#6858 = DIRECTION ( 'NONE',  ( -1.047444401652940164E-14, -1.000000000000000000, 0.000000000000000000 ) ) ;
#6859 = CARTESIAN_POINT ( 'NONE',  ( 4.250000000000000000, 1.670000000000000151, -0.1000000000000000056 ) ) ;
#6860 = ORIENTED_EDGE ( 'NONE', *, *, #8779, .F. ) ;
#6861 = VECTOR ( 'NONE', #5795, 1000.000000000000000 ) ;
#6862 = CARTESIAN_POINT ( 'NONE',  ( 4.750000000000000000, 0.8699999999999999956, 1.100000000000000089 ) ) ;
#6863 = LINE ( 'NONE', #2981, #5799 ) ;
#6864 = CARTESIAN_POINT ( 'NONE',  ( -2.940000000000044800, -4.250000000000000000, -0.1000000000000000056 ) ) ;
#6865 = PLANE ( 'NONE',  #7775 ) ;
#6866 = EDGE_CURVE ( 'NONE', #3697, #3710, #11406, .T. ) ;
#6867 = CARTESIAN_POINT ( 'NONE',  ( -4.750000000000000000, -0.8699999999999999956, 1.000000000000000000 ) ) ;
#6868 = CARTESIAN_POINT ( 'NONE',  ( 4.750000000000000000, 0.8699999999999999956, 1.000000000000000000 ) ) ;
#6869 = CARTESIAN_POINT ( 'NONE',  ( 5.009999999999999787, 2.140000000000000124, -0.1000000000000000056 ) ) ;
#6870 = LINE ( 'NONE', #7718, #6513 ) ;
#6871 = CARTESIAN_POINT ( 'NONE',  ( 0.000000000000000000, 0.000000000000000000, 2.500000000000000000 ) ) ;
#6872 = CARTESIAN_POINT ( 'NONE',  ( -0.4000000000000519806, -5.000000000000000000, 0.000000000000000000 ) ) ;
#6873 = ORIENTED_EDGE ( 'NONE', *, *, #11104, .T. ) ;
#6874 = SURFACE_STYLE_USAGE ( .BOTH. , #10818 ) ;
#6875 = EDGE_LOOP ( 'NONE', ( #10699, #1150, #4218, #7369, #3885, #7977, #6465, #8526 ) ) ;
#6876 = SURFACE_SIDE_STYLE ('',( #2153 ) ) ;
#6877 = UNCERTAINTY_MEASURE_WITH_UNIT (LENGTH_MEASURE( 1.000000000000000082E-05 ), #11510, 'distance_accuracy_value', 'NONE');
#6878 = CARTESIAN_POINT ( 'NONE',  ( 5.000000000000000000, 2.140000000000000124, 1.000000000000000000 ) ) ;
#6879 = CARTESIAN_POINT ( 'NONE',  ( -4.750000000000000000, -2.939999999999999947, 1.000000000000000000 ) ) ;
#6880 = DIRECTION ( 'NONE',  ( 1.000000000000000000, 0.000000000000000000, 0.000000000000000000 ) ) ;
#6881 = EDGE_CURVE ( 'NONE', #10834, #1419, #1982, .T. ) ;
#6882 = EDGE_CURVE ( 'NONE', #1165, #11535, #5835, .T. ) ;
#6883 =( LENGTH_UNIT ( ) NAMED_UNIT ( * ) SI_UNIT ( .MILLI., .METRE. ) );
#6884 = LINE ( 'NONE', #3057, #10506 ) ;
#6885 = CARTESIAN_POINT ( 'NONE',  ( 2.339999999999999858, 5.009999999999999787, -0.1000000000000000056 ) ) ;
#6886 = DIRECTION ( 'NONE',  ( 0.000000000000000000, 0.000000000000000000, 1.000000000000000000 ) ) ;
#6887 = ORIENTED_EDGE ( 'NONE', *, *, #3216, .F. ) ;
#6888 = VECTOR ( 'NONE', #10479, 1000.000000000000000 ) ;
#6889 = ORIENTED_EDGE ( 'NONE', *, *, #3068, .F. ) ;
#6890 = EDGE_LOOP ( 'NONE', ( #7016, #7135, #7877, #6827 ) ) ;
#6891 = LINE ( 'NONE', #3131, #8768 ) ;
#6892 = VERTEX_POINT ( 'NONE', #7672 ) ;
#6893 = EDGE_CURVE ( 'NONE', #9056, #8060, #11644, .T. ) ;
#6894 = VECTOR ( 'NONE', #4258, 1000.000000000000000 ) ;
#6895 = CARTESIAN_POINT ( 'NONE',  ( 2.939999999999950209, -5.009999999999999787, -0.1000000000000000056 ) ) ;
#6896 = SURFACE_STYLE_USAGE ( .BOTH. , #3072 ) ;
#6897 = COLOUR_RGB ( '',1.000000000000000000, 0.8117647058823529438, 0.5019607843137254832 ) ;
#6898 = DIRECTION ( 'NONE',  ( 0.000000000000000000, -1.000000000000000000, 0.000000000000000000 ) ) ;
#6899 = PRESENTATION_STYLE_ASSIGNMENT (( #4710 ) ) ;
#6900 = VERTEX_POINT ( 'NONE', #8635 ) ;
#6901 = VERTEX_POINT ( 'NONE', #5891 ) ;
#6902 = VECTOR ( 'NONE', #2651, 1000.000000000000000 ) ;
#6903 = ORIENTED_EDGE ( 'NONE', *, *, #7773, .T. ) ;
#6904 = VECTOR ( 'NONE', #2453, 1000.000000000000000 ) ;
#6905 = EDGE_CURVE ( 'NONE', #7230, #12237, #14, .T. ) ;
#6906 = AXIS2_PLACEMENT_3D ( 'NONE', #11845, #3279, #7093 ) ;
#6907 = VECTOR ( 'NONE', #6501, 1000.000000000000000 ) ;
#6908 = CARTESIAN_POINT ( 'NONE',  ( -5.009999999999999787, 2.339999999999999858, -0.1000000000000000056 ) ) ;
#6909 = AXIS2_PLACEMENT_3D ( 'NONE', #9272, #1539, #8255 ) ;
#6910 = VECTOR ( 'NONE', #3487, 1000.000000000000000 ) ;
#6911 = FACE_OUTER_BOUND ( 'NONE', #6213, .T. ) ;
#6912 = VERTEX_POINT ( 'NONE', #11479 ) ;
#6913 = PRESENTATION_STYLE_ASSIGNMENT (( #3089 ) ) ;
#6914 = CARTESIAN_POINT ( 'NONE',  ( -5.000000000000000000, -5.000000000000000000, 1.000000000000000000 ) ) ;
#6915 = UNCERTAINTY_MEASURE_WITH_UNIT (LENGTH_MEASURE( 1.000000000000000082E-05 ), #7632, 'distance_accuracy_value', 'NONE');
#6916 = EDGE_CURVE ( 'NONE', #1, #4281, #7848, .T. ) ;
#6917 = STYLED_ITEM ( 'NONE', ( #11050 ), #4675 ) ;
#6918 = STYLED_ITEM ( 'NONE', ( #546 ), #3749 ) ;
#6919 = STYLED_ITEM ( 'NONE', ( #6384 ), #11556 ) ;
#6920 =( GEOMETRIC_REPRESENTATION_CONTEXT ( 3 ) GLOBAL_UNCERTAINTY_ASSIGNED_CONTEXT ( ( #4801 ) ) GLOBAL_UNIT_ASSIGNED_CONTEXT ( ( #3275, #2782, #11318 ) ) REPRESENTATION_CONTEXT ( 'NONE', 'WORKASPACE' ) );
#6921 = MECHANICAL_DESIGN_GEOMETRIC_PRESENTATION_REPRESENTATION (  '', ( #1690 ), #9715 ) ;
#6922 = CARTESIAN_POINT ( 'NONE',  ( -5.009999999999999787, -1.469999999999999973, -0.1000000000000000056 ) ) ;
#6923 = CARTESIAN_POINT ( 'NONE',  ( -5.009999999999999787, -2.739999999999999769, 1.100000000000000089 ) ) ;
#6924 = PRESENTATION_STYLE_ASSIGNMENT (( #3094 ) ) ;
#6925 = FACE_OUTER_BOUND ( 'NONE', #4879, .T. ) ;
#6926 = CARTESIAN_POINT ( 'NONE',  ( -4.750000000000000000, -1.670000000000000151, 1.000000000000000000 ) ) ;
#6927 = DIRECTION ( 'NONE',  ( -1.047444401652940164E-14, -1.000000000000000000, 0.000000000000000000 ) ) ;
#6928 =( NAMED_UNIT ( * ) SI_UNIT ( $, .STERADIAN. ) SOLID_ANGLE_UNIT ( ) );
#6929 = SURFACE_STYLE_FILL_AREA ( #4812 ) ;
#6930 = SURFACE_STYLE_FILL_AREA ( #11864 ) ;
#6931 = FILL_AREA_STYLE_COLOUR ( '', #4348 ) ;
#6932 = DIRECTION ( 'NONE',  ( 1.000000000000000000, -1.047444401652940164E-14, 0.000000000000000000 ) ) ;
#6933 = CIRCLE ( 'NONE', #3538, 0.1999999999999996503 ) ;
#6934 = AXIS2_PLACEMENT_3D ( 'NONE', #8371, #6571, #10381 ) ;
#6935 = MECHANICAL_DESIGN_GEOMETRIC_PRESENTATION_REPRESENTATION (  '', ( #9333 ), #4139 ) ;
#6936 = EDGE_CURVE ( 'NONE', #6278, #3938, #1016, .T. ) ;
#6937 = CARTESIAN_POINT ( 'NONE',  ( 2.939999999999999947, 4.250000000000000000, -0.1000000000000000056 ) ) ;
#6938 = ORIENTED_EDGE ( 'NONE', *, *, #10686, .T. ) ;
#6939 = FILL_AREA_STYLE_COLOUR ( '', #6185 ) ;
#6940 = DIRECTION ( 'NONE',  ( 0.000000000000000000, 0.000000000000000000, 1.000000000000000000 ) ) ;
#6941 = STYLED_ITEM ( 'NONE', ( #9684 ), #12069 ) ;
#6942 = DIRECTION ( 'NONE',  ( 1.000000000000000000, 0.000000000000000000, 0.000000000000000000 ) ) ;
#6943 = FILL_AREA_STYLE_COLOUR ( '', #6405 ) ;
#6944 = AXIS2_PLACEMENT_3D ( 'NONE', #3927, #6686, #3994 ) ;
#6945 = FACE_OUTER_BOUND ( 'NONE', #7315, .T. ) ;
#6946 = EDGE_CURVE ( 'NONE', #11377, #4186, #5699, .T. ) ;
#6947 = SURFACE_SIDE_STYLE ('',( #141 ) ) ;
#6948 =( NAMED_UNIT ( * ) SI_UNIT ( $, .STERADIAN. ) SOLID_ANGLE_UNIT ( ) );
#6949 = EDGE_LOOP ( 'NONE', ( #3087, #3128, #10748, #12267 ) ) ;
#6950 = ADVANCED_FACE ( 'NONE', ( #74 ), #4016, .F. ) ;
#6951 = COLOUR_RGB ( '',1.000000000000000000, 0.8117647058823529438, 0.5019607843137254832 ) ;
#6952 = VERTEX_POINT ( 'NONE', #3999 ) ;
#6953 = EDGE_CURVE ( 'NONE', #11683, #4908, #8562, .T. ) ;
#6954 = ORIENTED_EDGE ( 'NONE', *, *, #11872, .F. ) ;
#6955 = DIRECTION ( 'NONE',  ( -3.491481338843135327E-15, -1.000000000000000000, 0.000000000000000000 ) ) ;
#6956 = CIRCLE ( 'NONE', #6143, 0.1999999999999996503 ) ;
#6957 = CARTESIAN_POINT ( 'NONE',  ( -4.250000000000000000, 0.4000000000000000222, -0.1000000000000000056 ) ) ;
#6958 = COLOUR_RGB ( '',1.000000000000000000, 0.8117647058823529438, 0.5019607843137254832 ) ;
#6959 = VERTEX_POINT ( 'NONE', #10444 ) ;
#6960 =( GEOMETRIC_REPRESENTATION_CONTEXT ( 3 ) GLOBAL_UNCERTAINTY_ASSIGNED_CONTEXT ( ( #10719 ) ) GLOBAL_UNIT_ASSIGNED_CONTEXT ( ( #8002, #8059, #10924 ) ) REPRESENTATION_CONTEXT ( 'NONE', 'WORKASPACE' ) );
#6961 = CARTESIAN_POINT ( 'NONE',  ( 5.009999999999999787, -1.469999999999999973, 1.100000000000000089 ) ) ;
#6962 = ORIENTED_EDGE ( 'NONE', *, *, #11335, .F. ) ;
#6963 = EDGE_CURVE ( 'NONE', #8373, #8864, #11462, .T. ) ;
#6964 = EDGE_LOOP ( 'NONE', ( #2045, #9453, #3187, #2481, #1504, #10997, #6337, #3022 ) ) ;
#6965 = DIRECTION ( 'NONE',  ( 0.000000000000000000, 0.000000000000000000, 1.000000000000000000 ) ) ;
#6966 = VECTOR ( 'NONE', #2384, 1000.000000000000000 ) ;
#6967 = CIRCLE ( 'NONE', #12365, 0.1999999999999996503 ) ;
#6968 = LINE ( 'NONE', #5040, #8300 ) ;
#6969 = ADVANCED_FACE ( 'NONE', ( #1832 ), #2862, .F. ) ;
#6970 = DIRECTION ( 'NONE',  ( 0.000000000000000000, 1.000000000000000000, 0.000000000000000000 ) ) ;
#6971 = CARTESIAN_POINT ( 'NONE',  ( 5.009999999999999787, -2.339999999999999858, 1.100000000000000089 ) ) ;
#6972 = CARTESIAN_POINT ( 'NONE',  ( 5.000000000000000000, 1.270000000000000018, -0.1000000000000000056 ) ) ;
#6973 = EDGE_LOOP ( 'NONE', ( #10980, #1276, #10418, #1932 ) ) ;
#6974 =( LENGTH_UNIT ( ) NAMED_UNIT ( * ) SI_UNIT ( .MILLI., .METRE. ) );
#6975 = VERTEX_POINT ( 'NONE', #2926 ) ;
#6976 = VECTOR ( 'NONE', #4636, 1000.000000000000000 ) ;
#6977 = EDGE_LOOP ( 'NONE', ( #3936, #3683, #129, #2433, #2849, #7633, #5029, #3271 ) ) ;
#6978 = DIRECTION ( 'NONE',  ( -8.673617379884039170E-17, 1.000000000000000000, 0.000000000000000000 ) ) ;
#6979 = CARTESIAN_POINT ( 'NONE',  ( 2.339999999999950120, -5.000000000000000000, 1.100000000000000089 ) ) ;
#6980 = STYLED_ITEM ( 'NONE', ( #5931 ), #9348 ) ;
#6981 = CARTESIAN_POINT ( 'NONE',  ( 0.4000000000000170641, 5.009999999999999787, 1.100000000000000089 ) ) ;
#6982 = CARTESIAN_POINT ( 'NONE',  ( -2.940000000000049685, -5.000000000000000000, -0.1000000000000000056 ) ) ;
#6983 = DIRECTION ( 'NONE',  ( 0.000000000000000000, 0.000000000000000000, -1.000000000000000000 ) ) ;
#6984 =( GEOMETRIC_REPRESENTATION_CONTEXT ( 3 ) GLOBAL_UNCERTAINTY_ASSIGNED_CONTEXT ( ( #10881 ) ) GLOBAL_UNIT_ASSIGNED_CONTEXT ( ( #815, #876, #2724 ) ) REPRESENTATION_CONTEXT ( 'NONE', 'WORKASPACE' ) );
#6985 =( NAMED_UNIT ( * ) PLANE_ANGLE_UNIT ( ) SI_UNIT ( $, .RADIAN. ) );
#6986 =( NAMED_UNIT ( * ) SI_UNIT ( $, .STERADIAN. ) SOLID_ANGLE_UNIT ( ) );
#6987 = SURFACE_STYLE_FILL_AREA ( #10673 ) ;
#6988 = ADVANCED_FACE ( 'NONE', ( #5823 ), #8676, .T. ) ;
#6989 = CARTESIAN_POINT ( 'NONE',  ( 2.140000000000000124, 5.009999999999999787, 1.100000000000000089 ) ) ;
#6990 = DIRECTION ( 'NONE',  ( 1.076356459585886213E-14, 1.000000000000000000, 0.000000000000000000 ) ) ;
#6991 = FILL_AREA_STYLE ('',( #2254 ) ) ;
#6992 = ORIENTED_EDGE ( 'NONE', *, *, #3731, .T. ) ;
#6993 = MECHANICAL_DESIGN_GEOMETRIC_PRESENTATION_REPRESENTATION (  '', ( #2167 ), #8988 ) ;
#6994 = AXIS2_PLACEMENT_3D ( 'NONE', #10573, #3881, #4884 ) ;
#6995 = DIRECTION ( 'NONE',  ( -1.000000000000000000, 3.491481338843135327E-15, 0.000000000000000000 ) ) ;
#6996 = EDGE_LOOP ( 'NONE', ( #4752, #10430, #8879, #11700 ) ) ;
#6997 = CARTESIAN_POINT ( 'NONE',  ( -5.000000000000000000, 5.000000000000000000, 0.000000000000000000 ) ) ;
#6998 = UNCERTAINTY_MEASURE_WITH_UNIT (LENGTH_MEASURE( 1.000000000000000082E-05 ), #3254, 'distance_accuracy_value', 'NONE');
#6999 = CARTESIAN_POINT ( 'NONE',  ( -5.000000000000000000, 1.670000000000000151, 1.000000000000000000 ) ) ;
#7000 = CARTESIAN_POINT ( 'NONE',  ( 5.000000000000000000, -2.140000000000000124, 1.000000000000000000 ) ) ;
#7001 =( LENGTH_UNIT ( ) NAMED_UNIT ( * ) SI_UNIT ( .MILLI., .METRE. ) );
#7002 = MECHANICAL_DESIGN_GEOMETRIC_PRESENTATION_REPRESENTATION (  '', ( #5207 ), #7967 ) ;
#7003 = CARTESIAN_POINT ( 'NONE',  ( -0.8699999999999840083, 4.750000000000000000, 1.100000000000000089 ) ) ;
#7004 = SURFACE_STYLE_FILL_AREA ( #5888 ) ;
#7005 = VECTOR ( 'NONE', #2430, 1000.000000000000000 ) ;
#7006 = DIRECTION ( 'NONE',  ( -1.000000000000000000, 3.491481338843135327E-15, 0.000000000000000000 ) ) ;
#7007 = EDGE_CURVE ( 'NONE', #8441, #8137, #8497, .T. ) ;
#7008 = FILL_AREA_STYLE ('',( #3202 ) ) ;
#7009 = STYLED_ITEM ( 'NONE', ( #229 ), #5833 ) ;
#7010 = AXIS2_PLACEMENT_3D ( 'NONE', #6092, #11795, #7046 ) ;
#7011 = VERTEX_POINT ( 'NONE', #7551 ) ;
#7012 = ORIENTED_EDGE ( 'NONE', *, *, #2580, .T. ) ;
#7013 = VERTEX_POINT ( 'NONE', #8657 ) ;
#7014 = LINE ( 'NONE', #5194, #1748 ) ;
#7015 = STYLED_ITEM ( 'NONE', ( #9291 ), #5898 ) ;
#7016 = ORIENTED_EDGE ( 'NONE', *, *, #10158, .F. ) ;
#7017 = DIRECTION ( 'NONE',  ( 1.000000000000000000, -3.318008991245455407E-15, 0.000000000000000000 ) ) ;
#7018 = DIRECTION ( 'NONE',  ( 1.000000000000000000, 0.000000000000000000, 0.000000000000000000 ) ) ;
#7019 = CARTESIAN_POINT ( 'NONE',  ( -0.4000000000000434874, -4.250000000000000000, -0.1000000000000000056 ) ) ;
#7020 = EDGE_CURVE ( 'NONE', #4030, #284, #6560, .T. ) ;
#7021 = SURFACE_STYLE_USAGE ( .BOTH. , #8521 ) ;
#7022 = ORIENTED_EDGE ( 'NONE', *, *, #3988, .F. ) ;
#7023 = COLOUR_RGB ( '',0.8980392156862745390, 0.9215686274509803377, 0.9294117647058823817 ) ;
#7024 = LINE ( 'NONE', #2055, #2700 ) ;
#7025 = ORIENTED_EDGE ( 'NONE', *, *, #8629, .F. ) ;
#7026 = VERTEX_POINT ( 'NONE', #5670 ) ;
#7027 =( LENGTH_UNIT ( ) NAMED_UNIT ( * ) SI_UNIT ( .MILLI., .METRE. ) );
#7028 =( GEOMETRIC_REPRESENTATION_CONTEXT ( 3 ) GLOBAL_UNCERTAINTY_ASSIGNED_CONTEXT ( ( #5695 ) ) GLOBAL_UNIT_ASSIGNED_CONTEXT ( ( #3882, #8573, #2815 ) ) REPRESENTATION_CONTEXT ( 'NONE', 'WORKASPACE' ) );
#7029 = DIRECTION ( 'NONE',  ( -1.030097166893172093E-14, -1.000000000000000000, 0.000000000000000000 ) ) ;
#7030 = CARTESIAN_POINT ( 'NONE',  ( 5.000000000000000000, 2.140000000000000124, 0.000000000000000000 ) ) ;
#7031 =( NAMED_UNIT ( * ) SI_UNIT ( $, .STERADIAN. ) SOLID_ANGLE_UNIT ( ) );
#7032 = DIRECTION ( 'NONE',  ( -3.491481338843135327E-15, -1.000000000000000000, 0.000000000000000000 ) ) ;
#7033 = EDGE_CURVE ( 'NONE', #11208, #5391, #2655, .T. ) ;
#7034 = ADVANCED_FACE ( 'NONE', ( #35 ), #10363, .F. ) ;
#7035 = SURFACE_STYLE_FILL_AREA ( #9030 ) ;
#7036 = CARTESIAN_POINT ( 'NONE',  ( 2.939999999999999947, 4.750000000000000000, 1.000000000000000000 ) ) ;
#7037 = CARTESIAN_POINT ( 'NONE',  ( 1.069999999999949880, -5.009999999999999787, 1.100000000000000089 ) ) ;
#7038 = COLOUR_RGB ( '',1.000000000000000000, 0.8117647058823529438, 0.5019607843137254832 ) ;
#7039 = UNCERTAINTY_MEASURE_WITH_UNIT (LENGTH_MEASURE( 1.000000000000000082E-05 ), #2022, 'distance_accuracy_value', 'NONE');
#7040 = VERTEX_POINT ( 'NONE', #10424 ) ;
#7041 = ORIENTED_EDGE ( 'NONE', *, *, #10633, .F. ) ;
#7042 =( GEOMETRIC_REPRESENTATION_CONTEXT ( 3 ) GLOBAL_UNCERTAINTY_ASSIGNED_CONTEXT ( ( #4169 ) ) GLOBAL_UNIT_ASSIGNED_CONTEXT ( ( #6258, #510, #12020 ) ) REPRESENTATION_CONTEXT ( 'NONE', 'WORKASPACE' ) );
#7043 = EDGE_LOOP ( 'NONE', ( #8107, #183, #7943, #10204 ) ) ;
#7044 = DIRECTION ( 'NONE',  ( 0.000000000000000000, -1.000000000000000000, 0.000000000000000000 ) ) ;
#7045 = ORIENTED_EDGE ( 'NONE', *, *, #7391, .F. ) ;
#7046 = DIRECTION ( 'NONE',  ( -3.491481338843135327E-15, -1.000000000000000000, 0.000000000000000000 ) ) ;
#7047 =( LENGTH_UNIT ( ) NAMED_UNIT ( * ) SI_UNIT ( .MILLI., .METRE. ) );
#7048 = PRESENTATION_LAYER_ASSIGNMENT (  '', '', ( #12429 ) ) ;
#7049 = DIRECTION ( 'NONE',  ( -0.000000000000000000, 1.000000000000000000, 0.000000000000000000 ) ) ;
#7050 = DIRECTION ( 'NONE',  ( 1.000000000000000000, -3.491481338843135327E-15, 0.000000000000000000 ) ) ;
#7051 = FILL_AREA_STYLE ('',( #3244 ) ) ;
#7052 = CARTESIAN_POINT ( 'NONE',  ( 1.070000000000016049, 5.000000000000000000, -0.1000000000000000056 ) ) ;
#7053 = FILL_AREA_STYLE ('',( #10869 ) ) ;
#7054 = FILL_AREA_STYLE_COLOUR ( '', #472 ) ;
#7055 = CARTESIAN_POINT ( 'NONE',  ( -5.009999999999999787, -1.469999999999999973, 1.100000000000000089 ) ) ;
#7056 = DIRECTION ( 'NONE',  ( 0.000000000000000000, 0.000000000000000000, -1.000000000000000000 ) ) ;
#7057 = AXIS2_PLACEMENT_3D ( 'NONE', #4499, #4742, #8554 ) ;
#7058 = CARTESIAN_POINT ( 'NONE',  ( 5.000000000000000000, 5.000000000000000000, 1.000000000000000000 ) ) ;
#7059 = ORIENTED_EDGE ( 'NONE', *, *, #7328, .T. ) ;
#7060 = DIRECTION ( 'NONE',  ( 0.000000000000000000, 0.000000000000000000, -1.000000000000000000 ) ) ;
#7061 = EDGE_CURVE ( 'NONE', #2559, #4373, #1753, .T. ) ;
#7062 = LINE ( 'NONE', #190, #8145 ) ;
#7063 = PRESENTATION_STYLE_ASSIGNMENT (( #12070 ) ) ;
#7064 = VECTOR ( 'NONE', #5850, 1000.000000000000000 ) ;
#7065 = SURFACE_STYLE_FILL_AREA ( #11943 ) ;
#7066 = DIRECTION ( 'NONE',  ( 0.000000000000000000, 0.000000000000000000, 1.000000000000000000 ) ) ;
#7067 = SURFACE_STYLE_FILL_AREA ( #3198 ) ;
#7068 = CARTESIAN_POINT ( 'NONE',  ( -1.070000000000052021, -5.009999999999999787, 1.100000000000000089 ) ) ;
#7069 = SURFACE_STYLE_USAGE ( .BOTH. , #6193 ) ;
#7070 =( NAMED_UNIT ( * ) SI_UNIT ( $, .STERADIAN. ) SOLID_ANGLE_UNIT ( ) );
#7071 =( NAMED_UNIT ( * ) SI_UNIT ( $, .STERADIAN. ) SOLID_ANGLE_UNIT ( ) );
#7072 = DIRECTION ( 'NONE',  ( 0.000000000000000000, 0.000000000000000000, 1.000000000000000000 ) ) ;
#7073 = DIRECTION ( 'NONE',  ( 0.000000000000000000, 0.000000000000000000, 1.000000000000000000 ) ) ;
#7074 = ORIENTED_EDGE ( 'NONE', *, *, #4585, .T. ) ;
#7075 = ORIENTED_EDGE ( 'NONE', *, *, #8048, .T. ) ;
#7076 = CARTESIAN_POINT ( 'NONE',  ( 5.000000000000000000, 5.000000000000000000, 0.000000000000000000 ) ) ;
#7077 = ADVANCED_FACE ( 'NONE', ( #6483 ), #8539, .F. ) ;
#7078 = ORIENTED_EDGE ( 'NONE', *, *, #9175, .T. ) ;
#7079 = SURFACE_STYLE_USAGE ( .BOTH. , #10770 ) ;
#7080 = CARTESIAN_POINT ( 'NONE',  ( -1.670000000000000151, 5.000000000000000000, 1.000000000000000000 ) ) ;
#7081 =( NAMED_UNIT ( * ) PLANE_ANGLE_UNIT ( ) SI_UNIT ( $, .RADIAN. ) );
#7082 = CARTESIAN_POINT ( 'NONE',  ( 5.000000000000000000, -2.540000000000000036, -0.2999999999999999889 ) ) ;
#7083 = DIRECTION ( 'NONE',  ( 0.000000000000000000, 0.000000000000000000, 1.000000000000000000 ) ) ;
#7084 = ORIENTED_EDGE ( 'NONE', *, *, #10159, .F. ) ;
#7085 = SURFACE_STYLE_FILL_AREA ( #7809 ) ;
#7086 = EDGE_LOOP ( 'NONE', ( #6067, #8820, #1005, #11089 ) ) ;
#7087 = VERTEX_POINT ( 'NONE', #2902 ) ;
#7088 = CARTESIAN_POINT ( 'NONE',  ( -5.000000000000000000, -8.673617379884030542E-16, -0.1000000000000000056 ) ) ;
#7089 = EDGE_CURVE ( 'NONE', #12025, #12065, #1941, .T. ) ;
#7090 = UNCERTAINTY_MEASURE_WITH_UNIT (LENGTH_MEASURE( 1.000000000000000082E-05 ), #9861, 'distance_accuracy_value', 'NONE');
#7091 = PRESENTATION_LAYER_ASSIGNMENT (  '', '', ( #1663 ) ) ;
#7092 =( NAMED_UNIT ( * ) PLANE_ANGLE_UNIT ( ) SI_UNIT ( $, .RADIAN. ) );
#7093 = DIRECTION ( 'NONE',  ( 0.000000000000000000, 0.000000000000000000, -1.000000000000000000 ) ) ;
#7094 = FACE_OUTER_BOUND ( 'NONE', #7100, .T. ) ;
#7095 = SURFACE_SIDE_STYLE ('',( #6517 ) ) ;
#7096 = DIRECTION ( 'NONE',  ( -1.000000000000000000, 0.000000000000000000, 0.000000000000000000 ) ) ;
#7097 = ORIENTED_EDGE ( 'NONE', *, *, #6802, .F. ) ;
#7098 = VERTEX_POINT ( 'NONE', #5977 ) ;
#7099 = AXIS2_PLACEMENT_3D ( 'NONE', #4292, #6168, #11066 ) ;
#7100 = EDGE_LOOP ( 'NONE', ( #6689, #6160, #2362, #4458 ) ) ;
#7101 = VERTEX_POINT ( 'NONE', #10657 ) ;
#7102 = CARTESIAN_POINT ( 'NONE',  ( -2.739999999999999769, 5.009999999999999787, -0.1000000000000000056 ) ) ;
#7103 = EDGE_CURVE ( 'NONE', #11266, #10595, #7763, .T. ) ;
#7104 = EDGE_CURVE ( 'NONE', #4837, #6523, #7937, .T. ) ;
#7105 = COLOUR_RGB ( '',0.5372549019607842924, 0.6235294117647058876, 0.000000000000000000 ) ;
#7106 =( LENGTH_UNIT ( ) NAMED_UNIT ( * ) SI_UNIT ( .MILLI., .METRE. ) );
#7107 = AXIS2_PLACEMENT_3D ( 'NONE', #2251, #496, #365 ) ;
#7108 = STYLED_ITEM ( 'NONE', ( #6276 ), #11417 ) ;
#7109 =( LENGTH_UNIT ( ) NAMED_UNIT ( * ) SI_UNIT ( .MILLI., .METRE. ) );
#7110 = FILL_AREA_STYLE_COLOUR ( '', #3424 ) ;
#7111 = VECTOR ( 'NONE', #1408, 1000.000000000000000 ) ;
#7112 = FILL_AREA_STYLE_COLOUR ( '', #3723 ) ;
#7113 = SURFACE_STYLE_USAGE ( .BOTH. , #4371 ) ;
#7114 = ORIENTED_EDGE ( 'NONE', *, *, #4063, .T. ) ;
#7115 = MECHANICAL_DESIGN_GEOMETRIC_PRESENTATION_REPRESENTATION (  '', ( #8506 ), #3330 ) ;
#7116 = CARTESIAN_POINT ( 'NONE',  ( -0.4000000000000434874, -4.250000000000000000, 0.000000000000000000 ) ) ;
#7117 = AXIS2_PLACEMENT_3D ( 'NONE', #10435, #4740, #11454 ) ;
#7118 = STYLED_ITEM ( 'NONE', ( #11476 ), #7901 ) ;
#7119 = EDGE_CURVE ( 'NONE', #5477, #4373, #11784, .T. ) ;
#7120 = FILL_AREA_STYLE ('',( #3300 ) ) ;
#7121 = ORIENTED_EDGE ( 'NONE', *, *, #10010, .T. ) ;
#7122 = DIRECTION ( 'NONE',  ( 0.000000000000000000, 0.000000000000000000, -1.000000000000000000 ) ) ;
#7123 = UNCERTAINTY_MEASURE_WITH_UNIT (LENGTH_MEASURE( 1.000000000000000082E-05 ), #5959, 'distance_accuracy_value', 'NONE');
#7124 =( NAMED_UNIT ( * ) PLANE_ANGLE_UNIT ( ) SI_UNIT ( $, .RADIAN. ) );
#7125 = CARTESIAN_POINT ( 'NONE',  ( -5.000000000000000000, 5.000000000000000000, 0.000000000000000000 ) ) ;
#7126 = DIRECTION ( 'NONE',  ( 1.076356459585886213E-14, 1.000000000000000000, 0.000000000000000000 ) ) ;
#7127 = LINE ( 'NONE', #2531, #2698 ) ;
#7128 = COLOUR_RGB ( '',1.000000000000000000, 0.8117647058823529438, 0.5019607843137254832 ) ;
#7129 = CYLINDRICAL_SURFACE ( 'NONE', #2709, 0.1999999999999996503 ) ;
#7130 = SURFACE_STYLE_FILL_AREA ( #10956 ) ;
#7131 = CARTESIAN_POINT ( 'NONE',  ( -5.000000000000000000, -5.000000000000000000, 0.000000000000000000 ) ) ;
#7132 = VECTOR ( 'NONE', #4790, 1000.000000000000000 ) ;
#7133 = AXIS2_PLACEMENT_3D ( 'NONE', #5074, #8872, #11694 ) ;
#7134 = PRESENTATION_STYLE_ASSIGNMENT (( #3312 ) ) ;
#7135 = ORIENTED_EDGE ( 'NONE', *, *, #6190, .F. ) ;
#7136 = ORIENTED_EDGE ( 'NONE', *, *, #3672, .F. ) ;
#7137 = VERTEX_POINT ( 'NONE', #6796 ) ;
#7138 = MECHANICAL_DESIGN_GEOMETRIC_PRESENTATION_REPRESENTATION (  '', ( #4151 ), #6547 ) ;
#7139 = STYLED_ITEM ( 'NONE', ( #4904 ), #11210 ) ;
#7140 = VECTOR ( 'NONE', #3680, 1000.000000000000000 ) ;
#7141 = VERTEX_POINT ( 'NONE', #3030 ) ;
#7142 = CYLINDRICAL_SURFACE ( 'NONE', #6124, 0.2000000000000000111 ) ;
#7143 = PRESENTATION_STYLE_ASSIGNMENT (( #4511 ) ) ;
#7144 = CARTESIAN_POINT ( 'NONE',  ( 2.939999999999999947, 5.009999999999999787, 1.100000000000000089 ) ) ;
#7145 = DIRECTION ( 'NONE',  ( 0.000000000000000000, 0.000000000000000000, -1.000000000000000000 ) ) ;
#7146 = SURFACE_STYLE_USAGE ( .BOTH. , #4213 ) ;
#7147 = VECTOR ( 'NONE', #2505, 1000.000000000000000 ) ;
#7148 = EDGE_CURVE ( 'NONE', #9933, #7878, #9148, .T. ) ;
#7149 = LINE ( 'NONE', #12085, #7311 ) ;
#7150 = EDGE_LOOP ( 'NONE', ( #10948, #2315, #3237, #3343 ) ) ;
#7151 = VERTEX_POINT ( 'NONE', #9897 ) ;
#7152 =( GEOMETRIC_REPRESENTATION_CONTEXT ( 3 ) GLOBAL_UNCERTAINTY_ASSIGNED_CONTEXT ( ( #12408 ) ) GLOBAL_UNIT_ASSIGNED_CONTEXT ( ( #5488, #3086, #10728 ) ) REPRESENTATION_CONTEXT ( 'NONE', 'WORKASPACE' ) );
#7153 =( LENGTH_UNIT ( ) NAMED_UNIT ( * ) SI_UNIT ( .MILLI., .METRE. ) );
#7154 = FACE_OUTER_BOUND ( 'NONE', #3894, .T. ) ;
#7155 = FILL_AREA_STYLE ('',( #1351 ) ) ;
#7156 = LINE ( 'NONE', #1222, #7784 ) ;
#7157 = LINE ( 'NONE', #10026, #12329 ) ;
#7158 = STYLED_ITEM ( 'NONE', ( #4354 ), #1111 ) ;
#7159 =( NAMED_UNIT ( * ) PLANE_ANGLE_UNIT ( ) SI_UNIT ( $, .RADIAN. ) );
#7160 = CYLINDRICAL_SURFACE ( 'NONE', #3946, 0.1999999999999996503 ) ;
#7161 = CARTESIAN_POINT ( 'NONE',  ( -0.3999999999999845346, 4.750000000000000000, 1.000000000000000000 ) ) ;
#7162 = ORIENTED_EDGE ( 'NONE', *, *, #4526, .T. ) ;
#7163 = EDGE_CURVE ( 'NONE', #11154, #917, #4042, .T. ) ;
#7164 = VERTEX_POINT ( 'NONE', #1109 ) ;
#7165 = ORIENTED_EDGE ( 'NONE', *, *, #9902, .F. ) ;
#7166 = COLOUR_RGB ( '',1.000000000000000000, 0.8117647058823529438, 0.5019607843137254832 ) ;
#7167 = PLANE ( 'NONE',  #2742 ) ;
#7168 = ORIENTED_EDGE ( 'NONE', *, *, #4864, .F. ) ;
#7169 = ORIENTED_EDGE ( 'NONE', *, *, #6548, .F. ) ;
#7170 = SURFACE_STYLE_USAGE ( .BOTH. , #420 ) ;
#7171 = COLOUR_RGB ( '',1.000000000000000000, 0.8117647058823529438, 0.5019607843137254832 ) ;
#7172 = SURFACE_STYLE_FILL_AREA ( #8070 ) ;
#7173 = DIRECTION ( 'NONE',  ( 1.734723475976804876E-16, -1.000000000000000000, 0.000000000000000000 ) ) ;
#7174 = DIRECTION ( 'NONE',  ( 0.000000000000000000, 0.000000000000000000, 1.000000000000000000 ) ) ;
#7175 = SURFACE_SIDE_STYLE ('',( #4297 ) ) ;
#7176 = FILL_AREA_STYLE_COLOUR ( '', #7978 ) ;
#7177 =( LENGTH_UNIT ( ) NAMED_UNIT ( * ) SI_UNIT ( .MILLI., .METRE. ) );
#7178 = DIRECTION ( 'NONE',  ( -0.000000000000000000, 1.000000000000000000, 0.000000000000000000 ) ) ;
#7179 = MECHANICAL_DESIGN_GEOMETRIC_PRESENTATION_REPRESENTATION (  '', ( #3585 ), #8153 ) ;
#7180 = ADVANCED_FACE ( 'NONE', ( #5160 ), #348, .T. ) ;
#7181 =( NAMED_UNIT ( * ) PLANE_ANGLE_UNIT ( ) SI_UNIT ( $, .RADIAN. ) );
#7182 = EDGE_CURVE ( 'NONE', #1483, #4992, #8334, .T. ) ;
#7183 = FILL_AREA_STYLE ('',( #1308 ) ) ;
#7184 = PRESENTATION_STYLE_ASSIGNMENT (( #7955 ) ) ;
#7185 = PRESENTATION_STYLE_ASSIGNMENT (( #3360 ) ) ;
#7186 = EDGE_LOOP ( 'NONE', ( #6069, #11241, #7203, #11793 ) ) ;
#7187 = CARTESIAN_POINT ( 'NONE',  ( 5.000000000000000000, 5.000000000000000000, 1.000000000000000000 ) ) ;
#7188 = ORIENTED_EDGE ( 'NONE', *, *, #2170, .F. ) ;
#7189 = SURFACE_STYLE_FILL_AREA ( #7370 ) ;
#7190 = VECTOR ( 'NONE', #7650, 1000.000000000000000 ) ;
#7191 = VECTOR ( 'NONE', #1508, 1000.000000000000000 ) ;
#7192 = PLANE ( 'NONE',  #6198 ) ;
#7193 = CARTESIAN_POINT ( 'NONE',  ( 2.339999999999950120, -5.009999999999999787, -0.1000000000000000056 ) ) ;
#7194 = EDGE_CURVE ( 'NONE', #11014, #7609, #5656, .T. ) ;
#7195 = DIRECTION ( 'NONE',  ( 1.000000000000000000, 0.000000000000000000, 0.000000000000000000 ) ) ;
#7196 = EDGE_CURVE ( 'NONE', #5391, #11911, #11249, .T. ) ;
#7197 =( LENGTH_UNIT ( ) NAMED_UNIT ( * ) SI_UNIT ( .MILLI., .METRE. ) );
#7198 = PLANE ( 'NONE',  #6449 ) ;
#7199 = DIRECTION ( 'NONE',  ( -1.000000000000000000, 0.000000000000000000, 0.000000000000000000 ) ) ;
#7200 = VECTOR ( 'NONE', #2074, 1000.000000000000000 ) ;
#7201 =( LENGTH_UNIT ( ) NAMED_UNIT ( * ) SI_UNIT ( .MILLI., .METRE. ) );
#7202 = EDGE_LOOP ( 'NONE', ( #7554, #10203, #1021, #3972 ) ) ;
#7203 = ORIENTED_EDGE ( 'NONE', *, *, #2024, .F. ) ;
#7204 = CARTESIAN_POINT ( 'NONE',  ( 5.000000000000000000, -2.939999999999999947, -0.1000000000000000056 ) ) ;
#7205 = CARTESIAN_POINT ( 'NONE',  ( -0.4000000000000434874, -4.250000000000000000, -0.1000000000000000056 ) ) ;
#7206 = COLOUR_RGB ( '',0.8980392156862745390, 0.9215686274509803377, 0.9294117647058823817 ) ;
#7207 = ORIENTED_EDGE ( 'NONE', *, *, #1564, .F. ) ;
#7208 = LINE ( 'NONE', #12030, #5129 ) ;
#7209 = FILL_AREA_STYLE_COLOUR ( '', #7566 ) ;
#7210 = FACE_OUTER_BOUND ( 'NONE', #10457, .T. ) ;
#7211 = FILL_AREA_STYLE_COLOUR ( '', #11058 ) ;
#7212 = CARTESIAN_POINT ( 'NONE',  ( -1.269999999999982032, 5.009999999999999787, 0.000000000000000000 ) ) ;
#7213 = PRESENTATION_LAYER_ASSIGNMENT (  '', '', ( #971 ) ) ;
#7214 = ORIENTED_EDGE ( 'NONE', *, *, #8174, .F. ) ;
#7215 = ORIENTED_EDGE ( 'NONE', *, *, #1732, .F. ) ;
#7216 =( NAMED_UNIT ( * ) PLANE_ANGLE_UNIT ( ) SI_UNIT ( $, .RADIAN. ) );
#7217 = EDGE_CURVE ( 'NONE', #3411, #2572, #735, .T. ) ;
#7218 = VECTOR ( 'NONE', #3561, 1000.000000000000000 ) ;
#7219 = LINE ( 'NONE', #2180, #9208 ) ;
#7220 = CARTESIAN_POINT ( 'NONE',  ( -2.140000000000000124, 5.000000000000000000, 1.000000000000000000 ) ) ;
#7221 = CARTESIAN_POINT ( 'NONE',  ( 5.009999999999999787, 1.469999999999999973, -0.1000000000000000056 ) ) ;
#7222 = VECTOR ( 'NONE', #6932, 1000.000000000000000 ) ;
#7223 = FACE_OUTER_BOUND ( 'NONE', #1835, .T. ) ;
#7224 = PLANE ( 'NONE',  #5498 ) ;
#7225 = ORIENTED_EDGE ( 'NONE', *, *, #8678, .T. ) ;
#7226 = DIRECTION ( 'NONE',  ( 1.000000000000000000, -1.030097166893172093E-14, 0.000000000000000000 ) ) ;
#7227 = EDGE_LOOP ( 'NONE', ( #2719, #11187, #4204, #7414 ) ) ;
#7228 = LINE ( 'NONE', #11917, #12164 ) ;
#7230 = VERTEX_POINT ( 'NONE', #4598 ) ;
#7229 = STYLED_ITEM ( 'NONE', ( #6655 ), #8862 ) ;
#7231 = UNCERTAINTY_MEASURE_WITH_UNIT (LENGTH_MEASURE( 1.000000000000000082E-05 ), #10960, 'distance_accuracy_value', 'NONE');
#7232 = ORIENTED_EDGE ( 'NONE', *, *, #10701, .T. ) ;
#7233 =( LENGTH_UNIT ( ) NAMED_UNIT ( * ) SI_UNIT ( .MILLI., .METRE. ) );
#7234 = EDGE_CURVE ( 'NONE', #2649, #10299, #3777, .T. ) ;
#7235 = FACE_OUTER_BOUND ( 'NONE', #10265, .T. ) ;
#7236 = DIRECTION ( 'NONE',  ( 0.000000000000000000, 0.000000000000000000, 1.000000000000000000 ) ) ;
#7237 = CARTESIAN_POINT ( 'NONE',  ( 1.069999999999949880, -5.000000000000000000, 1.100000000000000089 ) ) ;
#7238 = STYLED_ITEM ( 'NONE', ( #6514 ), #9119 ) ;
#7239 = CARTESIAN_POINT ( 'NONE',  ( 4.250000000000000000, 2.939999999999999947, -0.1000000000000000056 ) ) ;
#7240 = FILL_AREA_STYLE ('',( #11011 ) ) ;
#7241 = SURFACE_SIDE_STYLE ('',( #3425 ) ) ;
#7242 = PRESENTATION_STYLE_ASSIGNMENT (( #3426 ) ) ;
#7243 = ORIENTED_EDGE ( 'NONE', *, *, #12002, .F. ) ;
#7244 = LINE ( 'NONE', #11207, #1297 ) ;
#7245 = ORIENTED_EDGE ( 'NONE', *, *, #7956, .F. ) ;
#7246 =( NAMED_UNIT ( * ) PLANE_ANGLE_UNIT ( ) SI_UNIT ( $, .RADIAN. ) );
#7247 = EDGE_CURVE ( 'NONE', #7608, #11774, #9411, .T. ) ;
#7248 = UNCERTAINTY_MEASURE_WITH_UNIT (LENGTH_MEASURE( 1.000000000000000082E-05 ), #4938, 'distance_accuracy_value', 'NONE');
#7249 = SURFACE_STYLE_FILL_AREA ( #3433 ) ;
#7250 = SURFACE_SIDE_STYLE ('',( #2096 ) ) ;
#7251 = CARTESIAN_POINT ( 'NONE',  ( 5.009999999999999787, -2.739999999999999769, -0.1000000000000000056 ) ) ;
#7252 = CARTESIAN_POINT ( 'NONE',  ( -0.8700000000000489564, -4.750000000000000000, 1.100000000000000089 ) ) ;
#7253 = LINE ( 'NONE', #2402, #7694 ) ;
#7254 = FILL_AREA_STYLE ('',( #4384 ) ) ;
#7255 = CARTESIAN_POINT ( 'NONE',  ( -5.000000000000000000, 1.270000000000000018, 1.100000000000000089 ) ) ;
#7256 = VERTEX_POINT ( 'NONE', #4709 ) ;
#7257 = ORIENTED_EDGE ( 'NONE', *, *, #8557, .F. ) ;
#7258 = ORIENTED_EDGE ( 'NONE', *, *, #11921, .T. ) ;
#7259 = COLOUR_RGB ( '',1.000000000000000000, 0.8117647058823529438, 0.5019607843137254832 ) ;
#7260 = SURFACE_SIDE_STYLE ('',( #3451 ) ) ;
#7261 = EDGE_CURVE ( 'NONE', #961, #4005, #10274, .T. ) ;
#7262 = EDGE_CURVE ( 'NONE', #7455, #1329, #2694, .T. ) ;
#7263 = CARTESIAN_POINT ( 'NONE',  ( 5.009999999999999787, -1.270000000000000018, 0.000000000000000000 ) ) ;
#7264 = DIRECTION ( 'NONE',  ( -8.673617379884039170E-17, 1.000000000000000000, 0.000000000000000000 ) ) ;
#7265 =( NAMED_UNIT ( * ) SI_UNIT ( $, .STERADIAN. ) SOLID_ANGLE_UNIT ( ) );
#7266 = CARTESIAN_POINT ( 'NONE',  ( 5.009999999999999787, 0.8699999999999999956, -0.1000000000000000056 ) ) ;
#7267 = ORIENTED_EDGE ( 'NONE', *, *, #8484, .T. ) ;
#7268 = EDGE_LOOP ( 'NONE', ( #5479, #5047, #6040, #1858 ) ) ;
#7269 =( NAMED_UNIT ( * ) SI_UNIT ( $, .STERADIAN. ) SOLID_ANGLE_UNIT ( ) );
#7270 = CARTESIAN_POINT ( 'NONE',  ( -5.009999999999999787, 0.8699999999999999956, 1.100000000000000089 ) ) ;
#7271 = EDGE_CURVE ( 'NONE', #4164, #11601, #6533, .T. ) ;
#7272 = CARTESIAN_POINT ( 'NONE',  ( 1.070000000000016049, 5.009999999999999787, 1.100000000000000089 ) ) ;
#7273 = CARTESIAN_POINT ( 'NONE',  ( 5.000000000000000000, -0.4000000000000000222, 1.000000000000000000 ) ) ;
#7274 = SURFACE_SIDE_STYLE ('',( #5343 ) ) ;
#7275 = CARTESIAN_POINT ( 'NONE',  ( -5.009999999999999787, 2.339999999999999858, -0.1000000000000000056 ) ) ;
#7276 = VERTEX_POINT ( 'NONE', #797 ) ;
#7277 = FACE_OUTER_BOUND ( 'NONE', #742, .T. ) ;
#7278 = DIRECTION ( 'NONE',  ( 0.000000000000000000, 0.000000000000000000, -1.000000000000000000 ) ) ;
#7279 = EDGE_CURVE ( 'NONE', #10177, #7427, #7727, .T. ) ;
#7280 = CARTESIAN_POINT ( 'NONE',  ( 5.000000000000000000, 1.070000000000000062, -0.2999999999999999889 ) ) ;
#7281 = ORIENTED_EDGE ( 'NONE', *, *, #7119, .T. ) ;
#7282 = ORIENTED_EDGE ( 'NONE', *, *, #7758, .T. ) ;
#7283 =( NAMED_UNIT ( * ) PLANE_ANGLE_UNIT ( ) SI_UNIT ( $, .RADIAN. ) );
#7284 = AXIS2_PLACEMENT_3D ( 'NONE', #3031, #6858, #3083 ) ;
#7285 = LINE ( 'NONE', #10161, #3383 ) ;
#7286 = SURFACE_STYLE_FILL_AREA ( #9239 ) ;
#7287 = PRESENTATION_LAYER_ASSIGNMENT (  '', '', ( #11316 ) ) ;
#7288 = DIRECTION ( 'NONE',  ( 0.000000000000000000, 0.000000000000000000, -1.000000000000000000 ) ) ;
#7289 = LINE ( 'NONE', #2519, #2708 ) ;
#7290 = PRESENTATION_LAYER_ASSIGNMENT (  '', '', ( #243 ) ) ;
#7291 =( NAMED_UNIT ( * ) SI_UNIT ( $, .STERADIAN. ) SOLID_ANGLE_UNIT ( ) );
#7292 = DIRECTION ( 'NONE',  ( 1.000000000000000000, 0.000000000000000000, 0.000000000000000000 ) ) ;
#7293 =( LENGTH_UNIT ( ) NAMED_UNIT ( * ) SI_UNIT ( .MILLI., .METRE. ) );
#7294 = VERTEX_POINT ( 'NONE', #1855 ) ;
#7295 = ADVANCED_FACE ( 'NONE', ( #11375 ), #2764, .F. ) ;
#7296 = DIRECTION ( 'NONE',  ( -3.491481338843135327E-15, -1.000000000000000000, 0.000000000000000000 ) ) ;
#7297 = DIRECTION ( 'NONE',  ( 0.000000000000000000, 0.000000000000000000, 1.000000000000000000 ) ) ;
#7298 = CARTESIAN_POINT ( 'NONE',  ( 0.1999999999999479972, -5.009999999999999787, -0.1000000000000000056 ) ) ;
#7299 = ORIENTED_EDGE ( 'NONE', *, *, #325, .T. ) ;
#7300 = VECTOR ( 'NONE', #9627, 1000.000000000000000 ) ;
#7301 = STYLED_ITEM ( 'NONE', ( #5236 ), #10215 ) ;
#7302 = CARTESIAN_POINT ( 'NONE',  ( 2.139999999999949942, -5.000000000000000000, 0.000000000000000000 ) ) ;
#7303 = FILL_AREA_STYLE_COLOUR ( '', #6612 ) ;
#7304 = CARTESIAN_POINT ( 'NONE',  ( -4.250000000000000000, -2.140000000000000124, 0.000000000000000000 ) ) ;
#7305 = CARTESIAN_POINT ( 'NONE',  ( -5.000000000000000000, -2.339999999999999858, 1.100000000000000089 ) ) ;
#7306 = LINE ( 'NONE', #2612, #2512 ) ;
#7307 = CARTESIAN_POINT ( 'NONE',  ( -0.8699999999999830091, 5.000000000000000000, 1.000000000000000000 ) ) ;
#7308 = VECTOR ( 'NONE', #8295, 1000.000000000000000 ) ;
#7309 = COLOUR_RGB ( '',1.000000000000000000, 0.8117647058823529438, 0.5019607843137254832 ) ;
#7310 = ORIENTED_EDGE ( 'NONE', *, *, #2145, .F. ) ;
#7311 = VECTOR ( 'NONE', #10019, 1000.000000000000000 ) ;
#7312 = ADVANCED_FACE ( 'NONE', ( #9780 ), #10587, .F. ) ;
#7313 = MANIFOLD_SOLID_BREP ( 'NONE', #10560 ) ;
#7314 =( GEOMETRIC_REPRESENTATION_CONTEXT ( 3 ) GLOBAL_UNCERTAINTY_ASSIGNED_CONTEXT ( ( #4955 ) ) GLOBAL_UNIT_ASSIGNED_CONTEXT ( ( #7669, #11354, #6645 ) ) REPRESENTATION_CONTEXT ( 'NONE', 'WORKASPACE' ) );
#7315 = EDGE_LOOP ( 'NONE', ( #3536, #9416, #7519, #7215 ) ) ;
#7316 =( NAMED_UNIT ( * ) SI_UNIT ( $, .STERADIAN. ) SOLID_ANGLE_UNIT ( ) );
#7317 = EDGE_CURVE ( 'NONE', #2056, #5180, #4940, .T. ) ;
#7318 = ORIENTED_EDGE ( 'NONE', *, *, #9530, .T. ) ;
#7319 = VERTEX_POINT ( 'NONE', #10132 ) ;
#7320 = DIRECTION ( 'NONE',  ( -1.000000000000000000, 0.000000000000000000, 0.000000000000000000 ) ) ;
#7321 = LINE ( 'NONE', #595, #10977 ) ;
#7322 = VECTOR ( 'NONE', #11453, 1000.000000000000000 ) ;
#7323 = VECTOR ( 'NONE', #3625, 1000.000000000000000 ) ;
#7324 = VECTOR ( 'NONE', #11216, 1000.000000000000000 ) ;
#7325 = FILL_AREA_STYLE_COLOUR ( '', #6646 ) ;
#7326 = DIRECTION ( 'NONE',  ( -1.000000000000000000, 3.491481338843135327E-15, 0.000000000000000000 ) ) ;
#7327 = EDGE_CURVE ( 'NONE', #10105, #8969, #3993, .T. ) ;
#7328 = EDGE_CURVE ( 'NONE', #4, #8306, #5993, .T. ) ;
#7329 = ORIENTED_EDGE ( 'NONE', *, *, #2089, .F. ) ;
#7330 = MECHANICAL_DESIGN_GEOMETRIC_PRESENTATION_REPRESENTATION (  '', ( #1089 ), #1283 ) ;
#7331 = VERTEX_POINT ( 'NONE', #4110 ) ;
#7332 = SURFACE_SIDE_STYLE ('',( #8121 ) ) ;
#7333 = ORIENTED_EDGE ( 'NONE', *, *, #12295, .T. ) ;
#7334 = VERTEX_POINT ( 'NONE', #5111 ) ;
#7335 = LINE ( 'NONE', #1970, #292 ) ;
#7336 = CARTESIAN_POINT ( 'NONE',  ( -5.009999999999999787, 2.739999999999999769, -0.1000000000000000056 ) ) ;
#7337 = LINE ( 'NONE', #2563, #7111 ) ;
#7338 = CARTESIAN_POINT ( 'NONE',  ( 2.939999999999999947, 4.250000000000000000, -0.1000000000000000056 ) ) ;
#7339 = DIRECTION ( 'NONE',  ( -1.000000000000000000, 1.047444401652940164E-14, 0.000000000000000000 ) ) ;
#7340 =( GEOMETRIC_REPRESENTATION_CONTEXT ( 3 ) GLOBAL_UNCERTAINTY_ASSIGNED_CONTEXT ( ( #11232 ) ) GLOBAL_UNIT_ASSIGNED_CONTEXT ( ( #4948, #10677, #8735 ) ) REPRESENTATION_CONTEXT ( 'NONE', 'WORKASPACE' ) );
#7341 = CARTESIAN_POINT ( 'NONE',  ( -0.2000000000000514977, -5.009999999999999787, 1.100000000000000089 ) ) ;
#7342 = CARTESIAN_POINT ( 'NONE',  ( -4.250000000000000000, -2.140000000000000124, 0.000000000000000000 ) ) ;
#7343 = ORIENTED_EDGE ( 'NONE', *, *, #5223, .T. ) ;
#7344 = VECTOR ( 'NONE', #604, 1000.000000000000000 ) ;
#7345 = FACE_OUTER_BOUND ( 'NONE', #5122, .T. ) ;
#7346 = EDGE_CURVE ( 'NONE', #11270, #8156, #10871, .T. ) ;
#7347 =( LENGTH_UNIT ( ) NAMED_UNIT ( * ) SI_UNIT ( .MILLI., .METRE. ) );
#7348 = VERTEX_POINT ( 'NONE', #8984 ) ;
#7349 = UNCERTAINTY_MEASURE_WITH_UNIT (LENGTH_MEASURE( 1.000000000000000082E-05 ), #4549, 'distance_accuracy_value', 'NONE');
#7350 = ORIENTED_EDGE ( 'NONE', *, *, #7353, .T. ) ;
#7351 = FACE_OUTER_BOUND ( 'NONE', #5167, .T. ) ;
#7352 =( GEOMETRIC_REPRESENTATION_CONTEXT ( 3 ) GLOBAL_UNCERTAINTY_ASSIGNED_CONTEXT ( ( #862 ) ) GLOBAL_UNIT_ASSIGNED_CONTEXT ( ( #498, #10046, #10874 ) ) REPRESENTATION_CONTEXT ( 'NONE', 'WORKASPACE' ) );
#7353 = EDGE_CURVE ( 'NONE', #11748, #8969, #364, .T. ) ;
#7354 = COLOUR_RGB ( '',1.000000000000000000, 0.8117647058823529438, 0.5019607843137254832 ) ;
#7355 = SURFACE_STYLE_USAGE ( .BOTH. , #9235 ) ;
#7356 =( LENGTH_UNIT ( ) NAMED_UNIT ( * ) SI_UNIT ( .MILLI., .METRE. ) );
#7357 = DIRECTION ( 'NONE',  ( 0.000000000000000000, 0.000000000000000000, -1.000000000000000000 ) ) ;
#7358 = CARTESIAN_POINT ( 'NONE',  ( 2.139999999999949942, -5.009999999999999787, 1.100000000000000089 ) ) ;
#7359 = DIRECTION ( 'NONE',  ( -1.000000000000000000, -1.734723475976804876E-16, 0.000000000000000000 ) ) ;
#7360 = DIRECTION ( 'NONE',  ( 0.000000000000000000, -1.000000000000000000, 0.000000000000000000 ) ) ;
#7361 = CARTESIAN_POINT ( 'NONE',  ( -1.469999999999981988, 5.000000000000000000, 1.100000000000000089 ) ) ;
#7362 = CARTESIAN_POINT ( 'NONE',  ( -4.750000000000000000, -2.140000000000000124, 1.100000000000000089 ) ) ;
#7363 = VECTOR ( 'NONE', #1385, 1000.000000000000000 ) ;
#7364 = DIRECTION ( 'NONE',  ( 1.076356459585886213E-14, 1.000000000000000000, 0.000000000000000000 ) ) ;
#7365 = FILL_AREA_STYLE ('',( #12193 ) ) ;
#7366 = VERTEX_POINT ( 'NONE', #5431 ) ;
#7367 = DIRECTION ( 'NONE',  ( 0.000000000000000000, 0.000000000000000000, 1.000000000000000000 ) ) ;
#7368 = CARTESIAN_POINT ( 'NONE',  ( 1.659004495622724745E-14, 5.000000000000000000, -0.1000000000000000056 ) ) ;
#7369 = ORIENTED_EDGE ( 'NONE', *, *, #6500, .T. ) ;
#7370 = FILL_AREA_STYLE ('',( #9934 ) ) ;
#7371 = AXIS2_PLACEMENT_3D ( 'NONE', #6081, #3335, #11843 ) ;
#7372 = CARTESIAN_POINT ( 'NONE',  ( 4.250000000000000000, -2.140000000000000124, -0.1000000000000000056 ) ) ;
#7373 = EDGE_CURVE ( 'NONE', #708, #10843, #9985, .T. ) ;
#7374 = DIRECTION ( 'NONE',  ( -3.318008991245455407E-15, -1.000000000000000000, 0.000000000000000000 ) ) ;
#7375 = VECTOR ( 'NONE', #4331, 1000.000000000000000 ) ;
#7376 = PRESENTATION_STYLE_ASSIGNMENT (( #5562 ) ) ;
#7377 = CARTESIAN_POINT ( 'NONE',  ( -2.940000000000049685, -4.750000000000000000, 1.100000000000000089 ) ) ;
#7378 = PRESENTATION_LAYER_ASSIGNMENT (  '', '', ( #9572 ) ) ;
#7379 = FACE_OUTER_BOUND ( 'NONE', #6973, .T. ) ;
#7380 = SURFACE_STYLE_FILL_AREA ( #7254 ) ;
#7381 = DIRECTION ( 'NONE',  ( -1.000000000000000000, -1.734723475976804876E-16, 0.000000000000000000 ) ) ;
#7382 = VERTEX_POINT ( 'NONE', #426 ) ;
#7383 = ORIENTED_EDGE ( 'NONE', *, *, #4638, .T. ) ;
#7384 = ORIENTED_EDGE ( 'NONE', *, *, #7956, .T. ) ;
#7385 = COLOUR_RGB ( '',1.000000000000000000, 0.8117647058823529438, 0.5019607843137254832 ) ;
#7386 = PRESENTATION_LAYER_ASSIGNMENT (  '', '', ( #5789 ) ) ;
#7387 = EDGE_LOOP ( 'NONE', ( #10896, #11048, #9166, #7582 ) ) ;
#7388 =( NAMED_UNIT ( * ) SI_UNIT ( $, .STERADIAN. ) SOLID_ANGLE_UNIT ( ) );
#7389 = LINE ( 'NONE', #2623, #3779 ) ;
#7390 = FILL_AREA_STYLE_COLOUR ( '', #2274 ) ;
#7391 = EDGE_CURVE ( 'NONE', #5483, #6016, #4369, .T. ) ;
#7392 = DIRECTION ( 'NONE',  ( 0.000000000000000000, -1.000000000000000000, 0.000000000000000000 ) ) ;
#7393 = PRESENTATION_LAYER_ASSIGNMENT (  '', '', ( #9588 ) ) ;
#7394 = STYLED_ITEM ( 'NONE', ( #11752 ), #5195 ) ;
#7395 = PLANE ( 'NONE',  #6320 ) ;
#7396 = SURFACE_STYLE_FILL_AREA ( #3643 ) ;
#7397 = EDGE_LOOP ( 'NONE', ( #1219, #8458, #3877, #5535 ) ) ;
#7398 = EDGE_LOOP ( 'NONE', ( #10048, #5272, #10085, #4407, #10497, #4082, #1102, #6840 ) ) ;
#7399 = STYLED_ITEM ( 'NONE', ( #5933 ), #8323 ) ;
#7400 = ORIENTED_EDGE ( 'NONE', *, *, #3115, .T. ) ;
#7401 = PRESENTATION_STYLE_ASSIGNMENT (( #10205 ) ) ;
#7402 = DIRECTION ( 'NONE',  ( -1.000000000000000000, 0.000000000000000000, 0.000000000000000000 ) ) ;
#7403 =( GEOMETRIC_REPRESENTATION_CONTEXT ( 3 ) GLOBAL_UNCERTAINTY_ASSIGNED_CONTEXT ( ( #2459 ) ) GLOBAL_UNIT_ASSIGNED_CONTEXT ( ( #9343, #4647, #2758 ) ) REPRESENTATION_CONTEXT ( 'NONE', 'WORKASPACE' ) );
#7404 =( NAMED_UNIT ( * ) SI_UNIT ( $, .STERADIAN. ) SOLID_ANGLE_UNIT ( ) );
#7405 = AXIS2_PLACEMENT_3D ( 'NONE', #9694, #3118, #6759 ) ;
#7406 = EDGE_CURVE ( 'NONE', #11639, #6603, #2451, .T. ) ;
#7407 = FILL_AREA_STYLE_COLOUR ( '', #3816 ) ;
#7408 = LINE ( 'NONE', #7273, #9173 ) ;
#7409 = PRESENTATION_LAYER_ASSIGNMENT (  '', '', ( #359 ) ) ;
#7410 = LINE ( 'NONE', #12098, #1243 ) ;
#7411 = ORIENTED_EDGE ( 'NONE', *, *, #3290, .F. ) ;
#7412 = DIRECTION ( 'NONE',  ( 0.000000000000000000, 0.000000000000000000, 1.000000000000000000 ) ) ;
#7413 = EDGE_LOOP ( 'NONE', ( #5355, #11035, #6707, #951 ) ) ;
#7414 = ORIENTED_EDGE ( 'NONE', *, *, #423, .T. ) ;
#7415 = EDGE_LOOP ( 'NONE', ( #216, #4896, #92, #5079 ) ) ;
#7416 = DIRECTION ( 'NONE',  ( 0.000000000000000000, 0.000000000000000000, 1.000000000000000000 ) ) ;
#7417 = MECHANICAL_DESIGN_GEOMETRIC_PRESENTATION_REPRESENTATION (  '', ( #2607 ), #10607 ) ;
#7418 = EDGE_CURVE ( 'NONE', #5691, #4837, #10165, .T. ) ;
#7419 = ADVANCED_FACE ( 'NONE', ( #5295 ), #9177, .F. ) ;
#7420 = DIRECTION ( 'NONE',  ( -3.318008991245455407E-15, -1.000000000000000000, 0.000000000000000000 ) ) ;
#7421 = DIRECTION ( 'NONE',  ( -1.000000000000000000, 0.000000000000000000, 0.000000000000000000 ) ) ;
#7422 = DIRECTION ( 'NONE',  ( 3.491481338843135327E-15, 1.000000000000000000, 0.000000000000000000 ) ) ;
#7423 = CARTESIAN_POINT ( 'NONE',  ( 1.070000000000016049, 5.009999999999999787, 1.100000000000000089 ) ) ;
#7424 = AXIS2_PLACEMENT_3D ( 'NONE', #2284, #8822, #209 ) ;
#7425 = LINE ( 'NONE', #12293, #9795 ) ;
#7426 = LINE ( 'NONE', #7532, #2528 ) ;
#7427 = VERTEX_POINT ( 'NONE', #10356 ) ;
#7428 = LINE ( 'NONE', #10301, #7732 ) ;
#7429 = EDGE_LOOP ( 'NONE', ( #8903, #1436, #3859, #2219, #6651, #1362, #10580, #1895 ) ) ;
#7430 = DIRECTION ( 'NONE',  ( 0.000000000000000000, 0.000000000000000000, -1.000000000000000000 ) ) ;
#7431 = CARTESIAN_POINT ( 'NONE',  ( -1.670000000000050111, -4.750000000000000000, 1.000000000000000000 ) ) ;
#7432 = CARTESIAN_POINT ( 'NONE',  ( -4.250000000000000000, 4.250000000000000000, 1.000000000000000000 ) ) ;
#7433 = DIRECTION ( 'NONE',  ( 0.000000000000000000, 0.000000000000000000, 1.000000000000000000 ) ) ;
#7434 = DIRECTION ( 'NONE',  ( 1.000000000000000000, 1.734723475976804876E-16, 0.000000000000000000 ) ) ;
#7435 = ORIENTED_EDGE ( 'NONE', *, *, #10988, .F. ) ;
#7436 = DIRECTION ( 'NONE',  ( -1.047444401652940164E-14, -1.000000000000000000, 0.000000000000000000 ) ) ;
#7437 = EDGE_LOOP ( 'NONE', ( #8760, #12363, #4342, #9648, #203, #9963, #619, #2824 ) ) ;
#7438 = ADVANCED_FACE ( 'NONE', ( #1684 ), #2444, .F. ) ;
#7439 = ORIENTED_EDGE ( 'NONE', *, *, #720, .T. ) ;
#7440 = UNCERTAINTY_MEASURE_WITH_UNIT (LENGTH_MEASURE( 1.000000000000000082E-05 ), #2844, 'distance_accuracy_value', 'NONE');
#7441 = DIRECTION ( 'NONE',  ( -1.000000000000000000, 0.000000000000000000, 0.000000000000000000 ) ) ;
#7442 = VECTOR ( 'NONE', #4212, 1000.000000000000000 ) ;
#7443 = CARTESIAN_POINT ( 'NONE',  ( -1.469999999999981988, 5.009999999999999787, -0.1000000000000000056 ) ) ;
#7444 = CARTESIAN_POINT ( 'NONE',  ( 2.139999999999954827, -4.250000000000000000, -0.1000000000000000056 ) ) ;
#7445 = EDGE_CURVE ( 'NONE', #4992, #3697, #676, .T. ) ;
#7446 = ORIENTED_EDGE ( 'NONE', *, *, #10061, .F. ) ;
#7447 = EDGE_CURVE ( 'NONE', #5984, #11284, #11574, .T. ) ;
#7448 = ORIENTED_EDGE ( 'NONE', *, *, #4986, .T. ) ;
#7449 = ORIENTED_EDGE ( 'NONE', *, *, #7194, .T. ) ;
#7450 = CARTESIAN_POINT ( 'NONE',  ( -5.009999999999999787, 1.070000000000000062, -0.1000000000000000056 ) ) ;
#7451 = CARTESIAN_POINT ( 'NONE',  ( -5.009999999999999787, -1.734723475976804783E-18, 0.000000000000000000 ) ) ;
#7452 =( GEOMETRIC_REPRESENTATION_CONTEXT ( 3 ) GLOBAL_UNCERTAINTY_ASSIGNED_CONTEXT ( ( #5482 ) ) GLOBAL_UNIT_ASSIGNED_CONTEXT ( ( #6714, #968, #7630 ) ) REPRESENTATION_CONTEXT ( 'NONE', 'WORKASPACE' ) );
#7453 = CARTESIAN_POINT ( 'NONE',  ( 5.009999999999999787, -2.939999999999999947, -0.1000000000000000056 ) ) ;
#7454 = DIRECTION ( 'NONE',  ( 0.000000000000000000, 1.000000000000000000, 0.000000000000000000 ) ) ;
#7455 = VERTEX_POINT ( 'NONE', #4911 ) ;
#7456 = EDGE_CURVE ( 'NONE', #4281, #2123, #10652, .T. ) ;
#7457 = VERTEX_POINT ( 'NONE', #9536 ) ;
#7458 = ORIENTED_EDGE ( 'NONE', *, *, #10311, .T. ) ;
#7459 = FILL_AREA_STYLE_COLOUR ( '', #6176 ) ;
#7460 = FILL_AREA_STYLE_COLOUR ( '', #11696 ) ;
#7461 = SURFACE_SIDE_STYLE ('',( #3665 ) ) ;
#7462 = FILL_AREA_STYLE_COLOUR ( '', #6897 ) ;
#7463 =( NAMED_UNIT ( * ) SI_UNIT ( $, .STERADIAN. ) SOLID_ANGLE_UNIT ( ) );
#7464 =( NAMED_UNIT ( * ) PLANE_ANGLE_UNIT ( ) SI_UNIT ( $, .RADIAN. ) );
#7465 = DIRECTION ( 'NONE',  ( 0.000000000000000000, 0.000000000000000000, 1.000000000000000000 ) ) ;
#7466 = ORIENTED_EDGE ( 'NONE', *, *, #11179, .T. ) ;
#7467 = EDGE_CURVE ( 'NONE', #8123, #7627, #4720, .T. ) ;
#7468 = PRESENTATION_LAYER_ASSIGNMENT (  '', '', ( #1853 ) ) ;
#7469 = EDGE_CURVE ( 'NONE', #4769, #12026, #10533, .T. ) ;
#7470 = SURFACE_SIDE_STYLE ('',( #9486 ) ) ;
#7471 = SURFACE_SIDE_STYLE ('',( #9308 ) ) ;
#7472 = CARTESIAN_POINT ( 'NONE',  ( 1.269999999999950058, -5.000000000000000000, -0.1000000000000000056 ) ) ;
#7473 = VECTOR ( 'NONE', #7685, 1000.000000000000000 ) ;
#7474 = DIRECTION ( 'NONE',  ( -8.673617379884039170E-17, 1.000000000000000000, 0.000000000000000000 ) ) ;
#7475 = CARTESIAN_POINT ( 'NONE',  ( 4.750000000000000000, -0.4000000000000000222, 1.000000000000000000 ) ) ;
#7476 = CARTESIAN_POINT ( 'NONE',  ( 2.739999999999999769, 5.000000000000000000, -0.1000000000000000056 ) ) ;
#7477 = DIRECTION ( 'NONE',  ( 0.000000000000000000, 0.000000000000000000, -1.000000000000000000 ) ) ;
#7478 = MECHANICAL_DESIGN_GEOMETRIC_PRESENTATION_REPRESENTATION (  '', ( #11890 ), #10088 ) ;
#7479 = EDGE_CURVE ( 'NONE', #1538, #9469, #8714, .T. ) ;
#7480 = ORIENTED_EDGE ( 'NONE', *, *, #4063, .F. ) ;
#7481 = MECHANICAL_DESIGN_GEOMETRIC_PRESENTATION_REPRESENTATION (  '', ( #11316 ), #5909 ) ;
#7482 = ORIENTED_EDGE ( 'NONE', *, *, #4540, .T. ) ;
#7483 =( GEOMETRIC_REPRESENTATION_CONTEXT ( 3 ) GLOBAL_UNCERTAINTY_ASSIGNED_CONTEXT ( ( #871 ) ) GLOBAL_UNIT_ASSIGNED_CONTEXT ( ( #11233, #3055, #137 ) ) REPRESENTATION_CONTEXT ( 'NONE', 'WORKASPACE' ) );
#7484 = ORIENTED_EDGE ( 'NONE', *, *, #3453, .F. ) ;
#7485 = FILL_AREA_STYLE ('',( #8443 ) ) ;
#7486 = SURFACE_STYLE_USAGE ( .BOTH. , #1838 ) ;
#7487 = EDGE_CURVE ( 'NONE', #5198, #1836, #3901, .T. ) ;
#7488 = CARTESIAN_POINT ( 'NONE',  ( -5.000000000000000000, -0.8699999999999999956, 1.100000000000000089 ) ) ;
#7489 = DIRECTION ( 'NONE',  ( -1.734723475976804876E-16, 1.000000000000000000, 0.000000000000000000 ) ) ;
#7490 = COLOUR_RGB ( '',1.000000000000000000, 0.8117647058823529438, 0.5019607843137254832 ) ;
#7491 = VECTOR ( 'NONE', #5817, 1000.000000000000000 ) ;
#7492 = PRESENTATION_STYLE_ASSIGNMENT (( #782 ) ) ;
#7493 = PRESENTATION_LAYER_ASSIGNMENT (  '', '', ( #6515 ) ) ;
#7494 =( NAMED_UNIT ( * ) SI_UNIT ( $, .STERADIAN. ) SOLID_ANGLE_UNIT ( ) );
#7495 = ADVANCED_FACE ( 'NONE', ( #7691 ), #4788, .F. ) ;
#7496 =( GEOMETRIC_REPRESENTATION_CONTEXT ( 3 ) GLOBAL_UNCERTAINTY_ASSIGNED_CONTEXT ( ( #8546 ) ) GLOBAL_UNIT_ASSIGNED_CONTEXT ( ( #7153, #3127, #7316 ) ) REPRESENTATION_CONTEXT ( 'NONE', 'WORKASPACE' ) );
#7497 = CARTESIAN_POINT ( 'NONE',  ( 4.750000000000000000, 2.939999999999999947, 1.000000000000000000 ) ) ;
#7498 = SURFACE_STYLE_USAGE ( .BOTH. , #6519 ) ;
#7499 = VERTEX_POINT ( 'NONE', #3277 ) ;
#7500 = ORIENTED_EDGE ( 'NONE', *, *, #6461, .T. ) ;
#7501 = AXIS2_PLACEMENT_3D ( 'NONE', #462, #3522, #6467 ) ;
#7502 = ORIENTED_EDGE ( 'NONE', *, *, #4748, .T. ) ;
#7503 = AXIS2_PLACEMENT_3D ( 'NONE', #8440, #829, #11412 ) ;
#7504 = VECTOR ( 'NONE', #5834, 1000.000000000000000 ) ;
#7505 = DIRECTION ( 'NONE',  ( 0.000000000000000000, 0.000000000000000000, 1.000000000000000000 ) ) ;
#7506 = CARTESIAN_POINT ( 'NONE',  ( 2.939999999999950209, -4.750000000000000000, 1.000000000000000000 ) ) ;
#7507 =( LENGTH_UNIT ( ) NAMED_UNIT ( * ) SI_UNIT ( .MILLI., .METRE. ) );
#7508 = SURFACE_STYLE_FILL_AREA ( #8702 ) ;
#7509 = EDGE_CURVE ( 'NONE', #431, #258, #10915, .T. ) ;
#7510 = PLANE ( 'NONE',  #2019 ) ;
#7511 = AXIS2_PLACEMENT_3D ( 'NONE', #5098, #6286, #1357 ) ;
#7512 = CARTESIAN_POINT ( 'NONE',  ( -4.250000000000000000, 1.670000000000000151, -0.1000000000000000056 ) ) ;
#7513 = DIRECTION ( 'NONE',  ( 0.000000000000000000, 1.000000000000000000, 0.000000000000000000 ) ) ;
#7514 = VERTEX_POINT ( 'NONE', #1350 ) ;
#7515 =( GEOMETRIC_REPRESENTATION_CONTEXT ( 3 ) GLOBAL_UNCERTAINTY_ASSIGNED_CONTEXT ( ( #1116 ) ) GLOBAL_UNIT_ASSIGNED_CONTEXT ( ( #2834, #10349, #8467 ) ) REPRESENTATION_CONTEXT ( 'NONE', 'WORKASPACE' ) );
#7516 =( GEOMETRIC_REPRESENTATION_CONTEXT ( 3 ) GLOBAL_UNCERTAINTY_ASSIGNED_CONTEXT ( ( #7728 ) ) GLOBAL_UNIT_ASSIGNED_CONTEXT ( ( #7922, #9880, #8116 ) ) REPRESENTATION_CONTEXT ( 'NONE', 'WORKASPACE' ) );
#7517 = DIRECTION ( 'NONE',  ( -1.000000000000000000, 0.000000000000000000, 0.000000000000000000 ) ) ;
#7518 = DIRECTION ( 'NONE',  ( 1.000000000000000000, 0.000000000000000000, 0.000000000000000000 ) ) ;
#7519 = ORIENTED_EDGE ( 'NONE', *, *, #6109, .F. ) ;
#7520 = ORIENTED_EDGE ( 'NONE', *, *, #3043, .T. ) ;
#7521 = LINE ( 'NONE', #4609, #8759 ) ;
#7522 =( GEOMETRIC_REPRESENTATION_CONTEXT ( 3 ) GLOBAL_UNCERTAINTY_ASSIGNED_CONTEXT ( ( #6669 ) ) GLOBAL_UNIT_ASSIGNED_CONTEXT ( ( #11567, #2072, #4994 ) ) REPRESENTATION_CONTEXT ( 'NONE', 'WORKASPACE' ) );
#7523 = FACE_OUTER_BOUND ( 'NONE', #10942, .T. ) ;
#7524 = SURFACE_SIDE_STYLE ('',( #1568 ) ) ;
#7525 = ADVANCED_FACE ( 'NONE', ( #5213 ), #2366, .F. ) ;
#7526 = UNCERTAINTY_MEASURE_WITH_UNIT (LENGTH_MEASURE( 1.000000000000000082E-05 ), #356, 'distance_accuracy_value', 'NONE');
#7527 = FILL_AREA_STYLE ('',( #10291 ) ) ;
#7528 =( NAMED_UNIT ( * ) SI_UNIT ( $, .STERADIAN. ) SOLID_ANGLE_UNIT ( ) );
#7529 = FILL_AREA_STYLE_COLOUR ( '', #152 ) ;
#7530 = CARTESIAN_POINT ( 'NONE',  ( 2.539999999999950298, -5.009999999999999787, 0.000000000000000000 ) ) ;
#7531 = DIRECTION ( 'NONE',  ( 0.000000000000000000, 0.000000000000000000, 1.000000000000000000 ) ) ;
#7532 = CARTESIAN_POINT ( 'NONE',  ( 4.750000000000000000, 0.4000000000000000222, 1.100000000000000089 ) ) ;
#7533 = AXIS2_PLACEMENT_3D ( 'NONE', #4184, #1502, #7292 ) ;
#7534 = ORIENTED_EDGE ( 'NONE', *, *, #11638, .T. ) ;
#7535 = VECTOR ( 'NONE', #8413, 1000.000000000000000 ) ;
#7536 = DIRECTION ( 'NONE',  ( 1.000000000000000000, -3.491481338843135327E-15, 0.000000000000000000 ) ) ;
#7537 =( LENGTH_UNIT ( ) NAMED_UNIT ( * ) SI_UNIT ( .MILLI., .METRE. ) );
#7538 = UNCERTAINTY_MEASURE_WITH_UNIT (LENGTH_MEASURE( 1.000000000000000082E-05 ), #6758, 'distance_accuracy_value', 'NONE');
#7539 =( GEOMETRIC_REPRESENTATION_CONTEXT ( 3 ) GLOBAL_UNCERTAINTY_ASSIGNED_CONTEXT ( ( #3223 ) ) GLOBAL_UNIT_ASSIGNED_CONTEXT ( ( #8161, #5182, #6436 ) ) REPRESENTATION_CONTEXT ( 'NONE', 'WORKASPACE' ) );
#7540 = DIRECTION ( 'NONE',  ( 0.000000000000000000, -1.000000000000000000, 0.000000000000000000 ) ) ;
#7541 =( NAMED_UNIT ( * ) SI_UNIT ( $, .STERADIAN. ) SOLID_ANGLE_UNIT ( ) );
#7542 = SURFACE_STYLE_FILL_AREA ( #9251 ) ;
#7543 = SURFACE_STYLE_USAGE ( .BOTH. , #581 ) ;
#7544 = EDGE_CURVE ( 'NONE', #6901, #6278, #6341, .T. ) ;
#7545 = FACE_OUTER_BOUND ( 'NONE', #7861, .T. ) ;
#7546 = COLOUR_RGB ( '',1.000000000000000000, 0.8117647058823529438, 0.5019607843137254832 ) ;
#7547 = ADVANCED_FACE ( 'NONE', ( #5412 ), #8392, .F. ) ;
#7548 = CARTESIAN_POINT ( 'NONE',  ( 0.8699999999999479261, -5.009999999999999787, -0.1000000000000000056 ) ) ;
#7549 = CYLINDRICAL_SURFACE ( 'NONE', #7686, 0.2000000000000000944 ) ;
#7550 = DIRECTION ( 'NONE',  ( 0.000000000000000000, 0.000000000000000000, -1.000000000000000000 ) ) ;
#7551 = CARTESIAN_POINT ( 'NONE',  ( 0.4000000000000170641, 5.009999999999999787, -0.1000000000000000056 ) ) ;
#7552 = VECTOR ( 'NONE', #3669, 1000.000000000000000 ) ;
#7553 = FILL_AREA_STYLE ('',( #3452 ) ) ;
#7554 = ORIENTED_EDGE ( 'NONE', *, *, #9788, .T. ) ;
#7555 = VERTEX_POINT ( 'NONE', #11544 ) ;
#7556 = ORIENTED_EDGE ( 'NONE', *, *, #1879, .F. ) ;
#7557 = AXIS2_PLACEMENT_3D ( 'NONE', #2446, #6423, #10474 ) ;
#7558 =( LENGTH_UNIT ( ) NAMED_UNIT ( * ) SI_UNIT ( .MILLI., .METRE. ) );
#7559 = LINE ( 'NONE', #2867, #10768 ) ;
#7560 = UNCERTAINTY_MEASURE_WITH_UNIT (LENGTH_MEASURE( 1.000000000000000082E-05 ), #5291, 'distance_accuracy_value', 'NONE');
#7561 = ADVANCED_FACE ( 'NONE', ( #10521 ), #6654, .F. ) ;
#7562 = EDGE_CURVE ( 'NONE', #3263, #10797, #8996, .T. ) ;
#7563 =( NAMED_UNIT ( * ) SI_UNIT ( $, .STERADIAN. ) SOLID_ANGLE_UNIT ( ) );
#7564 =( GEOMETRIC_REPRESENTATION_CONTEXT ( 3 ) GLOBAL_UNCERTAINTY_ASSIGNED_CONTEXT ( ( #7560 ) ) GLOBAL_UNIT_ASSIGNED_CONTEXT ( ( #5291, #7947, #1370 ) ) REPRESENTATION_CONTEXT ( 'NONE', 'WORKASPACE' ) );
#7565 = CARTESIAN_POINT ( 'NONE',  ( 4.250000000000000000, -2.140000000000000124, -0.1000000000000000056 ) ) ;
#7566 = COLOUR_RGB ( '',1.000000000000000000, 0.8117647058823529438, 0.5019607843137254832 ) ;
#7567 = COLOUR_RGB ( '',1.000000000000000000, 0.8117647058823529438, 0.5019607843137254832 ) ;
#7568 = ORIENTED_EDGE ( 'NONE', *, *, #915, .T. ) ;
#7569 = ORIENTED_EDGE ( 'NONE', *, *, #7007, .T. ) ;
#7570 = ORIENTED_EDGE ( 'NONE', *, *, #6172, .F. ) ;
#7571 = CARTESIAN_POINT ( 'NONE',  ( 5.000000000000000000, 2.339999999999999858, -0.1000000000000000056 ) ) ;
#7572 =( GEOMETRIC_REPRESENTATION_CONTEXT ( 3 ) GLOBAL_UNCERTAINTY_ASSIGNED_CONTEXT ( ( #3493 ) ) GLOBAL_UNIT_ASSIGNED_CONTEXT ( ( #5758, #5, #11524 ) ) REPRESENTATION_CONTEXT ( 'NONE', 'WORKASPACE' ) );
#7573 = CARTESIAN_POINT ( 'NONE',  ( 2.739999999999999769, 5.009999999999999787, 1.100000000000000089 ) ) ;
#7574 = SURFACE_STYLE_FILL_AREA ( #8519 ) ;
#7575 = LINE ( 'NONE', #8644, #11286 ) ;
#7576 = CARTESIAN_POINT ( 'NONE',  ( 1.670000000000000151, 4.250000000000000000, -0.1000000000000000056 ) ) ;
#7577 = CARTESIAN_POINT ( 'NONE',  ( -0.4000000000000515366, -5.000000000000000000, 1.100000000000000089 ) ) ;
#7578 = VERTEX_POINT ( 'NONE', #378 ) ;
#7579 = AXIS2_PLACEMENT_3D ( 'NONE', #5231, #2140, #4293 ) ;
#7580 = CIRCLE ( 'NONE', #957, 0.1999999999999996503 ) ;
#7581 = FACE_OUTER_BOUND ( 'NONE', #1681, .T. ) ;
#7582 = ORIENTED_EDGE ( 'NONE', *, *, #176, .T. ) ;
#7583 = VERTEX_POINT ( 'NONE', #10883 ) ;
#7584 = EDGE_CURVE ( 'NONE', #2121, #2088, #2460, .T. ) ;
#7585 = CARTESIAN_POINT ( 'NONE',  ( -5.000000000000000000, -1.270000000000000018, 1.100000000000000089 ) ) ;
#7586 = VECTOR ( 'NONE', #12192, 1000.000000000000000 ) ;
#7587 = AXIS2_PLACEMENT_3D ( 'NONE', #11979, #8051, #7029 ) ;
#7588 = DIRECTION ( 'NONE',  ( 0.000000000000000000, 0.000000000000000000, -1.000000000000000000 ) ) ;
#7589 = FACE_OUTER_BOUND ( 'NONE', #9232, .T. ) ;
#7590 = SURFACE_STYLE_FILL_AREA ( #12291 ) ;
#7591 = CARTESIAN_POINT ( 'NONE',  ( -5.009999999999999787, 0.4000000000000000222, 1.100000000000000089 ) ) ;
#7592 = PRESENTATION_STYLE_ASSIGNMENT (( #11201 ) ) ;
#7593 = ORIENTED_EDGE ( 'NONE', *, *, #9717, .F. ) ;
#7594 = CIRCLE ( 'NONE', #786, 0.1999999999999996503 ) ;
#7595 = CARTESIAN_POINT ( 'NONE',  ( 1.669999999999954854, -4.250000000000000000, -0.1000000000000000056 ) ) ;
#7596 = EDGE_CURVE ( 'NONE', #673, #2442, #5126, .T. ) ;
#7597 = MECHANICAL_DESIGN_GEOMETRIC_PRESENTATION_REPRESENTATION (  '', ( #10202 ), #8192 ) ;
#7598 =( LENGTH_UNIT ( ) NAMED_UNIT ( * ) SI_UNIT ( .MILLI., .METRE. ) );
#7599 = LINE ( 'NONE', #5681, #886 ) ;
#7600 = FILL_AREA_STYLE_COLOUR ( '', #5824 ) ;
#7601 = CARTESIAN_POINT ( 'NONE',  ( 1.670000000000000151, 5.000000000000000000, -0.1000000000000000056 ) ) ;
#7602 = SURFACE_STYLE_USAGE ( .BOTH. , #8555 ) ;
#7603 = LINE ( 'NONE', #12374, #3947 ) ;
#7604 = LINE ( 'NONE', #11460, #6907 ) ;
#7605 = DIRECTION ( 'NONE',  ( 0.000000000000000000, -1.000000000000000000, 0.000000000000000000 ) ) ;
#7606 = DIRECTION ( 'NONE',  ( -1.047444401652940164E-14, -1.000000000000000000, 0.000000000000000000 ) ) ;
#7607 = DIRECTION ( 'NONE',  ( -1.047444401652940164E-14, -1.000000000000000000, 0.000000000000000000 ) ) ;
#7608 = VERTEX_POINT ( 'NONE', #6187 ) ;
#7609 = VERTEX_POINT ( 'NONE', #6309 ) ;
#7610 = ADVANCED_FACE ( 'NONE', ( #9122 ), #6121, .T. ) ;
#7611 = CARTESIAN_POINT ( 'NONE',  ( -0.4000000000000519806, -5.009999999999999787, -0.1000000000000000056 ) ) ;
#7612 = ORIENTED_EDGE ( 'NONE', *, *, #9832, .T. ) ;
#7613 = CARTESIAN_POINT ( 'NONE',  ( -5.000000000000000000, 5.000000000000000000, 1.000000000000000000 ) ) ;
#7614 = PRESENTATION_STYLE_ASSIGNMENT (( #7840 ) ) ;
#7615 = UNCERTAINTY_MEASURE_WITH_UNIT (LENGTH_MEASURE( 1.000000000000000082E-05 ), #2840, 'distance_accuracy_value', 'NONE');
#7616 = PLANE ( 'NONE',  #11999 ) ;
#7617 = DIRECTION ( 'NONE',  ( 1.000000000000000000, 0.000000000000000000, 0.000000000000000000 ) ) ;
#7618 =( GEOMETRIC_REPRESENTATION_CONTEXT ( 3 ) GLOBAL_UNCERTAINTY_ASSIGNED_CONTEXT ( ( #11451 ) ) GLOBAL_UNIT_ASSIGNED_CONTEXT ( ( #4255, #5629, #3745 ) ) REPRESENTATION_CONTEXT ( 'NONE', 'WORKASPACE' ) );
#7619 = LINE ( 'NONE', #11423, #9320 ) ;
#7620 = ORIENTED_EDGE ( 'NONE', *, *, #7623, .T. ) ;
#7621 = EDGE_CURVE ( 'NONE', #4164, #11266, #3196, .T. ) ;
#7622 = ORIENTED_EDGE ( 'NONE', *, *, #11398, .F. ) ;
#7623 = EDGE_CURVE ( 'NONE', #7087, #4826, #3305, .T. ) ;
#7624 = VERTEX_POINT ( 'NONE', #1439 ) ;
#7625 = PRESENTATION_LAYER_ASSIGNMENT (  '', '', ( #3852 ) ) ;
#7626 =( NAMED_UNIT ( * ) PLANE_ANGLE_UNIT ( ) SI_UNIT ( $, .RADIAN. ) );
#7627 = VERTEX_POINT ( 'NONE', #7000 ) ;
#7628 = DIRECTION ( 'NONE',  ( 0.000000000000000000, 0.000000000000000000, -1.000000000000000000 ) ) ;
#7629 =( NAMED_UNIT ( * ) SI_UNIT ( $, .STERADIAN. ) SOLID_ANGLE_UNIT ( ) );
#7630 =( NAMED_UNIT ( * ) SI_UNIT ( $, .STERADIAN. ) SOLID_ANGLE_UNIT ( ) );
#7631 = CARTESIAN_POINT ( 'NONE',  ( -5.009999999999999787, -0.8699999999999999956, 1.100000000000000089 ) ) ;
#7632 =( LENGTH_UNIT ( ) NAMED_UNIT ( * ) SI_UNIT ( .MILLI., .METRE. ) );
#7633 = ORIENTED_EDGE ( 'NONE', *, *, #2244, .T. ) ;
#7634 = CARTESIAN_POINT ( 'NONE',  ( -4.250000000000000000, 4.250000000000000000, 1.000000000000000000 ) ) ;
#7635 = ORIENTED_EDGE ( 'NONE', *, *, #11229, .F. ) ;
#7636 = ADVANCED_FACE ( 'NONE', ( #5305 ), #10824, .F. ) ;
#7637 = VERTEX_POINT ( 'NONE', #3866 ) ;
#7638 = SURFACE_STYLE_FILL_AREA ( #3078 ) ;
#7639 = VECTOR ( 'NONE', #1619, 1000.000000000000000 ) ;
#7640 = DIRECTION ( 'NONE',  ( -1.000000000000000000, 3.491481338843135327E-15, 0.000000000000000000 ) ) ;
#7641 = CARTESIAN_POINT ( 'NONE',  ( -5.000000000000000000, 1.469999999999999973, -0.1000000000000000056 ) ) ;
#7642 = DIRECTION ( 'NONE',  ( 1.000000000000000000, 1.734723475976804876E-16, 0.000000000000000000 ) ) ;
#7643 = PLANE ( 'NONE',  #2038 ) ;
#7644 = DIRECTION ( 'NONE',  ( 0.000000000000000000, 0.000000000000000000, -1.000000000000000000 ) ) ;
#7645 = LINE ( 'NONE', #6734, #6550 ) ;
#7646 = LINE ( 'NONE', #3914, #11230 ) ;
#7647 = CARTESIAN_POINT ( 'NONE',  ( -5.150485834465859678E-14, -5.000000000000000000, 1.100000000000000089 ) ) ;
#7648 = ORIENTED_EDGE ( 'NONE', *, *, #1232, .T. ) ;
#7649 = UNCERTAINTY_MEASURE_WITH_UNIT (LENGTH_MEASURE( 1.000000000000000082E-05 ), #10378, 'distance_accuracy_value', 'NONE');
#7650 = DIRECTION ( 'NONE',  ( 0.000000000000000000, 0.000000000000000000, -1.000000000000000000 ) ) ;
#7651 = LINE ( 'NONE', #11508, #6586 ) ;
#7652 = DIRECTION ( 'NONE',  ( 0.000000000000000000, 0.000000000000000000, -1.000000000000000000 ) ) ;
#7653 = FILL_AREA_STYLE ('',( #118 ) ) ;
#7654 = FILL_AREA_STYLE ('',( #2921 ) ) ;
#7655 = EDGE_CURVE ( 'NONE', #3832, #4356, #7651, .T. ) ;
#7656 = CARTESIAN_POINT ( 'NONE',  ( -0.8699999999999830091, 5.009999999999999787, -0.1000000000000000056 ) ) ;
#7657 = CARTESIAN_POINT ( 'NONE',  ( -0.2000000000000514977, -5.000000000000000000, -0.1000000000000000056 ) ) ;
#7658 =( LENGTH_UNIT ( ) NAMED_UNIT ( * ) SI_UNIT ( .MILLI., .METRE. ) );
#7659 = DIRECTION ( 'NONE',  ( 0.000000000000000000, 0.000000000000000000, -1.000000000000000000 ) ) ;
#7660 = CARTESIAN_POINT ( 'NONE',  ( -4.750000000000000000, -2.939999999999999947, 1.100000000000000089 ) ) ;
#7661 = EDGE_LOOP ( 'NONE', ( #2890, #9038, #3112, #8402, #10495, #3553, #4019, #4390 ) ) ;
#7662 = ORIENTED_EDGE ( 'NONE', *, *, #6725, .T. ) ;
#7663 = VERTEX_POINT ( 'NONE', #3923 ) ;
#7664 = UNCERTAINTY_MEASURE_WITH_UNIT (LENGTH_MEASURE( 1.000000000000000082E-05 ), #6300, 'distance_accuracy_value', 'NONE');
#7665 = CARTESIAN_POINT ( 'NONE',  ( 0.8699999999999490363, -5.000000000000000000, 1.100000000000000089 ) ) ;
#7666 =( LENGTH_UNIT ( ) NAMED_UNIT ( * ) SI_UNIT ( .MILLI., .METRE. ) );
#7667 = CARTESIAN_POINT ( 'NONE',  ( -2.140000000000049862, -4.750000000000000000, 1.100000000000000089 ) ) ;
#7668 = LINE ( 'NONE', #2871, #1392 ) ;
#7669 =( LENGTH_UNIT ( ) NAMED_UNIT ( * ) SI_UNIT ( .MILLI., .METRE. ) );
#7670 = ADVANCED_FACE ( 'NONE', ( #7712 ), #2982, .F. ) ;
#7671 = CARTESIAN_POINT ( 'NONE',  ( 5.009999999999999787, 2.739999999999999769, -0.1000000000000000056 ) ) ;
#7672 = CARTESIAN_POINT ( 'NONE',  ( 0.3999999999999565570, -4.250000000000000000, -0.1000000000000000056 ) ) ;
#7673 = VECTOR ( 'NONE', #4972, 1000.000000000000000 ) ;
#7674 = ORIENTED_EDGE ( 'NONE', *, *, #8270, .F. ) ;
#7675 = ORIENTED_EDGE ( 'NONE', *, *, #11749, .T. ) ;
#7676 = LINE ( 'NONE', #791, #3526 ) ;
#7677 = VECTOR ( 'NONE', #3543, 1000.000000000000000 ) ;
#7678 = ORIENTED_EDGE ( 'NONE', *, *, #7562, .F. ) ;
#7679 = STYLED_ITEM ( 'NONE', ( #4090 ), #10234 ) ;
#7680 = CARTESIAN_POINT ( 'NONE',  ( -2.940000000000049685, -5.000000000000000000, 1.100000000000000089 ) ) ;
#7681 = EDGE_CURVE ( 'NONE', #5316, #521, #7890, .T. ) ;
#7682 = ADVANCED_FACE ( 'NONE', ( #422 ), #4241, .F. ) ;
#7683 = DIRECTION ( 'NONE',  ( 0.000000000000000000, 0.000000000000000000, -1.000000000000000000 ) ) ;
#7684 =( NAMED_UNIT ( * ) SI_UNIT ( $, .STERADIAN. ) SOLID_ANGLE_UNIT ( ) );
#7685 = DIRECTION ( 'NONE',  ( 0.000000000000000000, 0.000000000000000000, 1.000000000000000000 ) ) ;
#7686 = AXIS2_PLACEMENT_3D ( 'NONE', #298, #10672, #4179 ) ;
#7687 = CARTESIAN_POINT ( 'NONE',  ( -4.750000000000000000, 1.670000000000000151, 1.100000000000000089 ) ) ;
#7688 = VECTOR ( 'NONE', #2996, 1000.000000000000000 ) ;
#7689 = ORIENTED_EDGE ( 'NONE', *, *, #6048, .T. ) ;
#7690 = ORIENTED_EDGE ( 'NONE', *, *, #7447, .T. ) ;
#7691 = FACE_OUTER_BOUND ( 'NONE', #4700, .T. ) ;
#7692 = SURFACE_STYLE_USAGE ( .BOTH. , #3902 ) ;
#7693 =( GEOMETRIC_REPRESENTATION_CONTEXT ( 3 ) GLOBAL_UNCERTAINTY_ASSIGNED_CONTEXT ( ( #8209 ) ) GLOBAL_UNIT_ASSIGNED_CONTEXT ( ( #8904, #6778, #2855 ) ) REPRESENTATION_CONTEXT ( 'NONE', 'WORKASPACE' ) );
#7694 = VECTOR ( 'NONE', #10056, 1000.000000000000000 ) ;
#7695 = CARTESIAN_POINT ( 'NONE',  ( 4.750000000000000000, -2.140000000000000124, 1.100000000000000089 ) ) ;
#7696 =( LENGTH_UNIT ( ) NAMED_UNIT ( * ) SI_UNIT ( .MILLI., .METRE. ) );
#7697 = VECTOR ( 'NONE', #1717, 1000.000000000000000 ) ;
#7698 = EDGE_CURVE ( 'NONE', #12391, #2973, #10936, .T. ) ;
#7699 = FILL_AREA_STYLE ('',( #8656 ) ) ;
#7700 = SURFACE_STYLE_FILL_AREA ( #170 ) ;
#7701 = DIRECTION ( 'NONE',  ( -1.000000000000000000, 0.000000000000000000, 0.000000000000000000 ) ) ;
#7702 = CARTESIAN_POINT ( 'NONE',  ( 0.8699999999999510347, -4.750000000000000000, 1.100000000000000089 ) ) ;
#7703 =( NAMED_UNIT ( * ) PLANE_ANGLE_UNIT ( ) SI_UNIT ( $, .RADIAN. ) );
#7704 = FILL_AREA_STYLE_COLOUR ( '', #5818 ) ;
#7705 = EDGE_CURVE ( 'NONE', #7514, #8123, #9982, .T. ) ;
#7706 = FILL_AREA_STYLE_COLOUR ( '', #3148 ) ;
#7707 = ORIENTED_EDGE ( 'NONE', *, *, #8285, .T. ) ;
#7708 = AXIS2_PLACEMENT_3D ( 'NONE', #6703, #11424, #2817 ) ;
#7709 = VECTOR ( 'NONE', #7701, 1000.000000000000000 ) ;
#7710 = MECHANICAL_DESIGN_GEOMETRIC_PRESENTATION_REPRESENTATION (  '', ( #11735 ), #3541 ) ;
#7711 = CARTESIAN_POINT ( 'NONE',  ( 0.8700000000000139844, 4.250000000000000000, -0.1000000000000000056 ) ) ;
#7712 = FACE_OUTER_BOUND ( 'NONE', #8860, .T. ) ;
#7713 = SURFACE_SIDE_STYLE ('',( #5561 ) ) ;
#7714 = SURFACE_SIDE_STYLE ('',( #3925 ) ) ;
#7715 =( NAMED_UNIT ( * ) SI_UNIT ( $, .STERADIAN. ) SOLID_ANGLE_UNIT ( ) );
#7716 = AXIS2_PLACEMENT_3D ( 'NONE', #5822, #4060, #7720 ) ;
#7717 =( NAMED_UNIT ( * ) SI_UNIT ( $, .STERADIAN. ) SOLID_ANGLE_UNIT ( ) );
#7718 = CARTESIAN_POINT ( 'NONE',  ( -0.4000000000000519806, -5.009999999999999787, -0.1000000000000000056 ) ) ;
#7719 = AXIS2_PLACEMENT_3D ( 'NONE', #3933, #5936, #1131 ) ;
#7720 = DIRECTION ( 'NONE',  ( -1.000000000000000000, 1.047444401652940164E-14, 0.000000000000000000 ) ) ;
#7721 = ORIENTED_EDGE ( 'NONE', *, *, #8610, .T. ) ;
#7722 = CARTESIAN_POINT ( 'NONE',  ( -0.8699999999999830091, 5.000000000000000000, -0.1000000000000000056 ) ) ;
#7723 = ORIENTED_EDGE ( 'NONE', *, *, #7020, .F. ) ;
#7724 = DIRECTION ( 'NONE',  ( 0.000000000000000000, 0.000000000000000000, -1.000000000000000000 ) ) ;
#7725 = ORIENTED_EDGE ( 'NONE', *, *, #7821, .T. ) ;
#7726 = EDGE_CURVE ( 'NONE', #7331, #10621, #11006, .T. ) ;
#7727 = CIRCLE ( 'NONE', #5155, 0.5000000000000000000 ) ;
#7728 = UNCERTAINTY_MEASURE_WITH_UNIT (LENGTH_MEASURE( 1.000000000000000082E-05 ), #7922, 'distance_accuracy_value', 'NONE');
#7729 = CARTESIAN_POINT ( 'NONE',  ( -4.799999999999999822, -1.270000000000000018, -0.1000000000000000056 ) ) ;
#7730 = PRESENTATION_STYLE_ASSIGNMENT (( #8572 ) ) ;
#7731 = STYLED_ITEM ( 'NONE', ( #12314 ), #927 ) ;
#7732 = VECTOR ( 'NONE', #5619, 1000.000000000000000 ) ;
#7733 = PRESENTATION_STYLE_ASSIGNMENT (( #4075 ) ) ;
#7734 = FILL_AREA_STYLE ('',( #3063 ) ) ;
#7735 = AXIS2_PLACEMENT_3D ( 'NONE', #28, #4034, #5036 ) ;
#7736 = ORIENTED_EDGE ( 'NONE', *, *, #5740, .F. ) ;
#7737 = EDGE_LOOP ( 'NONE', ( #3009, #6766, #4840, #3836 ) ) ;
#7738 = MECHANICAL_DESIGN_GEOMETRIC_PRESENTATION_REPRESENTATION (  '', ( #7926 ), #11393 ) ;
#7739 = VERTEX_POINT ( 'NONE', #8148 ) ;
#7740 = PRESENTATION_LAYER_ASSIGNMENT (  '', '', ( #733 ) ) ;
#7741 = VERTEX_POINT ( 'NONE', #10041 ) ;
#7742 = SURFACE_STYLE_USAGE ( .BOTH. , #8581 ) ;
#7743 = EDGE_CURVE ( 'NONE', #3571, #10278, #4366, .T. ) ;
#7744 = ORIENTED_EDGE ( 'NONE', *, *, #8215, .F. ) ;
#7745 =( NAMED_UNIT ( * ) SI_UNIT ( $, .STERADIAN. ) SOLID_ANGLE_UNIT ( ) );
#7746 = PRESENTATION_STYLE_ASSIGNMENT (( #4024 ) ) ;
#7747 = PRESENTATION_STYLE_ASSIGNMENT (( #3961 ) ) ;
#7748 = DIRECTION ( 'NONE',  ( -1.047444401652940164E-14, -1.000000000000000000, 0.000000000000000000 ) ) ;
#7749 = PRESENTATION_LAYER_ASSIGNMENT (  '', '', ( #11589 ) ) ;
#7750 = AXIS2_PLACEMENT_3D ( 'NONE', #5262, #520, #7320 ) ;
#7751 = STYLED_ITEM ( 'NONE', ( #4065 ), #722 ) ;
#7752 = DIRECTION ( 'NONE',  ( 0.000000000000000000, 0.000000000000000000, 1.000000000000000000 ) ) ;
#7753 = ORIENTED_EDGE ( 'NONE', *, *, #1446, .F. ) ;
#7754 = DIRECTION ( 'NONE',  ( 1.000000000000000000, 0.000000000000000000, 0.000000000000000000 ) ) ;
#7755 = ORIENTED_EDGE ( 'NONE', *, *, #8763, .T. ) ;
#7756 = ORIENTED_EDGE ( 'NONE', *, *, #1669, .F. ) ;
#7757 = DIRECTION ( 'NONE',  ( 0.000000000000000000, 1.000000000000000000, 0.000000000000000000 ) ) ;
#7758 = EDGE_CURVE ( 'NONE', #7609, #2227, #11070, .T. ) ;
#7759 = STYLED_ITEM ( 'NONE', ( #4249 ), #5270 ) ;
#7760 = DIRECTION ( 'NONE',  ( 0.000000000000000000, 0.000000000000000000, -1.000000000000000000 ) ) ;
#7761 =( NAMED_UNIT ( * ) PLANE_ANGLE_UNIT ( ) SI_UNIT ( $, .RADIAN. ) );
#7762 = LINE ( 'NONE', #10656, #10253 ) ;
#7763 = LINE ( 'NONE', #6908, #4159 ) ;
#7764 = PLANE ( 'NONE',  #7284 ) ;
#7765 = DIRECTION ( 'NONE',  ( -1.000000000000000000, 0.000000000000000000, 0.000000000000000000 ) ) ;
#7766 = VECTOR ( 'NONE', #2214, 1000.000000000000000 ) ;
#7767 = CARTESIAN_POINT ( 'NONE',  ( 5.009999999999999787, -1.670000000000000151, 1.100000000000000089 ) ) ;
#7768 =( NAMED_UNIT ( * ) PLANE_ANGLE_UNIT ( ) SI_UNIT ( $, .RADIAN. ) );
#7769 = ORIENTED_EDGE ( 'NONE', *, *, #3621, .F. ) ;
#7770 = UNCERTAINTY_MEASURE_WITH_UNIT (LENGTH_MEASURE( 1.000000000000000082E-05 ), #6256, 'distance_accuracy_value', 'NONE');
#7771 = EDGE_CURVE ( 'NONE', #12350, #3367, #2587, .T. ) ;
#7773 = EDGE_CURVE ( 'NONE', #2649, #11598, #7285, .T. ) ;
#7772 =( GEOMETRIC_REPRESENTATION_CONTEXT ( 3 ) GLOBAL_UNCERTAINTY_ASSIGNED_CONTEXT ( ( #7664 ) ) GLOBAL_UNIT_ASSIGNED_CONTEXT ( ( #6300, #11866, #10170 ) ) REPRESENTATION_CONTEXT ( 'NONE', 'WORKASPACE' ) );
#7774 =( LENGTH_UNIT ( ) NAMED_UNIT ( * ) SI_UNIT ( .MILLI., .METRE. ) );
#7775 = AXIS2_PLACEMENT_3D ( 'NONE', #3808, #9983, #5235 ) ;
#7776 = DIRECTION ( 'NONE',  ( 0.000000000000000000, 0.000000000000000000, -1.000000000000000000 ) ) ;
#7777 = LINE ( 'NONE', #6101, #5923 ) ;
#7778 = FACE_OUTER_BOUND ( 'NONE', #76, .T. ) ;
#7779 = VECTOR ( 'NONE', #9611, 1000.000000000000000 ) ;
#7780 = DIRECTION ( 'NONE',  ( 0.000000000000000000, 0.000000000000000000, 1.000000000000000000 ) ) ;
#7781 =( NAMED_UNIT ( * ) SI_UNIT ( $, .STERADIAN. ) SOLID_ANGLE_UNIT ( ) );
#7782 = SURFACE_STYLE_USAGE ( .BOTH. , #5751 ) ;
#7783 = VERTEX_POINT ( 'NONE', #1495 ) ;
#7784 = VECTOR ( 'NONE', #9836, 1000.000000000000000 ) ;
#7785 = ORIENTED_EDGE ( 'NONE', *, *, #1026, .F. ) ;
#7786 = SURFACE_STYLE_FILL_AREA ( #10680 ) ;
#7787 = ORIENTED_EDGE ( 'NONE', *, *, #8532, .T. ) ;
#7788 = DIRECTION ( 'NONE',  ( 0.000000000000000000, 0.000000000000000000, 1.000000000000000000 ) ) ;
#7789 = UNCERTAINTY_MEASURE_WITH_UNIT (LENGTH_MEASURE( 1.000000000000000082E-05 ), #938, 'distance_accuracy_value', 'NONE');
#7790 = VECTOR ( 'NONE', #8537, 1000.000000000000000 ) ;
#7791 = PRESENTATION_STYLE_ASSIGNMENT (( #10691 ) ) ;
#7792 = DIRECTION ( 'NONE',  ( 0.000000000000000000, 1.000000000000000000, 0.000000000000000000 ) ) ;
#7793 =( NAMED_UNIT ( * ) PLANE_ANGLE_UNIT ( ) SI_UNIT ( $, .RADIAN. ) );
#7794 = DIRECTION ( 'NONE',  ( 0.000000000000000000, 0.000000000000000000, -1.000000000000000000 ) ) ;
#7795 = LINE ( 'NONE', #8876, #4145 ) ;
#7796 = EDGE_CURVE ( 'NONE', #11619, #3297, #3725, .T. ) ;
#7797 = PRESENTATION_LAYER_ASSIGNMENT (  '', '', ( #9811 ) ) ;
#7798 = ORIENTED_EDGE ( 'NONE', *, *, #915, .F. ) ;
#7799 = VERTEX_POINT ( 'NONE', #9360 ) ;
#7800 = ORIENTED_EDGE ( 'NONE', *, *, #7821, .F. ) ;
#7801 = FILL_AREA_STYLE_COLOUR ( '', #3590 ) ;
#7802 = EDGE_LOOP ( 'NONE', ( #10698, #9968, #5757, #11552 ) ) ;
#7803 = CYLINDRICAL_SURFACE ( 'NONE', #7424, 0.1999999999999996503 ) ;
#7804 =( NAMED_UNIT ( * ) SI_UNIT ( $, .STERADIAN. ) SOLID_ANGLE_UNIT ( ) );
#7805 = FILL_AREA_STYLE ('',( #4845 ) ) ;
#7806 = ORIENTED_EDGE ( 'NONE', *, *, #11467, .F. ) ;
#7807 = ADVANCED_FACE ( 'NONE', ( #4664 ), #622, .F. ) ;
#7808 = VECTOR ( 'NONE', #9779, 1000.000000000000000 ) ;
#7809 = FILL_AREA_STYLE ('',( #273 ) ) ;
#7810 = ORIENTED_EDGE ( 'NONE', *, *, #944, .T. ) ;
#7811 = ORIENTED_EDGE ( 'NONE', *, *, #11179, .F. ) ;
#7812 = UNCERTAINTY_MEASURE_WITH_UNIT (LENGTH_MEASURE( 1.000000000000000082E-05 ), #2472, 'distance_accuracy_value', 'NONE');
#7813 = DIRECTION ( 'NONE',  ( 3.491481338843135327E-15, 1.000000000000000000, 0.000000000000000000 ) ) ;
#7814 = COLOUR_RGB ( '',1.000000000000000000, 0.8117647058823529438, 0.5019607843137254832 ) ;
#7815 = CARTESIAN_POINT ( 'NONE',  ( 1.669999999999949969, -5.009999999999999787, -0.1000000000000000056 ) ) ;
#7816 = DIRECTION ( 'NONE',  ( -1.000000000000000000, 0.000000000000000000, 0.000000000000000000 ) ) ;
#7817 =( NAMED_UNIT ( * ) PLANE_ANGLE_UNIT ( ) SI_UNIT ( $, .RADIAN. ) );
#7818 = SURFACE_STYLE_FILL_AREA ( #7699 ) ;
#7819 = SURFACE_SIDE_STYLE ('',( #7700 ) ) ;
#7820 = FILL_AREA_STYLE_COLOUR ( '', #3495 ) ;
#7821 = EDGE_CURVE ( 'NONE', #12321, #10797, #8346, .T. ) ;
#7822 = SURFACE_SIDE_STYLE ('',( #9670 ) ) ;
#7823 = LINE ( 'NONE', #2067, #6007 ) ;
#7824 = EDGE_CURVE ( 'NONE', #7608, #2275, #6360, .T. ) ;
#7825 = VERTEX_POINT ( 'NONE', #9237 ) ;
#7826 = MECHANICAL_DESIGN_GEOMETRIC_PRESENTATION_REPRESENTATION (  '', ( #9845 ), #11482 ) ;
#7827 = CARTESIAN_POINT ( 'NONE',  ( -5.000000000000000000, -0.8699999999999999956, 1.000000000000000000 ) ) ;
#7828 = CARTESIAN_POINT ( 'NONE',  ( -5.009999999999999787, 2.339999999999999858, -0.1000000000000000056 ) ) ;
#7829 = FILL_AREA_STYLE_COLOUR ( '', #11430 ) ;
#7830 =( NAMED_UNIT ( * ) PLANE_ANGLE_UNIT ( ) SI_UNIT ( $, .RADIAN. ) );
#7831 = ADVANCED_FACE ( 'NONE', ( #2652 ), #10284, .F. ) ;
#7832 = EDGE_CURVE ( 'NONE', #4089, #7011, #2006, .T. ) ;
#7833 = FILL_AREA_STYLE_COLOUR ( '', #9534 ) ;
#7834 = LINE ( 'NONE', #3105, #6026 ) ;
#7835 = VERTEX_POINT ( 'NONE', #2062 ) ;
#7836 = ORIENTED_EDGE ( 'NONE', *, *, #7771, .T. ) ;
#7837 = VERTEX_POINT ( 'NONE', #11290 ) ;
#7838 = UNCERTAINTY_MEASURE_WITH_UNIT (LENGTH_MEASURE( 1.000000000000000082E-05 ), #6050, 'distance_accuracy_value', 'NONE');
#7839 =( NAMED_UNIT ( * ) SI_UNIT ( $, .STERADIAN. ) SOLID_ANGLE_UNIT ( ) );
#7840 = SURFACE_STYLE_USAGE ( .BOTH. , #4071 ) ;
#7841 = UNCERTAINTY_MEASURE_WITH_UNIT (LENGTH_MEASURE( 1.000000000000000082E-05 ), #3987, 'distance_accuracy_value', 'NONE');
#7842 = SURFACE_STYLE_FILL_AREA ( #7908 ) ;
#7843 = DIRECTION ( 'NONE',  ( 1.000000000000000000, -3.491481338843135327E-15, 0.000000000000000000 ) ) ;
#7844 = FILL_AREA_STYLE ('',( #4074 ) ) ;
#7845 = CARTESIAN_POINT ( 'NONE',  ( -5.000000000000000000, 5.000000000000000000, 1.000000000000000000 ) ) ;
#7846 = EDGE_CURVE ( 'NONE', #5541, #189, #5327, .T. ) ;
#7847 = FILL_AREA_STYLE ('',( #2105 ) ) ;
#7848 = LINE ( 'NONE', #9647, #2523 ) ;
#7849 = ORIENTED_EDGE ( 'NONE', *, *, #12201, .T. ) ;
#7850 = VECTOR ( 'NONE', #1225, 1000.000000000000000 ) ;
#7851 = ORIENTED_EDGE ( 'NONE', *, *, #9700, .F. ) ;
#7852 = ORIENTED_EDGE ( 'NONE', *, *, #9832, .F. ) ;
#7853 = ORIENTED_EDGE ( 'NONE', *, *, #4405, .F. ) ;
#7854 = COLOUR_RGB ( '',0.5372549019607842924, 0.6235294117647058876, 0.000000000000000000 ) ;
#7855 = LINE ( 'NONE', #329, #7442 ) ;
#7856 = PRESENTATION_STYLE_ASSIGNMENT (( #11040 ) ) ;
#7857 = VECTOR ( 'NONE', #9995, 1000.000000000000000 ) ;
#7858 =( NAMED_UNIT ( * ) SI_UNIT ( $, .STERADIAN. ) SOLID_ANGLE_UNIT ( ) );
#7859 = ORIENTED_EDGE ( 'NONE', *, *, #5065, .F. ) ;
#7860 =( NAMED_UNIT ( * ) SI_UNIT ( $, .STERADIAN. ) SOLID_ANGLE_UNIT ( ) );
#7861 = EDGE_LOOP ( 'NONE', ( #8341, #1664, #9110, #6116, #19, #9135, #11251, #3401 ) ) ;
#7862 = MECHANICAL_DESIGN_GEOMETRIC_PRESENTATION_REPRESENTATION (  '', ( #6304 ), #9500 ) ;
#7863 = ORIENTED_EDGE ( 'NONE', *, *, #6618, .T. ) ;
#7864 = AXIS2_PLACEMENT_3D ( 'NONE', #825, #3627, #1711 ) ;
#7865 = PRESENTATION_STYLE_ASSIGNMENT (( #6789 ) ) ;
#7866 = VECTOR ( 'NONE', #7441, 1000.000000000000000 ) ;
#7867 = EDGE_CURVE ( 'NONE', #5198, #2206, #3393, .T. ) ;
#7868 =( NAMED_UNIT ( * ) PLANE_ANGLE_UNIT ( ) SI_UNIT ( $, .RADIAN. ) );
#7869 = LINE ( 'NONE', #3149, #1777 ) ;
#7870 = PRESENTATION_LAYER_ASSIGNMENT (  '', '', ( #3320 ) ) ;
#7871 = MECHANICAL_DESIGN_GEOMETRIC_PRESENTATION_REPRESENTATION (  '', ( #3722 ), #3108 ) ;
#7872 = CARTESIAN_POINT ( 'NONE',  ( 2.939999999999999947, 5.009999999999999787, -0.1000000000000000056 ) ) ;
#7873 = DIRECTION ( 'NONE',  ( 1.734723475976804876E-16, -1.000000000000000000, 0.000000000000000000 ) ) ;
#7874 = AXIS2_PLACEMENT_3D ( 'NONE', #3942, #61, #2211 ) ;
#7875 = VECTOR ( 'NONE', #7911, 1000.000000000000000 ) ;
#7876 =( NAMED_UNIT ( * ) SI_UNIT ( $, .STERADIAN. ) SOLID_ANGLE_UNIT ( ) );
#7877 = ORIENTED_EDGE ( 'NONE', *, *, #8692, .F. ) ;
#7878 = VERTEX_POINT ( 'NONE', #4401 ) ;
#7879 = UNCERTAINTY_MEASURE_WITH_UNIT (LENGTH_MEASURE( 1.000000000000000082E-05 ), #121, 'distance_accuracy_value', 'NONE');
#7880 = AXIS2_PLACEMENT_3D ( 'NONE', #4410, #7402, #9082 ) ;
#7881 =( GEOMETRIC_REPRESENTATION_CONTEXT ( 3 ) GLOBAL_UNCERTAINTY_ASSIGNED_CONTEXT ( ( #4126 ) ) GLOBAL_UNIT_ASSIGNED_CONTEXT ( ( #11095, #9737, #1951 ) ) REPRESENTATION_CONTEXT ( 'NONE', 'WORKASPACE' ) );
#7882 = ADVANCED_FACE ( 'NONE', ( #8186 ), #12032, .F. ) ;
#7883 = CARTESIAN_POINT ( 'NONE',  ( 2.540000000000000036, 5.000000000000000000, 1.100000000000000089 ) ) ;
#7884 = AXIS2_PLACEMENT_3D ( 'NONE', #5374, #10302, #7297 ) ;
#7885 = MECHANICAL_DESIGN_GEOMETRIC_PRESENTATION_REPRESENTATION (  '', ( #9916 ), #7516 ) ;
#7886 = FILL_AREA_STYLE_COLOUR ( '', #12383 ) ;
#7887 = CARTESIAN_POINT ( 'NONE',  ( -5.009999999999999787, -0.2000000000000000111, -0.1000000000000000056 ) ) ;
#7888 = DIRECTION ( 'NONE',  ( -1.000000000000000000, 0.000000000000000000, 0.000000000000000000 ) ) ;
#7889 = FACE_OUTER_BOUND ( 'NONE', #9689, .T. ) ;
#7890 = LINE ( 'NONE', #6982, #1134 ) ;
#7891 = CARTESIAN_POINT ( 'NONE',  ( 4.250000000000000000, -0.4000000000000000222, -0.1000000000000000056 ) ) ;
#7892 =( NAMED_UNIT ( * ) SI_UNIT ( $, .STERADIAN. ) SOLID_ANGLE_UNIT ( ) );
#7893 = CARTESIAN_POINT ( 'NONE',  ( 2.739999999999999769, 5.009999999999999787, -0.1000000000000000056 ) ) ;
#7894 = LINE ( 'NONE', #11747, #11441 ) ;
#7895 = ORIENTED_EDGE ( 'NONE', *, *, #8198, .T. ) ;
#7896 = VECTOR ( 'NONE', #5892, 1000.000000000000000 ) ;
#7897 = VECTOR ( 'NONE', #9869, 1000.000000000000000 ) ;
#7898 =( NAMED_UNIT ( * ) SI_UNIT ( $, .STERADIAN. ) SOLID_ANGLE_UNIT ( ) );
#7899 = SURFACE_SIDE_STYLE ('',( #4122 ) ) ;
#7900 = ORIENTED_EDGE ( 'NONE', *, *, #1938, .T. ) ;
#7901 = ADVANCED_FACE ( 'NONE', ( #1789 ), #5641, .F. ) ;
#7902 = CARTESIAN_POINT ( 'NONE',  ( -4.250000000000000000, -2.140000000000000124, -0.1000000000000000056 ) ) ;
#7903 = VECTOR ( 'NONE', #10017, 1000.000000000000000 ) ;
#7904 = PLANE ( 'NONE',  #1756 ) ;
#7905 =( NAMED_UNIT ( * ) SI_UNIT ( $, .STERADIAN. ) SOLID_ANGLE_UNIT ( ) );
#7906 = DIRECTION ( 'NONE',  ( -8.673617379884039170E-17, 1.000000000000000000, 0.000000000000000000 ) ) ;
#7907 = VECTOR ( 'NONE', #9579, 1000.000000000000000 ) ;
#7908 = FILL_AREA_STYLE ('',( #1012 ) ) ;
#7909 = LINE ( 'NONE', #6008, #3523 ) ;
#7910 = DIRECTION ( 'NONE',  ( 0.000000000000000000, 1.000000000000000000, 0.000000000000000000 ) ) ;
#7911 = DIRECTION ( 'NONE',  ( 0.000000000000000000, 0.000000000000000000, 1.000000000000000000 ) ) ;
#7912 = ORIENTED_EDGE ( 'NONE', *, *, #2899, .T. ) ;
#7913 = VECTOR ( 'NONE', #10493, 1000.000000000000000 ) ;
#7914 = ORIENTED_EDGE ( 'NONE', *, *, #9687, .F. ) ;
#7915 = CARTESIAN_POINT ( 'NONE',  ( -5.000000000000000000, 5.000000000000000000, 1.000000000000000000 ) ) ;
#7916 = EDGE_CURVE ( 'NONE', #7141, #7334, #6331, .T. ) ;
#7917 = STYLED_ITEM ( 'NONE', ( #7401 ), #675 ) ;
#7918 = EDGE_CURVE ( 'NONE', #12175, #10579, #10197, .T. ) ;
#7919 = AXIS2_PLACEMENT_3D ( 'NONE', #3782, #6542, #9419 ) ;
#7920 = CARTESIAN_POINT ( 'NONE',  ( -2.540000000000000036, 5.000000000000000000, -0.2999999999999999889 ) ) ;
#7921 = CARTESIAN_POINT ( 'NONE',  ( -1.670000000000050111, -5.000000000000000000, -0.1000000000000000056 ) ) ;
#7922 =( LENGTH_UNIT ( ) NAMED_UNIT ( * ) SI_UNIT ( .MILLI., .METRE. ) );
#7923 =( GEOMETRIC_REPRESENTATION_CONTEXT ( 3 ) GLOBAL_UNCERTAINTY_ASSIGNED_CONTEXT ( ( #8808 ) ) GLOBAL_UNIT_ASSIGNED_CONTEXT ( ( #3041, #6985, #10671 ) ) REPRESENTATION_CONTEXT ( 'NONE', 'WORKASPACE' ) );
#7924 = DIRECTION ( 'NONE',  ( 3.491481338843135327E-15, 1.000000000000000000, 0.000000000000000000 ) ) ;
#7925 = EDGE_LOOP ( 'NONE', ( #1859, #1310, #9460, #2543, #6849, #6451, #6179, #12198, #8065 ) ) ;
#7926 = STYLED_ITEM ( 'NONE', ( #6924 ), #1805 ) ;
#7927 = CARTESIAN_POINT ( 'NONE',  ( 0.4000000000000155098, 4.750000000000000000, 1.100000000000000089 ) ) ;
#7928 = EDGE_LOOP ( 'NONE', ( #8819, #8695 ) ) ;
#7929 = ORIENTED_EDGE ( 'NONE', *, *, #3438, .F. ) ;
#7930 = FILL_AREA_STYLE_COLOUR ( '', #11579 ) ;
#7931 = VECTOR ( 'NONE', #9666, 1000.000000000000000 ) ;
#7932 = APPLICATION_CONTEXT ( 'automotive_design' ) ;
#7933 = DIRECTION ( 'NONE',  ( -3.318008991245455407E-15, -1.000000000000000000, 0.000000000000000000 ) ) ;
#7934 = AXIS2_PLACEMENT_3D ( 'NONE', #5228, #7416, #3785 ) ;
#7935 =( LENGTH_UNIT ( ) NAMED_UNIT ( * ) SI_UNIT ( .MILLI., .METRE. ) );
#7936 = DIRECTION ( 'NONE',  ( -1.000000000000000000, 0.000000000000000000, 0.000000000000000000 ) ) ;
#7937 = LINE ( 'NONE', #1040, #11373 ) ;
#7938 = ORIENTED_EDGE ( 'NONE', *, *, #3924, .T. ) ;
#7939 = ORIENTED_EDGE ( 'NONE', *, *, #11763, .F. ) ;
#7940 = EDGE_CURVE ( 'NONE', #6590, #10540, #5581, .T. ) ;
#7941 = MECHANICAL_DESIGN_GEOMETRIC_PRESENTATION_REPRESENTATION (  '', ( #10375 ), #11978 ) ;
#7942 =( LENGTH_UNIT ( ) NAMED_UNIT ( * ) SI_UNIT ( .MILLI., .METRE. ) );
#7943 = ORIENTED_EDGE ( 'NONE', *, *, #5499, .F. ) ;
#7944 =( NAMED_UNIT ( * ) SI_UNIT ( $, .STERADIAN. ) SOLID_ANGLE_UNIT ( ) );
#7945 = DIRECTION ( 'NONE',  ( 0.000000000000000000, 0.000000000000000000, 1.000000000000000000 ) ) ;
#7946 = CARTESIAN_POINT ( 'NONE',  ( 1.270000000000018003, 5.009999999999999787, 0.000000000000000000 ) ) ;
#7947 =( NAMED_UNIT ( * ) PLANE_ANGLE_UNIT ( ) SI_UNIT ( $, .RADIAN. ) );
#7948 = FACE_OUTER_BOUND ( 'NONE', #4021, .T. ) ;
#7949 = VECTOR ( 'NONE', #11672, 1000.000000000000000 ) ;
#7950 = DIRECTION ( 'NONE',  ( -1.000000000000000000, 1.030097166893172093E-14, 0.000000000000000000 ) ) ;
#7951 = CARTESIAN_POINT ( 'NONE',  ( -4.750000000000000000, 2.939999999999999947, 1.000000000000000000 ) ) ;
#7952 = CARTESIAN_POINT ( 'NONE',  ( 5.009999999999999787, 0.8699999999999999956, 1.100000000000000089 ) ) ;
#7953 =( LENGTH_UNIT ( ) NAMED_UNIT ( * ) SI_UNIT ( .MILLI., .METRE. ) );
#7954 = SURFACE_STYLE_USAGE ( .BOTH. , #998 ) ;
#7955 = SURFACE_STYLE_USAGE ( .BOTH. , #8081 ) ;
#7956 = EDGE_CURVE ( 'NONE', #401, #504, #9213, .T. ) ;
#7957 = VECTOR ( 'NONE', #1060, 1000.000000000000000 ) ;
#7958 = STYLED_ITEM ( 'NONE', ( #1694 ), #6232 ) ;
#7959 = CIRCLE ( 'NONE', #2589, 0.1999999999999996503 ) ;
#7960 = ORIENTED_EDGE ( 'NONE', *, *, #10089, .F. ) ;
#7961 = LINE ( 'NONE', #9752, #342 ) ;
#7962 = PLANE ( 'NONE',  #3365 ) ;
#7963 = UNCERTAINTY_MEASURE_WITH_UNIT (LENGTH_MEASURE( 1.000000000000000082E-05 ), #10654, 'distance_accuracy_value', 'NONE');
#7964 = FILL_AREA_STYLE ('',( #3195 ) ) ;
#7965 = CARTESIAN_POINT ( 'NONE',  ( -0.8700000000000489564, -4.750000000000000000, 1.100000000000000089 ) ) ;
#7966 = FILL_AREA_STYLE_COLOUR ( '', #6000 ) ;
#7967 =( GEOMETRIC_REPRESENTATION_CONTEXT ( 3 ) GLOBAL_UNCERTAINTY_ASSIGNED_CONTEXT ( ( #6582 ) ) GLOBAL_UNIT_ASSIGNED_CONTEXT ( ( #10605, #9731, #3157 ) ) REPRESENTATION_CONTEXT ( 'NONE', 'WORKASPACE' ) );
#7968 = SURFACE_SIDE_STYLE ('',( #4134 ) ) ;
#7969 =( LENGTH_UNIT ( ) NAMED_UNIT ( * ) SI_UNIT ( .MILLI., .METRE. ) );
#7970 = DIRECTION ( 'NONE',  ( 0.000000000000000000, 0.000000000000000000, -1.000000000000000000 ) ) ;
#7971 = FILL_AREA_STYLE ('',( #198 ) ) ;
#7972 = AXIS2_PLACEMENT_3D ( 'NONE', #12307, #10374, #2667 ) ;
#7973 = DIRECTION ( 'NONE',  ( 0.000000000000000000, 0.000000000000000000, 1.000000000000000000 ) ) ;
#7974 = SURFACE_STYLE_USAGE ( .BOTH. , #4196 ) ;
#7975 = EDGE_CURVE ( 'NONE', #2951, #12391, #11043, .T. ) ;
#7976 = ORIENTED_EDGE ( 'NONE', *, *, #11102, .T. ) ;
#7977 = ORIENTED_EDGE ( 'NONE', *, *, #2160, .T. ) ;
#7978 = COLOUR_RGB ( '',1.000000000000000000, 0.8117647058823529438, 0.5019607843137254832 ) ;
#7979 = EDGE_LOOP ( 'NONE', ( #10087, #8339, #9133, #7078 ) ) ;
#7980 = SURFACE_SIDE_STYLE ('',( #2221 ) ) ;
#7981 = AXIS2_PLACEMENT_3D ( 'NONE', #2448, #623, #4545 ) ;
#7982 = ORIENTED_EDGE ( 'NONE', *, *, #6916, .F. ) ;
#7983 = CARTESIAN_POINT ( 'NONE',  ( 5.000000000000000000, 5.000000000000000000, 1.000000000000000000 ) ) ;
#7984 = CARTESIAN_POINT ( 'NONE',  ( 5.000000000000000000, -0.8699999999999999956, 0.000000000000000000 ) ) ;
#7985 = CARTESIAN_POINT ( 'NONE',  ( 5.000000000000000000, -2.540000000000000036, 1.100000000000000089 ) ) ;
#7986 = CARTESIAN_POINT ( 'NONE',  ( -0.8700000000000440714, -4.250000000000000000, 0.000000000000000000 ) ) ;
#7987 =( LENGTH_UNIT ( ) NAMED_UNIT ( * ) SI_UNIT ( .MILLI., .METRE. ) );
#7988 = SURFACE_SIDE_STYLE ('',( #2421 ) ) ;
#7989 = EDGE_LOOP ( 'NONE', ( #9969, #3052, #3262, #2810 ) ) ;
#7990 = EDGE_CURVE ( 'NONE', #4687, #9297, #5463, .T. ) ;
#7991 = PRESENTATION_LAYER_ASSIGNMENT (  '', '', ( #1180 ) ) ;
#7992 = EDGE_CURVE ( 'NONE', #8256, #11186, #2420, .T. ) ;
#7993 = DIRECTION ( 'NONE',  ( 0.000000000000000000, -1.000000000000000000, 0.000000000000000000 ) ) ;
#7994 = ORIENTED_EDGE ( 'NONE', *, *, #10972, .T. ) ;
#7995 = VERTEX_POINT ( 'NONE', #8251 ) ;
#7996 = DIRECTION ( 'NONE',  ( 3.491481338843135327E-15, 1.000000000000000000, 0.000000000000000000 ) ) ;
#7997 = CARTESIAN_POINT ( 'NONE',  ( 0.1999999999999479972, -5.009999999999999787, -0.1000000000000000056 ) ) ;
#7998 = LINE ( 'NONE', #2185, #4070 ) ;
#7999 = VECTOR ( 'NONE', #7381, 1000.000000000000000 ) ;
#8000 = UNCERTAINTY_MEASURE_WITH_UNIT (LENGTH_MEASURE( 1.000000000000000082E-05 ), #2869, 'distance_accuracy_value', 'NONE');
#8001 = VERTEX_POINT ( 'NONE', #3456 ) ;
#8002 =( LENGTH_UNIT ( ) NAMED_UNIT ( * ) SI_UNIT ( .MILLI., .METRE. ) );
#8003 = ORIENTED_EDGE ( 'NONE', *, *, #7196, .F. ) ;
#8004 = PRESENTATION_LAYER_ASSIGNMENT (  '', '', ( #992 ) ) ;
#8005 = ADVANCED_FACE ( 'NONE', ( #10262 ), #7395, .F. ) ;
#8006 = CARTESIAN_POINT ( 'NONE',  ( -2.140000000000000124, 5.000000000000000000, 0.000000000000000000 ) ) ;
#8007 = LINE ( 'NONE', #11062, #9742 ) ;
#8008 = EDGE_LOOP ( 'NONE', ( #5466, #6479, #1196, #2175 ) ) ;
#8009 = VECTOR ( 'NONE', #6567, 1000.000000000000000 ) ;
#8010 =( NAMED_UNIT ( * ) PLANE_ANGLE_UNIT ( ) SI_UNIT ( $, .RADIAN. ) );
#8011 = EDGE_CURVE ( 'NONE', #548, #10140, #2627, .T. ) ;
#8012 =( LENGTH_UNIT ( ) NAMED_UNIT ( * ) SI_UNIT ( .MILLI., .METRE. ) );
#8013 = SURFACE_STYLE_USAGE ( .BOTH. , #2323 ) ;
#8014 = CARTESIAN_POINT ( 'NONE',  ( 2.739999999999950031, -5.009999999999999787, -0.1000000000000000056 ) ) ;
#8015 = SURFACE_SIDE_STYLE ('',( #9927 ) ) ;
#8016 = PLANE ( 'NONE',  #379 ) ;
#8017 = MECHANICAL_DESIGN_GEOMETRIC_PRESENTATION_REPRESENTATION (  '', ( #3870 ), #16 ) ;
#8018 = VERTEX_POINT ( 'NONE', #8576 ) ;
#8019 = CARTESIAN_POINT ( 'NONE',  ( -5.000000000000000000, 1.469999999999999973, -0.2999999999999999889 ) ) ;
#8020 = DIRECTION ( 'NONE',  ( 0.000000000000000000, 0.000000000000000000, 1.000000000000000000 ) ) ;
#8021 = ORIENTED_EDGE ( 'NONE', *, *, #4203, .T. ) ;
#8022 = STYLED_ITEM ( 'NONE', ( #5902 ), #2565 ) ;
#8023 = SURFACE_SIDE_STYLE ('',( #7065 ) ) ;
#8024 =( NAMED_UNIT ( * ) SI_UNIT ( $, .STERADIAN. ) SOLID_ANGLE_UNIT ( ) );
#8025 = EDGE_CURVE ( 'NONE', #5916, #11415, #7619, .T. ) ;
#8026 = CARTESIAN_POINT ( 'NONE',  ( 4.250000000000000000, 0.4000000000000000222, -0.1000000000000000056 ) ) ;
#8027 = CARTESIAN_POINT ( 'NONE',  ( -4.250000000000000000, -4.250000000000000000, 2.500000000000000000 ) ) ;
#8028 = FILL_AREA_STYLE ('',( #3257 ) ) ;
#8029 =( LENGTH_UNIT ( ) NAMED_UNIT ( * ) SI_UNIT ( .MILLI., .METRE. ) );
#8030 = DIRECTION ( 'NONE',  ( 0.000000000000000000, 0.000000000000000000, 1.000000000000000000 ) ) ;
#8031 = CARTESIAN_POINT ( 'NONE',  ( 5.000000000000000000, -0.8699999999999999956, -0.1000000000000000056 ) ) ;
#8032 = FACE_OUTER_BOUND ( 'NONE', #9081, .T. ) ;
#8033 = ORIENTED_EDGE ( 'NONE', *, *, #8934, .F. ) ;
#8034 = ORIENTED_EDGE ( 'NONE', *, *, #4624, .T. ) ;
#8035 =( NAMED_UNIT ( * ) PLANE_ANGLE_UNIT ( ) SI_UNIT ( $, .RADIAN. ) );
#8036 = LINE ( 'NONE', #3319, #4705 ) ;
#8037 = ORIENTED_EDGE ( 'NONE', *, *, #5240, .F. ) ;
#8038 = DIRECTION ( 'NONE',  ( 0.000000000000000000, 0.000000000000000000, 1.000000000000000000 ) ) ;
#8039 = SURFACE_STYLE_USAGE ( .BOTH. , #4209 ) ;
#8040 = EDGE_CURVE ( 'NONE', #4968, #5998, #73, .T. ) ;
#8041 = PLANE ( 'NONE',  #3639 ) ;
#8042 = PRESENTATION_STYLE_ASSIGNMENT (( #5202 ) ) ;
#8043 = CARTESIAN_POINT ( 'NONE',  ( 1.670000000000000151, 4.750000000000000000, 1.100000000000000089 ) ) ;
#8044 = CARTESIAN_POINT ( 'NONE',  ( -0.8700000000000440714, -4.250000000000000000, -0.1000000000000000056 ) ) ;
#8045 = STYLED_ITEM ( 'NONE', ( #3154 ), #9547 ) ;
#8046 = ORIENTED_EDGE ( 'NONE', *, *, #9387, .F. ) ;
#8047 = VERTEX_POINT ( 'NONE', #8688 ) ;
#8048 = EDGE_CURVE ( 'NONE', #1597, #401, #12330, .T. ) ;
#8049 = COLOUR_RGB ( '',1.000000000000000000, 0.8117647058823529438, 0.5019607843137254832 ) ;
#8050 = ADVANCED_FACE ( 'NONE', ( #10635 ), #12, .F. ) ;
#8051 = DIRECTION ( 'NONE',  ( 1.000000000000000000, -1.030097166893172093E-14, 0.000000000000000000 ) ) ;
#8052 = CARTESIAN_POINT ( 'NONE',  ( -5.000000000000000000, -8.673617379884030542E-16, 1.100000000000000089 ) ) ;
#8053 = PLANE ( 'NONE',  #10933 ) ;
#8054 = CARTESIAN_POINT ( 'NONE',  ( 2.939999999999999947, 5.009999999999999787, -0.1000000000000000056 ) ) ;
#8055 = FACE_OUTER_BOUND ( 'NONE', #6321, .T. ) ;
#8056 = CARTESIAN_POINT ( 'NONE',  ( -5.000000000000000000, -2.540000000000000036, 1.100000000000000089 ) ) ;
#8057 = ORIENTED_EDGE ( 'NONE', *, *, #5897, .F. ) ;
#8058 = CARTESIAN_POINT ( 'NONE',  ( 2.739999999999950031, -5.009999999999999787, -0.1000000000000000056 ) ) ;
#8059 =( NAMED_UNIT ( * ) PLANE_ANGLE_UNIT ( ) SI_UNIT ( $, .RADIAN. ) );
#8060 = VERTEX_POINT ( 'NONE', #1981 ) ;
#8061 = AXIS2_PLACEMENT_3D ( 'NONE', #806, #3851, #5858 ) ;
#8062 = ORIENTED_EDGE ( 'NONE', *, *, #1738, .T. ) ;
#8063 = PRESENTATION_LAYER_ASSIGNMENT (  '', '', ( #12105 ) ) ;
#8064 =( NAMED_UNIT ( * ) PLANE_ANGLE_UNIT ( ) SI_UNIT ( $, .RADIAN. ) );
#8065 = ORIENTED_EDGE ( 'NONE', *, *, #2170, .T. ) ;
#8066 = UNCERTAINTY_MEASURE_WITH_UNIT (LENGTH_MEASURE( 1.000000000000000082E-05 ), #11895, 'distance_accuracy_value', 'NONE');
#8067 = VERTEX_POINT ( 'NONE', #1081 ) ;
#8068 = CARTESIAN_POINT ( 'NONE',  ( 1.470000000000015961, 5.000000000000000000, -0.1000000000000000056 ) ) ;
#8069 = EDGE_CURVE ( 'NONE', #11841, #6229, #11357, .T. ) ;
#8070 = FILL_AREA_STYLE ('',( #7886 ) ) ;
#8071 = VECTOR ( 'NONE', #11144, 1000.000000000000000 ) ;
#8072 = EDGE_CURVE ( 'NONE', #5317, #1731, #2944, .T. ) ;
#8073 = SURFACE_SIDE_STYLE ('',( #4294 ) ) ;
#8074 = VECTOR ( 'NONE', #7434, 1000.000000000000000 ) ;
#8075 = COLOUR_RGB ( '',1.000000000000000000, 0.8117647058823529438, 0.5019607843137254832 ) ;
#8076 = SURFACE_SIDE_STYLE ('',( #5109 ) ) ;
#8077 = DIRECTION ( 'NONE',  ( -0.000000000000000000, 1.000000000000000000, 0.000000000000000000 ) ) ;
#8078 = VECTOR ( 'NONE', #6004, 1000.000000000000000 ) ;
#8079 = CARTESIAN_POINT ( 'NONE',  ( 0.1999999999999479972, -5.009999999999999787, 1.100000000000000089 ) ) ;
#8080 = FILL_AREA_STYLE ('',( #2389 ) ) ;
#8081 = SURFACE_SIDE_STYLE ('',( #12063 ) ) ;
#8082 = SURFACE_STYLE_FILL_AREA ( #5238 ) ;
#8083 = ORIENTED_EDGE ( 'NONE', *, *, #958, .F. ) ;
#8084 = AXIS2_PLACEMENT_3D ( 'NONE', #3550, #4730, #812 ) ;
#8085 = AXIS2_PLACEMENT_3D ( 'NONE', #7193, #8235, #10242 ) ;
#8086 = VECTOR ( 'NONE', #9335, 1000.000000000000000 ) ;
#8087 = CARTESIAN_POINT ( 'NONE',  ( -5.000000000000000000, -2.739999999999999769, -0.1000000000000000056 ) ) ;
#8088 = ORIENTED_EDGE ( 'NONE', *, *, #4193, .T. ) ;
#8089 = SURFACE_STYLE_USAGE ( .BOTH. , #9118 ) ;
#8090 = UNCERTAINTY_MEASURE_WITH_UNIT (LENGTH_MEASURE( 1.000000000000000082E-05 ), #10472, 'distance_accuracy_value', 'NONE');
#8091 =( NAMED_UNIT ( * ) SI_UNIT ( $, .STERADIAN. ) SOLID_ANGLE_UNIT ( ) );
#8092 = CARTESIAN_POINT ( 'NONE',  ( -2.740000000000049507, -5.009999999999999787, -0.1000000000000000056 ) ) ;
#8093 = CARTESIAN_POINT ( 'NONE',  ( 4.750000000000000000, 2.140000000000000124, 1.000000000000000000 ) ) ;
#8094 = LINE ( 'NONE', #7252, #7308 ) ;
#8095 = STYLED_ITEM ( 'NONE', ( #2281 ), #3944 ) ;
#8096 = DIRECTION ( 'NONE',  ( 1.000000000000000000, -3.491481338843135327E-15, 0.000000000000000000 ) ) ;
#8097 = PRESENTATION_STYLE_ASSIGNMENT (( #7069 ) ) ;
#8098 = COLOUR_RGB ( '',1.000000000000000000, 0.8117647058823529438, 0.5019607843137254832 ) ;
#8099 = LINE ( 'NONE', #7307, #661 ) ;
#8100 = PRESENTATION_LAYER_ASSIGNMENT (  '', '', ( #887 ) ) ;
#8101 = CARTESIAN_POINT ( 'NONE',  ( 5.009999999999999787, 2.339999999999999858, -0.1000000000000000056 ) ) ;
#8102 = DIRECTION ( 'NONE',  ( 0.000000000000000000, -1.000000000000000000, 0.000000000000000000 ) ) ;
#8103 = PRESENTATION_STYLE_ASSIGNMENT (( #11955 ) ) ;
#8104 = ORIENTED_EDGE ( 'NONE', *, *, #991, .T. ) ;
#8105 = EDGE_CURVE ( 'NONE', #9420, #12211, #3006, .T. ) ;
#8106 = ORIENTED_EDGE ( 'NONE', *, *, #4776, .F. ) ;
#8107 = ORIENTED_EDGE ( 'NONE', *, *, #11257, .T. ) ;
#8108 = PRESENTATION_STYLE_ASSIGNMENT (( #9205 ) ) ;
#8109 = COLOUR_RGB ( '',1.000000000000000000, 0.8117647058823529438, 0.5019607843137254832 ) ;
#8110 = VECTOR ( 'NONE', #1261, 1000.000000000000000 ) ;
#8111 = VECTOR ( 'NONE', #5766, 1000.000000000000000 ) ;
#8112 = CYLINDRICAL_SURFACE ( 'NONE', #8359, 0.1999999999999996503 ) ;
#8113 = SURFACE_SIDE_STYLE ('',( #765 ) ) ;
#8114 = PLANE ( 'NONE',  #1330 ) ;
#8115 = CARTESIAN_POINT ( 'NONE',  ( 5.009999999999999787, 0.2000000000000000111, 1.100000000000000089 ) ) ;
#8116 =( NAMED_UNIT ( * ) SI_UNIT ( $, .STERADIAN. ) SOLID_ANGLE_UNIT ( ) );
#8117 = STYLED_ITEM ( 'NONE', ( #7184 ), #12157 ) ;
#8118 = CARTESIAN_POINT ( 'NONE',  ( 2.139999999999949942, -5.000000000000000000, 1.100000000000000089 ) ) ;
#8119 = MECHANICAL_DESIGN_GEOMETRIC_PRESENTATION_REPRESENTATION (  '', ( #11554 ), #7340 ) ;
#8120 = EDGE_CURVE ( 'NONE', #8969, #5587, #9116, .T. ) ;
#8121 = SURFACE_STYLE_FILL_AREA ( #11898 ) ;
#8122 = MECHANICAL_DESIGN_GEOMETRIC_PRESENTATION_REPRESENTATION (  '', ( #6563 ), #11378 ) ;
#8123 = VERTEX_POINT ( 'NONE', #8751 ) ;
#8124 = ORIENTED_EDGE ( 'NONE', *, *, #8778, .F. ) ;
#8125 = CARTESIAN_POINT ( 'NONE',  ( -2.339999999999999858, 5.009999999999999787, -0.1000000000000000056 ) ) ;
#8126 = LINE ( 'NONE', #12039, #12313 ) ;
#8127 = VECTOR ( 'NONE', #3421, 1000.000000000000000 ) ;
#8128 = CARTESIAN_POINT ( 'NONE',  ( 5.000000000000000000, 0.8699999999999999956, 0.000000000000000000 ) ) ;
#8129 = DIRECTION ( 'NONE',  ( 0.000000000000000000, -1.000000000000000000, 0.000000000000000000 ) ) ;
#8130 = MECHANICAL_DESIGN_GEOMETRIC_PRESENTATION_REPRESENTATION (  '', ( #7158 ), #6960 ) ;
#8131 =( NAMED_UNIT ( * ) SI_UNIT ( $, .STERADIAN. ) SOLID_ANGLE_UNIT ( ) );
#8132 =( NAMED_UNIT ( * ) SI_UNIT ( $, .STERADIAN. ) SOLID_ANGLE_UNIT ( ) );
#8133 = PRESENTATION_LAYER_ASSIGNMENT (  '', '', ( #11173 ) ) ;
#8134 = ORIENTED_EDGE ( 'NONE', *, *, #1140, .T. ) ;
#8135 = SURFACE_STYLE_USAGE ( .BOTH. , #411 ) ;
#8136 = LINE ( 'NONE', #4602, #8560 ) ;
#8137 = VERTEX_POINT ( 'NONE', #3691 ) ;
#8138 = ORIENTED_EDGE ( 'NONE', *, *, #5140, .T. ) ;
#8139 = EDGE_CURVE ( 'NONE', #7331, #7137, #6587, .T. ) ;
#8140 = DIRECTION ( 'NONE',  ( 0.000000000000000000, 0.000000000000000000, 1.000000000000000000 ) ) ;
#8141 = ORIENTED_EDGE ( 'NONE', *, *, #2160, .F. ) ;
#8142 = ORIENTED_EDGE ( 'NONE', *, *, #3988, .T. ) ;
#8143 = AXIS2_PLACEMENT_3D ( 'NONE', #12185, #1567, #9236 ) ;
#8144 = COLOUR_RGB ( '',1.000000000000000000, 0.8117647058823529438, 0.5019607843137254832 ) ;
#8145 = VECTOR ( 'NONE', #4068, 1000.000000000000000 ) ;
#8146 =( LENGTH_UNIT ( ) NAMED_UNIT ( * ) SI_UNIT ( .MILLI., .METRE. ) );
#8147 = SURFACE_SIDE_STYLE ('',( #491 ) ) ;
#8148 = CARTESIAN_POINT ( 'NONE',  ( -4.750000000000000000, 2.140000000000000124, 1.000000000000000000 ) ) ;
#8149 = FACE_OUTER_BOUND ( 'NONE', #3603, .T. ) ;
#8150 = DIRECTION ( 'NONE',  ( 0.000000000000000000, 0.000000000000000000, -1.000000000000000000 ) ) ;
#8151 = AXIS2_PLACEMENT_3D ( 'NONE', #6864, #8613, #12422 ) ;
#8152 = SURFACE_STYLE_USAGE ( .BOTH. , #12189 ) ;
#8153 =( GEOMETRIC_REPRESENTATION_CONTEXT ( 3 ) GLOBAL_UNCERTAINTY_ASSIGNED_CONTEXT ( ( #7812 ) ) GLOBAL_UNIT_ASSIGNED_CONTEXT ( ( #2472, #452, #5265 ) ) REPRESENTATION_CONTEXT ( 'NONE', 'WORKASPACE' ) );
#8154 =( GEOMETRIC_REPRESENTATION_CONTEXT ( 3 ) GLOBAL_UNCERTAINTY_ASSIGNED_CONTEXT ( ( #10751 ) ) GLOBAL_UNIT_ASSIGNED_CONTEXT ( ( #2411, #1601, #7388 ) ) REPRESENTATION_CONTEXT ( 'NONE', 'WORKASPACE' ) );
#8155 = SURFACE_STYLE_USAGE ( .BOTH. , #497 ) ;
#8156 = VERTEX_POINT ( 'NONE', #2348 ) ;
#8157 = EDGE_CURVE ( 'NONE', #459, #667, #9870, .T. ) ;
#8158 = EDGE_CURVE ( 'NONE', #828, #8401, #11706, .T. ) ;
#8159 = CARTESIAN_POINT ( 'NONE',  ( -2.140000000000000124, 4.250000000000000000, 0.000000000000000000 ) ) ;
#8160 = COLOUR_RGB ( '',1.000000000000000000, 0.8117647058823529438, 0.5019607843137254832 ) ;
#8161 =( LENGTH_UNIT ( ) NAMED_UNIT ( * ) SI_UNIT ( .MILLI., .METRE. ) );
#8162 = ORIENTED_EDGE ( 'NONE', *, *, #1217, .F. ) ;
#8163 = MECHANICAL_DESIGN_GEOMETRIC_PRESENTATION_REPRESENTATION (  '', ( #4997 ), #9581 ) ;
#8164 = COLOUR_RGB ( '',1.000000000000000000, 0.8117647058823529438, 0.5019607843137254832 ) ;
#8165 = CARTESIAN_POINT ( 'NONE',  ( 4.250000000000000000, -2.939999999999999947, -0.1000000000000000056 ) ) ;
#8166 = SURFACE_STYLE_FILL_AREA ( #4380 ) ;
#8167 = LINE ( 'NONE', #7251, #10601 ) ;
#8168 = CARTESIAN_POINT ( 'NONE',  ( 5.000000000000000000, -1.469999999999999973, -0.1000000000000000056 ) ) ;
#8169 = FILL_AREA_STYLE_COLOUR ( '', #12317 ) ;
#8170 = CARTESIAN_POINT ( 'NONE',  ( -3.750000000000000000, 3.250000000000000000, 2.510000000000000231 ) ) ;
#8171 = PRESENTATION_LAYER_ASSIGNMENT (  '', '', ( #4408 ) ) ;
#8172 = SURFACE_SIDE_STYLE ('',( #3444 ) ) ;
#8173 = PRESENTATION_LAYER_ASSIGNMENT (  '', '', ( #6605 ) ) ;
#8174 = EDGE_CURVE ( 'NONE', #10034, #1290, #5255, .T. ) ;
#8175 = ORIENTED_EDGE ( 'NONE', *, *, #3453, .T. ) ;
#8176 =( LENGTH_UNIT ( ) NAMED_UNIT ( * ) SI_UNIT ( .MILLI., .METRE. ) );
#8177 = VERTEX_POINT ( 'NONE', #9946 ) ;
#8178 = VERTEX_POINT ( 'NONE', #10695 ) ;
#8179 = ORIENTED_EDGE ( 'NONE', *, *, #12082, .T. ) ;
#8180 = FACE_OUTER_BOUND ( 'NONE', #12208, .T. ) ;
#8181 = PRESENTATION_LAYER_ASSIGNMENT (  '', '', ( #11023 ) ) ;
#8182 = SURFACE_STYLE_USAGE ( .BOTH. , #4397 ) ;
#8183 = PRESENTATION_STYLE_ASSIGNMENT (( #10900 ) ) ;
#8184 = AXIS2_PLACEMENT_3D ( 'NONE', #1883, #7652, #2078 ) ;
#8185 = CARTESIAN_POINT ( 'NONE',  ( 5.009999999999999787, -1.670000000000000151, -0.1000000000000000056 ) ) ;
#8186 = FACE_OUTER_BOUND ( 'NONE', #1914, .T. ) ;
#8187 = EDGE_CURVE ( 'NONE', #10834, #3633, #6013, .T. ) ;
#8188 = SURFACE_STYLE_FILL_AREA ( #4404 ) ;
#8189 = CARTESIAN_POINT ( 'NONE',  ( 1.669999999999954854, -4.250000000000000000, -0.1000000000000000056 ) ) ;
#8190 = AXIS2_PLACEMENT_3D ( 'NONE', #9253, #12203, #5626 ) ;
#8191 = FACE_OUTER_BOUND ( 'NONE', #8264, .T. ) ;
#8192 =( GEOMETRIC_REPRESENTATION_CONTEXT ( 3 ) GLOBAL_UNCERTAINTY_ASSIGNED_CONTEXT ( ( #11753 ) ) GLOBAL_UNIT_ASSIGNED_CONTEXT ( ( #8012, #5170, #6237 ) ) REPRESENTATION_CONTEXT ( 'NONE', 'WORKASPACE' ) );
#8193 = ORIENTED_EDGE ( 'NONE', *, *, #11886, .F. ) ;
#8194 = ORIENTED_EDGE ( 'NONE', *, *, #942, .F. ) ;
#8195 =( NAMED_UNIT ( * ) PLANE_ANGLE_UNIT ( ) SI_UNIT ( $, .RADIAN. ) );
#8196 = CARTESIAN_POINT ( 'NONE',  ( 1.469999999999948015, -5.009999999999999787, -0.1000000000000000056 ) ) ;
#8197 = SURFACE_STYLE_USAGE ( .BOTH. , #541 ) ;
#8198 = EDGE_CURVE ( 'NONE', #4587, #9716, #9817, .T. ) ;
#8199 = FILL_AREA_STYLE ('',( #10210 ) ) ;
#8200 = CARTESIAN_POINT ( 'NONE',  ( 4.250000000000000000, 0.4000000000000000222, -0.1000000000000000056 ) ) ;
#8201 = DIRECTION ( 'NONE',  ( 0.000000000000000000, 0.000000000000000000, -1.000000000000000000 ) ) ;
#8202 = VERTEX_POINT ( 'NONE', #383 ) ;
#8203 =( NAMED_UNIT ( * ) SI_UNIT ( $, .STERADIAN. ) SOLID_ANGLE_UNIT ( ) );
#8204 = DIRECTION ( 'NONE',  ( 1.030097166893172093E-14, 1.000000000000000000, 0.000000000000000000 ) ) ;
#8205 = EDGE_LOOP ( 'NONE', ( #5724, #5370, #11077, #4849 ) ) ;
#8206 = ORIENTED_EDGE ( 'NONE', *, *, #9504, .F. ) ;
#8208 = ORIENTED_EDGE ( 'NONE', *, *, #11581, .F. ) ;
#8207 = COLOUR_RGB ( '',1.000000000000000000, 0.8117647058823529438, 0.5019607843137254832 ) ;
#8209 = UNCERTAINTY_MEASURE_WITH_UNIT (LENGTH_MEASURE( 1.000000000000000082E-05 ), #8904, 'distance_accuracy_value', 'NONE');
#8210 = ORIENTED_EDGE ( 'NONE', *, *, #2327, .T. ) ;
#8211 = FILL_AREA_STYLE_COLOUR ( '', #6958 ) ;
#8212 = LINE ( 'NONE', #560, #6902 ) ;
#8213 =( NAMED_UNIT ( * ) PLANE_ANGLE_UNIT ( ) SI_UNIT ( $, .RADIAN. ) );
#8214 = CARTESIAN_POINT ( 'NONE',  ( 5.000000000000000000, -1.670000000000000151, 1.000000000000000000 ) ) ;
#8215 = EDGE_CURVE ( 'NONE', #4281, #6900, #2218, .T. ) ;
#8216 = DIRECTION ( 'NONE',  ( 1.000000000000000000, 0.000000000000000000, 0.000000000000000000 ) ) ;
#8217 = LINE ( 'NONE', #3482, #5296 ) ;
#8218 = VECTOR ( 'NONE', #6009, 1000.000000000000000 ) ;
#8219 = LINE ( 'NONE', #3483, #1490 ) ;
#8220 = CARTESIAN_POINT ( 'NONE',  ( -5.009999999999999787, 1.670000000000000151, -0.1000000000000000056 ) ) ;
#8221 = PRESENTATION_STYLE_ASSIGNMENT (( #10045 ) ) ;
#8222 =( NAMED_UNIT ( * ) PLANE_ANGLE_UNIT ( ) SI_UNIT ( $, .RADIAN. ) );
#8223 = ORIENTED_EDGE ( 'NONE', *, *, #8978, .T. ) ;
#8224 = VECTOR ( 'NONE', #9315, 1000.000000000000000 ) ;
#8225 = DIRECTION ( 'NONE',  ( -1.000000000000000000, 0.000000000000000000, 0.000000000000000000 ) ) ;
#8226 = CARTESIAN_POINT ( 'NONE',  ( 4.250000000000000000, 2.140000000000000124, -0.1000000000000000056 ) ) ;
#8227 = ORIENTED_EDGE ( 'NONE', *, *, #1703, .F. ) ;
#8228 = LINE ( 'NONE', #6182, #7857 ) ;
#8229 = PLANE ( 'NONE',  #3600 ) ;
#8230 = UNCERTAINTY_MEASURE_WITH_UNIT (LENGTH_MEASURE( 1.000000000000000082E-05 ), #8146, 'distance_accuracy_value', 'NONE');
#8231 =( NAMED_UNIT ( * ) PLANE_ANGLE_UNIT ( ) SI_UNIT ( $, .RADIAN. ) );
#8232 = EDGE_CURVE ( 'NONE', #6400, #4356, #5196, .T. ) ;
#8233 = ADVANCED_FACE ( 'NONE', ( #5022 ), #2271, .F. ) ;
#8234 = LINE ( 'NONE', #3496, #4928 ) ;
#8235 = DIRECTION ( 'NONE',  ( -1.000000000000000000, 1.030097166893172093E-14, 0.000000000000000000 ) ) ;
#8236 =( GEOMETRIC_REPRESENTATION_CONTEXT ( 3 ) GLOBAL_UNCERTAINTY_ASSIGNED_CONTEXT ( ( #12253 ) ) GLOBAL_UNIT_ASSIGNED_CONTEXT ( ( #2918, #2984, #4811 ) ) REPRESENTATION_CONTEXT ( 'NONE', 'WORKASPACE' ) );
#8237 = CARTESIAN_POINT ( 'NONE',  ( -0.4000000000000515366, -5.000000000000000000, 1.100000000000000089 ) ) ;
#8238 = LINE ( 'NONE', #12140, #7140 ) ;
#8239 = DIRECTION ( 'NONE',  ( 0.000000000000000000, 1.000000000000000000, 0.000000000000000000 ) ) ;
#8240 = CARTESIAN_POINT ( 'NONE',  ( -5.009999999999999787, -0.4000000000000000222, -0.1000000000000000056 ) ) ;
#8241 = EDGE_CURVE ( 'NONE', #5210, #2280, #10186, .T. ) ;
#8242 = ORIENTED_EDGE ( 'NONE', *, *, #7467, .T. ) ;
#8243 = ORIENTED_EDGE ( 'NONE', *, *, #1852, .T. ) ;
#8244 = ORIENTED_EDGE ( 'NONE', *, *, #6190, .T. ) ;
#8245 =( GEOMETRIC_REPRESENTATION_CONTEXT ( 3 ) GLOBAL_UNCERTAINTY_ASSIGNED_CONTEXT ( ( #418 ) ) GLOBAL_UNIT_ASSIGNED_CONTEXT ( ( #407, #7159, #8131 ) ) REPRESENTATION_CONTEXT ( 'NONE', 'WORKASPACE' ) );
#8246 = SURFACE_SIDE_STYLE ('',( #6202 ) ) ;
#8247 = CARTESIAN_POINT ( 'NONE',  ( -5.000000000000000000, 5.000000000000000000, 1.000000000000000000 ) ) ;
#8248 = ADVANCED_FACE ( 'NONE', ( #2406 ), #10060, .F. ) ;
#8249 = SURFACE_STYLE_FILL_AREA ( #9268 ) ;
#8250 = SURFACE_STYLE_FILL_AREA ( #597 ) ;
#8251 = CARTESIAN_POINT ( 'NONE',  ( 5.000000000000000000, 0.4000000000000000222, 0.000000000000000000 ) ) ;
#8252 = DIRECTION ( 'NONE',  ( -1.000000000000000000, 0.000000000000000000, 0.000000000000000000 ) ) ;
#8253 = ADVANCED_FACE ( 'NONE', ( #9798 ), #5003, .F. ) ;
#8254 = ORIENTED_EDGE ( 'NONE', *, *, #3232, .F. ) ;
#8255 = DIRECTION ( 'NONE',  ( 0.000000000000000000, 0.000000000000000000, 1.000000000000000000 ) ) ;
#8256 = VERTEX_POINT ( 'NONE', #3930 ) ;
#8257 = ORIENTED_EDGE ( 'NONE', *, *, #901, .F. ) ;
#8258 = CARTESIAN_POINT ( 'NONE',  ( -4.250000000000000000, -0.8699999999999999956, 0.000000000000000000 ) ) ;
#8259 = SURFACE_STYLE_FILL_AREA ( #4463 ) ;
#8260 = CARTESIAN_POINT ( 'NONE',  ( 2.140000000000000124, 4.750000000000000000, 1.100000000000000089 ) ) ;
#8261 = LINE ( 'NONE', #7220, #11577 ) ;
#8262 = LINE ( 'NONE', #4529, #7639 ) ;
#8263 = LINE ( 'NONE', #10344, #11100 ) ;
#8264 = EDGE_LOOP ( 'NONE', ( #3011, #4978, #4617, #5457 ) ) ;
#8265 = CARTESIAN_POINT ( 'NONE',  ( 1.069999999999949880, -5.009999999999999787, -0.1000000000000000056 ) ) ;
#8266 = ORIENTED_EDGE ( 'NONE', *, *, #1249, .F. ) ;
#8267 = SURFACE_SIDE_STYLE ('',( #617 ) ) ;
#8268 = ORIENTED_EDGE ( 'NONE', *, *, #20, .T. ) ;
#8269 = ORIENTED_EDGE ( 'NONE', *, *, #7271, .T. ) ;
#8270 = EDGE_CURVE ( 'NONE', #1, #8944, #6817, .T. ) ;
#8271 = PLANE ( 'NONE',  #4702 ) ;
#8272 = FILL_AREA_STYLE_COLOUR ( '', #3774 ) ;
#8273 =( NAMED_UNIT ( * ) SI_UNIT ( $, .STERADIAN. ) SOLID_ANGLE_UNIT ( ) );
#8274 = DIRECTION ( 'NONE',  ( -1.000000000000000000, 1.030097166893172093E-14, 0.000000000000000000 ) ) ;
#8275 = CARTESIAN_POINT ( 'NONE',  ( -5.000000000000000000, 5.000000000000000000, 1.000000000000000000 ) ) ;
#8276 = STYLED_ITEM ( 'NONE', ( #4502 ), #2949 ) ;
#8277 = FILL_AREA_STYLE ('',( #11930 ) ) ;
#8278 = CARTESIAN_POINT ( 'NONE',  ( -4.250000000000000000, -2.140000000000000124, -0.1000000000000000056 ) ) ;
#8279 = FILL_AREA_STYLE_COLOUR ( '', #9112 ) ;
#8280 = DIRECTION ( 'NONE',  ( -1.047444401652940164E-14, -1.000000000000000000, 0.000000000000000000 ) ) ;
#8281 = SURFACE_SIDE_STYLE ('',( #5436 ) ) ;
#8282 = ORIENTED_EDGE ( 'NONE', *, *, #7544, .F. ) ;
#8283 = LINE ( 'NONE', #10542, #7132 ) ;
#8284 =( NAMED_UNIT ( * ) SI_UNIT ( $, .STERADIAN. ) SOLID_ANGLE_UNIT ( ) );
#8285 = EDGE_CURVE ( 'NONE', #4358, #985, #51, .T. ) ;
#8286 = FACE_OUTER_BOUND ( 'NONE', #7043, .T. ) ;
#8287 = ORIENTED_EDGE ( 'NONE', *, *, #3114, .T. ) ;
#8288 = DIRECTION ( 'NONE',  ( 1.000000000000000000, 0.000000000000000000, 0.000000000000000000 ) ) ;
#8289 = COLOUR_RGB ( '',1.000000000000000000, 0.8117647058823529438, 0.5019607843137254832 ) ;
#8290 = DIRECTION ( 'NONE',  ( 0.000000000000000000, 0.000000000000000000, -1.000000000000000000 ) ) ;
#8291 = CARTESIAN_POINT ( 'NONE',  ( 2.939999999999999947, 5.000000000000000000, -0.1000000000000000056 ) ) ;
#8292 = LINE ( 'NONE', #635, #11595 ) ;
#8293 =( NAMED_UNIT ( * ) SI_UNIT ( $, .STERADIAN. ) SOLID_ANGLE_UNIT ( ) );
#8294 = CARTESIAN_POINT ( 'NONE',  ( -5.000000000000000000, 1.670000000000000151, -0.1000000000000000056 ) ) ;
#8295 = DIRECTION ( 'NONE',  ( 1.047444401652940164E-14, 1.000000000000000000, 0.000000000000000000 ) ) ;
#8296 = PRESENTATION_STYLE_ASSIGNMENT (( #3744 ) ) ;
#8297 = PRESENTATION_STYLE_ASSIGNMENT (( #2268 ) ) ;
#8298 = DIRECTION ( 'NONE',  ( 0.000000000000000000, 0.000000000000000000, 1.000000000000000000 ) ) ;
#8299 = CARTESIAN_POINT ( 'NONE',  ( -5.009999999999999787, -2.339999999999999858, 1.100000000000000089 ) ) ;
#8300 = VECTOR ( 'NONE', #7813, 1000.000000000000000 ) ;
#8301 = VECTOR ( 'NONE', #7873, 1000.000000000000000 ) ;
#8302 = ORIENTED_EDGE ( 'NONE', *, *, #12238, .F. ) ;
#8303 = COLOUR_RGB ( '',1.000000000000000000, 0.8117647058823529438, 0.5019607843137254832 ) ;
#8304 = PRESENTATION_LAYER_ASSIGNMENT (  '', '', ( #1877 ) ) ;
#8305 = ORIENTED_EDGE ( 'NONE', *, *, #2664, .T. ) ;
#8306 = VERTEX_POINT ( 'NONE', #1129 ) ;
#8307 = ADVANCED_FACE ( 'NONE', ( #2029, #11746 ), #8734, .T. ) ;
#8308 = ORIENTED_EDGE ( 'NONE', *, *, #2073, .T. ) ;
#8309 = LINE ( 'NONE', #12028, #6307 ) ;
#8310 = COLOUR_RGB ( '',1.000000000000000000, 0.8117647058823529438, 0.5019607843137254832 ) ;
#8311 = UNCERTAINTY_MEASURE_WITH_UNIT (LENGTH_MEASURE( 1.000000000000000082E-05 ), #3815, 'distance_accuracy_value', 'NONE');
#8312 = CARTESIAN_POINT ( 'NONE',  ( 2.540000000000000036, 5.000000000000000000, -0.1000000000000000056 ) ) ;
#8313 = VECTOR ( 'NONE', #11576, 1000.000000000000000 ) ;
#8314 = DIRECTION ( 'NONE',  ( -1.000000000000000000, 3.318008991245455407E-15, 0.000000000000000000 ) ) ;
#8315 =( NAMED_UNIT ( * ) SI_UNIT ( $, .STERADIAN. ) SOLID_ANGLE_UNIT ( ) );
#8316 = MECHANICAL_DESIGN_GEOMETRIC_PRESENTATION_REPRESENTATION (  '', ( #11717 ), #6920 ) ;
#8317 = FILL_AREA_STYLE ('',( #9332 ) ) ;
#8318 = DIRECTION ( 'NONE',  ( 1.000000000000000000, 0.000000000000000000, 0.000000000000000000 ) ) ;
#8319 = DIRECTION ( 'NONE',  ( 0.000000000000000000, 0.000000000000000000, -1.000000000000000000 ) ) ;
#8320 = CARTESIAN_POINT ( 'NONE',  ( 2.339999999999999858, 5.009999999999999787, -0.1000000000000000056 ) ) ;
#8321 = AXIS2_PLACEMENT_3D ( 'NONE', #8853, #2025, #5872 ) ;
#8322 = ORIENTED_EDGE ( 'NONE', *, *, #9441, .T. ) ;
#8323 = ADVANCED_FACE ( 'NONE', ( #4183 ), #4113, .F. ) ;
#8324 = STYLED_ITEM ( 'NONE', ( #1842 ), #11045 ) ;
#8325 = VECTOR ( 'NONE', #7970, 1000.000000000000000 ) ;
#8326 = ORIENTED_EDGE ( 'NONE', *, *, #8471, .T. ) ;
#8327 = ADVANCED_FACE ( 'NONE', ( #5820 ), #10939, .F. ) ;
#8328 = ORIENTED_EDGE ( 'NONE', *, *, #9196, .F. ) ;
#8329 = CARTESIAN_POINT ( 'NONE',  ( -5.000000000000000000, 0.8699999999999999956, -0.1000000000000000056 ) ) ;
#8330 = SURFACE_STYLE_FILL_AREA ( #11368 ) ;
#8331 = DIRECTION ( 'NONE',  ( 1.076356459585886213E-14, 1.000000000000000000, 0.000000000000000000 ) ) ;
#8332 = COLOUR_RGB ( '',1.000000000000000000, 0.8117647058823529438, 0.5019607843137254832 ) ;
#8333 = FILL_AREA_STYLE ('',( #665 ) ) ;
#8334 = LINE ( 'NONE', #9347, #10963 ) ;
#8335 = CARTESIAN_POINT ( 'NONE',  ( -5.009999999999999787, -2.140000000000000124, 1.100000000000000089 ) ) ;
#8336 = ORIENTED_EDGE ( 'NONE', *, *, #2809, .F. ) ;
#8337 = AXIS2_PLACEMENT_3D ( 'NONE', #9568, #3521, #5409 ) ;
#8338 = SURFACE_STYLE_USAGE ( .BOTH. , #10216 ) ;
#8339 = ORIENTED_EDGE ( 'NONE', *, *, #11091, .T. ) ;
#8340 = UNCERTAINTY_MEASURE_WITH_UNIT (LENGTH_MEASURE( 1.000000000000000082E-05 ), #11221, 'distance_accuracy_value', 'NONE');
#8341 = ORIENTED_EDGE ( 'NONE', *, *, #4969, .T. ) ;
#8342 = COLOUR_RGB ( '',1.000000000000000000, 0.8117647058823529438, 0.5019607843137254832 ) ;
#8343 = PRESENTATION_LAYER_ASSIGNMENT (  '', '', ( #2954 ) ) ;
#8344 = CARTESIAN_POINT ( 'NONE',  ( -5.000000000000000000, 0.4000000000000000222, 1.100000000000000089 ) ) ;
#8345 = CARTESIAN_POINT ( 'NONE',  ( -5.009999999999999787, 2.140000000000000124, 1.100000000000000089 ) ) ;
#8346 = LINE ( 'NONE', #12058, #10164 ) ;
#8347 = LINE ( 'NONE', #2588, #1593 ) ;
#8348 = DIRECTION ( 'NONE',  ( 1.030097166893172093E-14, 1.000000000000000000, 0.000000000000000000 ) ) ;
#8349 = SURFACE_STYLE_USAGE ( .BOTH. , #2845 ) ;
#8350 = ADVANCED_FACE ( 'NONE', ( #1374 ), #4485, .T. ) ;
#8351 = DIRECTION ( 'NONE',  ( -1.000000000000000000, 0.000000000000000000, 0.000000000000000000 ) ) ;
#8352 = AXIS2_PLACEMENT_3D ( 'NONE', #8092, #11020, #9866 ) ;
#8353 = LINE ( 'NONE', #1693, #11427 ) ;
#8354 = SURFACE_STYLE_FILL_AREA ( #7365 ) ;
#8355 = VERTEX_POINT ( 'NONE', #12119 ) ;
#8356 = PRESENTATION_LAYER_ASSIGNMENT (  '', '', ( #1535 ) ) ;
#8357 =( GEOMETRIC_REPRESENTATION_CONTEXT ( 3 ) GLOBAL_UNCERTAINTY_ASSIGNED_CONTEXT ( ( #2178 ) ) GLOBAL_UNIT_ASSIGNED_CONTEXT ( ( #12229, #8460, #6653 ) ) REPRESENTATION_CONTEXT ( 'NONE', 'WORKASPACE' ) );
#8358 = LINE ( 'NONE', #3801, #3968 ) ;
#8359 = AXIS2_PLACEMENT_3D ( 'NONE', #3507, #10329, #3688 ) ;
#8360 = LINE ( 'NONE', #12197, #2702 ) ;
#8361 = ORIENTED_EDGE ( 'NONE', *, *, #8285, .F. ) ;
#8362 = STYLED_ITEM ( 'NONE', ( #10868 ), #7670 ) ;
#8363 =( LENGTH_UNIT ( ) NAMED_UNIT ( * ) SI_UNIT ( .MILLI., .METRE. ) );
#8364 = MECHANICAL_DESIGN_GEOMETRIC_PRESENTATION_REPRESENTATION (  '', ( #134 ), #9378 ) ;
#8365 = AXIS2_PLACEMENT_3D ( 'NONE', #4264, #260, #6955 ) ;
#8366 = DIRECTION ( 'NONE',  ( 1.000000000000000000, 0.000000000000000000, 0.000000000000000000 ) ) ;
#8367 = MECHANICAL_DESIGN_GEOMETRIC_PRESENTATION_REPRESENTATION (  '', ( #5176 ), #3184 ) ;
#8368 = CARTESIAN_POINT ( 'NONE',  ( -5.000000000000000000, 1.270000000000000018, -0.1000000000000000056 ) ) ;
#8369 =( NAMED_UNIT ( * ) SI_UNIT ( $, .STERADIAN. ) SOLID_ANGLE_UNIT ( ) );
#8370 = EDGE_CURVE ( 'NONE', #6043, #11183, #2328, .T. ) ;
#8371 = CARTESIAN_POINT ( 'NONE',  ( 0.8699999999999569189, -4.250000000000000000, -0.1000000000000000056 ) ) ;
#8372 = ORIENTED_EDGE ( 'NONE', *, *, #11585, .F. ) ;
#8373 = VERTEX_POINT ( 'NONE', #4301 ) ;
#8374 = VECTOR ( 'NONE', #2666, 1000.000000000000000 ) ;
#8375 = VECTOR ( 'NONE', #6324, 1000.000000000000000 ) ;
#8376 = ORIENTED_EDGE ( 'NONE', *, *, #1722, .T. ) ;
#8377 = SURFACE_SIDE_STYLE ('',( #4575 ) ) ;
#8378 = DIRECTION ( 'NONE',  ( 0.000000000000000000, 0.000000000000000000, -1.000000000000000000 ) ) ;
#8379 = LINE ( 'NONE', #12326, #3314 ) ;
#8380 = DIRECTION ( 'NONE',  ( 1.000000000000000000, 0.000000000000000000, 0.000000000000000000 ) ) ;
#8381 = FACE_OUTER_BOUND ( 'NONE', #8502, .T. ) ;
#8382 = ADVANCED_FACE ( 'NONE', ( #11932 ), #3358, .F. ) ;
#8383 = STYLED_ITEM ( 'NONE', ( #3863 ), #5358 ) ;
#8384 = CARTESIAN_POINT ( 'NONE',  ( -4.250000000000000000, -4.250000000000000000, 2.500000000000000000 ) ) ;
#8385 = DIRECTION ( 'NONE',  ( -1.000000000000000000, 0.000000000000000000, 0.000000000000000000 ) ) ;
#8386 = ORIENTED_EDGE ( 'NONE', *, *, #7445, .T. ) ;
#8387 = VERTEX_POINT ( 'NONE', #10231 ) ;
#8388 = ORIENTED_EDGE ( 'NONE', *, *, #10633, .T. ) ;
#8389 = DIRECTION ( 'NONE',  ( 0.000000000000000000, 0.000000000000000000, -1.000000000000000000 ) ) ;
#8390 = VECTOR ( 'NONE', #7339, 1000.000000000000000 ) ;
#8391 =( GEOMETRIC_REPRESENTATION_CONTEXT ( 3 ) GLOBAL_UNCERTAINTY_ASSIGNED_CONTEXT ( ( #6003 ) ) GLOBAL_UNIT_ASSIGNED_CONTEXT ( ( #9812, #4831, #6832 ) ) REPRESENTATION_CONTEXT ( 'NONE', 'WORKASPACE' ) );
#8392 = PLANE ( 'NONE',  #5973 ) ;
#8393 = LINE ( 'NONE', #11298, #9403 ) ;
#8394 = EDGE_CURVE ( 'NONE', #9819, #10281, #8353, .T. ) ;
#8396 = EDGE_CURVE ( 'NONE', #9862, #7334, #6557, .T. ) ;
#8395 = MECHANICAL_DESIGN_GEOMETRIC_PRESENTATION_REPRESENTATION (  '', ( #4414 ), #2381 ) ;
#8397 = PRESENTATION_STYLE_ASSIGNMENT (( #3595 ) ) ;
#8398 = PRESENTATION_STYLE_ASSIGNMENT (( #6410 ) ) ;
#8399 = EDGE_LOOP ( 'NONE', ( #2440, #5023, #8424, #4767, #4846, #9569, #7484, #10520 ) ) ;
#8400 =( GEOMETRIC_REPRESENTATION_CONTEXT ( 3 ) GLOBAL_UNCERTAINTY_ASSIGNED_CONTEXT ( ( #6877 ) ) GLOBAL_UNIT_ASSIGNED_CONTEXT ( ( #11510, #10552, #2023 ) ) REPRESENTATION_CONTEXT ( 'NONE', 'WORKASPACE' ) );
#8401 = VERTEX_POINT ( 'NONE', #5674 ) ;
#8402 = ORIENTED_EDGE ( 'NONE', *, *, #1993, .F. ) ;
#8403 = DIRECTION ( 'NONE',  ( -1.000000000000000000, -1.734723475976804876E-16, 0.000000000000000000 ) ) ;
#8404 = MECHANICAL_DESIGN_GEOMETRIC_PRESENTATION_REPRESENTATION (  '', ( #11809 ), #1994 ) ;
#8405 = MECHANICAL_DESIGN_GEOMETRIC_PRESENTATION_REPRESENTATION (  '', ( #7015 ), #9219 ) ;
#8406 = SURFACE_STYLE_FILL_AREA ( #745 ) ;
#8407 =( LENGTH_UNIT ( ) NAMED_UNIT ( * ) SI_UNIT ( .MILLI., .METRE. ) );
#8408 = SURFACE_STYLE_FILL_AREA ( #12113 ) ;
#8409 = FILL_AREA_STYLE_COLOUR ( '', #10564 ) ;
#8410 =( LENGTH_UNIT ( ) NAMED_UNIT ( * ) SI_UNIT ( .MILLI., .METRE. ) );
#8411 =( NAMED_UNIT ( * ) SI_UNIT ( $, .STERADIAN. ) SOLID_ANGLE_UNIT ( ) );
#8412 = EDGE_CURVE ( 'NONE', #8456, #6043, #6675, .T. ) ;
#8413 = DIRECTION ( 'NONE',  ( 0.000000000000000000, 0.000000000000000000, -1.000000000000000000 ) ) ;
#8414 = CARTESIAN_POINT ( 'NONE',  ( -2.739999999999999769, 5.009999999999999787, -0.1000000000000000056 ) ) ;
#8415 = CARTESIAN_POINT ( 'NONE',  ( 5.000000000000000000, -2.739999999999999769, -0.1000000000000000056 ) ) ;
#8416 = MECHANICAL_DESIGN_GEOMETRIC_PRESENTATION_REPRESENTATION (  '', ( #9623 ), #6641 ) ;
#8417 = CARTESIAN_POINT ( 'NONE',  ( -1.670000000000050111, -4.750000000000000000, 1.100000000000000089 ) ) ;
#8418 = SURFACE_STYLE_USAGE ( .BOTH. , #869 ) ;
#8419 = ORIENTED_EDGE ( 'NONE', *, *, #12002, .T. ) ;
#8420 = AXIS2_PLACEMENT_3D ( 'NONE', #6430, #9185, #12064 ) ;
#8421 = DIRECTION ( 'NONE',  ( 1.000000000000000000, 1.734723475976804876E-16, 0.000000000000000000 ) ) ;
#8422 = UNCERTAINTY_MEASURE_WITH_UNIT (LENGTH_MEASURE( 1.000000000000000082E-05 ), #444, 'distance_accuracy_value', 'NONE');
#8423 =( NAMED_UNIT ( * ) SI_UNIT ( $, .STERADIAN. ) SOLID_ANGLE_UNIT ( ) );
#8424 = ORIENTED_EDGE ( 'NONE', *, *, #9925, .T. ) ;
#8425 = FACE_OUTER_BOUND ( 'NONE', #5455, .T. ) ;
#8426 = EDGE_CURVE ( 'NONE', #8579, #4289, #4618, .T. ) ;
#8427 = PRESENTATION_LAYER_ASSIGNMENT (  '', '', ( #7238 ) ) ;
#8428 = DIRECTION ( 'NONE',  ( 0.000000000000000000, -1.000000000000000000, 0.000000000000000000 ) ) ;
#8429 = DIRECTION ( 'NONE',  ( 0.000000000000000000, 0.000000000000000000, 1.000000000000000000 ) ) ;
#8430 =( NAMED_UNIT ( * ) PLANE_ANGLE_UNIT ( ) SI_UNIT ( $, .RADIAN. ) );
#8431 = DIRECTION ( 'NONE',  ( 1.734723475976804876E-16, -1.000000000000000000, 0.000000000000000000 ) ) ;
#8432 = LINE ( 'NONE', #6745, #8916 ) ;
#8433 = CARTESIAN_POINT ( 'NONE',  ( 2.939999999999954650, -4.250000000000000000, -0.1000000000000000056 ) ) ;
#8434 = SURFACE_STYLE_FILL_AREA ( #1648 ) ;
#8435 = LINE ( 'NONE', #2732, #4514 ) ;
#8436 = DIRECTION ( 'NONE',  ( 1.000000000000000000, 0.000000000000000000, 0.000000000000000000 ) ) ;
#8437 = ORIENTED_EDGE ( 'NONE', *, *, #2479, .F. ) ;
#8438 = MECHANICAL_DESIGN_GEOMETRIC_PRESENTATION_REPRESENTATION (  '', ( #4452 ), #1811 ) ;
#8439 = ORIENTED_EDGE ( 'NONE', *, *, #5085, .T. ) ;
#8440 = CARTESIAN_POINT ( 'NONE',  ( 1.269999999999950058, -5.000000000000000000, -0.2999999999999999889 ) ) ;
#8441 = VERTEX_POINT ( 'NONE', #1758 ) ;
#8442 = ORIENTED_EDGE ( 'NONE', *, *, #10825, .F. ) ;
#8443 = FILL_AREA_STYLE_COLOUR ( '', #1339 ) ;
#8444 = EDGE_CURVE ( 'NONE', #840, #9420, #9295, .T. ) ;
#8445 =( NAMED_UNIT ( * ) PLANE_ANGLE_UNIT ( ) SI_UNIT ( $, .RADIAN. ) );
#8446 = UNCERTAINTY_MEASURE_WITH_UNIT (LENGTH_MEASURE( 1.000000000000000082E-05 ), #11088, 'distance_accuracy_value', 'NONE');
#8447 = SURFACE_STYLE_USAGE ( .BOTH. , #3580 ) ;
#8448 = VECTOR ( 'NONE', #2285, 1000.000000000000000 ) ;
#8449 = FILL_AREA_STYLE ('',( #12328 ) ) ;
#8450 = SURFACE_STYLE_FILL_AREA ( #8317 ) ;
#8451 = PLANE ( 'NONE',  #8626 ) ;
#8452 = SURFACE_STYLE_USAGE ( .BOTH. , #783 ) ;
#8453 = DIRECTION ( 'NONE',  ( 0.000000000000000000, 0.000000000000000000, 1.000000000000000000 ) ) ;
#8454 = LINE ( 'NONE', #7565, #3736 ) ;
#8455 = COLOUR_RGB ( '',1.000000000000000000, 0.8117647058823529438, 0.5019607843137254832 ) ;
#8456 = VERTEX_POINT ( 'NONE', #4670 ) ;
#8457 = VERTEX_POINT ( 'NONE', #8417 ) ;
#8458 = ORIENTED_EDGE ( 'NONE', *, *, #2859, .T. ) ;
#8459 = EDGE_CURVE ( 'NONE', #9613, #11270, #11390, .T. ) ;
#8460 =( NAMED_UNIT ( * ) PLANE_ANGLE_UNIT ( ) SI_UNIT ( $, .RADIAN. ) );
#8461 = DIRECTION ( 'NONE',  ( 1.000000000000000000, -1.047444401652940164E-14, 0.000000000000000000 ) ) ;
#8462 =( LENGTH_UNIT ( ) NAMED_UNIT ( * ) SI_UNIT ( .MILLI., .METRE. ) );
#8463 = CARTESIAN_POINT ( 'NONE',  ( -2.939999999999999947, 4.250000000000000000, 0.000000000000000000 ) ) ;
#8464 = DIRECTION ( 'NONE',  ( 0.000000000000000000, 0.000000000000000000, 1.000000000000000000 ) ) ;
#8465 = LINE ( 'NONE', #5415, #3687 ) ;
#8466 = ORIENTED_EDGE ( 'NONE', *, *, #6662, .T. ) ;
#8467 =( NAMED_UNIT ( * ) SI_UNIT ( $, .STERADIAN. ) SOLID_ANGLE_UNIT ( ) );
#8468 = VERTEX_POINT ( 'NONE', #4550 ) ;
#8469 = ORIENTED_EDGE ( 'NONE', *, *, #10849, .T. ) ;
#8470 = FACE_OUTER_BOUND ( 'NONE', #6091, .T. ) ;
#8471 = EDGE_CURVE ( 'NONE', #7294, #3697, #5549, .T. ) ;
#8472 = EDGE_CURVE ( 'NONE', #600, #1329, #8479, .T. ) ;
#8473 = LINE ( 'NONE', #2895, #10303 ) ;
#8474 = SURFACE_STYLE_USAGE ( .BOTH. , #7524 ) ;
#8475 = CARTESIAN_POINT ( 'NONE',  ( -2.140000000000044977, -4.250000000000000000, 0.000000000000000000 ) ) ;
#8476 = CARTESIAN_POINT ( 'NONE',  ( 4.750000000000000000, -1.670000000000000151, 1.000000000000000000 ) ) ;
#8477 = CARTESIAN_POINT ( 'NONE',  ( -5.000000000000000000, 0.2000000000000000111, 1.100000000000000089 ) ) ;
#8478 = FILL_AREA_STYLE_COLOUR ( '', #9712 ) ;
#8479 = LINE ( 'NONE', #2786, #12392 ) ;
#8480 = FACE_OUTER_BOUND ( 'NONE', #2255, .T. ) ;
#8481 = VERTEX_POINT ( 'NONE', #1870 ) ;
#8482 = DIRECTION ( 'NONE',  ( 0.000000000000000000, 0.000000000000000000, 1.000000000000000000 ) ) ;
#8483 = EDGE_CURVE ( 'NONE', #2506, #1611, #7425, .T. ) ;
#8484 = EDGE_CURVE ( 'NONE', #9632, #2807, #2847, .T. ) ;
#8485 = CARTESIAN_POINT ( 'NONE',  ( 0.8700000000000160938, 4.750000000000000000, 1.000000000000000000 ) ) ;
#8486 = AXIS2_PLACEMENT_3D ( 'NONE', #6471, #10271, #6408 ) ;
#8487 = SURFACE_SIDE_STYLE ('',( #816 ) ) ;
#8488 = CARTESIAN_POINT ( 'NONE',  ( -2.939999999999999947, 4.250000000000000000, -0.1000000000000000056 ) ) ;
#8489 = LINE ( 'NONE', #12308, #1489 ) ;
#8490 = DIRECTION ( 'NONE',  ( 3.491481338843135327E-15, 1.000000000000000000, 0.000000000000000000 ) ) ;
#8491 = CARTESIAN_POINT ( 'NONE',  ( 5.009999999999999787, 0.4000000000000000222, -0.1000000000000000056 ) ) ;
#8492 = FILL_AREA_STYLE_COLOUR ( '', #8160 ) ;
#8493 = SURFACE_STYLE_FILL_AREA ( #6748 ) ;
#8494 = CARTESIAN_POINT ( 'NONE',  ( -2.140000000000000124, 5.009999999999999787, -0.1000000000000000056 ) ) ;
#8495 = CARTESIAN_POINT ( 'NONE',  ( 5.000000000000000000, -1.270000000000000018, 1.100000000000000089 ) ) ;
#8496 =( LENGTH_UNIT ( ) NAMED_UNIT ( * ) SI_UNIT ( .MILLI., .METRE. ) );
#8497 = LINE ( 'NONE', #12316, #2530 ) ;
#8498 = VERTEX_POINT ( 'NONE', #5735 ) ;
#8499 = MECHANICAL_DESIGN_GEOMETRIC_PRESENTATION_REPRESENTATION (  '', ( #10705 ), #2086 ) ;
#8500 = ORIENTED_EDGE ( 'NONE', *, *, #8884, .T. ) ;
#8501 = MECHANICAL_DESIGN_GEOMETRIC_PRESENTATION_REPRESENTATION (  '', ( #11894 ), #2475 ) ;
#8502 = EDGE_LOOP ( 'NONE', ( #2354, #1393, #11153, #213 ) ) ;
#8503 = FACE_OUTER_BOUND ( 'NONE', #1834, .T. ) ;
#8504 = CYLINDRICAL_SURFACE ( 'NONE', #7874, 0.2000000000000000944 ) ;
#8505 = CARTESIAN_POINT ( 'NONE',  ( 4.250000000000000000, 4.250000000000000000, 1.000000000000000000 ) ) ;
#8506 = STYLED_ITEM ( 'NONE', ( #11114 ), #3761 ) ;
#8507 = DIRECTION ( 'NONE',  ( -1.047444401652940164E-14, -1.000000000000000000, 0.000000000000000000 ) ) ;
#8508 =( NAMED_UNIT ( * ) PLANE_ANGLE_UNIT ( ) SI_UNIT ( $, .RADIAN. ) );
#8509 = EDGE_CURVE ( 'NONE', #11825, #4750, #12246, .T. ) ;
#8510 = ORIENTED_EDGE ( 'NONE', *, *, #8370, .F. ) ;
#8511 = ORIENTED_EDGE ( 'NONE', *, *, #5554, .T. ) ;
#8512 = VECTOR ( 'NONE', #6340, 1000.000000000000000 ) ;
#8513 = ORIENTED_EDGE ( 'NONE', *, *, #9487, .T. ) ;
#8514 = CARTESIAN_POINT ( 'NONE',  ( -2.340000000000050040, -5.009999999999999787, 1.100000000000000089 ) ) ;
#8515 = PRESENTATION_LAYER_ASSIGNMENT (  '', '', ( #9913 ) ) ;
#8516 = STYLED_ITEM ( 'NONE', ( #5570 ), #10838 ) ;
#8517 = SURFACE_STYLE_USAGE ( .BOTH. , #12130 ) ;
#8518 = PLANE ( 'NONE',  #3712 ) ;
#8519 = FILL_AREA_STYLE ('',( #9238 ) ) ;
#8520 = SURFACE_STYLE_USAGE ( .BOTH. , #1801 ) ;
#8521 = SURFACE_SIDE_STYLE ('',( #6600 ) ) ;
#8522 = VECTOR ( 'NONE', #11217, 1000.000000000000000 ) ;
#8523 = FILL_AREA_STYLE_COLOUR ( '', #2542 ) ;
#8524 = CARTESIAN_POINT ( 'NONE',  ( -2.140000000000049862, -4.750000000000000000, 1.100000000000000089 ) ) ;
#8525 = AXIS2_PLACEMENT_3D ( 'NONE', #6460, #4765, #1662 ) ;
#8526 = ORIENTED_EDGE ( 'NONE', *, *, #5197, .T. ) ;
#8527 = EDGE_CURVE ( 'NONE', #4156, #77, #8605, .T. ) ;
#8528 =( GEOMETRIC_REPRESENTATION_CONTEXT ( 3 ) GLOBAL_UNCERTAINTY_ASSIGNED_CONTEXT ( ( #8422 ) ) GLOBAL_UNIT_ASSIGNED_CONTEXT ( ( #444, #6127, #5076 ) ) REPRESENTATION_CONTEXT ( 'NONE', 'WORKASPACE' ) );
#8529 = COLOUR_RGB ( '',1.000000000000000000, 0.8117647058823529438, 0.5019607843137254832 ) ;
#8530 = CARTESIAN_POINT ( 'NONE',  ( 5.000000000000000000, -2.939999999999999947, 0.000000000000000000 ) ) ;
#8531 = ORIENTED_EDGE ( 'NONE', *, *, #11721, .T. ) ;
#8532 = EDGE_CURVE ( 'NONE', #577, #7319, #2594, .T. ) ;
#8533 = VERTEX_POINT ( 'NONE', #11618 ) ;
#8534 = LINE ( 'NONE', #743, #1128 ) ;
#8535 = VECTOR ( 'NONE', #2985, 1000.000000000000000 ) ;
#8536 = LINE ( 'NONE', #4912, #10494 ) ;
#8537 = DIRECTION ( 'NONE',  ( 1.000000000000000000, -1.047444401652940164E-14, 0.000000000000000000 ) ) ;
#8538 = UNCERTAINTY_MEASURE_WITH_UNIT (LENGTH_MEASURE( 1.000000000000000082E-05 ), #11867, 'distance_accuracy_value', 'NONE');
#8539 = PLANE ( 'NONE',  #11944 ) ;
#8540 = PLANE ( 'NONE',  #1964 ) ;
#8541 = EDGE_CURVE ( 'NONE', #8001, #9091, #7823, .T. ) ;
#8542 = DIRECTION ( 'NONE',  ( 0.000000000000000000, 0.000000000000000000, 1.000000000000000000 ) ) ;
#8543 = DIRECTION ( 'NONE',  ( 3.491481338843135327E-15, 1.000000000000000000, 0.000000000000000000 ) ) ;
#8544 = ORIENTED_EDGE ( 'NONE', *, *, #4096, .T. ) ;
#8545 = COLOUR_RGB ( '',1.000000000000000000, 0.8117647058823529438, 0.5019607843137254832 ) ;
#8546 = UNCERTAINTY_MEASURE_WITH_UNIT (LENGTH_MEASURE( 1.000000000000000082E-05 ), #7153, 'distance_accuracy_value', 'NONE');
#8547 = STYLED_ITEM ( 'NONE', ( #5242 ), #857 ) ;
#8548 = PRESENTATION_STYLE_ASSIGNMENT (( #4737 ) ) ;
#8549 = LINE ( 'NONE', #10548, #7322 ) ;
#8550 =( GEOMETRIC_REPRESENTATION_CONTEXT ( 3 ) GLOBAL_UNCERTAINTY_ASSIGNED_CONTEXT ( ( #10655 ) ) GLOBAL_UNIT_ASSIGNED_CONTEXT ( ( #7347, #5601, #12348 ) ) REPRESENTATION_CONTEXT ( 'NONE', 'WORKASPACE' ) );
#8551 = LINE ( 'NONE', #2853, #6184 ) ;
#8552 = VECTOR ( 'NONE', #3651, 1000.000000000000000 ) ;
#8553 = CARTESIAN_POINT ( 'NONE',  ( -4.799999999999999822, -1.270000000000000018, -0.2999999999999999889 ) ) ;
#8554 = DIRECTION ( 'NONE',  ( 1.000000000000000000, 0.000000000000000000, 0.000000000000000000 ) ) ;
#8555 = SURFACE_SIDE_STYLE ('',( #10613 ) ) ;
#8556 = LINE ( 'NONE', #9626, #8535 ) ;
#8557 = EDGE_CURVE ( 'NONE', #11309, #4152, #107, .T. ) ;
#8558 = CARTESIAN_POINT ( 'NONE',  ( -5.150485834465859678E-14, -5.000000000000000000, 1.100000000000000089 ) ) ;
#8559 = ADVANCED_FACE ( 'NONE', ( #5101 ), #4099, .F. ) ;
#8560 = VECTOR ( 'NONE', #2571, 1000.000000000000000 ) ;
#8561 = CARTESIAN_POINT ( 'NONE',  ( -0.4000000000000515366, -5.000000000000000000, 1.000000000000000000 ) ) ;
#8562 = LINE ( 'NONE', #6819, #10742 ) ;
#8563 =( NAMED_UNIT ( * ) PLANE_ANGLE_UNIT ( ) SI_UNIT ( $, .RADIAN. ) );
#8564 = ORIENTED_EDGE ( 'NONE', *, *, #4279, .F. ) ;
#8565 = ORIENTED_EDGE ( 'NONE', *, *, #7467, .F. ) ;
#8566 = VECTOR ( 'NONE', #312, 1000.000000000000000 ) ;
#8567 = ORIENTED_EDGE ( 'NONE', *, *, #3821, .T. ) ;
#8568 = LINE ( 'NONE', #9454, #8974 ) ;
#8569 = MECHANICAL_DESIGN_GEOMETRIC_PRESENTATION_REPRESENTATION (  '', ( #2761 ), #10976 ) ;
#8570 = UNCERTAINTY_MEASURE_WITH_UNIT (LENGTH_MEASURE( 1.000000000000000082E-05 ), #11651, 'distance_accuracy_value', 'NONE');
#8571 = DIRECTION ( 'NONE',  ( 0.000000000000000000, 0.000000000000000000, 1.000000000000000000 ) ) ;
#8572 = SURFACE_STYLE_USAGE ( .BOTH. , #2998 ) ;
#8573 =( NAMED_UNIT ( * ) PLANE_ANGLE_UNIT ( ) SI_UNIT ( $, .RADIAN. ) );
#8574 = PRESENTATION_LAYER_ASSIGNMENT (  '', '', ( #11399 ) ) ;
#8575 = EDGE_CURVE ( 'NONE', #6509, #4046, #11730, .T. ) ;
#8576 = CARTESIAN_POINT ( 'NONE',  ( 2.139999999999949942, -4.750000000000000000, 1.000000000000000000 ) ) ;
#8577 = VECTOR ( 'NONE', #3532, 1000.000000000000000 ) ;
#8578 = EDGE_LOOP ( 'NONE', ( #5841, #7723, #6452, #5953 ) ) ;
#8579 = VERTEX_POINT ( 'NONE', #10659 ) ;
#8580 = ORIENTED_EDGE ( 'NONE', *, *, #8270, .T. ) ;
#8581 = SURFACE_SIDE_STYLE ('',( #4770 ) ) ;
#8582 = PRESENTATION_LAYER_ASSIGNMENT (  '', '', ( #6196 ) ) ;
#8583 = ORIENTED_EDGE ( 'NONE', *, *, #2529, .T. ) ;
#8584 = EDGE_CURVE ( 'NONE', #5088, #1267, #7646, .T. ) ;
#8585 = VECTOR ( 'NONE', #4741, 1000.000000000000000 ) ;
#8586 = MECHANICAL_DESIGN_GEOMETRIC_PRESENTATION_REPRESENTATION (  '', ( #4593 ), #6984 ) ;
#8587 = SURFACE_SIDE_STYLE ('',( #11367 ) ) ;
#8588 = SURFACE_STYLE_USAGE ( .BOTH. , #3890 ) ;
#8589 = LINE ( 'NONE', #6782, #7064 ) ;
#8590 = CARTESIAN_POINT ( 'NONE',  ( 5.000000000000000000, 0.2000000000000000111, -0.2999999999999999889 ) ) ;
#8591 = DIRECTION ( 'NONE',  ( 0.000000000000000000, -1.000000000000000000, 0.000000000000000000 ) ) ;
#8592 = ORIENTED_EDGE ( 'NONE', *, *, #11620, .F. ) ;
#8593 = DIRECTION ( 'NONE',  ( -1.047444401652940164E-14, -1.000000000000000000, 0.000000000000000000 ) ) ;
#8594 = PRESENTATION_LAYER_ASSIGNMENT (  '', '', ( #1980 ) ) ;
#8595 = ORIENTED_EDGE ( 'NONE', *, *, #10476, .T. ) ;
#8596 = ORIENTED_EDGE ( 'NONE', *, *, #8934, .T. ) ;
#8597 = CARTESIAN_POINT ( 'NONE',  ( -0.3999999999999835354, 5.000000000000000000, 1.000000000000000000 ) ) ;
#8598 = ADVANCED_FACE ( 'NONE', ( #6911 ), #1230, .F. ) ;
#8599 = AXIS2_PLACEMENT_3D ( 'NONE', #3085, #2014, #6800 ) ;
#8600 = CARTESIAN_POINT ( 'NONE',  ( -4.799999999999999822, 2.540000000000000036, 1.100000000000000089 ) ) ;
#8601 = AXIS2_PLACEMENT_3D ( 'NONE', #9442, #636, #12134 ) ;
#8602 = FILL_AREA_STYLE_COLOUR ( '', #6336 ) ;
#8603 = FILL_AREA_STYLE ('',( #1110 ) ) ;
#8604 = FACE_OUTER_BOUND ( 'NONE', #5520, .T. ) ;
#8605 = LINE ( 'NONE', #12414, #11797 ) ;
#8606 = EDGE_LOOP ( 'NONE', ( #1095, #5937, #7114, #6784, #2662, #3535, #4621, #9245 ) ) ;
#8607 = AXIS2_PLACEMENT_3D ( 'NONE', #2917, #9739, #10491 ) ;
#8608 = AXIS2_PLACEMENT_3D ( 'NONE', #10475, #12407, #7642 ) ;
#8609 = LINE ( 'NONE', #6438, #3607 ) ;
#8610 = EDGE_CURVE ( 'NONE', #4234, #9203, #6737, .T. ) ;
#8611 = LINE ( 'NONE', #12420, #78 ) ;
#8612 = DIRECTION ( 'NONE',  ( -3.318008991245455407E-15, -1.000000000000000000, 0.000000000000000000 ) ) ;
#8613 = DIRECTION ( 'NONE',  ( -1.047444401652940164E-14, -1.000000000000000000, 0.000000000000000000 ) ) ;
#8614 = AXIS2_PLACEMENT_3D ( 'NONE', #10130, #11235, #10013 ) ;
#8615 = LINE ( 'NONE', #3678, #9723 ) ;
#8616 = LINE ( 'NONE', #3101, #338 ) ;
#8617 = DIRECTION ( 'NONE',  ( 0.000000000000000000, 0.000000000000000000, 1.000000000000000000 ) ) ;
#8618 = LINE ( 'NONE', #6447, #3713 ) ;
#8619 = SURFACE_STYLE_USAGE ( .BOTH. , #2861 ) ;
#8620 =( NAMED_UNIT ( * ) SI_UNIT ( $, .STERADIAN. ) SOLID_ANGLE_UNIT ( ) );
#8621 = ORIENTED_EDGE ( 'NONE', *, *, #10313, .T. ) ;
#8622 = LINE ( 'NONE', #10384, #7697 ) ;
#8623 = EDGE_LOOP ( 'NONE', ( #5281, #4632, #4274, #9273 ) ) ;
#8624 = VERTEX_POINT ( 'NONE', #2437 ) ;
#8625 = SURFACE_STYLE_FILL_AREA ( #4286 ) ;
#8626 = AXIS2_PLACEMENT_3D ( 'NONE', #1841, #9577, #2682 ) ;
#8627 = ORIENTED_EDGE ( 'NONE', *, *, #2664, .F. ) ;
#8628 = DIRECTION ( 'NONE',  ( 1.020425574104003999E-16, -1.000000000000000000, 0.000000000000000000 ) ) ;
#8629 = EDGE_CURVE ( 'NONE', #673, #8818, #9907, .T. ) ;
#8630 = EDGE_CURVE ( 'NONE', #4826, #150, #287, .T. ) ;
#8631 =( NAMED_UNIT ( * ) SI_UNIT ( $, .STERADIAN. ) SOLID_ANGLE_UNIT ( ) );
#8632 = PRESENTATION_STYLE_ASSIGNMENT (( #3949 ) ) ;
#8633 = COLOUR_RGB ( '',1.000000000000000000, 0.8117647058823529438, 0.5019607843137254832 ) ;
#8634 = PRESENTATION_STYLE_ASSIGNMENT (( #12389 ) ) ;
#8635 = CARTESIAN_POINT ( 'NONE',  ( -0.1999999999999830247, 5.000000000000000000, -0.1000000000000000056 ) ) ;
#8636 = PLANE ( 'NONE',  #8321 ) ;
#8637 = VERTEX_POINT ( 'NONE', #3284 ) ;
#8638 = VERTEX_POINT ( 'NONE', #6163 ) ;
#8639 = ORIENTED_EDGE ( 'NONE', *, *, #6866, .T. ) ;
#8640 = SURFACE_SIDE_STYLE ('',( #10340 ) ) ;
#8641 = EDGE_CURVE ( 'NONE', #415, #657, #11916, .T. ) ;
#8642 = VERTEX_POINT ( 'NONE', #2768 ) ;
#8643 = PRESENTATION_STYLE_ASSIGNMENT (( #11487 ) ) ;
#8644 = CARTESIAN_POINT ( 'NONE',  ( -5.009999999999999787, -0.8699999999999999956, -0.1000000000000000056 ) ) ;
#8645 = ADVANCED_FACE ( 'NONE', ( #9231 ), #12263, .F. ) ;
#8646 = CARTESIAN_POINT ( 'NONE',  ( -4.750000000000000000, 1.670000000000000151, 1.000000000000000000 ) ) ;
#8647 = MECHANICAL_DESIGN_GEOMETRIC_PRESENTATION_REPRESENTATION (  '', ( #2220 ), #4854 ) ;
#8648 = ORIENTED_EDGE ( 'NONE', *, *, #3294, .F. ) ;
#8649 = EDGE_LOOP ( 'NONE', ( #5417, #4701, #6559, #11484 ) ) ;
#8650 = ORIENTED_EDGE ( 'NONE', *, *, #2465, .T. ) ;
#8651 = STYLED_ITEM ( 'NONE', ( #11664 ), #2324 ) ;
#8652 = CARTESIAN_POINT ( 'NONE',  ( 5.000000000000000000, -2.140000000000000124, -0.1000000000000000056 ) ) ;
#8653 = DIRECTION ( 'NONE',  ( 0.000000000000000000, 0.000000000000000000, 1.000000000000000000 ) ) ;
#8654 = DIRECTION ( 'NONE',  ( -3.318008991245455407E-15, -1.000000000000000000, 0.000000000000000000 ) ) ;
#8655 = FILL_AREA_STYLE_COLOUR ( '', #788 ) ;
#8656 = FILL_AREA_STYLE_COLOUR ( '', #823 ) ;
#8657 = CARTESIAN_POINT ( 'NONE',  ( -2.140000000000049862, -5.000000000000000000, 0.000000000000000000 ) ) ;
#8658 = CARTESIAN_POINT ( 'NONE',  ( 4.250000000000000000, -0.8699999999999999956, 0.000000000000000000 ) ) ;
#8659 = LINE ( 'NONE', #7702, #6888 ) ;
#8660 = CARTESIAN_POINT ( 'NONE',  ( 0.1999999999999479972, -5.009999999999999787, -0.1000000000000000056 ) ) ;
#8661 = PRESENTATION_STYLE_ASSIGNMENT (( #8840 ) ) ;
#8662 = ORIENTED_EDGE ( 'NONE', *, *, #2345, .F. ) ;
#8663 = EDGE_CURVE ( 'NONE', #5037, #11014, #1707, .T. ) ;
#8664 = DIRECTION ( 'NONE',  ( -0.000000000000000000, 1.000000000000000000, 0.000000000000000000 ) ) ;
#8665 = UNCERTAINTY_MEASURE_WITH_UNIT (LENGTH_MEASURE( 1.000000000000000082E-05 ), #7197, 'distance_accuracy_value', 'NONE');
#8666 = LINE ( 'NONE', #6862, #2090 ) ;
#8667 = FILL_AREA_STYLE ('',( #4865 ) ) ;
#8668 = FILL_AREA_STYLE ('',( #10609 ) ) ;
#8669 = FACE_OUTER_BOUND ( 'NONE', #11658, .T. ) ;
#8670 = PRESENTATION_STYLE_ASSIGNMENT (( #4870 ) ) ;
#8671 = FILL_AREA_STYLE_COLOUR ( '', #6057 ) ;
#8672 = SURFACE_STYLE_FILL_AREA ( #6631 ) ;
#8673 = DIRECTION ( 'NONE',  ( 0.000000000000000000, 0.000000000000000000, -1.000000000000000000 ) ) ;
#8674 = CARTESIAN_POINT ( 'NONE',  ( 5.000000000000000000, -5.000000000000000000, 1.000000000000000000 ) ) ;
#8675 = CARTESIAN_POINT ( 'NONE',  ( -5.000000000000000000, -2.140000000000000124, 0.000000000000000000 ) ) ;
#8676 = PLANE ( 'NONE',  #7719 ) ;
#8677 = VERTEX_POINT ( 'NONE', #7432 ) ;
#8678 = EDGE_CURVE ( 'NONE', #831, #6508, #10239, .T. ) ;
#8679 = ORIENTED_EDGE ( 'NONE', *, *, #7033, .T. ) ;
#8680 = DIRECTION ( 'NONE',  ( 1.000000000000000000, 0.000000000000000000, 0.000000000000000000 ) ) ;
#8681 = ORIENTED_EDGE ( 'NONE', *, *, #2693, .F. ) ;
#8682 = FACE_OUTER_BOUND ( 'NONE', #6045, .T. ) ;
#8683 = VECTOR ( 'NONE', #7454, 1000.000000000000000 ) ;
#8684 = UNCERTAINTY_MEASURE_WITH_UNIT (LENGTH_MEASURE( 1.000000000000000082E-05 ), #11817, 'distance_accuracy_value', 'NONE');
#8685 = CARTESIAN_POINT ( 'NONE',  ( -4.750000000000000000, 0.8699999999999999956, 1.100000000000000089 ) ) ;
#8686 = CARTESIAN_POINT ( 'NONE',  ( 5.009999999999999787, 2.739999999999999769, -0.1000000000000000056 ) ) ;
#8687 = LINE ( 'NONE', #71, #5698 ) ;
#8688 = CARTESIAN_POINT ( 'NONE',  ( 0.8699999999999569189, -4.250000000000000000, 0.000000000000000000 ) ) ;
#8689 = CIRCLE ( 'NONE', #11686, 0.1999999999999996503 ) ;
#8690 = DIRECTION ( 'NONE',  ( 1.000000000000000000, -1.047444401652940164E-14, 0.000000000000000000 ) ) ;
#8691 = CARTESIAN_POINT ( 'NONE',  ( -5.000000000000000000, 1.070000000000000062, -0.1000000000000000056 ) ) ;
#8692 = EDGE_CURVE ( 'NONE', #8306, #11897, #1587, .T. ) ;
#8693 = VECTOR ( 'NONE', #625, 1000.000000000000000 ) ;
#8694 = VERTEX_POINT ( 'NONE', #819 ) ;
#8695 = ORIENTED_EDGE ( 'NONE', *, *, #7279, .T. ) ;
#8696 = VERTEX_POINT ( 'NONE', #5448 ) ;
#8697 = ORIENTED_EDGE ( 'NONE', *, *, #6039, .T. ) ;
#8698 =( NAMED_UNIT ( * ) SI_UNIT ( $, .STERADIAN. ) SOLID_ANGLE_UNIT ( ) );
#8699 = VECTOR ( 'NONE', #12406, 1000.000000000000000 ) ;
#8700 = EDGE_LOOP ( 'NONE', ( #7994, #8500, #11254, #10007, #6305, #8927, #3430, #4461 ) ) ;
#8701 = COLOUR_RGB ( '',1.000000000000000000, 0.8117647058823529438, 0.5019607843137254832 ) ;
#8702 = FILL_AREA_STYLE ('',( #5849 ) ) ;
#8703 = CARTESIAN_POINT ( 'NONE',  ( 2.939999999999999947, 4.750000000000000000, 1.100000000000000089 ) ) ;
#8704 = DIRECTION ( 'NONE',  ( 0.000000000000000000, -1.000000000000000000, 0.000000000000000000 ) ) ;
#8705 = SURFACE_STYLE_USAGE ( .BOTH. , #4780 ) ;
#8706 = ORIENTED_EDGE ( 'NONE', *, *, #176, .F. ) ;
#8707 = EDGE_CURVE ( 'NONE', #11031, #2046, #9309, .T. ) ;
#8708 = EDGE_CURVE ( 'NONE', #7040, #1345, #5497, .T. ) ;
#8709 = AXIS2_PLACEMENT_3D ( 'NONE', #1885, #10377, #11458 ) ;
#8710 = SURFACE_STYLE_USAGE ( .BOTH. , #10469 ) ;
#8711 = ORIENTED_EDGE ( 'NONE', *, *, #11065, .T. ) ;
#8712 = ORIENTED_EDGE ( 'NONE', *, *, #7104, .T. ) ;
#8713 = DIRECTION ( 'NONE',  ( 0.000000000000000000, -1.000000000000000000, 0.000000000000000000 ) ) ;
#8714 = LINE ( 'NONE', #12284, #1123 ) ;
#8715 = CARTESIAN_POINT ( 'NONE',  ( -5.000000000000000000, -5.000000000000000000, 1.000000000000000000 ) ) ;
#8716 = VECTOR ( 'NONE', #4810, 1000.000000000000000 ) ;
#8717 = VECTOR ( 'NONE', #7288, 1000.000000000000000 ) ;
#8718 = FACE_OUTER_BOUND ( 'NONE', #8972, .T. ) ;
#8719 = PRESENTATION_STYLE_ASSIGNMENT (( #4923 ) ) ;
#8720 = VERTEX_POINT ( 'NONE', #9379 ) ;
#8721 = SURFACE_STYLE_USAGE ( .BOTH. , #4926 ) ;
#8722 = PRESENTATION_LAYER_ASSIGNMENT (  '', '', ( #710 ) ) ;
#8723 = STYLED_ITEM ( 'NONE', ( #2344 ), #6711 ) ;
#8724 = SURFACE_STYLE_USAGE ( .BOTH. , #4930 ) ;
#8725 = DIRECTION ( 'NONE',  ( 1.047444401652940164E-14, 1.000000000000000000, 0.000000000000000000 ) ) ;
#8726 = LINE ( 'NONE', #10667, #11211 ) ;
#8727 = ADVANCED_FACE ( 'NONE', ( #7545 ), #3677, .F. ) ;
#8728 = CARTESIAN_POINT ( 'NONE',  ( 0.3999999999999565570, -4.250000000000000000, 0.000000000000000000 ) ) ;
#8729 = SURFACE_STYLE_USAGE ( .BOTH. , #10554 ) ;
#8730 = MECHANICAL_DESIGN_GEOMETRIC_PRESENTATION_REPRESENTATION (  '', ( #12155 ), #7152 ) ;
#8731 = FILL_AREA_STYLE_COLOUR ( '', #702 ) ;
#8732 = DIRECTION ( 'NONE',  ( 1.000000000000000000, 0.000000000000000000, 0.000000000000000000 ) ) ;
#8733 = COLOUR_RGB ( '',0.5372549019607842924, 0.6235294117647058876, 0.000000000000000000 ) ;
#8734 = PLANE ( 'NONE',  #6604 ) ;
#8735 =( NAMED_UNIT ( * ) SI_UNIT ( $, .STERADIAN. ) SOLID_ANGLE_UNIT ( ) );
#8736 = AXIS2_PLACEMENT_3D ( 'NONE', #10781, #7996, #1347 ) ;
#8737 = ORIENTED_EDGE ( 'NONE', *, *, #8778, .T. ) ;
#8738 = ORIENTED_EDGE ( 'NONE', *, *, #6963, .T. ) ;
#8739 = EDGE_CURVE ( 'NONE', #7334, #648, #1791, .T. ) ;
#8740 = CARTESIAN_POINT ( 'NONE',  ( 5.000000000000000000, 5.000000000000000000, 0.000000000000000000 ) ) ;
#8741 = PRESENTATION_LAYER_ASSIGNMENT (  '', '', ( #12351 ) ) ;
#8742 = UNCERTAINTY_MEASURE_WITH_UNIT (LENGTH_MEASURE( 1.000000000000000082E-05 ), #3082, 'distance_accuracy_value', 'NONE');
#8743 = CARTESIAN_POINT ( 'NONE',  ( -5.009999999999999787, -0.4000000000000000222, -0.1000000000000000056 ) ) ;
#8744 = CARTESIAN_POINT ( 'NONE',  ( 2.939999999999950209, -4.750000000000000000, 1.100000000000000089 ) ) ;
#8745 = UNCERTAINTY_MEASURE_WITH_UNIT (LENGTH_MEASURE( 1.000000000000000082E-05 ), #7027, 'distance_accuracy_value', 'NONE');
#8746 = ADVANCED_FACE ( 'NONE', ( #2795 ), #6626, .F. ) ;
#8748 = STYLED_ITEM ( 'NONE', ( #128 ), #133 ) ;
#8747 = LINE ( 'NONE', #2101, #12235 ) ;
#8749 =( NAMED_UNIT ( * ) SI_UNIT ( $, .STERADIAN. ) SOLID_ANGLE_UNIT ( ) );
#8750 = SURFACE_STYLE_FILL_AREA ( #3005 ) ;
#8751 = CARTESIAN_POINT ( 'NONE',  ( 5.000000000000000000, -2.140000000000000124, 0.000000000000000000 ) ) ;
#8752 = CARTESIAN_POINT ( 'NONE',  ( -5.009999999999999787, 0.4000000000000000222, -0.1000000000000000056 ) ) ;
#8753 = AXIS2_PLACEMENT_3D ( 'NONE', #3601, #2835, #7518 ) ;
#8754 = AXIS2_PLACEMENT_3D ( 'NONE', #12094, #11109, #2493 ) ;
#8755 = ORIENTED_EDGE ( 'NONE', *, *, #551, .T. ) ;
#8756 = EDGE_LOOP ( 'NONE', ( #2752, #12007, #6280, #9117 ) ) ;
#8757 = MECHANICAL_DESIGN_GEOMETRIC_PRESENTATION_REPRESENTATION (  '', ( #1535 ), #11178 ) ;
#8758 = EDGE_LOOP ( 'NONE', ( #8466, #9821, #7914, #4819, #9820, #29, #8328, #11343 ) ) ;
#8759 = VECTOR ( 'NONE', #8403, 1000.000000000000000 ) ;
#8760 = ORIENTED_EDGE ( 'NONE', *, *, #9730, .T. ) ;
#8761 = FILL_AREA_STYLE ('',( #7801 ) ) ;
#8762 = VERTEX_POINT ( 'NONE', #6867 ) ;
#8763 = EDGE_CURVE ( 'NONE', #9190, #9469, #10811, .T. ) ;
#8764 = VECTOR ( 'NONE', #7174, 1000.000000000000000 ) ;
#8765 = FILL_AREA_STYLE ('',( #6021 ) ) ;
#8766 = CARTESIAN_POINT ( 'NONE',  ( 5.000000000000000000, -1.270000000000000018, -0.2999999999999999889 ) ) ;
#8767 = MECHANICAL_DESIGN_GEOMETRIC_PRESENTATION_REPRESENTATION (  '', ( #11401 ), #1137 ) ;
#8768 = VECTOR ( 'NONE', #10767, 1000.000000000000000 ) ;
#8769 = CARTESIAN_POINT ( 'NONE',  ( 5.009999999999999787, 2.339999999999999858, 1.100000000000000089 ) ) ;
#8770 = LINE ( 'NONE', #8646, #7673 ) ;
#8771 = ORIENTED_EDGE ( 'NONE', *, *, #7262, .F. ) ;
#8772 = ORIENTED_EDGE ( 'NONE', *, *, #86, .F. ) ;
#8773 = VECTOR ( 'NONE', #1816, 1000.000000000000000 ) ;
#8774 = EDGE_LOOP ( 'NONE', ( #3069, #8650, #1406, #31 ) ) ;
#8775 = CARTESIAN_POINT ( 'NONE',  ( -5.000000000000000000, 5.000000000000000000, 1.000000000000000000 ) ) ;
#8776 = AXIS2_PLACEMENT_3D ( 'NONE', #2604, #3559, #8429 ) ;
#8777 = AXIS2_PLACEMENT_3D ( 'NONE', #10949, #9996, #578 ) ;
#8778 = EDGE_CURVE ( 'NONE', #4377, #1290, #3868, .T. ) ;
#8779 = EDGE_CURVE ( 'NONE', #2822, #10326, #5812, .T. ) ;
#8780 =( NAMED_UNIT ( * ) SI_UNIT ( $, .STERADIAN. ) SOLID_ANGLE_UNIT ( ) );
#8781 = DIRECTION ( 'NONE',  ( -3.318008991245455407E-15, -1.000000000000000000, 0.000000000000000000 ) ) ;
#8783 =( GEOMETRIC_REPRESENTATION_CONTEXT ( 3 ) GLOBAL_UNCERTAINTY_ASSIGNED_CONTEXT ( ( #6678 ) ) GLOBAL_UNIT_ASSIGNED_CONTEXT ( ( #1241, #2081, #1192 ) ) REPRESENTATION_CONTEXT ( 'NONE', 'WORKASPACE' ) );
#8782 = UNCERTAINTY_MEASURE_WITH_UNIT (LENGTH_MEASURE( 1.000000000000000082E-05 ), #972, 'distance_accuracy_value', 'NONE');
#8784 = FILL_AREA_STYLE_COLOUR ( '', #6951 ) ;
#8785 = LINE ( 'NONE', #9729, #10074 ) ;
#8786 = DIRECTION ( 'NONE',  ( 0.000000000000000000, 0.000000000000000000, 1.000000000000000000 ) ) ;
#8787 = FACE_OUTER_BOUND ( 'NONE', #8205, .T. ) ;
#8788 = ORIENTED_EDGE ( 'NONE', *, *, #2838, .F. ) ;
#8789 = UNCERTAINTY_MEASURE_WITH_UNIT (LENGTH_MEASURE( 1.000000000000000082E-05 ), #5911, 'distance_accuracy_value', 'NONE');
#8790 = DIRECTION ( 'NONE',  ( 0.000000000000000000, 0.000000000000000000, -1.000000000000000000 ) ) ;
#8791 = VECTOR ( 'NONE', #9224, 1000.000000000000000 ) ;
#8792 = EDGE_CURVE ( 'NONE', #11860, #4066, #7594, .T. ) ;
#8793 = DIRECTION ( 'NONE',  ( 0.000000000000000000, 0.000000000000000000, 1.000000000000000000 ) ) ;
#8794 = CARTESIAN_POINT ( 'NONE',  ( -4.750000000000000000, 2.939999999999999947, 1.000000000000000000 ) ) ;
#8795 = DIRECTION ( 'NONE',  ( 1.000000000000000000, 0.000000000000000000, 0.000000000000000000 ) ) ;
#8796 = SURFACE_STYLE_FILL_AREA ( #1056 ) ;
#8797 = CARTESIAN_POINT ( 'NONE',  ( 2.739999999999950031, -5.000000000000000000, -0.2999999999999999889 ) ) ;
#8798 = PLANE ( 'NONE',  #4735 ) ;
#8799 = CARTESIAN_POINT ( 'NONE',  ( 1.670000000000000151, 4.250000000000000000, -0.1000000000000000056 ) ) ;
#8800 = AXIS2_PLACEMENT_3D ( 'NONE', #5177, #8280, #1576 ) ;
#8801 = ORIENTED_EDGE ( 'NONE', *, *, #9923, .F. ) ;
#8802 = STYLED_ITEM ( 'NONE', ( #101 ), #5968 ) ;
#8803 = VERTEX_POINT ( 'NONE', #6926 ) ;
#8804 = DIRECTION ( 'NONE',  ( 0.000000000000000000, 0.000000000000000000, 1.000000000000000000 ) ) ;
#8805 = ORIENTED_EDGE ( 'NONE', *, *, #5051, .F. ) ;
#8806 = FILL_AREA_STYLE ('',( #6939 ) ) ;
#8807 = PRESENTATION_LAYER_ASSIGNMENT (  '', '', ( #6218 ) ) ;
#8808 = UNCERTAINTY_MEASURE_WITH_UNIT (LENGTH_MEASURE( 1.000000000000000082E-05 ), #3041, 'distance_accuracy_value', 'NONE');
#8809 = PRESENTATION_STYLE_ASSIGNMENT (( #1139 ) ) ;
#8810 = DIRECTION ( 'NONE',  ( 0.000000000000000000, 0.000000000000000000, -1.000000000000000000 ) ) ;
#8811 = DIRECTION ( 'NONE',  ( 1.000000000000000000, 0.000000000000000000, 0.000000000000000000 ) ) ;
#8812 = FILL_AREA_STYLE_COLOUR ( '', #8529 ) ;
#8813 = DIRECTION ( 'NONE',  ( 0.000000000000000000, -1.000000000000000000, 0.000000000000000000 ) ) ;
#8814 = CARTESIAN_POINT ( 'NONE',  ( -4.250000000000000000, -0.8699999999999999956, -0.1000000000000000056 ) ) ;
#8815 = ORIENTED_EDGE ( 'NONE', *, *, #5514, .F. ) ;
#8816 = EDGE_LOOP ( 'NONE', ( #5152, #9482, #2190, #11485 ) ) ;
#8817 = ADVANCED_FACE ( 'NONE', ( #10669 ), #5056, .F. ) ;
#8818 = VERTEX_POINT ( 'NONE', #7052 ) ;
#8819 = ORIENTED_EDGE ( 'NONE', *, *, #5642, .T. ) ;
#8820 = ORIENTED_EDGE ( 'NONE', *, *, #10760, .F. ) ;
#8821 = COLOUR_RGB ( '',1.000000000000000000, 0.8117647058823529438, 0.5019607843137254832 ) ;
#8822 = DIRECTION ( 'NONE',  ( 0.000000000000000000, 0.000000000000000000, 1.000000000000000000 ) ) ;
#8823 = DIRECTION ( 'NONE',  ( 1.000000000000000000, -3.491481338843135327E-15, 0.000000000000000000 ) ) ;
#8824 = DIRECTION ( 'NONE',  ( -1.047444401652940164E-14, -1.000000000000000000, 0.000000000000000000 ) ) ;
#8825 = PRESENTATION_STYLE_ASSIGNMENT (( #5851 ) ) ;
#8826 = ORIENTED_EDGE ( 'NONE', *, *, #8527, .F. ) ;
#8827 = PRESENTATION_LAYER_ASSIGNMENT (  '', '', ( #195 ) ) ;
#8828 = ADVANCED_FACE ( 'NONE', ( #2386 ), #3177, .F. ) ;
#8829 = CARTESIAN_POINT ( 'NONE',  ( -5.000000000000000000, -1.469999999999999973, 1.100000000000000089 ) ) ;
#8830 = DIRECTION ( 'NONE',  ( 1.000000000000000000, 0.000000000000000000, 0.000000000000000000 ) ) ;
#8831 = ORIENTED_EDGE ( 'NONE', *, *, #11886, .T. ) ;
#8832 = EDGE_LOOP ( 'NONE', ( #3615, #7690, #9544, #8361, #9634, #9515, #10154, #10249, #11425 ) ) ;
#8833 =( NAMED_UNIT ( * ) PLANE_ANGLE_UNIT ( ) SI_UNIT ( $, .RADIAN. ) );
#8834 = UNCERTAINTY_MEASURE_WITH_UNIT (LENGTH_MEASURE( 1.000000000000000082E-05 ), #11684, 'distance_accuracy_value', 'NONE');
#8835 = SURFACE_SIDE_STYLE ('',( #2778 ) ) ;
#8836 = SURFACE_SIDE_STYLE ('',( #279 ) ) ;
#8837 = DIRECTION ( 'NONE',  ( 0.000000000000000000, 0.000000000000000000, 1.000000000000000000 ) ) ;
#8838 = PRESENTATION_STYLE_ASSIGNMENT (( #2129 ) ) ;
#8839 = CARTESIAN_POINT ( 'NONE',  ( -5.000000000000000000, 5.000000000000000000, 0.000000000000000000 ) ) ;
#8840 = SURFACE_STYLE_USAGE ( .BOTH. , #39 ) ;
#8841 = EDGE_LOOP ( 'NONE', ( #6578, #7753, #7851, #704 ) ) ;
#8842 = EDGE_CURVE ( 'NONE', #4202, #2559, #11741, .T. ) ;
#8844 = ADVANCED_FACE ( 'NONE', ( #8149 ), #5171, .F. ) ;
#8843 = EDGE_LOOP ( 'NONE', ( #1674, #4573, #3767, #4307, #8826, #4641, #1622, #8513 ) ) ;
#8845 = STYLED_ITEM ( 'NONE', ( #282 ), #2455 ) ;
#8846 = DIRECTION ( 'NONE',  ( 0.000000000000000000, 0.000000000000000000, -1.000000000000000000 ) ) ;
#8847 = SURFACE_STYLE_FILL_AREA ( #1182 ) ;
#8848 = CARTESIAN_POINT ( 'NONE',  ( -5.000000000000000000, -5.000000000000000000, 1.000000000000000000 ) ) ;
#8849 = SURFACE_STYLE_USAGE ( .BOTH. , #8076 ) ;
#8850 = CARTESIAN_POINT ( 'NONE',  ( -4.250000000000000000, 0.8699999999999999956, -0.1000000000000000056 ) ) ;
#8851 = PRESENTATION_STYLE_ASSIGNMENT (( #9801 ) ) ;
#8852 =( NAMED_UNIT ( * ) SI_UNIT ( $, .STERADIAN. ) SOLID_ANGLE_UNIT ( ) );
#8853 = CARTESIAN_POINT ( 'NONE',  ( -0.4000000000000434874, -4.250000000000000000, -0.1000000000000000056 ) ) ;
#8854 = SURFACE_SIDE_STYLE ('',( #6929 ) ) ;
#8855 = DIRECTION ( 'NONE',  ( 0.000000000000000000, 0.000000000000000000, -1.000000000000000000 ) ) ;
#8856 = CARTESIAN_POINT ( 'NONE',  ( -5.150485834465859678E-14, -5.000000000000000000, -0.1000000000000000056 ) ) ;
#8857 = CARTESIAN_POINT ( 'NONE',  ( -0.1999999999999830247, 5.009999999999999787, 1.100000000000000089 ) ) ;
#8858 = SURFACE_SIDE_STYLE ('',( #3104 ) ) ;
#8859 = LINE ( 'NONE', #4185, #7222 ) ;
#8860 = EDGE_LOOP ( 'NONE', ( #12393, #10111, #7756, #5151, #3130, #8419, #11061, #8268 ) ) ;
#8861 = EDGE_CURVE ( 'NONE', #840, #2648, #1497, .T. ) ;
#8862 = ADVANCED_FACE ( 'NONE', ( #2198 ), #297, .F. ) ;
#8863 = FILL_AREA_STYLE_COLOUR ( '', #10534 ) ;
#8864 = VERTEX_POINT ( 'NONE', #10585 ) ;
#8865 = CARTESIAN_POINT ( 'NONE',  ( -5.000000000000000000, 1.469999999999999973, 1.100000000000000089 ) ) ;
#8866 = UNCERTAINTY_MEASURE_WITH_UNIT (LENGTH_MEASURE( 1.000000000000000082E-05 ), #3827, 'distance_accuracy_value', 'NONE');
#8867 = LINE ( 'NONE', #244, #1079 ) ;
#8868 =( NAMED_UNIT ( * ) PLANE_ANGLE_UNIT ( ) SI_UNIT ( $, .RADIAN. ) );
#8869 = CARTESIAN_POINT ( 'NONE',  ( 0.3999999999999485079, -5.009999999999999787, 1.100000000000000089 ) ) ;
#8870 =( NAMED_UNIT ( * ) PLANE_ANGLE_UNIT ( ) SI_UNIT ( $, .RADIAN. ) );
#8871 = CARTESIAN_POINT ( 'NONE',  ( -1.069999999999983853, 5.000000000000000000, 1.100000000000000089 ) ) ;
#8872 = DIRECTION ( 'NONE',  ( 0.000000000000000000, 0.000000000000000000, 1.000000000000000000 ) ) ;
#8873 = DIRECTION ( 'NONE',  ( -1.000000000000000000, 0.000000000000000000, 0.000000000000000000 ) ) ;
#8874 = DIRECTION ( 'NONE',  ( 1.000000000000000000, 0.000000000000000000, 0.000000000000000000 ) ) ;
#8875 = CARTESIAN_POINT ( 'NONE',  ( -4.750000000000000000, -2.140000000000000124, 1.100000000000000089 ) ) ;
#8876 = CARTESIAN_POINT ( 'NONE',  ( -0.3999999999999860334, 4.250000000000000000, -0.1000000000000000056 ) ) ;
#8877 = ORIENTED_EDGE ( 'NONE', *, *, #9229, .T. ) ;
#8878 = MECHANICAL_DESIGN_GEOMETRIC_PRESENTATION_REPRESENTATION (  '', ( #1853 ), #10272 ) ;
#8879 = ORIENTED_EDGE ( 'NONE', *, *, #1761, .T. ) ;
#8880 = ORIENTED_EDGE ( 'NONE', *, *, #4362, .T. ) ;
#8881 =( LENGTH_UNIT ( ) NAMED_UNIT ( * ) SI_UNIT ( .MILLI., .METRE. ) );
#8882 = VECTOR ( 'NONE', #8239, 1000.000000000000000 ) ;
#8883 = LINE ( 'NONE', #6957, #6853 ) ;
#8884 = EDGE_CURVE ( 'NONE', #12250, #8637, #10162, .T. ) ;
#8885 = FILL_AREA_STYLE ('',( #9014 ) ) ;
#8886 = PRESENTATION_LAYER_ASSIGNMENT (  '', '', ( #10905 ) ) ;
#8887 = PRESENTATION_STYLE_ASSIGNMENT (( #3140 ) ) ;
#8888 = ORIENTED_EDGE ( 'NONE', *, *, #4476, .F. ) ;
#8889 = CARTESIAN_POINT ( 'NONE',  ( -2.540000000000000036, 5.000000000000000000, 1.100000000000000089 ) ) ;
#8890 = ORIENTED_EDGE ( 'NONE', *, *, #551, .F. ) ;
#8891 = ORIENTED_EDGE ( 'NONE', *, *, #11292, .T. ) ;
#8892 = COLOUR_RGB ( '',1.000000000000000000, 0.8117647058823529438, 0.5019607843137254832 ) ;
#8893 =( LENGTH_UNIT ( ) NAMED_UNIT ( * ) SI_UNIT ( .MILLI., .METRE. ) );
#8894 = DIRECTION ( 'NONE',  ( 1.000000000000000000, -1.030097166893172093E-14, 0.000000000000000000 ) ) ;
#8895 = SURFACE_STYLE_USAGE ( .BOTH. , #2181 ) ;
#8896 = FILL_AREA_STYLE ('',( #2182 ) ) ;
#8897 = EDGE_CURVE ( 'NONE', #1745, #1581, #2192, .T. ) ;
#8898 = STYLED_ITEM ( 'NONE', ( #10182 ), #4586 ) ;
#8899 = CARTESIAN_POINT ( 'NONE',  ( -5.009999999999999787, 1.469999999999999973, -0.1000000000000000056 ) ) ;
#8900 =( GEOMETRIC_REPRESENTATION_CONTEXT ( 3 ) GLOBAL_UNCERTAINTY_ASSIGNED_CONTEXT ( ( #9094 ) ) GLOBAL_UNIT_ASSIGNED_CONTEXT ( ( #106, #2066, #10538 ) ) REPRESENTATION_CONTEXT ( 'NONE', 'WORKASPACE' ) );
#8901 = VECTOR ( 'NONE', #8096, 1000.000000000000000 ) ;
#8902 = UNCERTAINTY_MEASURE_WITH_UNIT (LENGTH_MEASURE( 1.000000000000000082E-05 ), #6394, 'distance_accuracy_value', 'NONE');
#8903 = ORIENTED_EDGE ( 'NONE', *, *, #11356, .T. ) ;
#8904 =( LENGTH_UNIT ( ) NAMED_UNIT ( * ) SI_UNIT ( .MILLI., .METRE. ) );
#8905 = PRESENTATION_LAYER_ASSIGNMENT (  '', '', ( #4524 ) ) ;
#8906 = FILL_AREA_STYLE_COLOUR ( '', #2965 ) ;
#8907 = VECTOR ( 'NONE', #11477, 1000.000000000000000 ) ;
#8908 = EDGE_LOOP ( 'NONE', ( #1280, #1101, #7707, #9202 ) ) ;
#8909 = FILL_AREA_STYLE ('',( #1043 ) ) ;
#8910 = EDGE_LOOP ( 'NONE', ( #9399, #4123, #4533, #10327, #9844, #10386, #4520, #629, #5539 ) ) ;
#8911 = EDGE_LOOP ( 'NONE', ( #1085, #6992, #3447, #5690 ) ) ;
#8912 = PLANE ( 'NONE',  #3458 ) ;
#8913 = UNCERTAINTY_MEASURE_WITH_UNIT (LENGTH_MEASURE( 1.000000000000000082E-05 ), #9659, 'distance_accuracy_value', 'NONE');
#8914 = STYLED_ITEM ( 'NONE', ( #115 ), #4084 ) ;
#8915 = CARTESIAN_POINT ( 'NONE',  ( 5.009999999999999787, -1.670000000000000151, -0.1000000000000000056 ) ) ;
#8916 = VECTOR ( 'NONE', #2026, 1000.000000000000000 ) ;
#8917 = PRESENTATION_LAYER_ASSIGNMENT (  '', '', ( #9727 ) ) ;
#8918 = LINE ( 'NONE', #5987, #251 ) ;
#8919 = SURFACE_STYLE_FILL_AREA ( #2447 ) ;
#8920 = LINE ( 'NONE', #3355, #3618 ) ;
#8921 = ADVANCED_FACE ( 'NONE', ( #5777 ), #1921, .F. ) ;
#8922 = DIRECTION ( 'NONE',  ( 0.000000000000000000, 0.000000000000000000, 1.000000000000000000 ) ) ;
#8923 = PLANE ( 'NONE',  #11117 ) ;
#8924 = FILL_AREA_STYLE_COLOUR ( '', #8892 ) ;
#8925 = DIRECTION ( 'NONE',  ( -1.000000000000000000, 1.047444401652940164E-14, 0.000000000000000000 ) ) ;
#8926 = LINE ( 'NONE', #10875, #5632 ) ;
#8927 = ORIENTED_EDGE ( 'NONE', *, *, #3998, .F. ) ;
#8928 = MECHANICAL_DESIGN_GEOMETRIC_PRESENTATION_REPRESENTATION (  '', ( #8324 ), #8528 ) ;
#8929 = PRESENTATION_LAYER_ASSIGNMENT (  '', '', ( #11937 ) ) ;
#8930 = ORIENTED_EDGE ( 'NONE', *, *, #3958, .T. ) ;
#8931 = CARTESIAN_POINT ( 'NONE',  ( -5.009999999999999787, 1.670000000000000151, -0.1000000000000000056 ) ) ;
#8932 = PLANE ( 'NONE',  #2491 ) ;
#8933 = CARTESIAN_POINT ( 'NONE',  ( 2.339999999999950120, -5.000000000000000000, -0.1000000000000000056 ) ) ;
#8934 = EDGE_CURVE ( 'NONE', #208, #11683, #2515, .T. ) ;
#8935 = STYLED_ITEM ( 'NONE', ( #9608 ), #7034 ) ;
#8936 = EDGE_CURVE ( 'NONE', #8355, #8637, #11546, .T. ) ;
#8937 = CARTESIAN_POINT ( 'NONE',  ( 1.069999999999949880, -5.000000000000000000, -0.1000000000000000056 ) ) ;
#8938 = CARTESIAN_POINT ( 'NONE',  ( 1.270000000000016227, 5.000000000000000000, -0.2999999999999999889 ) ) ;
#8939 =( GEOMETRIC_REPRESENTATION_CONTEXT ( 3 ) GLOBAL_UNCERTAINTY_ASSIGNED_CONTEXT ( ( #8834 ) ) GLOBAL_UNIT_ASSIGNED_CONTEXT ( ( #11684, #4004, #304 ) ) REPRESENTATION_CONTEXT ( 'NONE', 'WORKASPACE' ) );
#8940 = LINE ( 'NONE', #1327, #9734 ) ;
#8941 = CARTESIAN_POINT ( 'NONE',  ( -0.1999999999999830247, 5.009999999999999787, -0.1000000000000000056 ) ) ;
#8942 = AXIS2_PLACEMENT_3D ( 'NONE', #6429, #8543, #3799 ) ;
#8943 = VERTEX_POINT ( 'NONE', #11127 ) ;
#8944 = VERTEX_POINT ( 'NONE', #5848 ) ;
#8945 = DIRECTION ( 'NONE',  ( 1.000000000000000000, 0.000000000000000000, 0.000000000000000000 ) ) ;
#8946 = PRESENTATION_LAYER_ASSIGNMENT (  '', '', ( #5158 ) ) ;
#8947 = ORIENTED_EDGE ( 'NONE', *, *, #7271, .F. ) ;
#8948 = FACE_OUTER_BOUND ( 'NONE', #357, .T. ) ;
#8949 = EDGE_CURVE ( 'NONE', #6959, #326, #9657, .T. ) ;
#8950 = MECHANICAL_DESIGN_GEOMETRIC_PRESENTATION_REPRESENTATION (  '', ( #2749 ), #8550 ) ;
#8951 = LINE ( 'NONE', #10642, #10016 ) ;
#8952 = SURFACE_SIDE_STYLE ('',( #5031 ) ) ;
#8953 = DIRECTION ( 'NONE',  ( 0.000000000000000000, 0.000000000000000000, -1.000000000000000000 ) ) ;
#8954 = STYLED_ITEM ( 'NONE', ( #1052 ), #7636 ) ;
#8955 = DIRECTION ( 'NONE',  ( 1.000000000000000000, -3.491481338843135327E-15, 0.000000000000000000 ) ) ;
#8956 = SURFACE_STYLE_FILL_AREA ( #1607 ) ;
#8957 = ORIENTED_EDGE ( 'NONE', *, *, #4944, .F. ) ;
#8958 = STYLED_ITEM ( 'NONE', ( #2760 ), #1947 ) ;
#8959 = AXIS2_PLACEMENT_3D ( 'NONE', #8495, #7550, #8436 ) ;
#8960 = ORIENTED_EDGE ( 'NONE', *, *, #8072, .F. ) ;
#8961 = ORIENTED_EDGE ( 'NONE', *, *, #6502, .F. ) ;
#8962 = SURFACE_STYLE_FILL_AREA ( #5274 ) ;
#8963 = UNCERTAINTY_MEASURE_WITH_UNIT (LENGTH_MEASURE( 1.000000000000000082E-05 ), #4645, 'distance_accuracy_value', 'NONE');
#8964 = AXIS2_PLACEMENT_3D ( 'NONE', #6097, #1187, #9919 ) ;
#8965 = COLOUR_RGB ( '',0.5372549019607842924, 0.6235294117647058876, 0.000000000000000000 ) ;
#8966 = CARTESIAN_POINT ( 'NONE',  ( 5.000000000000000000, 2.339999999999999858, -0.2999999999999999889 ) ) ;
#8967 = LINE ( 'NONE', #9837, #5732 ) ;
#8968 = CARTESIAN_POINT ( 'NONE',  ( 5.009999999999999787, -0.2000000000000000111, -0.1000000000000000056 ) ) ;
#8969 = VERTEX_POINT ( 'NONE', #12059 ) ;
#8970 = SURFACE_SIDE_STYLE ('',( #5349 ) ) ;
#8971 = ORIENTED_EDGE ( 'NONE', *, *, #4096, .F. ) ;
#8972 = EDGE_LOOP ( 'NONE', ( #2617, #9032, #12335, #3334, #891, #449, #2408, #8242 ) ) ;
#8973 = PRESENTATION_LAYER_ASSIGNMENT (  '', '', ( #4997 ) ) ;
#8974 = VECTOR ( 'NONE', #9391, 1000.000000000000000 ) ;
#8975 = FACE_OUTER_BOUND ( 'NONE', #7398, .T. ) ;
#8976 = ORIENTED_EDGE ( 'NONE', *, *, #5573, .T. ) ;
#8977 = SURFACE_STYLE_FILL_AREA ( #2316 ) ;
#8978 = EDGE_CURVE ( 'NONE', #10458, #2973, #8951, .T. ) ;
#8979 =( NAMED_UNIT ( * ) PLANE_ANGLE_UNIT ( ) SI_UNIT ( $, .RADIAN. ) );
#8980 = PRESENTATION_LAYER_ASSIGNMENT (  '', '', ( #4793 ) ) ;
#8981 = PLANE ( 'NONE',  #11900 ) ;
#8982 = CARTESIAN_POINT ( 'NONE',  ( 4.750000000000000000, -2.939999999999999947, 1.100000000000000089 ) ) ;
#8983 = DIRECTION ( 'NONE',  ( 0.000000000000000000, 0.000000000000000000, 1.000000000000000000 ) ) ;
#8984 = CARTESIAN_POINT ( 'NONE',  ( 2.339999999999999858, 5.009999999999999787, 1.100000000000000089 ) ) ;
#8985 = SURFACE_SIDE_STYLE ('',( #6174 ) ) ;
#8986 = DIRECTION ( 'NONE',  ( 1.000000000000000000, 0.000000000000000000, 0.000000000000000000 ) ) ;
#8987 = ORIENTED_EDGE ( 'NONE', *, *, #1008, .F. ) ;
#8988 =( GEOMETRIC_REPRESENTATION_CONTEXT ( 3 ) GLOBAL_UNCERTAINTY_ASSIGNED_CONTEXT ( ( #136 ) ) GLOBAL_UNIT_ASSIGNED_CONTEXT ( ( #5876, #5115, #10676 ) ) REPRESENTATION_CONTEXT ( 'NONE', 'WORKASPACE' ) );
#8989 = LINE ( 'NONE', #11938, #9761 ) ;
#8990 = EDGE_CURVE ( 'NONE', #9960, #2436, #5962, .T. ) ;
#8991 = AXIS2_PLACEMENT_3D ( 'NONE', #3161, #3234, #7044 ) ;
#8992 = VERTEX_POINT ( 'NONE', #11833 ) ;
#8993 = DIRECTION ( 'NONE',  ( 0.000000000000000000, -1.000000000000000000, 0.000000000000000000 ) ) ;
#8994 = UNCERTAINTY_MEASURE_WITH_UNIT (LENGTH_MEASURE( 1.000000000000000082E-05 ), #5027, 'distance_accuracy_value', 'NONE');
#8995 = PRESENTATION_STYLE_ASSIGNMENT (( #1318 ) ) ;
#8996 = LINE ( 'NONE', #7965, #9168 ) ;
#8997 = LINE ( 'NONE', #11021, #7766 ) ;
#8998 = MECHANICAL_DESIGN_GEOMETRIC_PRESENTATION_REPRESENTATION (  '', ( #1161 ), #6609 ) ;
#8999 = LINE ( 'NONE', #380, #8071 ) ;
#9000 = CARTESIAN_POINT ( 'NONE',  ( 5.000000000000000000, 1.469999999999999973, -0.2999999999999999889 ) ) ;
#9001 = CARTESIAN_POINT ( 'NONE',  ( 5.000000000000000000, 5.000000000000000000, 1.000000000000000000 ) ) ;
#9002 = LINE ( 'NONE', #8170, #4909 ) ;
#9003 = PRESENTATION_LAYER_ASSIGNMENT (  '', '', ( #6822 ) ) ;
#9004 = LINE ( 'NONE', #9064, #11361 ) ;
#9005 = ADVANCED_FACE ( 'NONE', ( #9773 ), #7803, .F. ) ;
#9006 = ORIENTED_EDGE ( 'NONE', *, *, #11246, .F. ) ;
#9007 = ADVANCED_FACE ( 'NONE', ( #3268 ), #3070, .F. ) ;
#9008 = ORIENTED_EDGE ( 'NONE', *, *, #794, .F. ) ;
#9009 = DIRECTION ( 'NONE',  ( -1.000000000000000000, 0.000000000000000000, 0.000000000000000000 ) ) ;
#9010 = STYLED_ITEM ( 'NONE', ( #11615 ), #5989 ) ;
#9011 = ORIENTED_EDGE ( 'NONE', *, *, #6139, .T. ) ;
#9012 = CARTESIAN_POINT ( 'NONE',  ( -4.250000000000000000, 1.670000000000000151, -0.1000000000000000056 ) ) ;
#9013 = CARTESIAN_POINT ( 'NONE',  ( -1.670000000000000151, 4.250000000000000000, 0.000000000000000000 ) ) ;
#9014 = FILL_AREA_STYLE_COLOUR ( '', #2930 ) ;
#9015 = COLOUR_RGB ( '',1.000000000000000000, 0.8117647058823529438, 0.5019607843137254832 ) ;
#9016 = LINE ( 'NONE', #5083, #9828 ) ;
#9017 = FILL_AREA_STYLE_COLOUR ( '', #7546 ) ;
#9018 = CARTESIAN_POINT ( 'NONE',  ( -5.009999999999999787, -2.540000000000000036, 0.000000000000000000 ) ) ;
#9019 = ORIENTED_EDGE ( 'NONE', *, *, #6277, .T. ) ;
#9020 = PRESENTATION_LAYER_ASSIGNMENT (  '', '', ( #7958 ) ) ;
#9021 = SURFACE_SIDE_STYLE ('',( #7085 ) ) ;
#9022 = VERTEX_POINT ( 'NONE', #10840 ) ;
#9023 = ADVANCED_FACE ( 'NONE', ( #5145 ), #6137, .F. ) ;
#9024 = EDGE_LOOP ( 'NONE', ( #400, #5353, #9973, #3900 ) ) ;
#9025 = PLANE ( 'NONE',  #2148 ) ;
#9026 = STYLED_ITEM ( 'NONE', ( #196 ), #9179 ) ;
#9027 = FILL_AREA_STYLE_COLOUR ( '', #5229 ) ;
#9028 = CARTESIAN_POINT ( 'NONE',  ( 0.8699999999999490363, -5.000000000000000000, 1.000000000000000000 ) ) ;
#9029 = DIRECTION ( 'NONE',  ( 1.000000000000000000, -1.047444401652940164E-14, 0.000000000000000000 ) ) ;
#9030 = FILL_AREA_STYLE ('',( #6036 ) ) ;
#9031 = VECTOR ( 'NONE', #10974, 1000.000000000000000 ) ;
#9032 = ORIENTED_EDGE ( 'NONE', *, *, #12023, .F. ) ;
#9033 = FILL_AREA_STYLE ('',( #3471 ) ) ;
#9034 = DIRECTION ( 'NONE',  ( 1.000000000000000000, -3.491481338843135327E-15, 0.000000000000000000 ) ) ;
#9035 = ORIENTED_EDGE ( 'NONE', *, *, #2509, .F. ) ;
#9036 = ORIENTED_EDGE ( 'NONE', *, *, #1580, .F. ) ;
#9037 = CARTESIAN_POINT ( 'NONE',  ( -5.000000000000000000, -5.000000000000000000, 1.000000000000000000 ) ) ;
#9038 = ORIENTED_EDGE ( 'NONE', *, *, #10270, .F. ) ;
#9039 = VERTEX_POINT ( 'NONE', #8185 ) ;
#9040 = FILL_AREA_STYLE_COLOUR ( '', #8144 ) ;
#9041 = PRESENTATION_STYLE_ASSIGNMENT (( #10037 ) ) ;
#9042 = PRESENTATION_LAYER_ASSIGNMENT (  '', '', ( #1002 ) ) ;
#9043 = FILL_AREA_STYLE_COLOUR ( '', #454 ) ;
#9044 = FILL_AREA_STYLE_COLOUR ( '', #10156 ) ;
#9045 = FILL_AREA_STYLE_COLOUR ( '', #2349 ) ;
#9046 = DIRECTION ( 'NONE',  ( 0.000000000000000000, 1.000000000000000000, 0.000000000000000000 ) ) ;
#9047 =( LENGTH_UNIT ( ) NAMED_UNIT ( * ) SI_UNIT ( .MILLI., .METRE. ) );
#9048 = CARTESIAN_POINT ( 'NONE',  ( -5.000000000000000000, 2.540000000000000036, 1.100000000000000089 ) ) ;
#9049 = EDGE_CURVE ( 'NONE', #6348, #326, #5461, .T. ) ;
#9050 = CARTESIAN_POINT ( 'NONE',  ( -2.540000000000055103, -5.009999999999999787, 0.000000000000000000 ) ) ;
#9051 = FILL_AREA_STYLE ('',( #6104 ) ) ;
#9052 = SURFACE_STYLE_USAGE ( .BOTH. , #9804 ) ;
#9053 = VECTOR ( 'NONE', #6222, 1000.000000000000000 ) ;
#9054 = ORIENTED_EDGE ( 'NONE', *, *, #11821, .F. ) ;
#9055 = LINE ( 'NONE', #3298, #5373 ) ;
#9056 = VERTEX_POINT ( 'NONE', #4334 ) ;
#9057 = CARTESIAN_POINT ( 'NONE',  ( -0.8699999999999830091, 5.009999999999999787, 1.100000000000000089 ) ) ;
#9058 = FACE_OUTER_BOUND ( 'NONE', #3846, .T. ) ;
#9059 = CARTESIAN_POINT ( 'NONE',  ( -1.270000000000052198, -5.000000000000000000, 1.100000000000000089 ) ) ;
#9060 = DIRECTION ( 'NONE',  ( 3.491481338843135327E-15, 1.000000000000000000, 0.000000000000000000 ) ) ;
#9061 = DIRECTION ( 'NONE',  ( -0.000000000000000000, 1.000000000000000000, 0.000000000000000000 ) ) ;
#9062 = ADVANCED_FACE ( 'NONE', ( #3326 ), #6395, .F. ) ;
#9063 = DIRECTION ( 'NONE',  ( -1.047444401652940164E-14, -1.000000000000000000, 0.000000000000000000 ) ) ;
#9064 = CARTESIAN_POINT ( 'NONE',  ( -2.140000000000049862, -5.009999999999999787, -0.1000000000000000056 ) ) ;
#9065 = SURFACE_SIDE_STYLE ('',( #5390 ) ) ;
#9066 = ORIENTED_EDGE ( 'NONE', *, *, #5240, .T. ) ;
#9067 = ORIENTED_EDGE ( 'NONE', *, *, #4364, .T. ) ;
#9068 = VERTEX_POINT ( 'NONE', #6458 ) ;
#9069 = CARTESIAN_POINT ( 'NONE',  ( -4.750000000000000000, 0.4000000000000000222, 1.100000000000000089 ) ) ;
#9070 = ORIENTED_EDGE ( 'NONE', *, *, #2583, .T. ) ;
#9071 = FILL_AREA_STYLE_COLOUR ( '', #5119 ) ;
#9072 = CARTESIAN_POINT ( 'NONE',  ( -0.3999999999999835354, 5.000000000000000000, -0.1000000000000000056 ) ) ;
#9073 = DIRECTION ( 'NONE',  ( 0.000000000000000000, 0.000000000000000000, -1.000000000000000000 ) ) ;
#9074 = FILL_AREA_STYLE_COLOUR ( '', #2296 ) ;
#9075 = ADVANCED_FACE ( 'NONE', ( #3509 ), #8041, .F. ) ;
#9076 = FACE_OUTER_BOUND ( 'NONE', #6085, .T. ) ;
#9077 = DIRECTION ( 'NONE',  ( 0.000000000000000000, 1.000000000000000000, 0.000000000000000000 ) ) ;
#9078 = COLOUR_RGB ( '',1.000000000000000000, 0.8117647058823529438, 0.5019607843137254832 ) ;
#9079 = SURFACE_STYLE_FILL_AREA ( #4518 ) ;
#9080 = ORIENTED_EDGE ( 'NONE', *, *, #4907, .T. ) ;
#9081 = EDGE_LOOP ( 'NONE', ( #11304, #7243, #1114, #1848 ) ) ;
#9082 = DIRECTION ( 'NONE',  ( 0.000000000000000000, 0.000000000000000000, 1.000000000000000000 ) ) ;
#9083 = CARTESIAN_POINT ( 'NONE',  ( -5.000000000000000000, 5.000000000000000000, 0.000000000000000000 ) ) ;
#9084 = SURFACE_SIDE_STYLE ('',( #4347 ) ) ;
#9085 = DIRECTION ( 'NONE',  ( -1.000000000000000000, 0.000000000000000000, 0.000000000000000000 ) ) ;
#9086 = ADVANCED_FACE ( 'NONE', ( #10505 ), #8451, .F. ) ;
#9087 = ADVANCED_FACE ( 'NONE', ( #8381 ), #5696, .T. ) ;
#9088 = DIRECTION ( 'NONE',  ( 0.000000000000000000, 0.000000000000000000, 1.000000000000000000 ) ) ;
#9089 = ORIENTED_EDGE ( 'NONE', *, *, #8861, .T. ) ;
#9090 = FACE_OUTER_BOUND ( 'NONE', #6692, .T. ) ;
#9091 = VERTEX_POINT ( 'NONE', #4759 ) ;
#9092 = PRESENTATION_STYLE_ASSIGNMENT (( #1559 ) ) ;
#9093 = VERTEX_POINT ( 'NONE', #3829 ) ;
#9094 = UNCERTAINTY_MEASURE_WITH_UNIT (LENGTH_MEASURE( 1.000000000000000082E-05 ), #106, 'distance_accuracy_value', 'NONE');
#9095 = ORIENTED_EDGE ( 'NONE', *, *, #10928, .T. ) ;
#9096 = SURFACE_STYLE_FILL_AREA ( #3478 ) ;
#9097 = VECTOR ( 'NONE', #10001, 1000.000000000000000 ) ;
#9098 = SURFACE_SIDE_STYLE ('',( #10358 ) ) ;
#9099 = STYLED_ITEM ( 'NONE', ( #772 ), #3267 ) ;
#9100 = AXIS2_PLACEMENT_3D ( 'NONE', #8889, #6027, #1100 ) ;
#9101 = FILL_AREA_STYLE ('',( #5290 ) ) ;
#9102 = SURFACE_STYLE_FILL_AREA ( #1237 ) ;
#9103 = STYLED_ITEM ( 'NONE', ( #8809 ), #10453 ) ;
#9104 = LINE ( 'NONE', #4368, #3504 ) ;
#9105 = EDGE_CURVE ( 'NONE', #11413, #10793, #7668, .T. ) ;
#9106 = SURFACE_STYLE_FILL_AREA ( #8277 ) ;
#9107 = PLANE ( 'NONE',  #7107 ) ;
#9108 = SURFACE_STYLE_FILL_AREA ( #10873 ) ;
#9109 = CARTESIAN_POINT ( 'NONE',  ( -4.250000000000000000, 2.939999999999999947, -0.1000000000000000056 ) ) ;
#9110 = ORIENTED_EDGE ( 'NONE', *, *, #3860, .F. ) ;
#9111 = AXIS2_PLACEMENT_3D ( 'NONE', #5773, #6525, #10516 ) ;
#9112 = COLOUR_RGB ( '',1.000000000000000000, 0.8117647058823529438, 0.5019607843137254832 ) ;
#9113 = DIRECTION ( 'NONE',  ( 0.000000000000000000, 0.000000000000000000, -1.000000000000000000 ) ) ;
#9114 = VECTOR ( 'NONE', #4058, 1000.000000000000000 ) ;
#9115 = COLOUR_RGB ( '',1.000000000000000000, 0.8117647058823529438, 0.5019607843137254832 ) ;
#9116 = CIRCLE ( 'NONE', #3124, 0.1999999999999996503 ) ;
#9117 = ORIENTED_EDGE ( 'NONE', *, *, #2883, .F. ) ;
#9118 = SURFACE_SIDE_STYLE ('',( #6183 ) ) ;
#9119 = ADVANCED_FACE ( 'NONE', ( #11530 ), #2942, .T. ) ;
#9120 = UNCERTAINTY_MEASURE_WITH_UNIT (LENGTH_MEASURE( 1.000000000000000082E-05 ), #843, 'distance_accuracy_value', 'NONE');
#9121 = SURFACE_STYLE_USAGE ( .BOTH. , #8023 ) ;
#9122 = FACE_OUTER_BOUND ( 'NONE', #9770, .T. ) ;
#9123 = FACE_OUTER_BOUND ( 'NONE', #1600, .T. ) ;
#9124 = VECTOR ( 'NONE', #1645, 1000.000000000000000 ) ;
#9125 = LINE ( 'NONE', #509, #5729 ) ;
#9126 = AXIS2_PLACEMENT_3D ( 'NONE', #11931, #7178, #5432 ) ;
#9127 = CYLINDRICAL_SURFACE ( 'NONE', #11549, 0.1999999999999996503 ) ;
#9128 = DIRECTION ( 'NONE',  ( 0.000000000000000000, 0.000000000000000000, 1.000000000000000000 ) ) ;
#9129 = VECTOR ( 'NONE', #6613, 1000.000000000000000 ) ;
#9130 = COLOUR_RGB ( '',1.000000000000000000, 0.8117647058823529438, 0.5019607843137254832 ) ;
#9131 = CARTESIAN_POINT ( 'NONE',  ( -2.740000000000049507, -5.009999999999999787, 1.100000000000000089 ) ) ;
#9132 = SURFACE_STYLE_FILL_AREA ( #513 ) ;
#9133 = ORIENTED_EDGE ( 'NONE', *, *, #4738, .T. ) ;
#9134 = ORIENTED_EDGE ( 'NONE', *, *, #1590, .F. ) ;
#9135 = ORIENTED_EDGE ( 'NONE', *, *, #277, .T. ) ;
#9136 = PLANE ( 'NONE',  #5393 ) ;
#9137 =( GEOMETRIC_REPRESENTATION_CONTEXT ( 3 ) GLOBAL_UNCERTAINTY_ASSIGNED_CONTEXT ( ( #5667 ) ) GLOBAL_UNIT_ASSIGNED_CONTEXT ( ( #397, #3328, #10975 ) ) REPRESENTATION_CONTEXT ( 'NONE', 'WORKASPACE' ) );
#9138 = EDGE_CURVE ( 'NONE', #8401, #8067, #4014, .T. ) ;
#9139 = VECTOR ( 'NONE', #11278, 1000.000000000000000 ) ;
#9140 = VERTEX_POINT ( 'NONE', #1013 ) ;
#9141 = SURFACE_STYLE_USAGE ( .BOTH. , #8113 ) ;
#9142 = CARTESIAN_POINT ( 'NONE',  ( 5.000000000000000000, 0.2000000000000000111, -0.1000000000000000056 ) ) ;
#9143 = FILL_AREA_STYLE_COLOUR ( '', #12033 ) ;
#9144 = DIRECTION ( 'NONE',  ( -1.000000000000000000, 1.047444401652940164E-14, 0.000000000000000000 ) ) ;
#9145 = CARTESIAN_POINT ( 'NONE',  ( 4.750000000000000000, -1.670000000000000151, 1.100000000000000089 ) ) ;
#9146 =( GEOMETRIC_REPRESENTATION_CONTEXT ( 3 ) GLOBAL_UNCERTAINTY_ASSIGNED_CONTEXT ( ( #12287 ) ) GLOBAL_UNIT_ASSIGNED_CONTEXT ( ( #4486, #9366, #10429 ) ) REPRESENTATION_CONTEXT ( 'NONE', 'WORKASPACE' ) );
#9147 = FILL_AREA_STYLE ('',( #599 ) ) ;
#9148 = CIRCLE ( 'NONE', #3756, 0.1999999999999996503 ) ;
#9149 = VECTOR ( 'NONE', #9636, 1000.000000000000000 ) ;
#9150 = VERTEX_POINT ( 'NONE', #1977 ) ;
#9151 = ORIENTED_EDGE ( 'NONE', *, *, #6020, .T. ) ;
#9152 =( NAMED_UNIT ( * ) PLANE_ANGLE_UNIT ( ) SI_UNIT ( $, .RADIAN. ) );
#9153 = EDGE_CURVE ( 'NONE', #7348, #11883, #3058, .T. ) ;
#9154 = LINE ( 'NONE', #1615, #9698 ) ;
#9155 =( GEOMETRIC_REPRESENTATION_CONTEXT ( 3 ) GLOBAL_UNCERTAINTY_ASSIGNED_CONTEXT ( ( #11195 ) ) GLOBAL_UNIT_ASSIGNED_CONTEXT ( ( #7942, #8064, #1421 ) ) REPRESENTATION_CONTEXT ( 'NONE', 'WORKASPACE' ) );
#9156 = STYLED_ITEM ( 'NONE', ( #10465 ), #7295 ) ;
#9157 = CARTESIAN_POINT ( 'NONE',  ( 5.009999999999999787, 1.270000000000000018, 0.000000000000000000 ) ) ;
#9158 = SURFACE_STYLE_FILL_AREA ( #6282 ) ;
#9159 = DIRECTION ( 'NONE',  ( 0.000000000000000000, 0.000000000000000000, 1.000000000000000000 ) ) ;
#9160 = FACE_OUTER_BOUND ( 'NONE', #4343, .T. ) ;
#9161 = STYLED_ITEM ( 'NONE', ( #10319 ), #1023 ) ;
#9162 =( NAMED_UNIT ( * ) SI_UNIT ( $, .STERADIAN. ) SOLID_ANGLE_UNIT ( ) );
#9163 = FILL_AREA_STYLE ('',( #4415 ) ) ;
#9164 = ORIENTED_EDGE ( 'NONE', *, *, #9368, .T. ) ;
#9165 = SURFACE_SIDE_STYLE ('',( #2372 ) ) ;
#9166 = ORIENTED_EDGE ( 'NONE', *, *, #771, .F. ) ;
#9167 = ORIENTED_EDGE ( 'NONE', *, *, #3648, .F. ) ;
#9168 = VECTOR ( 'NONE', #12015, 1000.000000000000000 ) ;
#9169 = PRESENTATION_STYLE_ASSIGNMENT (( #1485 ) ) ;
#9170 = ORIENTED_EDGE ( 'NONE', *, *, #4877, .F. ) ;
#9171 = ORIENTED_EDGE ( 'NONE', *, *, #221, .T. ) ;
#9172 = CARTESIAN_POINT ( 'NONE',  ( -4.250000000000000000, -4.250000000000000000, 2.500000000000000000 ) ) ;
#9173 = VECTOR ( 'NONE', #9344, 1000.000000000000000 ) ;
#9174 = EDGE_CURVE ( 'NONE', #1345, #2191, #140, .T. ) ;
#9175 = EDGE_CURVE ( 'NONE', #7837, #7382, #8747, .T. ) ;
#9176 = VECTOR ( 'NONE', #805, 1000.000000000000000 ) ;
#9177 = PLANE ( 'NONE',  #12352 ) ;
#9178 = SURFACE_STYLE_FILL_AREA ( #5428 ) ;
#9179 = ADVANCED_FACE ( 'NONE', ( #9760 ), #9815, .T. ) ;
#9180 = DIRECTION ( 'NONE',  ( -1.000000000000000000, -1.734723475976804876E-16, 0.000000000000000000 ) ) ;
#9181 = DIRECTION ( 'NONE',  ( 0.000000000000000000, 0.000000000000000000, 1.000000000000000000 ) ) ;
#9182 = VECTOR ( 'NONE', #12242, 1000.000000000000000 ) ;
#9183 = CARTESIAN_POINT ( 'NONE',  ( -5.000000000000000000, 1.270000000000000018, 1.100000000000000089 ) ) ;
#9184 = FACE_OUTER_BOUND ( 'NONE', #7979, .T. ) ;
#9185 = DIRECTION ( 'NONE',  ( -0.000000000000000000, 1.000000000000000000, 0.000000000000000000 ) ) ;
#9186 = ORIENTED_EDGE ( 'NONE', *, *, #11622, .F. ) ;
#9188 = EDGE_CURVE ( 'NONE', #7499, #10351, #4045, .T. ) ;
#9187 =( GEOMETRIC_REPRESENTATION_CONTEXT ( 3 ) GLOBAL_UNCERTAINTY_ASSIGNED_CONTEXT ( ( #7879 ) ) GLOBAL_UNIT_ASSIGNED_CONTEXT ( ( #121, #11743, #4548 ) ) REPRESENTATION_CONTEXT ( 'NONE', 'WORKASPACE' ) );
#9189 = CARTESIAN_POINT ( 'NONE',  ( 5.000000000000000000, 2.140000000000000124, 1.100000000000000089 ) ) ;
#9190 = VERTEX_POINT ( 'NONE', #8871 ) ;
#9191 = LINE ( 'NONE', #12068, #5992 ) ;
#9192 = STYLED_ITEM ( 'NONE', ( #435 ), #1509 ) ;
#9193 = MECHANICAL_DESIGN_GEOMETRIC_PRESENTATION_REPRESENTATION (  '', ( #7759 ), #9589 ) ;
#9194 = LINE ( 'NONE', #580, #145 ) ;
#9195 = SURFACE_STYLE_USAGE ( .BOTH. , #7471 ) ;
#9196 = EDGE_CURVE ( 'NONE', #11841, #7583, #4135, .T. ) ;
#9197 = DIRECTION ( 'NONE',  ( 0.000000000000000000, 0.000000000000000000, 1.000000000000000000 ) ) ;
#9198 = VECTOR ( 'NONE', #10891, 1000.000000000000000 ) ;
#9199 = LINE ( 'NONE', #4568, #12046 ) ;
#9200 = SURFACE_STYLE_USAGE ( .BOTH. , #8172 ) ;
#9201 = COLOUR_RGB ( '',1.000000000000000000, 0.8117647058823529438, 0.5019607843137254832 ) ;
#9202 = ORIENTED_EDGE ( 'NONE', *, *, #11652, .T. ) ;
#9203 = VERTEX_POINT ( 'NONE', #10829 ) ;
#9204 = VERTEX_POINT ( 'NONE', #8937 ) ;
#9205 = SURFACE_STYLE_USAGE ( .BOTH. , #8246 ) ;
#9206 = DIRECTION ( 'NONE',  ( 0.000000000000000000, 0.000000000000000000, 1.000000000000000000 ) ) ;
#9207 = VECTOR ( 'NONE', #11446, 1000.000000000000000 ) ;
#9208 = VECTOR ( 'NONE', #6034, 1000.000000000000000 ) ;
#9209 =( LENGTH_UNIT ( ) NAMED_UNIT ( * ) SI_UNIT ( .MILLI., .METRE. ) );
#9210 = MECHANICAL_DESIGN_GEOMETRIC_PRESENTATION_REPRESENTATION (  '', ( #7009 ), #10803 ) ;
#9211 = SURFACE_STYLE_FILL_AREA ( #2474 ) ;
#9212 = CARTESIAN_POINT ( 'NONE',  ( 4.250000000000000000, -2.939999999999999947, -0.1000000000000000056 ) ) ;
#9213 = LINE ( 'NONE', #8384, #2283 ) ;
#9214 = LINE ( 'NONE', #5329, #10125 ) ;
#9215 = ADVANCED_FACE ( 'NONE', ( #316 ), #5831, .F. ) ;
#9216 = MECHANICAL_DESIGN_GEOMETRIC_PRESENTATION_REPRESENTATION (  '', ( #6218 ), #582 ) ;
#9217 = EDGE_LOOP ( 'NONE', ( #8596, #2808, #6001, #7458 ) ) ;
#9218 = EDGE_LOOP ( 'NONE', ( #3587, #4822, #353, #12143, #149, #10190, #3461, #3106 ) ) ;
#9219 =( GEOMETRIC_REPRESENTATION_CONTEXT ( 3 ) GLOBAL_UNCERTAINTY_ASSIGNED_CONTEXT ( ( #9864 ) ) GLOBAL_UNIT_ASSIGNED_CONTEXT ( ( #5486, #6361, #8273 ) ) REPRESENTATION_CONTEXT ( 'NONE', 'WORKASPACE' ) );
#9220 = ORIENTED_EDGE ( 'NONE', *, *, #3394, .F. ) ;
#9221 = ORIENTED_EDGE ( 'NONE', *, *, #10442, .F. ) ;
#9222 = LINE ( 'NONE', #9083, #3097 ) ;
#9223 = LINE ( 'NONE', #3700, #3967 ) ;
#9224 = DIRECTION ( 'NONE',  ( -1.047444401652940164E-14, -1.000000000000000000, 0.000000000000000000 ) ) ;
#9225 = COLOUR_RGB ( '',1.000000000000000000, 0.8117647058823529438, 0.5019607843137254832 ) ;
#9226 = CARTESIAN_POINT ( 'NONE',  ( 1.469999999999948015, -5.009999999999999787, 1.100000000000000089 ) ) ;
#9227 = SURFACE_STYLE_FILL_AREA ( #11376 ) ;
#9228 = ORIENTED_EDGE ( 'NONE', *, *, #11246, .T. ) ;
#9229 = EDGE_CURVE ( 'NONE', #8720, #5210, #4314, .T. ) ;
#9230 = CARTESIAN_POINT ( 'NONE',  ( 5.000000000000000000, 0.8699999999999999956, 1.000000000000000000 ) ) ;
#9231 = FACE_OUTER_BOUND ( 'NONE', #3955, .T. ) ;
#9232 = EDGE_LOOP ( 'NONE', ( #4973, #6756, #8737, #7214, #10780, #5852, #602, #3653 ) ) ;
#9233 = UNCERTAINTY_MEASURE_WITH_UNIT (LENGTH_MEASURE( 1.000000000000000082E-05 ), #12359, 'distance_accuracy_value', 'NONE');
#9234 = ORIENTED_EDGE ( 'NONE', *, *, #3113, .T. ) ;
#9235 = SURFACE_SIDE_STYLE ('',( #9178 ) ) ;
#9236 = DIRECTION ( 'NONE',  ( -1.020425574104003999E-16, 1.000000000000000000, 0.000000000000000000 ) ) ;
#9237 = CARTESIAN_POINT ( 'NONE',  ( 0.8700000000000169820, 5.000000000000000000, 0.000000000000000000 ) ) ;
#9238 = FILL_AREA_STYLE_COLOUR ( '', #12231 ) ;
#9239 = FILL_AREA_STYLE ('',( #7462 ) ) ;
#9240 = AXIS2_PLACEMENT_3D ( 'NONE', #8368, #11277, #1647 ) ;
#9241 = LINE ( 'NONE', #4482, #9724 ) ;
#9242 = FILL_AREA_STYLE ('',( #1574 ) ) ;
#9243 = ADVANCED_FACE ( 'NONE', ( #5251 ), #10118, .F. ) ;
#9244 = FILL_AREA_STYLE ('',( #6369 ) ) ;
#9245 = ORIENTED_EDGE ( 'NONE', *, *, #1476, .T. ) ;
#9246 = VECTOR ( 'NONE', #2052, 1000.000000000000000 ) ;
#9247 = CARTESIAN_POINT ( 'NONE',  ( 5.000000000000000000, -2.540000000000000036, -0.1000000000000000056 ) ) ;
#9248 = EDGE_LOOP ( 'NONE', ( #8223, #9323, #10745, #6285 ) ) ;
#9249 = CARTESIAN_POINT ( 'NONE',  ( -2.540000000000050218, -5.000000000000000000, 1.100000000000000089 ) ) ;
#9250 = DIRECTION ( 'NONE',  ( 0.000000000000000000, 0.000000000000000000, 1.000000000000000000 ) ) ;
#9251 = FILL_AREA_STYLE ('',( #11143 ) ) ;
#9252 = PRESENTATION_STYLE_ASSIGNMENT (( #7543 ) ) ;
#9253 = CARTESIAN_POINT ( 'NONE',  ( 2.339999999999999858, 5.009999999999999787, -0.1000000000000000056 ) ) ;
#9254 = DIRECTION ( 'NONE',  ( 1.030097166893172093E-14, 1.000000000000000000, 0.000000000000000000 ) ) ;
#9255 = CARTESIAN_POINT ( 'NONE',  ( -0.4000000000000519806, -5.009999999999999787, -0.1000000000000000056 ) ) ;
#9256 = FILL_AREA_STYLE ('',( #5310 ) ) ;
#9257 = EDGE_CURVE ( 'NONE', #2379, #9503, #4444, .T. ) ;
#9258 = CARTESIAN_POINT ( 'NONE',  ( 5.009999999999999787, -0.2000000000000000111, 1.100000000000000089 ) ) ;
#9259 = EDGE_CURVE ( 'NONE', #8696, #11377, #3498, .T. ) ;
#9260 = SURFACE_SIDE_STYLE ('',( #5505 ) ) ;
#9261 =( NAMED_UNIT ( * ) SI_UNIT ( $, .STERADIAN. ) SOLID_ANGLE_UNIT ( ) );
#9262 = ORIENTED_EDGE ( 'NONE', *, *, #8120, .F. ) ;
#9263 = ORIENTED_EDGE ( 'NONE', *, *, #6422, .F. ) ;
#9264 = ORIENTED_EDGE ( 'NONE', *, *, #6866, .F. ) ;
#9265 = ORIENTED_EDGE ( 'NONE', *, *, #5186, .T. ) ;
#9266 = VECTOR ( 'NONE', #3527, 1000.000000000000000 ) ;
#9267 = LINE ( 'NONE', #4579, #10983 ) ;
#9268 = FILL_AREA_STYLE ('',( #7325 ) ) ;
#9269 = DIRECTION ( 'NONE',  ( 1.000000000000000000, -1.047444401652940164E-14, 0.000000000000000000 ) ) ;
#9270 = CARTESIAN_POINT ( 'NONE',  ( -2.940000000000049685, -4.750000000000000000, 1.100000000000000089 ) ) ;
#9271 = VERTEX_POINT ( 'NONE', #7305 ) ;
#9272 = CARTESIAN_POINT ( 'NONE',  ( -0.8700000000000489564, -4.750000000000000000, 1.100000000000000089 ) ) ;
#9273 = ORIENTED_EDGE ( 'NONE', *, *, #3394, .T. ) ;
#9274 = ORIENTED_EDGE ( 'NONE', *, *, #3978, .T. ) ;
#9275 = SURFACE_STYLE_FILL_AREA ( #2638 ) ;
#9276 = ADVANCED_FACE ( 'NONE', ( #11146 ), #6385, .F. ) ;
#9277 = SURFACE_STYLE_USAGE ( .BOTH. , #539 ) ;
#9278 = FACE_OUTER_BOUND ( 'NONE', #2084, .T. ) ;
#9279 = PLANE ( 'NONE',  #4263 ) ;
#9280 = ORIENTED_EDGE ( 'NONE', *, *, #1623, .T. ) ;
#9281 = SURFACE_STYLE_FILL_AREA ( #4535 ) ;
#9282 = ORIENTED_EDGE ( 'NONE', *, *, #9229, .F. ) ;
#9283 = SURFACE_STYLE_USAGE ( .BOTH. , #852 ) ;
#9284 = ORIENTED_EDGE ( 'NONE', *, *, #4808, .F. ) ;
#9285 = ORIENTED_EDGE ( 'NONE', *, *, #1045, .F. ) ;
#9286 = VECTOR ( 'NONE', #4651, 1000.000000000000000 ) ;
#9287 = ADVANCED_FACE ( 'NONE', ( #6632 ), #4814, .T. ) ;
#9288 = DIRECTION ( 'NONE',  ( 1.000000000000000000, 0.000000000000000000, 0.000000000000000000 ) ) ;
#9289 = PLANE ( 'NONE',  #11115 ) ;
#9290 = FILL_AREA_STYLE_COLOUR ( '', #3781 ) ;
#9291 = PRESENTATION_STYLE_ASSIGNMENT (( #2514 ) ) ;
#9292 = MECHANICAL_DESIGN_GEOMETRIC_PRESENTATION_REPRESENTATION (  '', ( #9877 ), #12103 ) ;
#9293 =( NAMED_UNIT ( * ) PLANE_ANGLE_UNIT ( ) SI_UNIT ( $, .RADIAN. ) );
#9294 = DIRECTION ( 'NONE',  ( 1.000000000000000000, -3.491481338843135327E-15, 0.000000000000000000 ) ) ;
#9295 = LINE ( 'NONE', #3613, #10598 ) ;
#9296 =( LENGTH_UNIT ( ) NAMED_UNIT ( * ) SI_UNIT ( .MILLI., .METRE. ) );
#9297 = VERTEX_POINT ( 'NONE', #8433 ) ;
#9298 = LINE ( 'NONE', #9037, #7147 ) ;
#9299 =( NAMED_UNIT ( * ) SI_UNIT ( $, .STERADIAN. ) SOLID_ANGLE_UNIT ( ) );
#9300 = PLANE ( 'NONE',  #7884 ) ;
#9301 = VECTOR ( 'NONE', #6726, 1000.000000000000000 ) ;
#9302 = EDGE_LOOP ( 'NONE', ( #4643, #763, #4574, #5659, #3849, #2, #1555, #9784 ) ) ;
#9303 = DIRECTION ( 'NONE',  ( 0.000000000000000000, 0.000000000000000000, 1.000000000000000000 ) ) ;
#9304 =( GEOMETRIC_REPRESENTATION_CONTEXT ( 3 ) GLOBAL_UNCERTAINTY_ASSIGNED_CONTEXT ( ( #1763 ) ) GLOBAL_UNIT_ASSIGNED_CONTEXT ( ( #3308, #8870, #10756 ) ) REPRESENTATION_CONTEXT ( 'NONE', 'WORKASPACE' ) );
#9305 = EDGE_CURVE ( 'NONE', #7783, #9862, #9394, .T. ) ;
#9306 = LINE ( 'NONE', #3674, #11329 ) ;
#9307 =( NAMED_UNIT ( * ) PLANE_ANGLE_UNIT ( ) SI_UNIT ( $, .RADIAN. ) );
#9308 = SURFACE_STYLE_FILL_AREA ( #4559 ) ;
#9309 = LINE ( 'NONE', #1644, #7218 ) ;
#9310 = CARTESIAN_POINT ( 'NONE',  ( -5.000000000000000000, -5.000000000000000000, 0.000000000000000000 ) ) ;
#9311 = LINE ( 'NONE', #3624, #5658 ) ;
#9312 = PRESENTATION_STYLE_ASSIGNMENT (( #3440 ) ) ;
#9313 = LINE ( 'NONE', #2860, #8074 ) ;
#9314 = MECHANICAL_DESIGN_GEOMETRIC_PRESENTATION_REPRESENTATION (  '', ( #3320 ), #1468 ) ;
#9315 = DIRECTION ( 'NONE',  ( 0.000000000000000000, 1.000000000000000000, 0.000000000000000000 ) ) ;
#9316 =( GEOMETRIC_REPRESENTATION_CONTEXT ( 3 ) GLOBAL_UNCERTAINTY_ASSIGNED_CONTEXT ( ( #12108 ) ) GLOBAL_UNIT_ASSIGNED_CONTEXT ( ( #11984, #5348, #9903 ) ) REPRESENTATION_CONTEXT ( 'NONE', 'WORKASPACE' ) );
#9317 = VERTEX_POINT ( 'NONE', #7476 ) ;
#9318 = PRESENTATION_LAYER_ASSIGNMENT (  '', '', ( #690 ) ) ;
#9319 = VECTOR ( 'NONE', #10688, 1000.000000000000000 ) ;
#9320 = VECTOR ( 'NONE', #2816, 1000.000000000000000 ) ;
#9321 = ORIENTED_EDGE ( 'NONE', *, *, #7020, .T. ) ;
#9322 = ORIENTED_EDGE ( 'NONE', *, *, #3316, .T. ) ;
#9323 = ORIENTED_EDGE ( 'NONE', *, *, #7698, .F. ) ;
#9324 = FACE_OUTER_BOUND ( 'NONE', #10136, .T. ) ;
#9325 = ADVANCED_FACE ( 'NONE', ( #2799 ), #4681, .F. ) ;
#9326 = EDGE_CURVE ( 'NONE', #10460, #10351, #10243, .T. ) ;
#9327 = UNCERTAINTY_MEASURE_WITH_UNIT (LENGTH_MEASURE( 1.000000000000000082E-05 ), #6974, 'distance_accuracy_value', 'NONE');
#9328 = PRESENTATION_STYLE_ASSIGNMENT (( #8447 ) ) ;
#9329 = VECTOR ( 'NONE', #12118, 1000.000000000000000 ) ;
#9330 = DIRECTION ( 'NONE',  ( 0.000000000000000000, 0.000000000000000000, 1.000000000000000000 ) ) ;
#9331 = VECTOR ( 'NONE', #7792, 1000.000000000000000 ) ;
#9332 = FILL_AREA_STYLE_COLOUR ( '', #4020 ) ;
#9333 = STYLED_ITEM ( 'NONE', ( #7856 ), #6638 ) ;
#9334 = SURFACE_STYLE_FILL_AREA ( #4580 ) ;
#9335 = DIRECTION ( 'NONE',  ( 0.000000000000000000, 1.000000000000000000, 0.000000000000000000 ) ) ;
#9336 =( GEOMETRIC_REPRESENTATION_CONTEXT ( 3 ) GLOBAL_UNCERTAINTY_ASSIGNED_CONTEXT ( ( #4050 ) ) GLOBAL_UNIT_ASSIGNED_CONTEXT ( ( #3547, #9293, #684 ) ) REPRESENTATION_CONTEXT ( 'NONE', 'WORKASPACE' ) );
#9337 = ORIENTED_EDGE ( 'NONE', *, *, #9944, .T. ) ;
#9338 = AXIS2_PLACEMENT_3D ( 'NONE', #4744, #9681, #1958 ) ;
#9339 = VERTEX_POINT ( 'NONE', #11632 ) ;
#9340 = ORIENTED_EDGE ( 'NONE', *, *, #8630, .T. ) ;
#9341 = DIRECTION ( 'NONE',  ( 1.047444401652940164E-14, 1.000000000000000000, 0.000000000000000000 ) ) ;
#9342 = EDGE_CURVE ( 'NONE', #8202, #7319, #3871, .T. ) ;
#9343 =( LENGTH_UNIT ( ) NAMED_UNIT ( * ) SI_UNIT ( .MILLI., .METRE. ) );
#9344 = DIRECTION ( 'NONE',  ( 1.000000000000000000, 0.000000000000000000, 0.000000000000000000 ) ) ;
#9345 = PRESENTATION_LAYER_ASSIGNMENT (  '', '', ( #11554 ) ) ;
#9346 = DIRECTION ( 'NONE',  ( 1.000000000000000000, 0.000000000000000000, 0.000000000000000000 ) ) ;
#9347 = CARTESIAN_POINT ( 'NONE',  ( -4.750000000000000000, 0.4000000000000000222, 1.100000000000000089 ) ) ;
#9348 = ADVANCED_FACE ( 'NONE', ( #7778 ), #9741, .F. ) ;
#9349 = CARTESIAN_POINT ( 'NONE',  ( 1.269999999999950058, -5.000000000000000000, 1.100000000000000089 ) ) ;
#9350 = ORIENTED_EDGE ( 'NONE', *, *, #8897, .F. ) ;
#9351 = CARTESIAN_POINT ( 'NONE',  ( -2.939999999999999947, 4.250000000000000000, -0.1000000000000000056 ) ) ;
#9352 = FACE_OUTER_BOUND ( 'NONE', #8841, .T. ) ;
#9353 = ORIENTED_EDGE ( 'NONE', *, *, #5011, .T. ) ;
#9354 = ORIENTED_EDGE ( 'NONE', *, *, #9642, .T. ) ;
#9355 =( GEOMETRIC_REPRESENTATION_CONTEXT ( 3 ) GLOBAL_UNCERTAINTY_ASSIGNED_CONTEXT ( ( #2678 ) ) GLOBAL_UNIT_ASSIGNED_CONTEXT ( ( #3662, #11067, #3542 ) ) REPRESENTATION_CONTEXT ( 'NONE', 'WORKASPACE' ) );
#9356 = DIRECTION ( 'NONE',  ( -0.000000000000000000, 1.000000000000000000, 0.000000000000000000 ) ) ;
#9357 = PRESENTATION_LAYER_ASSIGNMENT (  '', '', ( #7731 ) ) ;
#9358 = DIRECTION ( 'NONE',  ( 0.000000000000000000, 1.000000000000000000, 0.000000000000000000 ) ) ;
#9359 = CIRCLE ( 'NONE', #2957, 0.1999999999999996503 ) ;
#9360 = CARTESIAN_POINT ( 'NONE',  ( -5.000000000000000000, 0.4000000000000000222, 0.000000000000000000 ) ) ;
#9361 =( NAMED_UNIT ( * ) SI_UNIT ( $, .STERADIAN. ) SOLID_ANGLE_UNIT ( ) );
#9362 = LINE ( 'NONE', #494, #12093 ) ;
#9363 = CARTESIAN_POINT ( 'NONE',  ( 2.939999999999950209, -4.750000000000000000, 1.100000000000000089 ) ) ;
#9364 = CARTESIAN_POINT ( 'NONE',  ( -2.939999999999999947, 5.009999999999999787, -0.1000000000000000056 ) ) ;
#9365 = DIRECTION ( 'NONE',  ( -1.000000000000000000, -1.734723475976804876E-16, 0.000000000000000000 ) ) ;
#9366 =( NAMED_UNIT ( * ) PLANE_ANGLE_UNIT ( ) SI_UNIT ( $, .RADIAN. ) );
#9367 = ORIENTED_EDGE ( 'NONE', *, *, #8040, .T. ) ;
#9368 = EDGE_CURVE ( 'NONE', #10299, #1346, #996, .T. ) ;
#9369 = LINE ( 'NONE', #4672, #5559 ) ;
#9370 = COLOUR_RGB ( '',1.000000000000000000, 0.8117647058823529438, 0.5019607843137254832 ) ;
#9371 = CARTESIAN_POINT ( 'NONE',  ( 1.470000000000015961, 5.000000000000000000, 1.100000000000000089 ) ) ;
#9372 =( GEOMETRIC_REPRESENTATION_CONTEXT ( 3 ) GLOBAL_UNCERTAINTY_ASSIGNED_CONTEXT ( ( #12381 ) ) GLOBAL_UNIT_ASSIGNED_CONTEXT ( ( #8881, #9824, #2223 ) ) REPRESENTATION_CONTEXT ( 'NONE', 'WORKASPACE' ) );
#9373 = ORIENTED_EDGE ( 'NONE', *, *, #3437, .F. ) ;
#9374 = SURFACE_STYLE_USAGE ( .BOTH. , #3620 ) ;
#9375 = PRESENTATION_LAYER_ASSIGNMENT (  '', '', ( #8362 ) ) ;
#9376 = CARTESIAN_POINT ( 'NONE',  ( 2.140000000000000124, 4.250000000000000000, 0.000000000000000000 ) ) ;
#9377 = LINE ( 'NONE', #6565, #10387 ) ;
#9378 =( GEOMETRIC_REPRESENTATION_CONTEXT ( 3 ) GLOBAL_UNCERTAINTY_ASSIGNED_CONTEXT ( ( #4091 ) ) GLOBAL_UNIT_ASSIGNED_CONTEXT ( ( #780, #1839, #9507 ) ) REPRESENTATION_CONTEXT ( 'NONE', 'WORKASPACE' ) );
#9379 = CARTESIAN_POINT ( 'NONE',  ( -5.009999999999999787, 1.469999999999999973, 1.100000000000000089 ) ) ;
#9380 = VECTOR ( 'NONE', #450, 1000.000000000000000 ) ;
#9381 = DIRECTION ( 'NONE',  ( 0.000000000000000000, 0.000000000000000000, -1.000000000000000000 ) ) ;
#9382 = CARTESIAN_POINT ( 'NONE',  ( 2.939999999999954650, -4.250000000000000000, -0.1000000000000000056 ) ) ;
#9383 = PRESENTATION_LAYER_ASSIGNMENT (  '', '', ( #6563 ) ) ;
#9384 = DIRECTION ( 'NONE',  ( 0.000000000000000000, 0.000000000000000000, -1.000000000000000000 ) ) ;
#9385 =( NAMED_UNIT ( * ) PLANE_ANGLE_UNIT ( ) SI_UNIT ( $, .RADIAN. ) );
#9386 = CARTESIAN_POINT ( 'NONE',  ( 5.000000000000000000, 5.000000000000000000, 0.000000000000000000 ) ) ;
#9387 = EDGE_CURVE ( 'NONE', #3318, #590, #8616, .T. ) ;
#9388 = ORIENTED_EDGE ( 'NONE', *, *, #639, .T. ) ;
#9389 = ORIENTED_EDGE ( 'NONE', *, *, #4555, .F. ) ;
#9390 = ORIENTED_EDGE ( 'NONE', *, *, #7916, .F. ) ;
#9391 = DIRECTION ( 'NONE',  ( 0.000000000000000000, 0.000000000000000000, -1.000000000000000000 ) ) ;
#9392 = CARTESIAN_POINT ( 'NONE',  ( -2.140000000000049862, -4.750000000000000000, 1.100000000000000089 ) ) ;
#9393 = DIRECTION ( 'NONE',  ( -2.040851148208009970E-16, 1.000000000000000000, 0.000000000000000000 ) ) ;
#9394 = CIRCLE ( 'NONE', #4001, 0.1999999999999996503 ) ;
#9395 = DIRECTION ( 'NONE',  ( 0.000000000000000000, 0.000000000000000000, -1.000000000000000000 ) ) ;
#9396 = VECTOR ( 'NONE', #11528, 1000.000000000000000 ) ;
#9397 = ADVANCED_FACE ( 'NONE', ( #6746 ), #232, .T. ) ;
#9398 = ADVANCED_FACE ( 'NONE', ( #10293 ), #8540, .F. ) ;
#9399 = ORIENTED_EDGE ( 'NONE', *, *, #49, .T. ) ;
#9400 = ORIENTED_EDGE ( 'NONE', *, *, #11383, .T. ) ;
#9401 = COLOUR_RGB ( '',1.000000000000000000, 0.8117647058823529438, 0.5019607843137254832 ) ;
#9402 = EDGE_LOOP ( 'NONE', ( #10892, #7976, #6058, #9164 ) ) ;
#9403 = VECTOR ( 'NONE', #4465, 1000.000000000000000 ) ;
#9404 =( GEOMETRIC_REPRESENTATION_CONTEXT ( 3 ) GLOBAL_UNCERTAINTY_ASSIGNED_CONTEXT ( ( #11873 ) ) GLOBAL_UNIT_ASSIGNED_CONTEXT ( ( #10490, #2854, #9554 ) ) REPRESENTATION_CONTEXT ( 'NONE', 'WORKASPACE' ) );
#9405 = CARTESIAN_POINT ( 'NONE',  ( 0.3999999999999485079, -5.009999999999999787, -0.1000000000000000056 ) ) ;
#9406 = LINE ( 'NONE', #11110, #8791 ) ;
#9407 = CARTESIAN_POINT ( 'NONE',  ( 2.939999999999999947, 5.000000000000000000, 1.100000000000000089 ) ) ;
#9408 =( NAMED_UNIT ( * ) SI_UNIT ( $, .STERADIAN. ) SOLID_ANGLE_UNIT ( ) );
#9409 = VECTOR ( 'NONE', #6351, 1000.000000000000000 ) ;
#9410 = FILL_AREA_STYLE ('',( #4649 ) ) ;
#9411 = LINE ( 'NONE', #7631, #8552 ) ;
#9412 = FILL_AREA_STYLE_COLOUR ( '', #9078 ) ;
#9413 = ORIENTED_EDGE ( 'NONE', *, *, #10746, .F. ) ;
#9414 = EDGE_CURVE ( 'NONE', #10454, #11860, #4400, .T. ) ;
#9415 = VECTOR ( 'NONE', #6970, 1000.000000000000000 ) ;
#9416 = ORIENTED_EDGE ( 'NONE', *, *, #8158, .F. ) ;
#9417 = EDGE_CURVE ( 'NONE', #7835, #1560, #4668, .T. ) ;
#9418 = LINE ( 'NONE', #1032, #1285 ) ;
#9419 = DIRECTION ( 'NONE',  ( 0.000000000000000000, 0.000000000000000000, 1.000000000000000000 ) ) ;
#9420 = VERTEX_POINT ( 'NONE', #3795 ) ;
#9421 = PRESENTATION_LAYER_ASSIGNMENT (  '', '', ( #1175 ) ) ;
#9422 = ORIENTED_EDGE ( 'NONE', *, *, #3331, .T. ) ;
#9423 =( LENGTH_UNIT ( ) NAMED_UNIT ( * ) SI_UNIT ( .MILLI., .METRE. ) );
#9424 =( GEOMETRIC_REPRESENTATION_CONTEXT ( 3 ) GLOBAL_UNCERTAINTY_ASSIGNED_CONTEXT ( ( #1009 ) ) GLOBAL_UNIT_ASSIGNED_CONTEXT ( ( #9047, #425, #11929 ) ) REPRESENTATION_CONTEXT ( 'NONE', 'WORKASPACE' ) );
#9425 = CARTESIAN_POINT ( 'NONE',  ( 1.670000000000000151, 4.250000000000000000, 0.000000000000000000 ) ) ;
#9426 = SURFACE_STYLE_FILL_AREA ( #5990 ) ;
#9427 = SURFACE_STYLE_FILL_AREA ( #7527 ) ;
#9428 = FACE_OUTER_BOUND ( 'NONE', #7661, .T. ) ;
#9429 = SURFACE_STYLE_FILL_AREA ( #6614 ) ;
#9430 = PLANE ( 'NONE',  #8084 ) ;
#9431 =( GEOMETRIC_REPRESENTATION_CONTEXT ( 3 ) GLOBAL_UNCERTAINTY_ASSIGNED_CONTEXT ( ( #1658 ) ) GLOBAL_UNIT_ASSIGNED_CONTEXT ( ( #7507, #1800, #12271 ) ) REPRESENTATION_CONTEXT ( 'NONE', 'WORKASPACE' ) );
#9432 = DIRECTION ( 'NONE',  ( -1.000000000000000000, -1.734723475976804876E-16, 0.000000000000000000 ) ) ;
#9433 = VERTEX_POINT ( 'NONE', #8477 ) ;
#9434 = CARTESIAN_POINT ( 'NONE',  ( 2.139999999999949942, -5.009999999999999787, -0.1000000000000000056 ) ) ;
#9435 = UNCERTAINTY_MEASURE_WITH_UNIT (LENGTH_MEASURE( 1.000000000000000082E-05 ), #10828, 'distance_accuracy_value', 'NONE');
#9436 =( NAMED_UNIT ( * ) SI_UNIT ( $, .STERADIAN. ) SOLID_ANGLE_UNIT ( ) );
#9437 = AXIS2_PLACEMENT_3D ( 'NONE', #4959, #8811, #4886 ) ;
#9438 = PRESENTATION_STYLE_ASSIGNMENT (( #9141 ) ) ;
#9439 = FILL_AREA_STYLE ('',( #5623 ) ) ;
#9440 = CARTESIAN_POINT ( 'NONE',  ( 1.469999999999948015, -5.000000000000000000, 1.100000000000000089 ) ) ;
#9441 = EDGE_CURVE ( 'NONE', #3147, #3984, #12290, .T. ) ;
#9442 = CARTESIAN_POINT ( 'NONE',  ( 5.009999999999999787, 0.2000000000000000111, -0.1000000000000000056 ) ) ;
#9443 = CARTESIAN_POINT ( 'NONE',  ( -2.540000000000000036, 5.000000000000000000, 1.100000000000000089 ) ) ;
#9444 = SURFACE_STYLE_FILL_AREA ( #6209 ) ;
#9445 = DIRECTION ( 'NONE',  ( 0.000000000000000000, 0.000000000000000000, 1.000000000000000000 ) ) ;
#9446 = SURFACE_SIDE_STYLE ('',( #3564 ) ) ;
#9447 = CARTESIAN_POINT ( 'NONE',  ( -5.000000000000000000, -8.673617379884030542E-16, -0.2999999999999999889 ) ) ;
#9448 =( NAMED_UNIT ( * ) PLANE_ANGLE_UNIT ( ) SI_UNIT ( $, .RADIAN. ) );
#9449 =( NAMED_UNIT ( * ) SI_UNIT ( $, .STERADIAN. ) SOLID_ANGLE_UNIT ( ) );
#9450 = VECTOR ( 'NONE', #5204, 1000.000000000000000 ) ;
#9451 = ORIENTED_EDGE ( 'NONE', *, *, #7104, .F. ) ;
#9452 = ORIENTED_EDGE ( 'NONE', *, *, #6882, .F. ) ;
#9453 = ORIENTED_EDGE ( 'NONE', *, *, #6332, .F. ) ;
#9454 = CARTESIAN_POINT ( 'NONE',  ( 5.009999999999999787, 1.469999999999999973, -0.1000000000000000056 ) ) ;
#9455 = UNCERTAINTY_MEASURE_WITH_UNIT (LENGTH_MEASURE( 1.000000000000000082E-05 ), #3382, 'distance_accuracy_value', 'NONE');
#9456 = LINE ( 'NONE', #9392, #6712 ) ;
#9457 = PRESENTATION_STYLE_ASSIGNMENT (( #10257 ) ) ;
#9458 = EDGE_CURVE ( 'NONE', #6540, #3147, #3730, .T. ) ;
#9459 =( NAMED_UNIT ( * ) PLANE_ANGLE_UNIT ( ) SI_UNIT ( $, .RADIAN. ) );
#9460 = ORIENTED_EDGE ( 'NONE', *, *, #2899, .F. ) ;
#9461 = ORIENTED_EDGE ( 'NONE', *, *, #7479, .F. ) ;
#9462 = ORIENTED_EDGE ( 'NONE', *, *, #3278, .T. ) ;
#9463 = DIRECTION ( 'NONE',  ( 0.000000000000000000, 0.000000000000000000, 1.000000000000000000 ) ) ;
#9464 = EDGE_CURVE ( 'NONE', #6477, #1422, #11388, .T. ) ;
#9465 = SURFACE_STYLE_USAGE ( .BOTH. , #4479 ) ;
#9466 = FILL_AREA_STYLE ('',( #10464 ) ) ;
#9467 = CARTESIAN_POINT ( 'NONE',  ( 1.670000000000000151, 4.750000000000000000, 1.000000000000000000 ) ) ;
#9468 = SURFACE_SIDE_STYLE ('',( #10414 ) ) ;
#9469 = VERTEX_POINT ( 'NONE', #7361 ) ;
#9470 = SURFACE_STYLE_FILL_AREA ( #9531 ) ;
#9471 = FILL_AREA_STYLE ('',( #5661 ) ) ;
#9472 = ORIENTED_EDGE ( 'NONE', *, *, #11553, .F. ) ;
#9473 = ORIENTED_EDGE ( 'NONE', *, *, #2693, .T. ) ;
#9474 = FILL_AREA_STYLE ('',( #1810 ) ) ;
#9475 = ADVANCED_FACE ( 'NONE', ( #7589 ), #11444, .F. ) ;
#9476 = EDGE_CURVE ( 'NONE', #11186, #10847, #171, .T. ) ;
#9477 =( NAMED_UNIT ( * ) SI_UNIT ( $, .STERADIAN. ) SOLID_ANGLE_UNIT ( ) );
#9478 = DIRECTION ( 'NONE',  ( 1.000000000000000000, -3.318008991245455407E-15, 0.000000000000000000 ) ) ;
#9479 = CARTESIAN_POINT ( 'NONE',  ( 0.2000000000000165257, 5.009999999999999787, 1.100000000000000089 ) ) ;
#9480 = DIRECTION ( 'NONE',  ( 0.000000000000000000, 0.000000000000000000, 1.000000000000000000 ) ) ;
#9481 = DIRECTION ( 'NONE',  ( -1.000000000000000000, 0.000000000000000000, 0.000000000000000000 ) ) ;
#9482 = ORIENTED_EDGE ( 'NONE', *, *, #2232, .T. ) ;
#9483 = VECTOR ( 'NONE', #8201, 1000.000000000000000 ) ;
#9484 = CARTESIAN_POINT ( 'NONE',  ( -5.000000000000000000, -5.000000000000000000, 0.000000000000000000 ) ) ;
#9485 =( LENGTH_UNIT ( ) NAMED_UNIT ( * ) SI_UNIT ( .MILLI., .METRE. ) );
#9486 = SURFACE_STYLE_FILL_AREA ( #11327 ) ;
#9487 = EDGE_CURVE ( 'NONE', #2206, #12378, #8659, .T. ) ;
#9488 = STYLED_ITEM ( 'NONE', ( #1618 ), #2979 ) ;
#9489 = DIRECTION ( 'NONE',  ( -1.000000000000000000, 1.047444401652940164E-14, 0.000000000000000000 ) ) ;
#9490 =( NAMED_UNIT ( * ) SI_UNIT ( $, .STERADIAN. ) SOLID_ANGLE_UNIT ( ) );
#9491 = FILL_AREA_STYLE ('',( #10438 ) ) ;
#9492 =( GEOMETRIC_REPRESENTATION_CONTEXT ( 3 ) GLOBAL_UNCERTAINTY_ASSIGNED_CONTEXT ( ( #987 ) ) GLOBAL_UNIT_ASSIGNED_CONTEXT ( ( #5426, #6233, #11123 ) ) REPRESENTATION_CONTEXT ( 'NONE', 'WORKASPACE' ) );
#9493 = CARTESIAN_POINT ( 'NONE',  ( 2.939999999999950209, -5.000000000000000000, -0.1000000000000000056 ) ) ;
#9494 = LINE ( 'NONE', #11218, #620 ) ;
#9495 = FILL_AREA_STYLE ('',( #6684 ) ) ;
#9496 = PRESENTATION_STYLE_ASSIGNMENT (( #5686 ) ) ;
#9497 = LINE ( 'NONE', #3873, #12300 ) ;
#9498 = FILL_AREA_STYLE_COLOUR ( '', #2136 ) ;
#9499 = FILL_AREA_STYLE ('',( #2989 ) ) ;
#9500 =( GEOMETRIC_REPRESENTATION_CONTEXT ( 3 ) GLOBAL_UNCERTAINTY_ASSIGNED_CONTEXT ( ( #8230 ) ) GLOBAL_UNIT_ASSIGNED_CONTEXT ( ( #8146, #10098, #9477 ) ) REPRESENTATION_CONTEXT ( 'NONE', 'WORKASPACE' ) );
#9501 = ORIENTED_EDGE ( 'NONE', *, *, #2630, .T. ) ;
#9502 = PRESENTATION_LAYER_ASSIGNMENT (  '', '', ( #9099 ) ) ;
#9503 = VERTEX_POINT ( 'NONE', #1041 ) ;
#9504 = EDGE_CURVE ( 'NONE', #3233, #1521, #8785, .T. ) ;
#9505 = PRESENTATION_LAYER_ASSIGNMENT (  '', '', ( #7301 ) ) ;
#9506 = ORIENTED_EDGE ( 'NONE', *, *, #2619, .T. ) ;
#9507 =( NAMED_UNIT ( * ) SI_UNIT ( $, .STERADIAN. ) SOLID_ANGLE_UNIT ( ) );
#9508 = AXIS2_PLACEMENT_3D ( 'NONE', #1387, #6311, #10954 ) ;
#9509 = AXIS2_PLACEMENT_3D ( 'NONE', #6972, #8786, #2131 ) ;
#9510 = VECTOR ( 'NONE', #3167, 1000.000000000000000 ) ;
#9511 = COLOUR_RGB ( '',1.000000000000000000, 0.8117647058823529438, 0.5019607843137254832 ) ;
#9512 =( NAMED_UNIT ( * ) SI_UNIT ( $, .STERADIAN. ) SOLID_ANGLE_UNIT ( ) );
#9513 = PRESENTATION_STYLE_ASSIGNMENT (( #12264 ) ) ;
#9514 = ORIENTED_EDGE ( 'NONE', *, *, #9763, .F. ) ;
#9515 = ORIENTED_EDGE ( 'NONE', *, *, #7584, .T. ) ;
#9516 = EDGE_CURVE ( 'NONE', #4234, #10593, #5798, .T. ) ;
#9517 = VERTEX_POINT ( 'NONE', #7872 ) ;
#9518 =( GEOMETRIC_REPRESENTATION_CONTEXT ( 3 ) GLOBAL_UNCERTAINTY_ASSIGNED_CONTEXT ( ( #9120 ) ) GLOBAL_UNIT_ASSIGNED_CONTEXT ( ( #843, #6773, #1797 ) ) REPRESENTATION_CONTEXT ( 'NONE', 'WORKASPACE' ) );
#9519 = ORIENTED_EDGE ( 'NONE', *, *, #8842, .F. ) ;
#9520 = FILL_AREA_STYLE_COLOUR ( '', #5920 ) ;
#9521 = AXIS2_PLACEMENT_3D ( 'NONE', #7985, #2286, #4267 ) ;
#9522 = ORIENTED_EDGE ( 'NONE', *, *, #1007, .F. ) ;
#9523 = CARTESIAN_POINT ( 'NONE',  ( 4.250000000000000000, -0.4000000000000000222, -0.1000000000000000056 ) ) ;
#9524 = DIRECTION ( 'NONE',  ( 0.000000000000000000, -1.000000000000000000, 0.000000000000000000 ) ) ;
#9525 = CARTESIAN_POINT ( 'NONE',  ( -5.009999999999999787, 1.070000000000000062, -0.1000000000000000056 ) ) ;
#9526 = STYLED_ITEM ( 'NONE', ( #9513 ), #11849 ) ;
#9527 = ORIENTED_EDGE ( 'NONE', *, *, #12090, .T. ) ;
#9528 =( GEOMETRIC_REPRESENTATION_CONTEXT ( 3 ) GLOBAL_UNCERTAINTY_ASSIGNED_CONTEXT ( ( #2909 ) ) GLOBAL_UNIT_ASSIGNED_CONTEXT ( ( #3341, #3690, #2304 ) ) REPRESENTATION_CONTEXT ( 'NONE', 'WORKASPACE' ) );
#9529 = STYLED_ITEM ( 'NONE', ( #200 ), #6950 ) ;
#9530 = EDGE_CURVE ( 'NONE', #9908, #5907, #6735, .T. ) ;
#9531 = FILL_AREA_STYLE ('',( #5660 ) ) ;
#9532 = ORIENTED_EDGE ( 'NONE', *, *, #8678, .F. ) ;
#9533 = EDGE_LOOP ( 'NONE', ( #5376, #1067, #1294, #1084 ) ) ;
#9534 = COLOUR_RGB ( '',1.000000000000000000, 0.8117647058823529438, 0.5019607843137254832 ) ;
#9535 = VECTOR ( 'NONE', #4763, 1000.000000000000000 ) ;
#9536 = CARTESIAN_POINT ( 'NONE',  ( 4.750000000000000000, 0.4000000000000000222, 1.100000000000000089 ) ) ;
#9537 = CARTESIAN_POINT ( 'NONE',  ( 5.000000000000000000, -0.4000000000000000222, -0.1000000000000000056 ) ) ;
#9538 = SURFACE_STYLE_FILL_AREA ( #981 ) ;
#9539 = DIRECTION ( 'NONE',  ( 0.000000000000000000, -1.000000000000000000, 0.000000000000000000 ) ) ;
#9540 =( NAMED_UNIT ( * ) PLANE_ANGLE_UNIT ( ) SI_UNIT ( $, .RADIAN. ) );
#9541 = FACE_OUTER_BOUND ( 'NONE', #7202, .T. ) ;
#9542 = CARTESIAN_POINT ( 'NONE',  ( 5.009999999999999787, 2.339999999999999858, -0.1000000000000000056 ) ) ;
#9543 = VECTOR ( 'NONE', #9432, 1000.000000000000000 ) ;
#9544 = ORIENTED_EDGE ( 'NONE', *, *, #423, .F. ) ;
#9545 = ADVANCED_FACE ( 'NONE', ( #4919 ), #7764, .T. ) ;
#9546 =( GEOMETRIC_REPRESENTATION_CONTEXT ( 3 ) GLOBAL_UNCERTAINTY_ASSIGNED_CONTEXT ( ( #8446 ) ) GLOBAL_UNIT_ASSIGNED_CONTEXT ( ( #11088, #3629, #5634 ) ) REPRESENTATION_CONTEXT ( 'NONE', 'WORKASPACE' ) );
#9547 = ADVANCED_FACE ( 'NONE', ( #10658 ), #2065, .F. ) ;
#9548 = UNCERTAINTY_MEASURE_WITH_UNIT (LENGTH_MEASURE( 1.000000000000000082E-05 ), #1833, 'distance_accuracy_value', 'NONE');
#9549 = MECHANICAL_DESIGN_GEOMETRIC_PRESENTATION_REPRESENTATION (  '', ( #5158 ), #8357 ) ;
#9550 = CARTESIAN_POINT ( 'NONE',  ( -1.070000000000052021, -5.009999999999999787, -0.1000000000000000056 ) ) ;
#9551 = DIRECTION ( 'NONE',  ( 0.000000000000000000, 0.000000000000000000, -1.000000000000000000 ) ) ;
#9552 = LINE ( 'NONE', #1880, #4722 ) ;
#9553 = CARTESIAN_POINT ( 'NONE',  ( -2.939999999999999947, 4.750000000000000000, 1.100000000000000089 ) ) ;
#9554 =( NAMED_UNIT ( * ) SI_UNIT ( $, .STERADIAN. ) SOLID_ANGLE_UNIT ( ) );
#9555 =( NAMED_UNIT ( * ) PLANE_ANGLE_UNIT ( ) SI_UNIT ( $, .RADIAN. ) );
#9556 = MECHANICAL_DESIGN_GEOMETRIC_PRESENTATION_REPRESENTATION (  '', ( #2750 ), #4561 ) ;
#9557 = PRESENTATION_STYLE_ASSIGNMENT (( #1191 ) ) ;
#9558 = DIRECTION ( 'NONE',  ( 0.000000000000000000, 0.000000000000000000, -1.000000000000000000 ) ) ;
#9559 = COLOUR_RGB ( '',1.000000000000000000, 0.8117647058823529438, 0.5019607843137254832 ) ;
#9560 = DIRECTION ( 'NONE',  ( 1.030097166893172093E-14, 1.000000000000000000, 0.000000000000000000 ) ) ;
#9561 =( GEOMETRIC_REPRESENTATION_CONTEXT ( 3 ) GLOBAL_UNCERTAINTY_ASSIGNED_CONTEXT ( ( #9720 ) ) GLOBAL_UNIT_ASSIGNED_CONTEXT ( ( #11060, #10792, #2374 ) ) REPRESENTATION_CONTEXT ( 'NONE', 'WORKASPACE' ) );
#9562 = EDGE_LOOP ( 'NONE', ( #7084, #8567, #2230, #4200 ) ) ;
#9563 = VECTOR ( 'NONE', #4247, 1000.000000000000000 ) ;
#9564 = EDGE_CURVE ( 'NONE', #9204, #9950, #4352, .T. ) ;
#9565 = ORIENTED_EDGE ( 'NONE', *, *, #9516, .T. ) ;
#9566 = VERTEX_POINT ( 'NONE', #6084 ) ;
#9567 = VECTOR ( 'NONE', #11495, 1000.000000000000000 ) ;
#9568 = CARTESIAN_POINT ( 'NONE',  ( 2.539999999999950298, -5.000000000000000000, 1.100000000000000089 ) ) ;
#9569 = ORIENTED_EDGE ( 'NONE', *, *, #9259, .F. ) ;
#9570 = LINE ( 'NONE', #6510, #6976 ) ;
#9571 = AXIS2_PLACEMENT_3D ( 'NONE', #7983, #5200, #7264 ) ;
#9572 = STYLED_ITEM ( 'NONE', ( #10981 ), #626 ) ;
#9573 = EDGE_CURVE ( 'NONE', #5957, #7499, #10856, .T. ) ;
#9574 = UNCERTAINTY_MEASURE_WITH_UNIT (LENGTH_MEASURE( 1.000000000000000082E-05 ), #5665, 'distance_accuracy_value', 'NONE');
#9575 = PLANE ( 'NONE',  #10772 ) ;
#9576 = DIRECTION ( 'NONE',  ( 0.000000000000000000, 1.000000000000000000, 0.000000000000000000 ) ) ;
#9577 = DIRECTION ( 'NONE',  ( 0.000000000000000000, 0.000000000000000000, -1.000000000000000000 ) ) ;
#9578 = UNCERTAINTY_MEASURE_WITH_UNIT (LENGTH_MEASURE( 1.000000000000000082E-05 ), #7356, 'distance_accuracy_value', 'NONE');
#9579 = DIRECTION ( 'NONE',  ( 0.000000000000000000, 0.000000000000000000, -1.000000000000000000 ) ) ;
#9580 = DIRECTION ( 'NONE',  ( -3.491481338843135327E-15, -1.000000000000000000, 0.000000000000000000 ) ) ;
#9581 =( GEOMETRIC_REPRESENTATION_CONTEXT ( 3 ) GLOBAL_UNCERTAINTY_ASSIGNED_CONTEXT ( ( #6159 ) ) GLOBAL_UNIT_ASSIGNED_CONTEXT ( ( #5494, #5560, #11214 ) ) REPRESENTATION_CONTEXT ( 'NONE', 'WORKASPACE' ) );
#9582 = COLOUR_RGB ( '',0.5372549019607842924, 0.6235294117647058876, 0.000000000000000000 ) ;
#9583 = ORIENTED_EDGE ( 'NONE', *, *, #10893, .F. ) ;
#9584 = ORIENTED_EDGE ( 'NONE', *, *, #2872, .F. ) ;
#9585 = ORIENTED_EDGE ( 'NONE', *, *, #4278, .F. ) ;
#9586 = LINE ( 'NONE', #8514, #6122 ) ;
#9587 = ORIENTED_EDGE ( 'NONE', *, *, #1099, .T. ) ;
#9588 = STYLED_ITEM ( 'NONE', ( #4175 ), #1790 ) ;
#9589 =( GEOMETRIC_REPRESENTATION_CONTEXT ( 3 ) GLOBAL_UNCERTAINTY_ASSIGNED_CONTEXT ( ( #2210 ) ) GLOBAL_UNIT_ASSIGNED_CONTEXT ( ( #10178, #4493, #10112 ) ) REPRESENTATION_CONTEXT ( 'NONE', 'WORKASPACE' ) );
#9590 = FILL_AREA_STYLE ('',( #9655 ) ) ;
#9591 = CARTESIAN_POINT ( 'NONE',  ( 0.8699999999999490363, -5.000000000000000000, 1.100000000000000089 ) ) ;
#9592 = ADVANCED_FACE ( 'NONE', ( #5218 ), #7224, .F. ) ;
#9593 =( NAMED_UNIT ( * ) PLANE_ANGLE_UNIT ( ) SI_UNIT ( $, .RADIAN. ) );
#9594 = ORIENTED_EDGE ( 'NONE', *, *, #6475, .T. ) ;
#9595 = AXIS2_PLACEMENT_3D ( 'NONE', #11075, #570, #12194 ) ;
#9596 = DIRECTION ( 'NONE',  ( 0.000000000000000000, 0.000000000000000000, 1.000000000000000000 ) ) ;
#9597 = CIRCLE ( 'NONE', #4210, 0.5000000000000000000 ) ;
#9598 =( LENGTH_UNIT ( ) NAMED_UNIT ( * ) SI_UNIT ( .MILLI., .METRE. ) );
#9599 = ORIENTED_EDGE ( 'NONE', *, *, #1900, .T. ) ;
#9600 = ORIENTED_EDGE ( 'NONE', *, *, #4536, .F. ) ;
#9601 = VECTOR ( 'NONE', #4861, 1000.000000000000000 ) ;
#9602 = PLANE ( 'NONE',  #6094 ) ;
#9603 = DIRECTION ( 'NONE',  ( 0.000000000000000000, 0.000000000000000000, -1.000000000000000000 ) ) ;
#9604 = FACE_OUTER_BOUND ( 'NONE', #1151, .T. ) ;
#9605 = EDGE_CURVE ( 'NONE', #4284, #2927, #2677, .T. ) ;
#9606 = MECHANICAL_DESIGN_GEOMETRIC_PRESENTATION_REPRESENTATION (  '', ( #12011 ), #6212 ) ;
#9607 = PRESENTATION_STYLE_ASSIGNMENT (( #1108 ) ) ;
#9608 = PRESENTATION_STYLE_ASSIGNMENT (( #6671 ) ) ;
#9609 = CARTESIAN_POINT ( 'NONE',  ( -5.000000000000000000, -5.000000000000000000, 0.000000000000000000 ) ) ;
#9610 = FILL_AREA_STYLE ('',( #8279 ) ) ;
#9611 = DIRECTION ( 'NONE',  ( 1.000000000000000000, -1.047444401652940164E-14, 0.000000000000000000 ) ) ;
#9612 = PRESENTATION_STYLE_ASSIGNMENT (( #108 ) ) ;
#9613 = VERTEX_POINT ( 'NONE', #6971 ) ;
#9614 = PRESENTATION_LAYER_ASSIGNMENT (  '', '', ( #2607 ) ) ;
#9615 = SURFACE_STYLE_FILL_AREA ( #10543 ) ;
#9616 = PRESENTATION_LAYER_ASSIGNMENT (  '', '', ( #9010 ) ) ;
#9617 = CARTESIAN_POINT ( 'NONE',  ( -4.250000000000000000, -2.140000000000000124, -0.1000000000000000056 ) ) ;
#9618 = CARTESIAN_POINT ( 'NONE',  ( -5.000000000000000000, -1.270000000000000018, 1.100000000000000089 ) ) ;
#9619 = LINE ( 'NONE', #11627, #12125 ) ;
#9620 = LINE ( 'NONE', #4807, #3991 ) ;
#9621 = DIRECTION ( 'NONE',  ( 1.734723475976804876E-16, -1.000000000000000000, 0.000000000000000000 ) ) ;
#9622 = EDGE_CURVE ( 'NONE', #9271, #8067, #11876, .T. ) ;
#9623 = STYLED_ITEM ( 'NONE', ( #1156 ), #9005 ) ;
#9624 = DIRECTION ( 'NONE',  ( 0.000000000000000000, 0.000000000000000000, -1.000000000000000000 ) ) ;
#9625 =( NAMED_UNIT ( * ) PLANE_ANGLE_UNIT ( ) SI_UNIT ( $, .RADIAN. ) );
#9626 = CARTESIAN_POINT ( 'NONE',  ( -2.140000000000044977, -4.250000000000000000, 0.000000000000000000 ) ) ;
#9627 = DIRECTION ( 'NONE',  ( 0.000000000000000000, 0.000000000000000000, -1.000000000000000000 ) ) ;
#9628 = STYLED_ITEM ( 'NONE', ( #2595 ), #6247 ) ;
#9629 =( NAMED_UNIT ( * ) SI_UNIT ( $, .STERADIAN. ) SOLID_ANGLE_UNIT ( ) );
#9630 = SURFACE_SIDE_STYLE ('',( #1962 ) ) ;
#9631 = SURFACE_STYLE_FILL_AREA ( #9499 ) ;
#9632 = VERTEX_POINT ( 'NONE', #7161 ) ;
#9633 = CYLINDRICAL_SURFACE ( 'NONE', #1529, 0.5000000000000000000 ) ;
#9634 = ORIENTED_EDGE ( 'NONE', *, *, #2504, .T. ) ;
#9635 = MECHANICAL_DESIGN_GEOMETRIC_PRESENTATION_REPRESENTATION (  '', ( #7238 ), #385 ) ;
#9636 = DIRECTION ( 'NONE',  ( 0.000000000000000000, 0.000000000000000000, 1.000000000000000000 ) ) ;
#9637 = ORIENTED_EDGE ( 'NONE', *, *, #1946, .F. ) ;
#9638 =( NAMED_UNIT ( * ) SI_UNIT ( $, .STERADIAN. ) SOLID_ANGLE_UNIT ( ) );
#9639 =( NAMED_UNIT ( * ) PLANE_ANGLE_UNIT ( ) SI_UNIT ( $, .RADIAN. ) );
#9640 = UNCERTAINTY_MEASURE_WITH_UNIT (LENGTH_MEASURE( 1.000000000000000082E-05 ), #9423, 'distance_accuracy_value', 'NONE');
#9641 = EDGE_CURVE ( 'NONE', #11685, #8001, #10992, .T. ) ;
#9642 = EDGE_CURVE ( 'NONE', #2056, #9950, #6223, .T. ) ;
#9643 = DIRECTION ( 'NONE',  ( -1.000000000000000000, 1.047444401652940164E-14, 0.000000000000000000 ) ) ;
#9644 = COLOUR_RGB ( '',1.000000000000000000, 0.8117647058823529438, 0.5019607843137254832 ) ;
#9645 =( NAMED_UNIT ( * ) SI_UNIT ( $, .STERADIAN. ) SOLID_ANGLE_UNIT ( ) );
#9646 = MECHANICAL_DESIGN_GEOMETRIC_PRESENTATION_REPRESENTATION (  '', ( #992 ), #1764 ) ;
#9647 = CARTESIAN_POINT ( 'NONE',  ( -0.1999999999999830247, 5.009999999999999787, -0.1000000000000000056 ) ) ;
#9648 = ORIENTED_EDGE ( 'NONE', *, *, #9516, .F. ) ;
#9649 = VERTEX_POINT ( 'NONE', #5279 ) ;
#9650 = EDGE_LOOP ( 'NONE', ( #11764, #2891, #6144, #1967, #6226, #11228, #5772, #148 ) ) ;
#9651 = ORIENTED_EDGE ( 'NONE', *, *, #10260, .T. ) ;
#9652 = MECHANICAL_DESIGN_GEOMETRIC_PRESENTATION_REPRESENTATION (  '', ( #10450 ), #8236 ) ;
#9653 = LINE ( 'NONE', #6652, #2291 ) ;
#9654 = ORIENTED_EDGE ( 'NONE', *, *, #11305, .F. ) ;
#9655 = FILL_AREA_STYLE_COLOUR ( '', #5018 ) ;
#9656 = DIRECTION ( 'NONE',  ( 1.000000000000000000, 0.000000000000000000, 0.000000000000000000 ) ) ;
#9657 = LINE ( 'NONE', #1027, #376 ) ;
#9658 = CARTESIAN_POINT ( 'NONE',  ( -5.009999999999999787, 1.070000000000000062, -0.1000000000000000056 ) ) ;
#9659 =( LENGTH_UNIT ( ) NAMED_UNIT ( * ) SI_UNIT ( .MILLI., .METRE. ) );
#9660 = EDGE_LOOP ( 'NONE', ( #11502, #6664, #11659, #6860, #8957, #5389, #6128, #9751 ) ) ;
#9661 = DIRECTION ( 'NONE',  ( 0.000000000000000000, -1.000000000000000000, 0.000000000000000000 ) ) ;
#9662 = ORIENTED_EDGE ( 'NONE', *, *, #233, .T. ) ;
#9663 = VERTEX_POINT ( 'NONE', #2432 ) ;
#9664 = PRESENTATION_STYLE_ASSIGNMENT (( #5424 ) ) ;
#9665 = EDGE_CURVE ( 'NONE', #1422, #11203, #6284, .T. ) ;
#9666 = DIRECTION ( 'NONE',  ( -1.000000000000000000, 0.000000000000000000, 0.000000000000000000 ) ) ;
#9667 = LINE ( 'NONE', #1170, #4534 ) ;
#9668 = SURFACE_SIDE_STYLE ('',( #6793 ) ) ;
#9669 = CARTESIAN_POINT ( 'NONE',  ( 5.000000000000000000, -1.070000000000000062, -0.2999999999999999889 ) ) ;
#9670 = SURFACE_STYLE_FILL_AREA ( #9610 ) ;
#9671 = ORIENTED_EDGE ( 'NONE', *, *, #1083, .T. ) ;
#9672 = UNCERTAINTY_MEASURE_WITH_UNIT (LENGTH_MEASURE( 1.000000000000000082E-05 ), #7201, 'distance_accuracy_value', 'NONE');
#9673 = EDGE_CURVE ( 'NONE', #4711, #10456, #5095, .T. ) ;
#9674 = CARTESIAN_POINT ( 'NONE',  ( -2.940000000000044800, -4.250000000000000000, 0.000000000000000000 ) ) ;
#9675 = CARTESIAN_POINT ( 'NONE',  ( -5.150485834465859678E-14, -5.000000000000000000, -0.2999999999999999889 ) ) ;
#9676 = CARTESIAN_POINT ( 'NONE',  ( 2.739999999999999769, 5.009999999999999787, -0.1000000000000000056 ) ) ;
#9677 = SURFACE_SIDE_STYLE ('',( #1189 ) ) ;
#9678 = FACE_OUTER_BOUND ( 'NONE', #11612, .T. ) ;
#9679 = PRESENTATION_STYLE_ASSIGNMENT (( #5929 ) ) ;
#9680 = DIRECTION ( 'NONE',  ( 1.000000000000000000, 1.734723475976804876E-16, 0.000000000000000000 ) ) ;
#9681 = DIRECTION ( 'NONE',  ( 0.000000000000000000, 0.000000000000000000, 1.000000000000000000 ) ) ;
#9682 = DIRECTION ( 'NONE',  ( 0.000000000000000000, 1.000000000000000000, 0.000000000000000000 ) ) ;
#9683 = VECTOR ( 'NONE', #1415, 1000.000000000000000 ) ;
#9684 = PRESENTATION_STYLE_ASSIGNMENT (( #5877 ) ) ;
#9685 = VERTEX_POINT ( 'NONE', #11182 ) ;
#9686 = ORIENTED_EDGE ( 'NONE', *, *, #612, .F. ) ;
#9687 = EDGE_CURVE ( 'NONE', #1346, #11825, #2641, .T. ) ;
#9688 = FACE_OUTER_BOUND ( 'NONE', #11826, .T. ) ;
#9689 = EDGE_LOOP ( 'NONE', ( #9506, #9651, #8595, #8439 ) ) ;
#9690 = DIRECTION ( 'NONE',  ( -8.673617379884039170E-17, 1.000000000000000000, 0.000000000000000000 ) ) ;
#9691 = MECHANICAL_DESIGN_GEOMETRIC_PRESENTATION_REPRESENTATION (  '', ( #10675 ), #447 ) ;
#9692 = UNCERTAINTY_MEASURE_WITH_UNIT (LENGTH_MEASURE( 1.000000000000000082E-05 ), #7177, 'distance_accuracy_value', 'NONE');
#9693 = PLANE ( 'NONE',  #4190 ) ;
#9694 = CARTESIAN_POINT ( 'NONE',  ( 5.009999999999999787, 2.540000000000000036, 0.000000000000000000 ) ) ;
#9695 = CYLINDRICAL_SURFACE ( 'NONE', #10723, 0.1999999999999996503 ) ;
#9696 = DIRECTION ( 'NONE',  ( 0.000000000000000000, 0.000000000000000000, 1.000000000000000000 ) ) ;
#9697 = VECTOR ( 'NONE', #6834, 1000.000000000000000 ) ;
#9698 = VECTOR ( 'NONE', #5471, 1000.000000000000000 ) ;
#9699 = VERTEX_POINT ( 'NONE', #7342 ) ;
#9700 = EDGE_CURVE ( 'NONE', #11601, #4769, #8263, .T. ) ;
#9701 = ORIENTED_EDGE ( 'NONE', *, *, #18, .T. ) ;
#9702 = EDGE_CURVE ( 'NONE', #5510, #8468, #1554, .T. ) ;
#9703 = ORIENTED_EDGE ( 'NONE', *, *, #6661, .T. ) ;
#9704 = PRESENTATION_LAYER_ASSIGNMENT (  '', '', ( #8898 ) ) ;
#9705 = ORIENTED_EDGE ( 'NONE', *, *, #720, .F. ) ;
#9706 = VECTOR ( 'NONE', #3460, 1000.000000000000000 ) ;
#9707 = SURFACE_SIDE_STYLE ('',( #6073 ) ) ;
#9708 = CARTESIAN_POINT ( 'NONE',  ( 0.3999999999999510059, -4.750000000000000000, 1.100000000000000089 ) ) ;
#9709 = CARTESIAN_POINT ( 'NONE',  ( 2.939999999999999947, 5.000000000000000000, 1.000000000000000000 ) ) ;
#9710 = DIRECTION ( 'NONE',  ( -1.047444401652940164E-14, -1.000000000000000000, 0.000000000000000000 ) ) ;
#9711 = ORIENTED_EDGE ( 'NONE', *, *, #4864, .T. ) ;
#9712 = COLOUR_RGB ( '',1.000000000000000000, 0.8117647058823529438, 0.5019607843137254832 ) ;
#9713 = VECTOR ( 'NONE', #8855, 1000.000000000000000 ) ;
#9714 = AXIS2_PLACEMENT_3D ( 'NONE', #3853, #9603, #5792 ) ;
#9715 =( GEOMETRIC_REPRESENTATION_CONTEXT ( 3 ) GLOBAL_UNCERTAINTY_ASSIGNED_CONTEXT ( ( #10570 ) ) GLOBAL_UNIT_ASSIGNED_CONTEXT ( ( #527, #10071, #2554 ) ) REPRESENTATION_CONTEXT ( 'NONE', 'WORKASPACE' ) );
#9716 = VERTEX_POINT ( 'NONE', #666 ) ;
#9717 = EDGE_CURVE ( 'NONE', #2397, #459, #7410, .T. ) ;
#9718 = ORIENTED_EDGE ( 'NONE', *, *, #70, .T. ) ;
#9719 =( LENGTH_UNIT ( ) NAMED_UNIT ( * ) SI_UNIT ( .MILLI., .METRE. ) );
#9720 = UNCERTAINTY_MEASURE_WITH_UNIT (LENGTH_MEASURE( 1.000000000000000082E-05 ), #11060, 'distance_accuracy_value', 'NONE');
#9721 = FILL_AREA_STYLE_COLOUR ( '', #10973 ) ;
#9722 = SURFACE_STYLE_USAGE ( .BOTH. , #5910 ) ;
#9723 = VECTOR ( 'NONE', #7474, 1000.000000000000000 ) ;
#9724 = VECTOR ( 'NONE', #11010, 1000.000000000000000 ) ;
#9725 = FILL_AREA_STYLE ('',( #4914 ) ) ;
#9726 = CARTESIAN_POINT ( 'NONE',  ( -4.799999999999999822, -8.673617379884030542E-16, -0.1000000000000000056 ) ) ;
#9727 = STYLED_ITEM ( 'NONE', ( #4571 ), #10806 ) ;
#9728 = DIRECTION ( 'NONE',  ( 0.000000000000000000, 0.000000000000000000, 1.000000000000000000 ) ) ;
#9729 = CARTESIAN_POINT ( 'NONE',  ( 2.139999999999949942, -5.000000000000000000, 1.100000000000000089 ) ) ;
#9730 = EDGE_CURVE ( 'NONE', #7151, #5316, #8465, .T. ) ;
#9731 =( NAMED_UNIT ( * ) PLANE_ANGLE_UNIT ( ) SI_UNIT ( $, .RADIAN. ) );
#9732 = ORIENTED_EDGE ( 'NONE', *, *, #2790, .F. ) ;
#9733 =( NAMED_UNIT ( * ) PLANE_ANGLE_UNIT ( ) SI_UNIT ( $, .RADIAN. ) );
#9734 = VECTOR ( 'NONE', #3261, 1000.000000000000000 ) ;
#9735 = COLOUR_RGB ( '',1.000000000000000000, 0.8117647058823529438, 0.5019607843137254832 ) ;
#9736 = DIRECTION ( 'NONE',  ( -3.318008991245455407E-15, -1.000000000000000000, 0.000000000000000000 ) ) ;
#9737 =( NAMED_UNIT ( * ) PLANE_ANGLE_UNIT ( ) SI_UNIT ( $, .RADIAN. ) );
#9738 = SURFACE_STYLE_FILL_AREA ( #10489 ) ;
#9739 = DIRECTION ( 'NONE',  ( 0.000000000000000000, 0.000000000000000000, -1.000000000000000000 ) ) ;
#9740 = CARTESIAN_POINT ( 'NONE',  ( 2.339999999999950120, -5.009999999999999787, -0.1000000000000000056 ) ) ;
#9741 = CYLINDRICAL_SURFACE ( 'NONE', #2162, 0.2000000000000000944 ) ;
#9742 = VECTOR ( 'NONE', #3474, 1000.000000000000000 ) ;
#9743 = EDGE_CURVE ( 'NONE', #3209, #6952, #4532, .T. ) ;
#9744 = LINE ( 'NONE', #8674, #2901 ) ;
#9745 = SURFACE_STYLE_USAGE ( .BOTH. , #4947 ) ;
#9746 = CARTESIAN_POINT ( 'NONE',  ( 5.000000000000000000, -2.540000000000000036, 1.100000000000000089 ) ) ;
#9747 = ORIENTED_EDGE ( 'NONE', *, *, #977, .F. ) ;
#9748 = LINE ( 'NONE', #7722, #6910 ) ;
#9749 = ORIENTED_EDGE ( 'NONE', *, *, #7596, .F. ) ;
#9750 = CARTESIAN_POINT ( 'NONE',  ( -2.140000000000000124, 5.000000000000000000, 1.100000000000000089 ) ) ;
#9751 = ORIENTED_EDGE ( 'NONE', *, *, #5979, .T. ) ;
#9752 = CARTESIAN_POINT ( 'NONE',  ( 5.000000000000000000, 0.4000000000000000222, -0.1000000000000000056 ) ) ;
#9753 = PRESENTATION_LAYER_ASSIGNMENT (  '', '', ( #2750 ) ) ;
#9754 = UNCERTAINTY_MEASURE_WITH_UNIT (LENGTH_MEASURE( 1.000000000000000082E-05 ), #1589, 'distance_accuracy_value', 'NONE');
#9755 = SURFACE_SIDE_STYLE ('',( #6061 ) ) ;
#9756 = UNCERTAINTY_MEASURE_WITH_UNIT (LENGTH_MEASURE( 1.000000000000000082E-05 ), #238, 'distance_accuracy_value', 'NONE');
#9757 = PRESENTATION_STYLE_ASSIGNMENT (( #10503 ) ) ;
#9758 = VECTOR ( 'NONE', #4630, 1000.000000000000000 ) ;
#9759 = DIRECTION ( 'NONE',  ( 0.000000000000000000, 0.000000000000000000, 1.000000000000000000 ) ) ;
#9761 = VECTOR ( 'NONE', #503, 1000.000000000000000 ) ;
#9760 = FACE_OUTER_BOUND ( 'NONE', #5523, .T. ) ;
#9762 =( NAMED_UNIT ( * ) PLANE_ANGLE_UNIT ( ) SI_UNIT ( $, .RADIAN. ) );
#9763 = EDGE_CURVE ( 'NONE', #7637, #1419, #11250, .T. ) ;
#9764 = CARTESIAN_POINT ( 'NONE',  ( 5.000000000000000000, -1.469999999999999973, -0.2999999999999999889 ) ) ;
#9765 = SURFACE_SIDE_STYLE ('',( #1145 ) ) ;
#9766 = MECHANICAL_DESIGN_GEOMETRIC_PRESENTATION_REPRESENTATION (  '', ( #4980 ), #11964 ) ;
#9767 = ORIENTED_EDGE ( 'NONE', *, *, #10073, .F. ) ;
#9768 = COLOUR_RGB ( '',0.8980392156862745390, 0.9215686274509803377, 0.9294117647058823817 ) ;
#9769 = ORIENTED_EDGE ( 'NONE', *, *, #3648, .T. ) ;
#9770 = EDGE_LOOP ( 'NONE', ( #10930, #480, #2736, #10837 ) ) ;
#9771 = ORIENTED_EDGE ( 'NONE', *, *, #4699, .F. ) ;
#9772 = VECTOR ( 'NONE', #7357, 1000.000000000000000 ) ;
#9773 = FACE_OUTER_BOUND ( 'NONE', #8774, .T. ) ;
#9774 = DIRECTION ( 'NONE',  ( 3.491481338843135327E-15, 1.000000000000000000, 0.000000000000000000 ) ) ;
#9775 = PRESENTATION_LAYER_ASSIGNMENT (  '', '', ( #3585 ) ) ;
#9776 = EDGE_CURVE ( 'NONE', #3220, #7825, #5657, .T. ) ;
#9777 = VECTOR ( 'NONE', #10392, 1000.000000000000000 ) ;
#9778 = ADVANCED_FACE ( 'NONE', ( #12276 ), #2499, .F. ) ;
#9779 = DIRECTION ( 'NONE',  ( 0.000000000000000000, 0.000000000000000000, 1.000000000000000000 ) ) ;
#9780 = FACE_OUTER_BOUND ( 'NONE', #1363, .T. ) ;
#9781 = LINE ( 'NONE', #2118, #7473 ) ;
#9782 = ORIENTED_EDGE ( 'NONE', *, *, #5882, .F. ) ;
#9783 = VERTEX_POINT ( 'NONE', #2765 ) ;
#9784 = ORIENTED_EDGE ( 'NONE', *, *, #10760, .T. ) ;
#9785 = COLOUR_RGB ( '',0.8980392156862745390, 0.9215686274509803377, 0.9294117647058823817 ) ;
#9786 = MECHANICAL_DESIGN_GEOMETRIC_PRESENTATION_REPRESENTATION (  '', ( #4199 ), #4403 ) ;
#9787 = SURFACE_STYLE_USAGE ( .BOTH. , #8836 ) ;
#9788 = EDGE_CURVE ( 'NONE', #10595, #9930, #1620, .T. ) ;
#9790 = EDGE_CURVE ( 'NONE', #9950, #1611, #5894, .T. ) ;
#9789 = PRESENTATION_LAYER_ASSIGNMENT (  '', '', ( #11421 ) ) ;
#9791 = CARTESIAN_POINT ( 'NONE',  ( 4.250000000000000000, 4.250000000000000000, 2.500000000000000000 ) ) ;
#9792 = ORIENTED_EDGE ( 'NONE', *, *, #6107, .F. ) ;
#9793 = ORIENTED_EDGE ( 'NONE', *, *, #87, .F. ) ;
#9794 = UNCERTAINTY_MEASURE_WITH_UNIT (LENGTH_MEASURE( 1.000000000000000082E-05 ), #6647, 'distance_accuracy_value', 'NONE');
#9795 = VECTOR ( 'NONE', #686, 1000.000000000000000 ) ;
#9796 = CARTESIAN_POINT ( 'NONE',  ( 5.009999999999999787, -2.939999999999999947, 1.100000000000000089 ) ) ;
#9797 = STYLED_ITEM ( 'NONE', ( #2639 ), #6435 ) ;
#9798 = FACE_OUTER_BOUND ( 'NONE', #3631, .T. ) ;
#9799 =( NAMED_UNIT ( * ) PLANE_ANGLE_UNIT ( ) SI_UNIT ( $, .RADIAN. ) );
#9800 =( LENGTH_UNIT ( ) NAMED_UNIT ( * ) SI_UNIT ( .MILLI., .METRE. ) );
#9801 = SURFACE_STYLE_USAGE ( .BOTH. , #7175 ) ;
#9802 = CARTESIAN_POINT ( 'NONE',  ( -4.750000000000000000, 1.670000000000000151, 1.000000000000000000 ) ) ;
#9803 = MECHANICAL_DESIGN_GEOMETRIC_PRESENTATION_REPRESENTATION (  '', ( #6418 ), #366 ) ;
#9804 = SURFACE_SIDE_STYLE ('',( #10814 ) ) ;
#9805 = PRESENTATION_LAYER_ASSIGNMENT (  '', '', ( #10202 ) ) ;
#9806 = VECTOR ( 'NONE', #6804, 1000.000000000000000 ) ;
#9807 = CARTESIAN_POINT ( 'NONE',  ( 4.250000000000000000, 0.8699999999999999956, 0.000000000000000000 ) ) ;
#9808 = EDGE_LOOP ( 'NONE', ( #3301, #4355, #3533, #9501 ) ) ;
#9809 = CARTESIAN_POINT ( 'NONE',  ( 2.739999999999999769, 5.009999999999999787, 1.100000000000000089 ) ) ;
#9810 = ADVANCED_FACE ( 'NONE', ( #5476 ), #5595, .F. ) ;
#9811 = STYLED_ITEM ( 'NONE', ( #8643 ), #8921 ) ;
#9812 =( LENGTH_UNIT ( ) NAMED_UNIT ( * ) SI_UNIT ( .MILLI., .METRE. ) );
#9813 = PRESENTATION_LAYER_ASSIGNMENT (  '', '', ( #3834 ) ) ;
#9814 = FACE_OUTER_BOUND ( 'NONE', #1132, .T. ) ;
#9815 = PLANE ( 'NONE',  #9437 ) ;
#9816 = DIRECTION ( 'NONE',  ( 1.000000000000000000, 1.734723475976804876E-16, 0.000000000000000000 ) ) ;
#9817 = LINE ( 'NONE', #9764, #4013 ) ;
#9818 =( GEOMETRIC_REPRESENTATION_CONTEXT ( 3 ) GLOBAL_UNCERTAINTY_ASSIGNED_CONTEXT ( ( #12215 ) ) GLOBAL_UNIT_ASSIGNED_CONTEXT ( ( #10461, #910, #7629 ) ) REPRESENTATION_CONTEXT ( 'NONE', 'WORKASPACE' ) );
#9819 = VERTEX_POINT ( 'NONE', #10711 ) ;
#9820 = ORIENTED_EDGE ( 'NONE', *, *, #5499, .T. ) ;
#9821 = ORIENTED_EDGE ( 'NONE', *, *, #8509, .F. ) ;
#9822 = LINE ( 'NONE', #6131, #10984 ) ;
#9823 = EDGE_CURVE ( 'NONE', #5481, #5856, #9781, .T. ) ;
#9824 =( NAMED_UNIT ( * ) PLANE_ANGLE_UNIT ( ) SI_UNIT ( $, .RADIAN. ) );
#9825 = AXIS2_PLACEMENT_3D ( 'NONE', #10574, #1205, #5073 ) ;
#9826 = DIRECTION ( 'NONE',  ( 0.000000000000000000, 0.000000000000000000, 1.000000000000000000 ) ) ;
#9827 = ORIENTED_EDGE ( 'NONE', *, *, #3823, .T. ) ;
#9828 = VECTOR ( 'NONE', #2287, 1000.000000000000000 ) ;
#9829 = DIRECTION ( 'NONE',  ( 0.000000000000000000, 0.000000000000000000, -1.000000000000000000 ) ) ;
#9830 = ORIENTED_EDGE ( 'NONE', *, *, #11509, .T. ) ;
#9831 = ORIENTED_EDGE ( 'NONE', *, *, #8575, .T. ) ;
#9832 = EDGE_CURVE ( 'NONE', #9150, #5048, #969, .T. ) ;
#9833 = UNCERTAINTY_MEASURE_WITH_UNIT (LENGTH_MEASURE( 1.000000000000000082E-05 ), #1776, 'distance_accuracy_value', 'NONE');
#9834 = FILL_AREA_STYLE_COLOUR ( '', #5416 ) ;
#9835 = AXIS2_PLACEMENT_3D ( 'NONE', #4871, #5813, #10670 ) ;
#9836 = DIRECTION ( 'NONE',  ( 3.491481338843135327E-15, 1.000000000000000000, 0.000000000000000000 ) ) ;
#9837 = CARTESIAN_POINT ( 'NONE',  ( 1.670000000000000151, 5.000000000000000000, 1.100000000000000089 ) ) ;
#9838 = CARTESIAN_POINT ( 'NONE',  ( -5.000000000000000000, -0.8699999999999999956, 1.000000000000000000 ) ) ;
#9839 = DIRECTION ( 'NONE',  ( 1.000000000000000000, -3.491481338843135327E-15, 0.000000000000000000 ) ) ;
#9840 = VERTEX_POINT ( 'NONE', #2956 ) ;
#9841 = LINE ( 'NONE', #2309, #1117 ) ;
#9842 = ORIENTED_EDGE ( 'NONE', *, *, #10235, .F. ) ;
#9843 = EDGE_LOOP ( 'NONE', ( #3191, #12346, #6338, #1397 ) ) ;
#9844 = ORIENTED_EDGE ( 'NONE', *, *, #3621, .T. ) ;
#9845 = STYLED_ITEM ( 'NONE', ( #9607 ), #2347 ) ;
#9846 = ADVANCED_FACE ( 'NONE', ( #5965 ), #2053, .F. ) ;
#9847 = EDGE_CURVE ( 'NONE', #9930, #4164, #1093, .T. ) ;
#9848 = CARTESIAN_POINT ( 'NONE',  ( 2.739999999999999769, 5.009999999999999787, -0.1000000000000000056 ) ) ;
#9849 = DIRECTION ( 'NONE',  ( 1.000000000000000000, 0.000000000000000000, 0.000000000000000000 ) ) ;
#9850 = DIRECTION ( 'NONE',  ( 0.000000000000000000, 0.000000000000000000, -1.000000000000000000 ) ) ;
#9851 = FILL_AREA_STYLE ('',( #363 ) ) ;
#9852 = PRESENTATION_STYLE_ASSIGNMENT (( #1302 ) ) ;
#9853 =( NAMED_UNIT ( * ) SI_UNIT ( $, .STERADIAN. ) SOLID_ANGLE_UNIT ( ) );
#9854 = PRESENTATION_STYLE_ASSIGNMENT (( #1304 ) ) ;
#9855 = DIRECTION ( 'NONE',  ( 1.000000000000000000, 1.734723475976804876E-16, 0.000000000000000000 ) ) ;
#9856 = SURFACE_STYLE_FILL_AREA ( #1960 ) ;
#9857 = SURFACE_STYLE_USAGE ( .BOTH. , #8858 ) ;
#9858 = FACE_OUTER_BOUND ( 'NONE', #1247, .T. ) ;
#9859 = ORIENTED_EDGE ( 'NONE', *, *, #3135, .F. ) ;
#9860 = EDGE_CURVE ( 'NONE', #10712, #3473, #8770, .T. ) ;
#9861 =( LENGTH_UNIT ( ) NAMED_UNIT ( * ) SI_UNIT ( .MILLI., .METRE. ) );
#9862 = VERTEX_POINT ( 'NONE', #3074 ) ;
#9863 = DIRECTION ( 'NONE',  ( -1.000000000000000000, 0.000000000000000000, 0.000000000000000000 ) ) ;
#9864 = UNCERTAINTY_MEASURE_WITH_UNIT (LENGTH_MEASURE( 1.000000000000000082E-05 ), #5486, 'distance_accuracy_value', 'NONE');
#9865 =( NAMED_UNIT ( * ) SI_UNIT ( $, .STERADIAN. ) SOLID_ANGLE_UNIT ( ) );
#9866 = DIRECTION ( 'NONE',  ( 0.000000000000000000, 0.000000000000000000, 1.000000000000000000 ) ) ;
#9867 = SURFACE_STYLE_USAGE ( .BOTH. , #2100 ) ;
#9868 = PRESENTATION_STYLE_ASSIGNMENT (( #1078 ) ) ;
#9869 = DIRECTION ( 'NONE',  ( 0.000000000000000000, 0.000000000000000000, 1.000000000000000000 ) ) ;
#9870 = LINE ( 'NONE', #8814, #6328 ) ;
#9871 = EDGE_CURVE ( 'NONE', #6705, #12321, #12345, .T. ) ;
#9872 = ORIENTED_EDGE ( 'NONE', *, *, #4638, .F. ) ;
#9873 = AXIS2_PLACEMENT_3D ( 'NONE', #11057, #4280, #7096 ) ;
#9874 = ORIENTED_EDGE ( 'NONE', *, *, #4714, .F. ) ;
#9875 = PRESENTATION_STYLE_ASSIGNMENT (( #3012 ) ) ;
#9876 = ORIENTED_EDGE ( 'NONE', *, *, #1897, .F. ) ;
#9877 = STYLED_ITEM ( 'NONE', ( #4446 ), #3243 ) ;
#9878 = SURFACE_STYLE_FILL_AREA ( #8765 ) ;
#9879 = FACE_OUTER_BOUND ( 'NONE', #3952, .T. ) ;
#9880 =( NAMED_UNIT ( * ) PLANE_ANGLE_UNIT ( ) SI_UNIT ( $, .RADIAN. ) );
#9881 = VECTOR ( 'NONE', #10466, 1000.000000000000000 ) ;
#9882 = CARTESIAN_POINT ( 'NONE',  ( -2.739999999999999769, 5.009999999999999787, 1.100000000000000089 ) ) ;
#9883 = ORIENTED_EDGE ( 'NONE', *, *, #3489, .T. ) ;
#9884 = EDGE_CURVE ( 'NONE', #1467, #9933, #3893, .T. ) ;
#9885 = ORIENTED_EDGE ( 'NONE', *, *, #11904, .T. ) ;
#9886 = DIRECTION ( 'NONE',  ( 0.000000000000000000, -1.000000000000000000, 0.000000000000000000 ) ) ;
#9887 = ORIENTED_EDGE ( 'NONE', *, *, #7061, .T. ) ;
#9888 = ORIENTED_EDGE ( 'NONE', *, *, #4601, .F. ) ;
#9889 = VECTOR ( 'NONE', #9682, 1000.000000000000000 ) ;
#9890 = CARTESIAN_POINT ( 'NONE',  ( -5.247522979933629165E-14, -5.009999999999999787, 0.000000000000000000 ) ) ;
#9891 = COLOUR_RGB ( '',1.000000000000000000, 0.8117647058823529438, 0.5019607843137254832 ) ;
#9892 = PLANE ( 'NONE',  #7587 ) ;
#9893 =( NAMED_UNIT ( * ) PLANE_ANGLE_UNIT ( ) SI_UNIT ( $, .RADIAN. ) );
#9894 = CARTESIAN_POINT ( 'NONE',  ( -5.000000000000000000, -0.2000000000000000111, -0.1000000000000000056 ) ) ;
#9895 = VECTOR ( 'NONE', #9254, 1000.000000000000000 ) ;
#9896 = PRESENTATION_LAYER_ASSIGNMENT (  '', '', ( #6918 ) ) ;
#9897 = CARTESIAN_POINT ( 'NONE',  ( -2.940000000000049685, -4.750000000000000000, 1.000000000000000000 ) ) ;
#9898 = CARTESIAN_POINT ( 'NONE',  ( 5.009999999999999787, -1.070000000000000062, -0.1000000000000000056 ) ) ;
#9899 =( GEOMETRIC_REPRESENTATION_CONTEXT ( 3 ) GLOBAL_UNCERTAINTY_ASSIGNED_CONTEXT ( ( #2017 ) ) GLOBAL_UNIT_ASSIGNED_CONTEXT ( ( #601, #11167, #3514 ) ) REPRESENTATION_CONTEXT ( 'NONE', 'WORKASPACE' ) );
#9900 = UNCERTAINTY_MEASURE_WITH_UNIT (LENGTH_MEASURE( 1.000000000000000082E-05 ), #6096, 'distance_accuracy_value', 'NONE');
#9901 = ORIENTED_EDGE ( 'NONE', *, *, #7623, .F. ) ;
#9902 = EDGE_CURVE ( 'NONE', #2601, #4838, #5714, .T. ) ;
#9903 =( NAMED_UNIT ( * ) SI_UNIT ( $, .STERADIAN. ) SOLID_ANGLE_UNIT ( ) );
#9904 = VECTOR ( 'NONE', #434, 1000.000000000000000 ) ;
#9905 = CARTESIAN_POINT ( 'NONE',  ( 5.000000000000000000, -2.939999999999999947, 1.000000000000000000 ) ) ;
#9906 = ORIENTED_EDGE ( 'NONE', *, *, #809, .F. ) ;
#9907 = LINE ( 'NONE', #10090, #9409 ) ;
#9908 = VERTEX_POINT ( 'NONE', #3845 ) ;
#9909 = DIRECTION ( 'NONE',  ( 0.000000000000000000, 0.000000000000000000, -1.000000000000000000 ) ) ;
#9910 = ORIENTED_EDGE ( 'NONE', *, *, #6329, .F. ) ;
#9911 = CIRCLE ( 'NONE', #5320, 0.5000000000000000000 ) ;
#9912 = VECTOR ( 'NONE', #3391, 1000.000000000000000 ) ;
#9913 = STYLED_ITEM ( 'NONE', ( #2856 ), #11637 ) ;
#9914 = FILL_AREA_STYLE_COLOUR ( '', #11128 ) ;
#9915 =( GEOMETRIC_REPRESENTATION_CONTEXT ( 3 ) GLOBAL_UNCERTAINTY_ASSIGNED_CONTEXT ( ( #8789 ) ) GLOBAL_UNIT_ASSIGNED_CONTEXT ( ( #5911, #11443, #7745 ) ) REPRESENTATION_CONTEXT ( 'NONE', 'WORKASPACE' ) );
#9916 = STYLED_ITEM ( 'NONE', ( #267 ), #6595 ) ;
#9917 = DIRECTION ( 'NONE',  ( 1.734723475976804876E-16, -1.000000000000000000, 0.000000000000000000 ) ) ;
#9918 = FILL_AREA_STYLE ('',( #4295 ) ) ;
#9919 = DIRECTION ( 'NONE',  ( 0.000000000000000000, 0.000000000000000000, 1.000000000000000000 ) ) ;
#9920 =( NAMED_UNIT ( * ) PLANE_ANGLE_UNIT ( ) SI_UNIT ( $, .RADIAN. ) );
#9921 = FACE_OUTER_BOUND ( 'NONE', #5521, .T. ) ;
#9922 = FACE_OUTER_BOUND ( 'NONE', #4607, .T. ) ;
#9923 = EDGE_CURVE ( 'NONE', #189, #7455, #8217, .T. ) ;
#9924 =( NAMED_UNIT ( * ) SI_UNIT ( $, .STERADIAN. ) SOLID_ANGLE_UNIT ( ) );
#9925 = EDGE_CURVE ( 'NONE', #3519, #11133, #10287, .T. ) ;
#9926 = CARTESIAN_POINT ( 'NONE',  ( 0.8699999999999490363, -5.000000000000000000, -0.1000000000000000056 ) ) ;
#9927 = SURFACE_STYLE_FILL_AREA ( #4244 ) ;
#9928 = CARTESIAN_POINT ( 'NONE',  ( -5.000000000000000000, 1.270000000000000018, -0.1000000000000000056 ) ) ;
#9929 = PRESENTATION_LAYER_ASSIGNMENT (  '', '', ( #2939 ) ) ;
#9930 = VERTEX_POINT ( 'NONE', #6363 ) ;
#9931 = VECTOR ( 'NONE', #810, 1000.000000000000000 ) ;
#9932 = SURFACE_STYLE_USAGE ( .BOTH. , #7899 ) ;
#9933 = VERTEX_POINT ( 'NONE', #11072 ) ;
#9934 = FILL_AREA_STYLE_COLOUR ( '', #10783 ) ;
#9935 = MECHANICAL_DESIGN_GEOMETRIC_PRESENTATION_REPRESENTATION (  '', ( #3746 ), #9137 ) ;
#9936 = DIRECTION ( 'NONE',  ( 0.000000000000000000, 0.000000000000000000, 1.000000000000000000 ) ) ;
#9937 = SURFACE_SIDE_STYLE ('',( #10114 ) ) ;
#9938 =( NAMED_UNIT ( * ) SI_UNIT ( $, .STERADIAN. ) SOLID_ANGLE_UNIT ( ) );
#9939 = PRESENTATION_LAYER_ASSIGNMENT (  '', '', ( #5148 ) ) ;
#9940 = DIRECTION ( 'NONE',  ( 0.000000000000000000, 0.000000000000000000, 1.000000000000000000 ) ) ;
#9941 = SURFACE_STYLE_USAGE ( .BOTH. , #2269 ) ;
#9942 = DIRECTION ( 'NONE',  ( -1.000000000000000000, 0.000000000000000000, 0.000000000000000000 ) ) ;
#9943 = PRESENTATION_LAYER_ASSIGNMENT (  '', '', ( #5555 ) ) ;
#9944 = EDGE_CURVE ( 'NONE', #9150, #8387, #12116, .T. ) ;
#9945 = CARTESIAN_POINT ( 'NONE',  ( -5.000000000000000000, 0.4000000000000000222, 0.000000000000000000 ) ) ;
#9946 = CARTESIAN_POINT ( 'NONE',  ( -0.8699999999999840083, 4.750000000000000000, 1.000000000000000000 ) ) ;
#9947 = PRESENTATION_LAYER_ASSIGNMENT (  '', '', ( #2952 ) ) ;
#9948 = ORIENTED_EDGE ( 'NONE', *, *, #7262, .T. ) ;
#9949 = ORIENTED_EDGE ( 'NONE', *, *, #7621, .F. ) ;
#9950 = VERTEX_POINT ( 'NONE', #7237 ) ;
#9951 = CARTESIAN_POINT ( 'NONE',  ( -5.000000000000000000, -8.673617379884030542E-16, -0.1000000000000000056 ) ) ;
#9952 = VERTEX_POINT ( 'NONE', #8275 ) ;
#9953 =( GEOMETRIC_REPRESENTATION_CONTEXT ( 3 ) GLOBAL_UNCERTAINTY_ASSIGNED_CONTEXT ( ( #165 ) ) GLOBAL_UNIT_ASSIGNED_CONTEXT ( ( #2502, #1556, #800 ) ) REPRESENTATION_CONTEXT ( 'NONE', 'WORKASPACE' ) );
#9954 =( NAMED_UNIT ( * ) PLANE_ANGLE_UNIT ( ) SI_UNIT ( $, .RADIAN. ) );
#9955 = VECTOR ( 'NONE', #2313, 1000.000000000000000 ) ;
#9956 = SURFACE_STYLE_FILL_AREA ( #10902 ) ;
#9957 = VECTOR ( 'NONE', #7640, 1000.000000000000000 ) ;
#9958 = LINE ( 'NONE', #1340, #9450 ) ;
#9959 = DIRECTION ( 'NONE',  ( 1.000000000000000000, -1.047444401652940164E-14, 0.000000000000000000 ) ) ;
#9960 = VERTEX_POINT ( 'NONE', #6553 ) ;
#9961 = AXIS2_PLACEMENT_3D ( 'NONE', #1228, #11729, #1418 ) ;
#9962 = CARTESIAN_POINT ( 'NONE',  ( 5.000000000000000000, -1.270000000000000018, 1.100000000000000089 ) ) ;
#9963 = ORIENTED_EDGE ( 'NONE', *, *, #236, .F. ) ;
#9964 = ORIENTED_EDGE ( 'NONE', *, *, #833, .T. ) ;
#9965 = EDGE_CURVE ( 'NONE', #2807, #9056, #5546, .T. ) ;
#9966 = VECTOR ( 'NONE', #4851, 1000.000000000000000 ) ;
#9967 = CARTESIAN_POINT ( 'NONE',  ( 5.009999999999999787, 0.2000000000000000111, -0.1000000000000000056 ) ) ;
#9968 = ORIENTED_EDGE ( 'NONE', *, *, #3218, .F. ) ;
#9969 = ORIENTED_EDGE ( 'NONE', *, *, #5256, .T. ) ;
#9970 = ORIENTED_EDGE ( 'NONE', *, *, #11024, .F. ) ;
#9971 = VECTOR ( 'NONE', #10309, 1000.000000000000000 ) ;
#9972 = FACE_OUTER_BOUND ( 'NONE', #8911, .T. ) ;
#9973 = ORIENTED_EDGE ( 'NONE', *, *, #8444, .T. ) ;
#9974 = EDGE_LOOP ( 'NONE', ( #8592, #9035, #12012, #5769, #9265, #10063, #10679, #12036 ) ) ;
#9975 = LINE ( 'NONE', #4290, #10765 ) ;
#9976 = PLANE ( 'NONE',  #10498 ) ;
#9977 = EDGE_CURVE ( 'NONE', #6603, #10276, #4431, .T. ) ;
#9978 = VECTOR ( 'NONE', #5863, 1000.000000000000000 ) ;
#9979 = DIRECTION ( 'NONE',  ( -1.000000000000000000, -1.734723475976804876E-16, 0.000000000000000000 ) ) ;
#9980 = DIRECTION ( 'NONE',  ( 0.000000000000000000, 0.000000000000000000, 1.000000000000000000 ) ) ;
#9981 = LINE ( 'NONE', #11739, #341 ) ;
#9982 = LINE ( 'NONE', #5234, #739 ) ;
#9983 = DIRECTION ( 'NONE',  ( 1.000000000000000000, 0.000000000000000000, 0.000000000000000000 ) ) ;
#9984 = FILL_AREA_STYLE ('',( #4055 ) ) ;
#9985 = LINE ( 'NONE', #7239, #309 ) ;
#9986 = CARTESIAN_POINT ( 'NONE',  ( 1.070000000000016049, 5.009999999999999787, -0.1000000000000000056 ) ) ;
#9987 =( NAMED_UNIT ( * ) SI_UNIT ( $, .STERADIAN. ) SOLID_ANGLE_UNIT ( ) );
#9988 = DIRECTION ( 'NONE',  ( 0.000000000000000000, 0.000000000000000000, 1.000000000000000000 ) ) ;
#9989 = EDGE_LOOP ( 'NONE', ( #8805, #7635, #6224, #10247 ) ) ;
#9990 = COLOUR_RGB ( '',1.000000000000000000, 0.8117647058823529438, 0.5019607843137254832 ) ;
#9991 = SURFACE_SIDE_STYLE ('',( #12009 ) ) ;
#9992 = CIRCLE ( 'NONE', #6010, 0.1999999999999996503 ) ;
#9993 = CARTESIAN_POINT ( 'NONE',  ( 5.000000000000000000, -5.000000000000000000, 0.000000000000000000 ) ) ;
#9994 = ORIENTED_EDGE ( 'NONE', *, *, #4624, .F. ) ;
#9995 = DIRECTION ( 'NONE',  ( 0.000000000000000000, 0.000000000000000000, -1.000000000000000000 ) ) ;
#9996 = DIRECTION ( 'NONE',  ( 1.000000000000000000, -1.030097166893172093E-14, 0.000000000000000000 ) ) ;
#9997 = EDGE_CURVE ( 'NONE', #8441, #1179, #5430, .T. ) ;
#9998 = UNCERTAINTY_MEASURE_WITH_UNIT (LENGTH_MEASURE( 1.000000000000000082E-05 ), #7293, 'distance_accuracy_value', 'NONE');
#9999 = LINE ( 'NONE', #4251, #11988 ) ;
#10000 = DIRECTION ( 'NONE',  ( 0.000000000000000000, 0.000000000000000000, 1.000000000000000000 ) ) ;
#10001 = DIRECTION ( 'NONE',  ( 0.000000000000000000, 0.000000000000000000, 1.000000000000000000 ) ) ;
#10002 = DIRECTION ( 'NONE',  ( 1.000000000000000000, 1.734723475976804876E-16, 0.000000000000000000 ) ) ;
#10003 = SURFACE_STYLE_USAGE ( .BOTH. , #4137 ) ;
#10004 = CARTESIAN_POINT ( 'NONE',  ( -2.750000000000000000, 3.250000000000000000, 2.510000000000000231 ) ) ;
#10005 = STYLED_ITEM ( 'NONE', ( #11628 ), #5784 ) ;
#10006 = DIRECTION ( 'NONE',  ( 1.000000000000000000, 0.000000000000000000, 0.000000000000000000 ) ) ;
#10007 = ORIENTED_EDGE ( 'NONE', *, *, #2429, .F. ) ;
#10008 = ORIENTED_EDGE ( 'NONE', *, *, #2619, .F. ) ;
#10009 = ORIENTED_EDGE ( 'NONE', *, *, #11553, .T. ) ;
#10010 = EDGE_CURVE ( 'NONE', #12131, #3645, #9362, .T. ) ;
#10011 = EDGE_CURVE ( 'NONE', #6788, #6975, #2450, .T. ) ;
#10012 = ORIENTED_EDGE ( 'NONE', *, *, #10073, .T. ) ;
#10013 = DIRECTION ( 'NONE',  ( 0.000000000000000000, 0.000000000000000000, -1.000000000000000000 ) ) ;
#10014 = CARTESIAN_POINT ( 'NONE',  ( -0.3999999999999835354, 5.009999999999999787, -0.1000000000000000056 ) ) ;
#10015 = CARTESIAN_POINT ( 'NONE',  ( 0.4000000000000140110, 4.250000000000000000, -0.1000000000000000056 ) ) ;
#10016 = VECTOR ( 'NONE', #2050, 1000.000000000000000 ) ;
#10017 = DIRECTION ( 'NONE',  ( 0.000000000000000000, 0.000000000000000000, 1.000000000000000000 ) ) ;
#10018 = VECTOR ( 'NONE', #10987, 1000.000000000000000 ) ;
#10019 = DIRECTION ( 'NONE',  ( -3.780601918172600153E-15, -1.000000000000000000, 0.000000000000000000 ) ) ;
#10020 = ORIENTED_EDGE ( 'NONE', *, *, #4018, .F. ) ;
#10021 = ORIENTED_EDGE ( 'NONE', *, *, #3594, .F. ) ;
#10022 =( NAMED_UNIT ( * ) SI_UNIT ( $, .STERADIAN. ) SOLID_ANGLE_UNIT ( ) );
#10023 = MECHANICAL_DESIGN_GEOMETRIC_PRESENTATION_REPRESENTATION (  '', ( #11452 ), #10622 ) ;
#10024 = CARTESIAN_POINT ( 'NONE',  ( -0.4000000000000490386, -4.750000000000000000, 1.100000000000000089 ) ) ;
#10025 = LINE ( 'NONE', #1412, #5839 ) ;
#10026 = CARTESIAN_POINT ( 'NONE',  ( -0.2000000000000514977, -5.009999999999999787, -0.1000000000000000056 ) ) ;
#10027 = CARTESIAN_POINT ( 'NONE',  ( 1.469999999999948015, -5.009999999999999787, -0.1000000000000000056 ) ) ;
#10028 = PRESENTATION_STYLE_ASSIGNMENT (( #6158 ) ) ;
#10029 = VERTEX_POINT ( 'NONE', #6425 ) ;
#10030 = SURFACE_SIDE_STYLE ('',( #11789 ) ) ;
#10031 = LINE ( 'NONE', #478, #4172 ) ;
#10032 = ORIENTED_EDGE ( 'NONE', *, *, #6545, .F. ) ;
#10033 = ADVANCED_FACE ( 'NONE', ( #12060 ), #2714, .F. ) ;
#10034 = VERTEX_POINT ( 'NONE', #6296 ) ;
#10035 = EDGE_LOOP ( 'NONE', ( #4285, #6706, #776, #10764 ) ) ;
#10036 =( NAMED_UNIT ( * ) PLANE_ANGLE_UNIT ( ) SI_UNIT ( $, .RADIAN. ) );
#10037 = SURFACE_STYLE_USAGE ( .BOTH. , #1488 ) ;
#10038 = VECTOR ( 'NONE', #8490, 1000.000000000000000 ) ;
#10039 = SURFACE_STYLE_USAGE ( .BOTH. , #3291 ) ;
#10040 = SURFACE_STYLE_FILL_AREA ( #9918 ) ;
#10041 = CARTESIAN_POINT ( 'NONE',  ( -1.470000000000049933, -5.009999999999999787, 1.100000000000000089 ) ) ;
#10042 =( LENGTH_UNIT ( ) NAMED_UNIT ( * ) SI_UNIT ( .MILLI., .METRE. ) );
#10043 = CARTESIAN_POINT ( 'NONE',  ( -5.000000000000000000, 1.670000000000000151, 1.000000000000000000 ) ) ;
#10044 =( LENGTH_UNIT ( ) NAMED_UNIT ( * ) SI_UNIT ( .MILLI., .METRE. ) );
#10045 = SURFACE_STYLE_USAGE ( .BOTH. , #7241 ) ;
#10046 =( NAMED_UNIT ( * ) PLANE_ANGLE_UNIT ( ) SI_UNIT ( $, .RADIAN. ) );
#10047 = VECTOR ( 'NONE', #11561, 1000.000000000000000 ) ;
#10048 = ORIENTED_EDGE ( 'NONE', *, *, #7832, .F. ) ;
#10049 = EDGE_CURVE ( 'NONE', #3221, #11309, #10102, .T. ) ;
#10050 = SURFACE_SIDE_STYLE ('',( #2457 ) ) ;
#10051 = ORIENTED_EDGE ( 'NONE', *, *, #10248, .F. ) ;
#10052 = PRESENTATION_STYLE_ASSIGNMENT (( #5184 ) ) ;
#10053 = DIRECTION ( 'NONE',  ( 0.000000000000000000, 1.000000000000000000, 0.000000000000000000 ) ) ;
#10054 = DIRECTION ( 'NONE',  ( 1.000000000000000000, 0.000000000000000000, 0.000000000000000000 ) ) ;
#10055 =( NAMED_UNIT ( * ) SI_UNIT ( $, .STERADIAN. ) SOLID_ANGLE_UNIT ( ) );
#10056 = DIRECTION ( 'NONE',  ( 1.047444401652940164E-14, 1.000000000000000000, 0.000000000000000000 ) ) ;
#10057 = CARTESIAN_POINT ( 'NONE',  ( 5.009999999999999787, -1.469999999999999973, -0.1000000000000000056 ) ) ;
#10058 =( NAMED_UNIT ( * ) PLANE_ANGLE_UNIT ( ) SI_UNIT ( $, .RADIAN. ) );
#10059 = FILL_AREA_STYLE ('',( #11029 ) ) ;
#10060 = PLANE ( 'NONE',  #7579 ) ;
#10061 = EDGE_CURVE ( 'NONE', #2751, #11535, #9104, .T. ) ;
#10062 = ORIENTED_EDGE ( 'NONE', *, *, #3515, .F. ) ;
#10063 = ORIENTED_EDGE ( 'NONE', *, *, #7089, .T. ) ;
#10064 = EDGE_LOOP ( 'NONE', ( #2773, #4603, #4324, #9830, #7721, #11667, #275, #2753 ) ) ;
#10065 = CARTESIAN_POINT ( 'NONE',  ( -0.1999999999999830247, 5.000000000000000000, -0.2999999999999999889 ) ) ;
#10066 = ORIENTED_EDGE ( 'NONE', *, *, #1403, .F. ) ;
#10067 = FACE_OUTER_BOUND ( 'NONE', #10835, .T. ) ;
#10068 = LINE ( 'NONE', #11831, #12181 ) ;
#10069 =( NAMED_UNIT ( * ) SI_UNIT ( $, .STERADIAN. ) SOLID_ANGLE_UNIT ( ) );
#10070 = PLANE ( 'NONE',  #1493 ) ;
#10071 =( NAMED_UNIT ( * ) PLANE_ANGLE_UNIT ( ) SI_UNIT ( $, .RADIAN. ) );
#10072 = LINE ( 'NONE', #2478, #6747 ) ;
#10073 = EDGE_CURVE ( 'NONE', #2442, #10762, #12000, .T. ) ;
#10074 = VECTOR ( 'NONE', #36, 1000.000000000000000 ) ;
#10075 = EDGE_CURVE ( 'NONE', #4908, #11183, #566, .T. ) ;
#10076 = ORIENTED_EDGE ( 'NONE', *, *, #9965, .F. ) ;
#10077 = ORIENTED_EDGE ( 'NONE', *, *, #3609, .T. ) ;
#10078 = DIRECTION ( 'NONE',  ( -1.047444401652940164E-14, -1.000000000000000000, 0.000000000000000000 ) ) ;
#10079 = CARTESIAN_POINT ( 'NONE',  ( 1.470000000000015961, 5.009999999999999787, -0.1000000000000000056 ) ) ;
#10080 = VECTOR ( 'NONE', #1572, 1000.000000000000000 ) ;
#10081 = SURFACE_SIDE_STYLE ('',( #11722 ) ) ;
#10082 = DIRECTION ( 'NONE',  ( -1.000000000000000000, 2.891205793294680298E-16, 0.000000000000000000 ) ) ;
#10083 = CARTESIAN_POINT ( 'NONE',  ( -4.799999999999999822, 2.540000000000000036, -0.2999999999999999889 ) ) ;
#10084 = CARTESIAN_POINT ( 'NONE',  ( 5.000000000000000000, -2.939999999999999947, -0.1000000000000000056 ) ) ;
#10085 = ORIENTED_EDGE ( 'NONE', *, *, #11305, .T. ) ;
#10086 = LINE ( 'NONE', #6225, #114 ) ;
#10087 = ORIENTED_EDGE ( 'NONE', *, *, #1348, .T. ) ;
#10088 =( GEOMETRIC_REPRESENTATION_CONTEXT ( 3 ) GLOBAL_UNCERTAINTY_ASSIGNED_CONTEXT ( ( #2094 ) ) GLOBAL_UNIT_ASSIGNED_CONTEXT ( ( #8407, #11313, #11124 ) ) REPRESENTATION_CONTEXT ( 'NONE', 'WORKASPACE' ) );
#10089 = EDGE_CURVE ( 'NONE', #4152, #9039, #8228, .T. ) ;
#10090 = CARTESIAN_POINT ( 'NONE',  ( 1.070000000000016049, 5.009999999999999787, -0.1000000000000000056 ) ) ;
#10091 = PLANE ( 'NONE',  #2335 ) ;
#10092 = VERTEX_POINT ( 'NONE', #9848 ) ;
#10093 = UNCERTAINTY_MEASURE_WITH_UNIT (LENGTH_MEASURE( 1.000000000000000082E-05 ), #2615, 'distance_accuracy_value', 'NONE');
#10094 = ORIENTED_EDGE ( 'NONE', *, *, #9196, .T. ) ;
#10095 = DIRECTION ( 'NONE',  ( 1.000000000000000000, 0.000000000000000000, 0.000000000000000000 ) ) ;
#10096 = SURFACE_STYLE_USAGE ( .BOTH. , #4239 ) ;
#10097 = COLOUR_RGB ( '',1.000000000000000000, 0.8117647058823529438, 0.5019607843137254832 ) ;
#10098 =( NAMED_UNIT ( * ) PLANE_ANGLE_UNIT ( ) SI_UNIT ( $, .RADIAN. ) );
#10099 = VECTOR ( 'NONE', #2173, 1000.000000000000000 ) ;
#10100 = DIRECTION ( 'NONE',  ( 0.000000000000000000, 0.000000000000000000, -1.000000000000000000 ) ) ;
#10101 = VECTOR ( 'NONE', #3880, 1000.000000000000000 ) ;
#10102 = LINE ( 'NONE', #10362, #4901 ) ;
#10103 = DIRECTION ( 'NONE',  ( 0.000000000000000000, 0.000000000000000000, -1.000000000000000000 ) ) ;
#10104 = DIRECTION ( 'NONE',  ( 0.000000000000000000, 0.000000000000000000, -1.000000000000000000 ) ) ;
#10105 = VERTEX_POINT ( 'NONE', #3169 ) ;
#10106 = VECTOR ( 'NONE', #10459, 1000.000000000000000 ) ;
#10107 = VECTOR ( 'NONE', #8793, 1000.000000000000000 ) ;
#10108 = DIRECTION ( 'NONE',  ( -1.000000000000000000, 0.000000000000000000, 0.000000000000000000 ) ) ;
#10109 = MECHANICAL_DESIGN_GEOMETRIC_PRESENTATION_REPRESENTATION (  '', ( #2713 ), #5536 ) ;
#10110 = MECHANICAL_DESIGN_GEOMETRIC_PRESENTATION_REPRESENTATION (  '', ( #2715 ), #4726 ) ;
#10111 = ORIENTED_EDGE ( 'NONE', *, *, #7487, .F. ) ;
#10112 =( NAMED_UNIT ( * ) SI_UNIT ( $, .STERADIAN. ) SOLID_ANGLE_UNIT ( ) );
#10113 = UNCERTAINTY_MEASURE_WITH_UNIT (LENGTH_MEASURE( 1.000000000000000082E-05 ), #3676, 'distance_accuracy_value', 'NONE');
#10114 = SURFACE_STYLE_FILL_AREA ( #11755 ) ;
#10115 = EDGE_CURVE ( 'NONE', #8762, #2350, #10663, .T. ) ;
#10116 = DIRECTION ( 'NONE',  ( 1.000000000000000000, 1.734723475976804876E-16, 0.000000000000000000 ) ) ;
#10117 = SURFACE_STYLE_FILL_AREA ( #6498 ) ;
#10118 = PLANE ( 'NONE',  #2637 ) ;
#10119 = CARTESIAN_POINT ( 'NONE',  ( 5.000000000000000000, 5.000000000000000000, 1.000000000000000000 ) ) ;
#10120 = CIRCLE ( 'NONE', #7133, 0.1999999999999996503 ) ;
#10121 = CARTESIAN_POINT ( 'NONE',  ( 2.939999999999950209, -4.750000000000000000, 1.000000000000000000 ) ) ;
#10122 = ORIENTED_EDGE ( 'NONE', *, *, #901, .T. ) ;
#10123 = ORIENTED_EDGE ( 'NONE', *, *, #646, .T. ) ;
#10124 = ORIENTED_EDGE ( 'NONE', *, *, #3020, .F. ) ;
#10125 = VECTOR ( 'NONE', #529, 1000.000000000000000 ) ;
#10126 = CARTESIAN_POINT ( 'NONE',  ( 1.749058678412809795E-14, 5.009999999999999787, 0.000000000000000000 ) ) ;
#10127 = LINE ( 'NONE', #1527, #3188 ) ;
#10128 = SURFACE_STYLE_FILL_AREA ( #6136 ) ;
#10129 = EDGE_CURVE ( 'NONE', #4023, #961, #2137, .T. ) ;
#10130 = CARTESIAN_POINT ( 'NONE',  ( -5.000000000000000000, 5.000000000000000000, 1.000000000000000000 ) ) ;
#10131 = DIRECTION ( 'NONE',  ( -1.000000000000000000, 0.000000000000000000, 0.000000000000000000 ) ) ;
#10132 = CARTESIAN_POINT ( 'NONE',  ( 4.750000000000000000, 1.670000000000000151, 1.000000000000000000 ) ) ;
#10133 = DIRECTION ( 'NONE',  ( -2.040851148208009970E-16, 1.000000000000000000, 0.000000000000000000 ) ) ;
#10134 = PRESENTATION_LAYER_ASSIGNMENT (  '', '', ( #4153 ) ) ;
#10135 = ORIENTED_EDGE ( 'NONE', *, *, #5819, .F. ) ;
#10136 = EDGE_LOOP ( 'NONE', ( #7318, #9285, #10471, #8138 ) ) ;
#10137 =( NAMED_UNIT ( * ) PLANE_ANGLE_UNIT ( ) SI_UNIT ( $, .RADIAN. ) );
#10138 = PRESENTATION_LAYER_ASSIGNMENT (  '', '', ( #7751 ) ) ;
#10139 = ORIENTED_EDGE ( 'NONE', *, *, #7509, .F. ) ;
#10140 = VERTEX_POINT ( 'NONE', #4104 ) ;
#10141 = FILL_AREA_STYLE_COLOUR ( '', #11163 ) ;
#10142 = LINE ( 'NONE', #7336, #1889 ) ;
#10143 = DIRECTION ( 'NONE',  ( 0.000000000000000000, 0.000000000000000000, 1.000000000000000000 ) ) ;
#10144 = PRESENTATION_LAYER_ASSIGNMENT (  '', '', ( #2540 ) ) ;
#10145 = EDGE_CURVE ( 'NONE', #2275, #5984, #5901, .T. ) ;
#10146 = STYLED_ITEM ( 'NONE', ( #9854 ), #7313 ) ;
#10147 = DIRECTION ( 'NONE',  ( 0.000000000000000000, -1.000000000000000000, 0.000000000000000000 ) ) ;
#10148 = CARTESIAN_POINT ( 'NONE',  ( -5.000000000000000000, -2.540000000000000036, -0.1000000000000000056 ) ) ;
#10149 = DIRECTION ( 'NONE',  ( 1.000000000000000000, 0.000000000000000000, 0.000000000000000000 ) ) ;
#10150 = DIRECTION ( 'NONE',  ( 1.000000000000000000, 0.000000000000000000, 0.000000000000000000 ) ) ;
#10151 = VERTEX_POINT ( 'NONE', #6979 ) ;
#10152 = ORIENTED_EDGE ( 'NONE', *, *, #7148, .F. ) ;
#10153 = MECHANICAL_DESIGN_GEOMETRIC_PRESENTATION_REPRESENTATION (  '', ( #1316 ), #320 ) ;
#10154 = ORIENTED_EDGE ( 'NONE', *, *, #10370, .T. ) ;
#10155 = ORIENTED_EDGE ( 'NONE', *, *, #6032, .F. ) ;
#10156 = COLOUR_RGB ( '',1.000000000000000000, 0.8117647058823529438, 0.5019607843137254832 ) ;
#10157 = MECHANICAL_DESIGN_GEOMETRIC_PRESENTATION_REPRESENTATION (  '', ( #10368 ), #3979 ) ;
#10158 = EDGE_CURVE ( 'NONE', #6400, #2280, #10801, .T. ) ;
#10159 = EDGE_CURVE ( 'NONE', #5961, #4968, #988, .T. ) ;
#10160 = LINE ( 'NONE', #6421, #7677 ) ;
#10161 = CARTESIAN_POINT ( 'NONE',  ( 5.009999999999999787, 2.339999999999999858, 1.100000000000000089 ) ) ;
#10162 = LINE ( 'NONE', #3705, #1190 ) ;
#10163 = CARTESIAN_POINT ( 'NONE',  ( 0.4000000000000165090, 5.000000000000000000, 1.000000000000000000 ) ) ;
#10164 = VECTOR ( 'NONE', #3544, 1000.000000000000000 ) ;
#10165 = LINE ( 'NONE', #8079, #8127 ) ;
#10166 = DIRECTION ( 'NONE',  ( 0.000000000000000000, 0.000000000000000000, -1.000000000000000000 ) ) ;
#10167 = PRESENTATION_LAYER_ASSIGNMENT (  '', '', ( #1548 ) ) ;
#10168 = DIRECTION ( 'NONE',  ( -1.000000000000000000, 0.000000000000000000, 0.000000000000000000 ) ) ;
#10169 = VECTOR ( 'NONE', #11828, 1000.000000000000000 ) ;
#10170 =( NAMED_UNIT ( * ) SI_UNIT ( $, .STERADIAN. ) SOLID_ANGLE_UNIT ( ) );
#10171 = FACE_OUTER_BOUND ( 'NONE', #131, .T. ) ;
#10172 =( NAMED_UNIT ( * ) SI_UNIT ( $, .STERADIAN. ) SOLID_ANGLE_UNIT ( ) );
#10173 = ORIENTED_EDGE ( 'NONE', *, *, #7544, .T. ) ;
#10174 = DIRECTION ( 'NONE',  ( 1.047444401652940164E-14, 1.000000000000000000, 0.000000000000000000 ) ) ;
#10175 = VECTOR ( 'NONE', #10426, 1000.000000000000000 ) ;
#10176 = DIRECTION ( 'NONE',  ( -3.491481338843136511E-15, -1.000000000000000000, 0.000000000000000000 ) ) ;
#10177 = VERTEX_POINT ( 'NONE', #2911 ) ;
#10178 =( LENGTH_UNIT ( ) NAMED_UNIT ( * ) SI_UNIT ( .MILLI., .METRE. ) );
#10179 = CARTESIAN_POINT ( 'NONE',  ( -5.000000000000000000, -0.2000000000000000111, 1.100000000000000089 ) ) ;
#10180 = COLOUR_RGB ( '',1.000000000000000000, 0.8117647058823529438, 0.5019607843137254832 ) ;
#10181 = FACE_OUTER_BOUND ( 'NONE', #3264, .T. ) ;
#10182 = PRESENTATION_STYLE_ASSIGNMENT (( #2340 ) ) ;
#10183 = DIRECTION ( 'NONE',  ( 0.000000000000000000, -1.000000000000000000, 0.000000000000000000 ) ) ;
#10184 = FILL_AREA_STYLE_COLOUR ( '', #4848 ) ;
#10185 =( NAMED_UNIT ( * ) PLANE_ANGLE_UNIT ( ) SI_UNIT ( $, .RADIAN. ) );
#10186 = CIRCLE ( 'NONE', #4802, 0.1999999999999996503 ) ;
#10187 = SURFACE_STYLE_USAGE ( .BOTH. , #4386 ) ;
#10188 = ORIENTED_EDGE ( 'NONE', *, *, #1430, .T. ) ;
#10189 = ORIENTED_EDGE ( 'NONE', *, *, #4376, .F. ) ;
#10190 = ORIENTED_EDGE ( 'NONE', *, *, #9504, .T. ) ;
#10191 = ADVANCED_FACE ( 'NONE', ( #1950 ), #5807, .F. ) ;
#10192 = ORIENTED_EDGE ( 'NONE', *, *, #10893, .T. ) ;
#10193 = VECTOR ( 'NONE', #8542, 1000.000000000000000 ) ;
#10194 = DIRECTION ( 'NONE',  ( 1.000000000000000000, 0.000000000000000000, 0.000000000000000000 ) ) ;
#10195 =( NAMED_UNIT ( * ) PLANE_ANGLE_UNIT ( ) SI_UNIT ( $, .RADIAN. ) );
#10196 = AXIS2_PLACEMENT_3D ( 'NONE', #1238, #8077, #2247 ) ;
#10197 = LINE ( 'NONE', #2477, #1271 ) ;
#10198 = FILL_AREA_STYLE_COLOUR ( '', #4553 ) ;
#10199 = VECTOR ( 'NONE', #46, 1000.000000000000000 ) ;
#10200 = ADVANCED_FACE ( 'NONE', ( #11798 ), #9976, .F. ) ;
#10201 = FILL_AREA_STYLE_COLOUR ( '', #1471 ) ;
#10202 = STYLED_ITEM ( 'NONE', ( #8851 ), #5857 ) ;
#10203 = ORIENTED_EDGE ( 'NONE', *, *, #9847, .T. ) ;
#10204 = ORIENTED_EDGE ( 'NONE', *, *, #8174, .T. ) ;
#10205 = SURFACE_STYLE_USAGE ( .BOTH. , #1898 ) ;
#10206 = DIRECTION ( 'NONE',  ( 0.000000000000000000, 0.000000000000000000, -1.000000000000000000 ) ) ;
#10207 = PRESENTATION_LAYER_ASSIGNMENT (  '', '', ( #9623 ) ) ;
#10208 = LINE ( 'NONE', #7506, #3001 ) ;
#10209 = MECHANICAL_DESIGN_GEOMETRIC_PRESENTATION_REPRESENTATION (  '', ( #9628 ), #4238 ) ;
#10210 = FILL_AREA_STYLE_COLOUR ( '', #6507 ) ;
#10211 = PLANE ( 'NONE',  #6062 ) ;
#10212 = DIRECTION ( 'NONE',  ( 0.000000000000000000, 1.000000000000000000, 0.000000000000000000 ) ) ;
#10213 = EDGE_LOOP ( 'NONE', ( #5273, #6166, #12258, #11701 ) ) ;
#10214 = PLANE ( 'NONE',  #9571 ) ;
#10215 = ADVANCED_FACE ( 'NONE', ( #1239 ), #8923, .T. ) ;
#10216 = SURFACE_SIDE_STYLE ('',( #4656 ) ) ;
#10218 = EDGE_LOOP ( 'NONE', ( #6322, #1210, #6401, #5062 ) ) ;
#10217 = MECHANICAL_DESIGN_GEOMETRIC_PRESENTATION_REPRESENTATION (  '', ( #4841 ), #7028 ) ;
#10219 = UNCERTAINTY_MEASURE_WITH_UNIT (LENGTH_MEASURE( 1.000000000000000082E-05 ), #1552, 'distance_accuracy_value', 'NONE');
#10220 = ORIENTED_EDGE ( 'NONE', *, *, #10451, .T. ) ;
#10221 =( NAMED_UNIT ( * ) PLANE_ANGLE_UNIT ( ) SI_UNIT ( $, .RADIAN. ) );
#10222 = LINE ( 'NONE', #1566, #4513 ) ;
#10223 = DIRECTION ( 'NONE',  ( 0.000000000000000000, 1.000000000000000000, 0.000000000000000000 ) ) ;
#10224 = EDGE_CURVE ( 'NONE', #8456, #3754, #5868, .T. ) ;
#10225 =( LENGTH_UNIT ( ) NAMED_UNIT ( * ) SI_UNIT ( .MILLI., .METRE. ) );
#10226 = DIRECTION ( 'NONE',  ( 0.000000000000000000, 0.000000000000000000, -1.000000000000000000 ) ) ;
#10227 = SURFACE_SIDE_STYLE ('',( #7286 ) ) ;
#10228 = PRESENTATION_LAYER_ASSIGNMENT (  '', '', ( #1616 ) ) ;
#10229 = CARTESIAN_POINT ( 'NONE',  ( -5.009999999999999787, -0.4000000000000000222, 1.100000000000000089 ) ) ;
#10230 = DIRECTION ( 'NONE',  ( -1.000000000000000000, 1.047444401652940164E-14, 0.000000000000000000 ) ) ;
#10231 = CARTESIAN_POINT ( 'NONE',  ( -5.000000000000000000, -0.4000000000000000222, 1.000000000000000000 ) ) ;
#10232 = CARTESIAN_POINT ( 'NONE',  ( 5.009999999999999787, -2.739999999999999769, 1.100000000000000089 ) ) ;
#10233 = ORIENTED_EDGE ( 'NONE', *, *, #9847, .F. ) ;
#10234 = ADVANCED_FACE ( 'NONE', ( #11626 ), #3578, .F. ) ;
#10235 = EDGE_CURVE ( 'NONE', #667, #7276, #7337, .T. ) ;
#10236 = FILL_AREA_STYLE_COLOUR ( '', #12163 ) ;
#10237 = ORIENTED_EDGE ( 'NONE', *, *, #2345, .T. ) ;
#10238 = DIRECTION ( 'NONE',  ( 0.000000000000000000, 1.000000000000000000, 0.000000000000000000 ) ) ;
#10239 = LINE ( 'NONE', #2606, #3822 ) ;
#10240 = DIRECTION ( 'NONE',  ( 0.000000000000000000, 0.000000000000000000, -1.000000000000000000 ) ) ;
#10241 = SURFACE_SIDE_STYLE ('',( #9444 ) ) ;
#10242 = DIRECTION ( 'NONE',  ( 0.000000000000000000, 0.000000000000000000, 1.000000000000000000 ) ) ;
#10243 = LINE ( 'NONE', #3181, #549 ) ;
#10244 = FILL_AREA_STYLE_COLOUR ( '', #4543 ) ;
#10245 = LINE ( 'NONE', #11514, #2272 ) ;
#10246 = FACE_OUTER_BOUND ( 'NONE', #1931, .T. ) ;
#10247 = ORIENTED_EDGE ( 'NONE', *, *, #6076, .F. ) ;
#10248 = EDGE_CURVE ( 'NONE', #3567, #8355, #9222, .T. ) ;
#10249 = ORIENTED_EDGE ( 'NONE', *, *, #7247, .F. ) ;
#10250 = CARTESIAN_POINT ( 'NONE',  ( 0.8699999999999510347, -4.750000000000000000, 1.100000000000000089 ) ) ;
#10251 =( GEOMETRIC_REPRESENTATION_CONTEXT ( 3 ) GLOBAL_UNCERTAINTY_ASSIGNED_CONTEXT ( ( #1074 ) ) GLOBAL_UNIT_ASSIGNED_CONTEXT ( ( #6291, #7283, #7944 ) ) REPRESENTATION_CONTEXT ( 'NONE', 'WORKASPACE' ) );
#10252 = ORIENTED_EDGE ( 'NONE', *, *, #10618, .F. ) ;
#10253 = VECTOR ( 'NONE', #10477, 1000.000000000000000 ) ;
#10254 = CARTESIAN_POINT ( 'NONE',  ( -5.009999999999999787, 1.670000000000000151, -0.1000000000000000056 ) ) ;
#10255 = DIRECTION ( 'NONE',  ( 1.000000000000000000, -3.491481338843135327E-15, 0.000000000000000000 ) ) ;
#10256 = CARTESIAN_POINT ( 'NONE',  ( 1.669999999999954854, -4.250000000000000000, 0.000000000000000000 ) ) ;
#10257 = SURFACE_STYLE_USAGE ( .BOTH. , #2549 ) ;
#10258 = UNCERTAINTY_MEASURE_WITH_UNIT (LENGTH_MEASURE( 1.000000000000000082E-05 ), #1273, 'distance_accuracy_value', 'NONE');
#10259 = FILL_AREA_STYLE_COLOUR ( '', #2625 ) ;
#10260 = EDGE_CURVE ( 'NONE', #4102, #1160, #2490, .T. ) ;
#10261 = CARTESIAN_POINT ( 'NONE',  ( -1.270000000000052198, -5.009999999999999787, 0.000000000000000000 ) ) ;
#10262 = FACE_OUTER_BOUND ( 'NONE', #4718, .T. ) ;
#10263 = FILL_AREA_STYLE ('',( #3584 ) ) ;
#10264 = ORIENTED_EDGE ( 'NONE', *, *, #5405, .F. ) ;
#10265 = EDGE_LOOP ( 'NONE', ( #7333, #1433, #10778, #3817, #6302, #6474, #3513, #5840, #9462 ) ) ;
#10266 = ORIENTED_EDGE ( 'NONE', *, *, #7346, .T. ) ;
#10267 =( NAMED_UNIT ( * ) SI_UNIT ( $, .STERADIAN. ) SOLID_ANGLE_UNIT ( ) );
#10268 =( NAMED_UNIT ( * ) PLANE_ANGLE_UNIT ( ) SI_UNIT ( $, .RADIAN. ) );
#10269 = LINE ( 'NONE', #11177, #2370 ) ;
#10270 = EDGE_CURVE ( 'NONE', #1404, #2863, #9154, .T. ) ;
#10271 = DIRECTION ( 'NONE',  ( 0.000000000000000000, 0.000000000000000000, 1.000000000000000000 ) ) ;
#10272 =( GEOMETRIC_REPRESENTATION_CONTEXT ( 3 ) GLOBAL_UNCERTAINTY_ASSIGNED_CONTEXT ( ( #11568 ) ) GLOBAL_UNIT_ASSIGNED_CONTEXT ( ( #3469, #613, #798 ) ) REPRESENTATION_CONTEXT ( 'NONE', 'WORKASPACE' ) );
#10273 = PRESENTATION_STYLE_ASSIGNMENT (( #2568 ) ) ;
#10274 = LINE ( 'NONE', #7453, #4372 ) ;
#10275 = FILL_AREA_STYLE_COLOUR ( '', #11678 ) ;
#10276 = VERTEX_POINT ( 'NONE', #536 ) ;
#10277 = CARTESIAN_POINT ( 'NONE',  ( 2.540000000000000036, 5.000000000000000000, 1.100000000000000089 ) ) ;
#10278 = VERTEX_POINT ( 'NONE', #2636 ) ;
#10279 = CYLINDRICAL_SURFACE ( 'NONE', #8753, 0.2000000000000000944 ) ;
#10280 = ORIENTED_EDGE ( 'NONE', *, *, #8641, .F. ) ;
#10281 = VERTEX_POINT ( 'NONE', #2428 ) ;
#10282 = CARTESIAN_POINT ( 'NONE',  ( 1.270000000000016227, 5.000000000000000000, -0.1000000000000000056 ) ) ;
#10283 = VECTOR ( 'NONE', #4902, 1000.000000000000000 ) ;
#10284 = PLANE ( 'NONE',  #10509 ) ;
#10285 = FILL_AREA_STYLE ('',( #2653 ) ) ;
#10286 = ADVANCED_FACE ( 'NONE', ( #11051 ), #1545, .T. ) ;
#10287 = LINE ( 'NONE', #1498, #10080 ) ;
#10288 =( GEOMETRIC_REPRESENTATION_CONTEXT ( 3 ) GLOBAL_UNCERTAINTY_ASSIGNED_CONTEXT ( ( #3476 ) ) GLOBAL_UNIT_ASSIGNED_CONTEXT ( ( #6135, #4398, #2471 ) ) REPRESENTATION_CONTEXT ( 'NONE', 'WORKASPACE' ) );
#10289 = UNCERTAINTY_MEASURE_WITH_UNIT (LENGTH_MEASURE( 1.000000000000000082E-05 ), #2771, 'distance_accuracy_value', 'NONE');
#10290 = COLOUR_RGB ( '',1.000000000000000000, 0.8117647058823529438, 0.5019607843137254832 ) ;
#10291 = FILL_AREA_STYLE_COLOUR ( '', #8733 ) ;
#10292 = PLANE ( 'NONE',  #3539 ) ;
#10293 = FACE_OUTER_BOUND ( 'NONE', #2454, .T. ) ;
#10294 = PRESENTATION_STYLE_ASSIGNMENT (( #10480 ) ) ;
#10295 = PRESENTATION_LAYER_ASSIGNMENT (  '', '', ( #3303 ) ) ;
#10296 = SURFACE_STYLE_USAGE ( .BOTH. , #2391 ) ;
#10297 = SURFACE_STYLE_USAGE ( .BOTH. , #8281 ) ;
#10298 = SURFACE_STYLE_FILL_AREA ( #9244 ) ;
#10299 = VERTEX_POINT ( 'NONE', #5396 ) ;
#10300 = LINE ( 'NONE', #759, #1305 ) ;
#10301 = CARTESIAN_POINT ( 'NONE',  ( -5.000000000000000000, 5.000000000000000000, 0.000000000000000000 ) ) ;
#10302 = DIRECTION ( 'NONE',  ( -1.000000000000000000, 3.318008991245455407E-15, 0.000000000000000000 ) ) ;
#10303 = VECTOR ( 'NONE', #4853, 1000.000000000000000 ) ;
#10304 = VERTEX_POINT ( 'NONE', #4396 ) ;
#10305 = VECTOR ( 'NONE', #6634, 1000.000000000000000 ) ;
#10306 = DIRECTION ( 'NONE',  ( -0.000000000000000000, 1.000000000000000000, 0.000000000000000000 ) ) ;
#10307 =( GEOMETRIC_REPRESENTATION_CONTEXT ( 3 ) GLOBAL_UNCERTAINTY_ASSIGNED_CONTEXT ( ( #11325 ) ) GLOBAL_UNIT_ASSIGNED_CONTEXT ( ( #3272, #5086, #4033 ) ) REPRESENTATION_CONTEXT ( 'NONE', 'WORKASPACE' ) );
#10308 = COLOUR_RGB ( '',1.000000000000000000, 0.8117647058823529438, 0.5019607843137254832 ) ;
#10309 = DIRECTION ( 'NONE',  ( 1.000000000000000000, 0.000000000000000000, 0.000000000000000000 ) ) ;
#10310 = DIRECTION ( 'NONE',  ( 0.000000000000000000, 0.000000000000000000, -1.000000000000000000 ) ) ;
#10311 = EDGE_CURVE ( 'NONE', #2107, #208, #1657, .T. ) ;
#10312 = CARTESIAN_POINT ( 'NONE',  ( -5.000000000000000000, -2.140000000000000124, -0.1000000000000000056 ) ) ;
#10313 = EDGE_CURVE ( 'NONE', #10029, #12395, #8036, .T. ) ;
#10314 = CARTESIAN_POINT ( 'NONE',  ( -5.009999999999999787, 2.739999999999999769, 1.100000000000000089 ) ) ;
#10315 = DIRECTION ( 'NONE',  ( 1.000000000000000000, -1.047444401652940164E-14, 0.000000000000000000 ) ) ;
#10316 =( NAMED_UNIT ( * ) SI_UNIT ( $, .STERADIAN. ) SOLID_ANGLE_UNIT ( ) );
#10317 = SURFACE_STYLE_FILL_AREA ( #1888 ) ;
#10318 = LINE ( 'NONE', #3442, #4340 ) ;
#10319 = PRESENTATION_STYLE_ASSIGNMENT (( #6503 ) ) ;
#10320 = VECTOR ( 'NONE', #2658, 1000.000000000000000 ) ;
#10321 = ORIENTED_EDGE ( 'NONE', *, *, #9790, .T. ) ;
#10322 = PRESENTATION_LAYER_ASSIGNMENT (  '', '', ( #272 ) ) ;
#10323 = PRESENTATION_LAYER_ASSIGNMENT (  '', '', ( #6113 ) ) ;
#10324 = SURFACE_SIDE_STYLE ('',( #5635 ) ) ;
#10325 = ORIENTED_EDGE ( 'NONE', *, *, #1475, .T. ) ;
#10326 = VERTEX_POINT ( 'NONE', #11159 ) ;
#10327 = ORIENTED_EDGE ( 'NONE', *, *, #1208, .F. ) ;
#10328 = CARTESIAN_POINT ( 'NONE',  ( -2.540000000000000036, 5.009999999999999787, 0.000000000000000000 ) ) ;
#10329 = DIRECTION ( 'NONE',  ( 0.000000000000000000, 0.000000000000000000, 1.000000000000000000 ) ) ;
#10330 = UNCERTAINTY_MEASURE_WITH_UNIT (LENGTH_MEASURE( 1.000000000000000082E-05 ), #3002, 'distance_accuracy_value', 'NONE');
#10331 = DIRECTION ( 'NONE',  ( 0.000000000000000000, 0.000000000000000000, 1.000000000000000000 ) ) ;
#10332 = EDGE_CURVE ( 'NONE', #6650, #1227, #8309, .T. ) ;
#10333 = AXIS2_PLACEMENT_3D ( 'NONE', #2735, #7607, #11465 ) ;
#10334 = EDGE_CURVE ( 'NONE', #2054, #5408, #593, .T. ) ;
#10335 =( LENGTH_UNIT ( ) NAMED_UNIT ( * ) SI_UNIT ( .MILLI., .METRE. ) );
#10336 = ORIENTED_EDGE ( 'NONE', *, *, #10468, .T. ) ;
#10337 = CIRCLE ( 'NONE', #9338, 0.1999999999999996503 ) ;
#10338 = VERTEX_POINT ( 'NONE', #11887 ) ;
#10339 = ORIENTED_EDGE ( 'NONE', *, *, #6475, .F. ) ;
#10340 = SURFACE_STYLE_FILL_AREA ( #11539 ) ;
#10341 =( NAMED_UNIT ( * ) PLANE_ANGLE_UNIT ( ) SI_UNIT ( $, .RADIAN. ) );
#10342 = AXIS2_PLACEMENT_3D ( 'NONE', #9791, #5046, #5737 ) ;
#10343 =( NAMED_UNIT ( * ) PLANE_ANGLE_UNIT ( ) SI_UNIT ( $, .RADIAN. ) );
#10344 = CARTESIAN_POINT ( 'NONE',  ( -4.750000000000000000, 2.939999999999999947, 1.100000000000000089 ) ) ;
#10345 = ORIENTED_EDGE ( 'NONE', *, *, #49, .F. ) ;
#10346 = VECTOR ( 'NONE', #6995, 1000.000000000000000 ) ;
#10347 = PLANE ( 'NONE',  #2331 ) ;
#10348 = ORIENTED_EDGE ( 'NONE', *, *, #6207, .T. ) ;
#10349 =( NAMED_UNIT ( * ) PLANE_ANGLE_UNIT ( ) SI_UNIT ( $, .RADIAN. ) );
#10350 = EDGE_LOOP ( 'NONE', ( #5617, #10704, #2877, #6845 ) ) ;
#10351 = VERTEX_POINT ( 'NONE', #10179 ) ;
#10352 = CARTESIAN_POINT ( 'NONE',  ( -1.670000000000000151, 4.250000000000000000, -0.1000000000000000056 ) ) ;
#10353 = STYLED_ITEM ( 'NONE', ( #9092 ), #12341 ) ;
#10354 = EDGE_CURVE ( 'NONE', #1227, #1989, #1055, .T. ) ;
#10355 = VECTOR ( 'NONE', #2200, 1000.000000000000000 ) ;
#10356 = CARTESIAN_POINT ( 'NONE',  ( -3.750000000000000000, 3.250000000000000000, 2.510000000000000231 ) ) ;
#10357 = MECHANICAL_DESIGN_GEOMETRIC_PRESENTATION_REPRESENTATION (  '', ( #7731 ), #10968 ) ;
#10358 = SURFACE_STYLE_FILL_AREA ( #6552 ) ;
#10359 = PRESENTATION_LAYER_ASSIGNMENT (  '', '', ( #8748 ) ) ;
#10360 = CARTESIAN_POINT ( 'NONE',  ( -5.000000000000000000, 5.000000000000000000, 1.000000000000000000 ) ) ;
#10361 = SURFACE_SIDE_STYLE ('',( #9426 ) ) ;
#10362 = CARTESIAN_POINT ( 'NONE',  ( 5.009999999999999787, -1.469999999999999973, -0.1000000000000000056 ) ) ;
#10363 = PLANE ( 'NONE',  #99 ) ;
#10364 = FILL_AREA_STYLE ('',( #4614 ) ) ;
#10365 = CARTESIAN_POINT ( 'NONE',  ( 5.000000000000000000, 1.270000000000000018, -0.1000000000000000056 ) ) ;
#10366 = ORIENTED_EDGE ( 'NONE', *, *, #11904, .F. ) ;
#10367 = PRESENTATION_LAYER_ASSIGNMENT (  '', '', ( #122 ) ) ;
#10368 = STYLED_ITEM ( 'NONE', ( #2443 ), #453 ) ;
#10369 = DIRECTION ( 'NONE',  ( 1.000000000000000000, 0.000000000000000000, 0.000000000000000000 ) ) ;
#10370 = EDGE_CURVE ( 'NONE', #2088, #11774, #10394, .T. ) ;
#10371 = CARTESIAN_POINT ( 'NONE',  ( -5.009999999999999787, -2.739999999999999769, -0.1000000000000000056 ) ) ;
#10372 = DIRECTION ( 'NONE',  ( 0.000000000000000000, -1.000000000000000000, 0.000000000000000000 ) ) ;
#10373 = CARTESIAN_POINT ( 'NONE',  ( 4.250000000000000000, 1.670000000000000151, -0.1000000000000000056 ) ) ;
#10374 = DIRECTION ( 'NONE',  ( 0.000000000000000000, 0.000000000000000000, 1.000000000000000000 ) ) ;
#10375 = STYLED_ITEM ( 'NONE', ( #11094 ), #5039 ) ;
#10376 = LINE ( 'NONE', #12255, #8009 ) ;
#10377 = DIRECTION ( 'NONE',  ( 1.000000000000000000, 0.000000000000000000, 0.000000000000000000 ) ) ;
#10378 =( LENGTH_UNIT ( ) NAMED_UNIT ( * ) SI_UNIT ( .MILLI., .METRE. ) );
#10379 = CYLINDRICAL_SURFACE ( 'NONE', #11362, 0.1999999999999996503 ) ;
#10380 = DIRECTION ( 'NONE',  ( 0.000000000000000000, 0.000000000000000000, -1.000000000000000000 ) ) ;
#10381 = DIRECTION ( 'NONE',  ( -1.000000000000000000, 1.047444401652940164E-14, 0.000000000000000000 ) ) ;
#10382 = DIRECTION ( 'NONE',  ( 0.000000000000000000, 0.000000000000000000, -1.000000000000000000 ) ) ;
#10383 = ORIENTED_EDGE ( 'NONE', *, *, #6698, .T. ) ;
#10384 = CARTESIAN_POINT ( 'NONE',  ( -0.8699999999999840083, 4.750000000000000000, 1.000000000000000000 ) ) ;
#10385 = VERTEX_POINT ( 'NONE', #10256 ) ;
#10386 = ORIENTED_EDGE ( 'NONE', *, *, #624, .T. ) ;
#10387 = VECTOR ( 'NONE', #1767, 1000.000000000000000 ) ;
#10388 = EDGE_CURVE ( 'NONE', #11014, #11415, #8379, .T. ) ;
#10389 = SURFACE_STYLE_USAGE ( .BOTH. , #2739 ) ;
#10390 = CIRCLE ( 'NONE', #4998, 0.1999999999999996503 ) ;
#10391 = ORIENTED_EDGE ( 'NONE', *, *, #3218, .T. ) ;
#10392 = DIRECTION ( 'NONE',  ( 0.000000000000000000, 0.000000000000000000, -1.000000000000000000 ) ) ;
#10393 = CARTESIAN_POINT ( 'NONE',  ( 5.000000000000000000, 8.673617379884030542E-16, 1.100000000000000089 ) ) ;
#10394 = LINE ( 'NONE', #7488, #7866 ) ;
#10395 = LINE ( 'NONE', #8505, #4584 ) ;
#10396 =( GEOMETRIC_REPRESENTATION_CONTEXT ( 3 ) GLOBAL_UNCERTAINTY_ASSIGNED_CONTEXT ( ( #8311 ) ) GLOBAL_UNIT_ASSIGNED_CONTEXT ( ( #3815, #9448, #11634 ) ) REPRESENTATION_CONTEXT ( 'NONE', 'WORKASPACE' ) );
#10397 = CARTESIAN_POINT ( 'NONE',  ( -1.670000000000050111, -4.750000000000000000, 1.100000000000000089 ) ) ;
#10398 = CARTESIAN_POINT ( 'NONE',  ( -1.269999999999982032, 5.009999999999999787, 0.000000000000000000 ) ) ;
#10399 = DIRECTION ( 'NONE',  ( 1.020425574104003999E-16, -1.000000000000000000, 0.000000000000000000 ) ) ;
#10400 = PLANE ( 'NONE',  #8525 ) ;
#10401 = ORIENTED_EDGE ( 'NONE', *, *, #2413, .T. ) ;
#10402 = ADVANCED_FACE ( 'NONE', ( #1723 ), #834, .F. ) ;
#10403 = ORIENTED_EDGE ( 'NONE', *, *, #6107, .T. ) ;
#10404 = EDGE_CURVE ( 'NONE', #7026, #5510, #9456, .T. ) ;
#10405 = ORIENTED_EDGE ( 'NONE', *, *, #1900, .F. ) ;
#10406 =( LENGTH_UNIT ( ) NAMED_UNIT ( * ) SI_UNIT ( .MILLI., .METRE. ) );
#10407 = VECTOR ( 'NONE', #6777, 1000.000000000000000 ) ;
#10408 = MECHANICAL_DESIGN_GEOMETRIC_PRESENTATION_REPRESENTATION (  '', ( #6822 ), #9404 ) ;
#10409 =( LENGTH_UNIT ( ) NAMED_UNIT ( * ) SI_UNIT ( .MILLI., .METRE. ) );
#10410 = DIRECTION ( 'NONE',  ( -4.336808689942025625E-15, -1.000000000000000000, 0.000000000000000000 ) ) ;
#10411 = CARTESIAN_POINT ( 'NONE',  ( 4.250000000000000000, 2.939999999999999947, -0.1000000000000000056 ) ) ;
#10412 = CARTESIAN_POINT ( 'NONE',  ( 5.000000000000000000, 1.270000000000000018, 1.100000000000000089 ) ) ;
#10413 = LINE ( 'NONE', #4844, #4270 ) ;
#10414 = SURFACE_STYLE_FILL_AREA ( #6602 ) ;
#10415 = ORIENTED_EDGE ( 'NONE', *, *, #5256, .F. ) ;
#10416 = CARTESIAN_POINT ( 'NONE',  ( 0.8700000000000160938, 4.750000000000000000, 1.100000000000000089 ) ) ;
#10417 = FACE_OUTER_BOUND ( 'NONE', #6787, .T. ) ;
#10418 = ORIENTED_EDGE ( 'NONE', *, *, #2413, .F. ) ;
#10419 = ADVANCED_FACE ( 'NONE', ( #4693 ), #8504, .F. ) ;
#10420 =( GEOMETRIC_REPRESENTATION_CONTEXT ( 3 ) GLOBAL_UNCERTAINTY_ASSIGNED_CONTEXT ( ( #193 ) ) GLOBAL_UNIT_ASSIGNED_CONTEXT ( ( #5985, #5049, #4103 ) ) REPRESENTATION_CONTEXT ( 'NONE', 'WORKASPACE' ) );
#10421 = ORIENTED_EDGE ( 'NONE', *, *, #4268, .T. ) ;
#10422 = CARTESIAN_POINT ( 'NONE',  ( -4.250000000000000000, -4.250000000000000000, 1.000000000000000000 ) ) ;
#10423 = CARTESIAN_POINT ( 'NONE',  ( -5.000000000000000000, -1.270000000000000018, -0.1000000000000000056 ) ) ;
#10424 = CARTESIAN_POINT ( 'NONE',  ( 5.000000000000000000, -0.4000000000000000222, 0.000000000000000000 ) ) ;
#10425 = DIRECTION ( 'NONE',  ( 1.000000000000000000, 0.000000000000000000, 0.000000000000000000 ) ) ;
#10426 = DIRECTION ( 'NONE',  ( 0.000000000000000000, 0.000000000000000000, -1.000000000000000000 ) ) ;
#10427 = EDGE_CURVE ( 'NONE', #1179, #5774, #10752, .T. ) ;
#10428 = COLOUR_RGB ( '',0.5372549019607842924, 0.6235294117647058876, 0.000000000000000000 ) ;
#10429 =( NAMED_UNIT ( * ) SI_UNIT ( $, .STERADIAN. ) SOLID_ANGLE_UNIT ( ) );
#10430 = ORIENTED_EDGE ( 'NONE', *, *, #1993, .T. ) ;
#10431 =( NAMED_UNIT ( * ) PLANE_ANGLE_UNIT ( ) SI_UNIT ( $, .RADIAN. ) );
#10432 = UNCERTAINTY_MEASURE_WITH_UNIT (LENGTH_MEASURE( 1.000000000000000082E-05 ), #2657, 'distance_accuracy_value', 'NONE');
#10433 = DIRECTION ( 'NONE',  ( 1.000000000000000000, -3.491481338843135327E-15, 0.000000000000000000 ) ) ;
#10434 = DIRECTION ( 'NONE',  ( -1.000000000000000000, 0.000000000000000000, 0.000000000000000000 ) ) ;
#10435 = CARTESIAN_POINT ( 'NONE',  ( -1.270000000000052198, -5.000000000000000000, -0.1000000000000000056 ) ) ;
#10436 = CARTESIAN_POINT ( 'NONE',  ( 2.939999999999950209, -5.000000000000000000, 1.000000000000000000 ) ) ;
#10437 = FILL_AREA_STYLE ('',( #7829 ) ) ;
#10438 = FILL_AREA_STYLE_COLOUR ( '', #1178 ) ;
#10439 = LINE ( 'NONE', #8553, #11538 ) ;
#10440 = CARTESIAN_POINT ( 'NONE',  ( -4.750000000000000000, 0.4000000000000000222, 1.000000000000000000 ) ) ;
#10441 = SURFACE_STYLE_FILL_AREA ( #12310 ) ;
#10442 = EDGE_CURVE ( 'NONE', #10579, #9699, #4127, .T. ) ;
#10443 = DIRECTION ( 'NONE',  ( 1.734723475976804876E-16, -1.000000000000000000, 0.000000000000000000 ) ) ;
#10444 = CARTESIAN_POINT ( 'NONE',  ( 4.750000000000000000, -0.4000000000000000222, 1.100000000000000089 ) ) ;
#10445 = VERTEX_POINT ( 'NONE', #6878 ) ;
#10446 = ORIENTED_EDGE ( 'NONE', *, *, #3216, .T. ) ;
#10447 = ORIENTED_EDGE ( 'NONE', *, *, #10615, .F. ) ;
#10448 = LINE ( 'NONE', #11345, #6589 ) ;
#10449 = UNCERTAINTY_MEASURE_WITH_UNIT (LENGTH_MEASURE( 1.000000000000000082E-05 ), #11998, 'distance_accuracy_value', 'NONE');
#10450 = STYLED_ITEM ( 'NONE', ( #9557 ), #2245 ) ;
#10451 = EDGE_CURVE ( 'NONE', #12054, #2485, #5885, .T. ) ;
#10452 = SURFACE_STYLE_USAGE ( .BOTH. , #10634 ) ;
#10453 = ADVANCED_FACE ( 'NONE', ( #4009 ), #10571, .F. ) ;
#10454 = VERTEX_POINT ( 'NONE', #1072 ) ;
#10455 = MECHANICAL_DESIGN_GEOMETRIC_PRESENTATION_REPRESENTATION (  '', ( #1829 ), #2857 ) ;
#10456 = VERTEX_POINT ( 'NONE', #1973 ) ;
#10457 = EDGE_LOOP ( 'NONE', ( #5038, #7299, #11551, #11436 ) ) ;
#10458 = VERTEX_POINT ( 'NONE', #4829 ) ;
#10459 = DIRECTION ( 'NONE',  ( 1.000000000000000000, 0.000000000000000000, 0.000000000000000000 ) ) ;
#10460 = VERTEX_POINT ( 'NONE', #7 ) ;
#10461 =( LENGTH_UNIT ( ) NAMED_UNIT ( * ) SI_UNIT ( .MILLI., .METRE. ) );
#10462 = EDGE_CURVE ( 'NONE', #2837, #11712, #4956, .T. ) ;
#10463 = EDGE_CURVE ( 'NONE', #2539, #9503, #8867, .T. ) ;
#10464 = FILL_AREA_STYLE_COLOUR ( '', #11276 ) ;
#10465 = PRESENTATION_STYLE_ASSIGNMENT (( #2831 ) ) ;
#10466 = DIRECTION ( 'NONE',  ( 1.030097166893172093E-14, 1.000000000000000000, 0.000000000000000000 ) ) ;
#10467 = ORIENTED_EDGE ( 'NONE', *, *, #10576, .F. ) ;
#10468 = EDGE_CURVE ( 'NONE', #2206, #5180, #10822, .T. ) ;
#10469 = SURFACE_SIDE_STYLE ('',( #9470 ) ) ;
#10470 = ORIENTED_EDGE ( 'NONE', *, *, #10129, .F. ) ;
#10471 = ORIENTED_EDGE ( 'NONE', *, *, #3043, .F. ) ;
#10472 =( LENGTH_UNIT ( ) NAMED_UNIT ( * ) SI_UNIT ( .MILLI., .METRE. ) );
#10473 = LINE ( 'NONE', #2005, #477 ) ;
#10474 = DIRECTION ( 'NONE',  ( 1.000000000000000000, -3.491481338843135327E-15, 0.000000000000000000 ) ) ;
#10475 = CARTESIAN_POINT ( 'NONE',  ( -5.009999999999999787, 0.2000000000000000111, -0.1000000000000000056 ) ) ;
#10476 = EDGE_CURVE ( 'NONE', #1160, #9649, #11525, .T. ) ;
#10477 = DIRECTION ( 'NONE',  ( 0.000000000000000000, 0.000000000000000000, 1.000000000000000000 ) ) ;
#10478 = CARTESIAN_POINT ( 'NONE',  ( -4.250000000000000000, 1.670000000000000151, -0.1000000000000000056 ) ) ;
#10479 = DIRECTION ( 'NONE',  ( 0.000000000000000000, 0.000000000000000000, -1.000000000000000000 ) ) ;
#10480 = SURFACE_STYLE_USAGE ( .BOTH. , #6427 ) ;
#10481 = CARTESIAN_POINT ( 'NONE',  ( 5.009999999999999787, -2.339999999999999858, 1.100000000000000089 ) ) ;
#10482 = FILL_AREA_STYLE ('',( #6487 ) ) ;
#10483 = ORIENTED_EDGE ( 'NONE', *, *, #6419, .F. ) ;
#10484 = VECTOR ( 'NONE', #4230, 1000.000000000000000 ) ;
#10485 = ADVANCED_FACE ( 'NONE', ( #377 ), #8932, .F. ) ;
#10486 = SURFACE_STYLE_FILL_AREA ( #760 ) ;
#10487 = CARTESIAN_POINT ( 'NONE',  ( -0.2000000000000514977, -5.000000000000000000, -0.2999999999999999889 ) ) ;
#10488 = VECTOR ( 'NONE', #9128, 1000.000000000000000 ) ;
#10489 = FILL_AREA_STYLE ('',( #6681 ) ) ;
#10490 =( LENGTH_UNIT ( ) NAMED_UNIT ( * ) SI_UNIT ( .MILLI., .METRE. ) );
#10491 = DIRECTION ( 'NONE',  ( 3.252606517456518824E-15, 1.000000000000000000, 0.000000000000000000 ) ) ;
#10492 = PLANE ( 'NONE',  #7864 ) ;
#10493 = DIRECTION ( 'NONE',  ( 0.000000000000000000, 0.000000000000000000, 1.000000000000000000 ) ) ;
#10494 = VECTOR ( 'NONE', #32, 1000.000000000000000 ) ;
#10495 = ORIENTED_EDGE ( 'NONE', *, *, #3788, .F. ) ;
#10496 = STYLED_ITEM ( 'NONE', ( #1306 ), #3549 ) ;
#10497 = ORIENTED_EDGE ( 'NONE', *, *, #6893, .T. ) ;
#10498 = AXIS2_PLACEMENT_3D ( 'NONE', #3098, #6927, #6051 ) ;
#10499 = ORIENTED_EDGE ( 'NONE', *, *, #5487, .F. ) ;
#10500 = EDGE_CURVE ( 'NONE', #7319, #2259, #9306, .T. ) ;
#10501 = SURFACE_STYLE_USAGE ( .BOTH. , #6696 ) ;
#10502 = LINE ( 'NONE', #1011, #3589 ) ;
#10503 = SURFACE_STYLE_USAGE ( .BOTH. , #10755 ) ;
#10504 = STYLED_ITEM ( 'NONE', ( #10294 ), #3593 ) ;
#10505 = FACE_OUTER_BOUND ( 'NONE', #23, .T. ) ;
#10506 = VECTOR ( 'NONE', #6065, 1000.000000000000000 ) ;
#10507 = DIRECTION ( 'NONE',  ( 0.000000000000000000, 1.000000000000000000, 0.000000000000000000 ) ) ;
#10508 = MECHANICAL_DESIGN_GEOMETRIC_PRESENTATION_REPRESENTATION (  '', ( #4524 ), #6527 ) ;
#10509 = AXIS2_PLACEMENT_3D ( 'NONE', #1688, #5545, #10100 ) ;
#10510 = VERTEX_POINT ( 'NONE', #695 ) ;
#10511 = ORIENTED_EDGE ( 'NONE', *, *, #10500, .T. ) ;
#10512 = ORIENTED_EDGE ( 'NONE', *, *, #11335, .T. ) ;
#10513 = STYLED_ITEM ( 'NONE', ( #2686 ), #4832 ) ;
#10514 = ORIENTED_EDGE ( 'NONE', *, *, #11292, .F. ) ;
#10515 = STYLED_ITEM ( 'NONE', ( #12048 ), #3770 ) ;
#10516 = DIRECTION ( 'NONE',  ( 1.000000000000000000, -3.491481338843135327E-15, 0.000000000000000000 ) ) ;
#10517 = STYLED_ITEM ( 'NONE', ( #3926 ), #11597 ) ;
#10518 = EDGE_CURVE ( 'NONE', #2648, #12211, #4676, .T. ) ;
#10519 =( GEOMETRIC_REPRESENTATION_CONTEXT ( 3 ) GLOBAL_UNCERTAINTY_ASSIGNED_CONTEXT ( ( #9548 ) ) GLOBAL_UNIT_ASSIGNED_CONTEXT ( ( #1833, #8563, #5754 ) ) REPRESENTATION_CONTEXT ( 'NONE', 'WORKASPACE' ) );
#10520 = ORIENTED_EDGE ( 'NONE', *, *, #4062, .T. ) ;
#10521 = FACE_OUTER_BOUND ( 'NONE', #6370, .T. ) ;
#10522 = DIRECTION ( 'NONE',  ( 1.000000000000000000, -3.491481338843135327E-15, 0.000000000000000000 ) ) ;
#10523 = PRESENTATION_STYLE_ASSIGNMENT (( #8705 ) ) ;
#10524 = VECTOR ( 'NONE', #11480, 1000.000000000000000 ) ;
#10525 = MECHANICAL_DESIGN_GEOMETRIC_PRESENTATION_REPRESENTATION (  '', ( #3338 ), #3134 ) ;
#10526 = AXIS2_PLACEMENT_3D ( 'NONE', #8938, #317, #4194 ) ;
#10527 = ORIENTED_EDGE ( 'NONE', *, *, #8610, .F. ) ;
#10528 = EDGE_LOOP ( 'NONE', ( #1416, #6642, #7383, #2240 ) ) ;
#10529 = FACE_OUTER_BOUND ( 'NONE', #8623, .T. ) ;
#10530 = ADVANCED_FACE ( 'NONE', ( #1766 ), #6623, .F. ) ;
#10531 = COLOUR_RGB ( '',1.000000000000000000, 0.8117647058823529438, 0.5019607843137254832 ) ;
#10532 = AXIS2_PLACEMENT_3D ( 'NONE', #3708, #848, #4530 ) ;
#10533 = LINE ( 'NONE', #5790, #9567 ) ;
#10534 = COLOUR_RGB ( '',1.000000000000000000, 0.8117647058823529438, 0.5019607843137254832 ) ;
#10535 = LINE ( 'NONE', #1940, #6861 ) ;
#10536 = DIRECTION ( 'NONE',  ( 0.000000000000000000, -1.000000000000000000, 0.000000000000000000 ) ) ;
#10537 =( NAMED_UNIT ( * ) SI_UNIT ( $, .STERADIAN. ) SOLID_ANGLE_UNIT ( ) );
#10538 =( NAMED_UNIT ( * ) SI_UNIT ( $, .STERADIAN. ) SOLID_ANGLE_UNIT ( ) );
#10539 = SURFACE_STYLE_FILL_AREA ( #11564 ) ;
#10540 = VERTEX_POINT ( 'NONE', #5445 ) ;
#10541 =( GEOMETRIC_REPRESENTATION_CONTEXT ( 3 ) GLOBAL_UNCERTAINTY_ASSIGNED_CONTEXT ( ( #11591 ) ) GLOBAL_UNIT_ASSIGNED_CONTEXT ( ( #913, #3596, #7684 ) ) REPRESENTATION_CONTEXT ( 'NONE', 'WORKASPACE' ) );
#10542 = CARTESIAN_POINT ( 'NONE',  ( 4.750000000000000000, 2.140000000000000124, 1.000000000000000000 ) ) ;
#10543 = FILL_AREA_STYLE ('',( #11623 ) ) ;
#10544 = UNCERTAINTY_MEASURE_WITH_UNIT (LENGTH_MEASURE( 1.000000000000000082E-05 ), #4346, 'distance_accuracy_value', 'NONE');
#10545 = EDGE_CURVE ( 'NONE', #284, #9190, #11213, .T. ) ;
#10546 = AXIS2_PLACEMENT_3D ( 'NONE', #7338, #6468, #11245 ) ;
#10547 = ADVANCED_FACE ( 'NONE', ( #634 ), #6679, .F. ) ;
#10548 = CARTESIAN_POINT ( 'NONE',  ( -1.670000000000050111, -4.750000000000000000, 1.100000000000000089 ) ) ;
#10549 = MECHANICAL_DESIGN_GEOMETRIC_PRESENTATION_REPRESENTATION (  '', ( #2540 ), #6763 ) ;
#10550 = CARTESIAN_POINT ( 'NONE',  ( -5.000000000000000000, -2.540000000000000036, 1.100000000000000089 ) ) ;
#10551 = DIRECTION ( 'NONE',  ( 1.000000000000000000, 1.734723475976804876E-16, 0.000000000000000000 ) ) ;
#10552 =( NAMED_UNIT ( * ) PLANE_ANGLE_UNIT ( ) SI_UNIT ( $, .RADIAN. ) );
#10553 = AXIS2_PLACEMENT_3D ( 'NONE', #4252, #11874, #7066 ) ;
#10554 = SURFACE_SIDE_STYLE ('',( #5001 ) ) ;
#10555 =( LENGTH_UNIT ( ) NAMED_UNIT ( * ) SI_UNIT ( .MILLI., .METRE. ) );
#10556 = AXIS2_PLACEMENT_3D ( 'NONE', #7680, #2830, #7748 ) ;
#10557 = CIRCLE ( 'NONE', #8959, 0.1999999999999996503 ) ;
#10558 = CARTESIAN_POINT ( 'NONE',  ( -5.000000000000000000, 5.000000000000000000, 1.000000000000000000 ) ) ;
#10559 =( LENGTH_UNIT ( ) NAMED_UNIT ( * ) SI_UNIT ( .MILLI., .METRE. ) );
#10560 = CLOSED_SHELL ( 'NONE', ( #252, #133, #3593, #11527, #4792, #3749, #12123, #8862, #1461, #6247, #10806, #7561, #3518, #5270, #2820, #8817, #8350, #10547, #5726, #10200, #8727, #11131, #8828, #7636, #10530, #9547, #675, #11983, #3761, #10943, #8253, #8921, #103, #7670, #11556, #1934, #12069, #795, #6189, #7547, #7882, #11366, #12370, #6211, #10651, #9348, #2480, #7831, #5474, #589, #9179, #384, #6435, #8598, #9087, #6033, #12384, #10234, #10794, #1792, #9287, #4960, #2455, #857, #3693, #11597, #9398, #1509, #3243, #5800, #1405, #9475, #6638, #8050, #5454, #7438, #10191, #11490, #6950, #1683, #7682, #2324, #11269, #6485, #8005, #12081, #2712, #1947, #11210, #6969, #12176, #7419, #5097, #10908, #11417, #7034, #11038, #1379, #7180, #8323, #2550, #8645, #1790, #3549, #6988, #5496, #5114, #1396, #9810, #5339, #10402, #872, #466, #3770, #11256, #722, #4734, #2245, #5767, #7312, #5543, #11849, #1168, #4447, #637, #398, #9075, #8248, #1840, #4852, #11637, #10419, #9007, #6682, #626, #2565, #9545, #6263, #5898, #2347, #414, #5693, #2008, #1336, #10286, #10838, #8327, #11922, #8559, #5857, #4208, #6581, #12218, #9846, #6308, #9592, #9086, #9215, #9778, #5952, #7295, #12266, #10033, #3267, #3976, #11045, #2949, #11939, #3492, #6711, #5360, #1526, #2273, #9397, #4107, #10215, #2979, #3660, #5784, #324, #4531, #7610, #874, #1912, #5869, #4219, #9325, #7901, #12144, #9276, #3944, #11850, #6580, #4675, #5833, #1023, #4445, #3079, #5358, #3635, #2672, #12382, #706, #11690, #10485, #12159, #5517, #2222, #453, #11491, #3, #4157, #5968, #4510, #2823, #4832, #10857, #5989, #8746, #8382, #7495, #6785, #1563, #12230, #6232, #1805, #5195, #5039, #7807, #3008, #12341, #1343, #927, #6595, #9062, #531, #8233, #7077, #9243, #1274, #8844, #354, #6803, #2885, #12157, #10453, #11776, #12056, #4257, #4586, #4084, #9023, #8307, #6856, #1111, #6648, #7525, #9005, #9119 ) ) ;
#10561 = FACE_OUTER_BOUND ( 'NONE', #518, .T. ) ;
#10562 = ORIENTED_EDGE ( 'NONE', *, *, #3363, .F. ) ;
#10563 = ORIENTED_EDGE ( 'NONE', *, *, #8897, .T. ) ;
#10564 = COLOUR_RGB ( '',1.000000000000000000, 0.8117647058823529438, 0.5019607843137254832 ) ;
#10565 = CARTESIAN_POINT ( 'NONE',  ( -2.739999999999999769, 5.009999999999999787, -0.1000000000000000056 ) ) ;
#10566 = ORIENTED_EDGE ( 'NONE', *, *, #2412, .F. ) ;
#10567 = DIRECTION ( 'NONE',  ( 1.000000000000000000, 1.734723475976804876E-16, 0.000000000000000000 ) ) ;
#10568 = PRESENTATION_LAYER_ASSIGNMENT (  '', '', ( #4786 ) ) ;
#10569 = PRESENTATION_LAYER_ASSIGNMENT (  '', '', ( #2762 ) ) ;
#10570 = UNCERTAINTY_MEASURE_WITH_UNIT (LENGTH_MEASURE( 1.000000000000000082E-05 ), #527, 'distance_accuracy_value', 'NONE');
#10571 = PLANE ( 'NONE',  #2913 ) ;
#10572 =( NAMED_UNIT ( * ) PLANE_ANGLE_UNIT ( ) SI_UNIT ( $, .RADIAN. ) );
#10573 = CARTESIAN_POINT ( 'NONE',  ( 1.070000000000016049, 5.009999999999999787, -0.1000000000000000056 ) ) ;
#10574 = CARTESIAN_POINT ( 'NONE',  ( -5.000000000000000000, -8.673617379884030542E-16, 1.100000000000000089 ) ) ;
#10575 = CARTESIAN_POINT ( 'NONE',  ( -4.250000000000000000, -1.670000000000000151, -0.1000000000000000056 ) ) ;
#10576 = EDGE_CURVE ( 'NONE', #6959, #7366, #8360, .T. ) ;
#10577 =( GEOMETRIC_REPRESENTATION_CONTEXT ( 3 ) GLOBAL_UNCERTAINTY_ASSIGNED_CONTEXT ( ( #1226 ) ) GLOBAL_UNIT_ASSIGNED_CONTEXT ( ( #1438, #7124, #8091 ) ) REPRESENTATION_CONTEXT ( 'NONE', 'WORKASPACE' ) );
#10578 = EDGE_LOOP ( 'NONE', ( #2289, #475, #7207, #9671, #1133, #1680, #4388, #262 ) ) ;
#10579 = VERTEX_POINT ( 'NONE', #9617 ) ;
#10580 = ORIENTED_EDGE ( 'NONE', *, *, #1965, .T. ) ;
#10581 = ORIENTED_EDGE ( 'NONE', *, *, #1154, .T. ) ;
#10582 = VERTEX_POINT ( 'NONE', #10732 ) ;
#10583 =( GEOMETRIC_REPRESENTATION_CONTEXT ( 3 ) GLOBAL_UNCERTAINTY_ASSIGNED_CONTEXT ( ( #191 ) ) GLOBAL_UNIT_ASSIGNED_CONTEXT ( ( #7598, #3673, #9436 ) ) REPRESENTATION_CONTEXT ( 'NONE', 'WORKASPACE' ) );
#10584 = CARTESIAN_POINT ( 'NONE',  ( -5.009999999999999787, -2.939999999999999947, -0.1000000000000000056 ) ) ;
#10585 = CARTESIAN_POINT ( 'NONE',  ( -5.000000000000000000, 2.140000000000000124, 1.000000000000000000 ) ) ;
#10586 = LINE ( 'NONE', #25, #5770 ) ;
#10587 = PLANE ( 'NONE',  #5563 ) ;
#10588 = ORIENTED_EDGE ( 'NONE', *, *, #7346, .F. ) ;
#10589 = EDGE_CURVE ( 'NONE', #577, #1469, #8666, .T. ) ;
#10590 = MECHANICAL_DESIGN_GEOMETRIC_PRESENTATION_REPRESENTATION (  '', ( #7399 ), #2999 ) ;
#10591 =( GEOMETRIC_REPRESENTATION_CONTEXT ( 3 ) GLOBAL_UNCERTAINTY_ASSIGNED_CONTEXT ( ( #1437 ) ) GLOBAL_UNIT_ASSIGNED_CONTEXT ( ( #11844, #7092, #1472 ) ) REPRESENTATION_CONTEXT ( 'NONE', 'WORKASPACE' ) );
#10592 = MECHANICAL_DESIGN_GEOMETRIC_PRESENTATION_REPRESENTATION (  '', ( #6807 ), #3402 ) ;
#10593 = VERTEX_POINT ( 'NONE', #9674 ) ;
#10594 = EDGE_CURVE ( 'NONE', #12054, #8803, #10662, .T. ) ;
#10595 = VERTEX_POINT ( 'NONE', #7828 ) ;
#10596 =( NAMED_UNIT ( * ) SI_UNIT ( $, .STERADIAN. ) SOLID_ANGLE_UNIT ( ) );
#10597 = SURFACE_STYLE_FILL_AREA ( #11555 ) ;
#10598 = VECTOR ( 'NONE', #6616, 1000.000000000000000 ) ;
#10599 = SURFACE_STYLE_USAGE ( .BOTH. , #2842 ) ;
#10600 =( NAMED_UNIT ( * ) SI_UNIT ( $, .STERADIAN. ) SOLID_ANGLE_UNIT ( ) );
#10601 = VECTOR ( 'NONE', #5072, 1000.000000000000000 ) ;
#10602 = SURFACE_SIDE_STYLE ('',( #6795 ) ) ;
#10603 =( NAMED_UNIT ( * ) SI_UNIT ( $, .STERADIAN. ) SOLID_ANGLE_UNIT ( ) );
#10604 = EDGE_CURVE ( 'NONE', #2088, #8762, #10665, .T. ) ;
#10605 =( LENGTH_UNIT ( ) NAMED_UNIT ( * ) SI_UNIT ( .MILLI., .METRE. ) );
#10606 = ORIENTED_EDGE ( 'NONE', *, *, #488, .F. ) ;
#10607 =( GEOMETRIC_REPRESENTATION_CONTEXT ( 3 ) GLOBAL_UNCERTAINTY_ASSIGNED_CONTEXT ( ( #10449 ) ) GLOBAL_UNIT_ASSIGNED_CONTEXT ( ( #11998, #3245, #2248 ) ) REPRESENTATION_CONTEXT ( 'NONE', 'WORKASPACE' ) );
#10608 = PLANE ( 'NONE',  #11617 ) ;
#10609 = FILL_AREA_STYLE_COLOUR ( '', #1890 ) ;
#10610 = DIRECTION ( 'NONE',  ( 1.000000000000000000, -1.047444401652940164E-14, 0.000000000000000000 ) ) ;
#10611 = CARTESIAN_POINT ( 'NONE',  ( -5.009999999999999787, 2.339999999999999858, -0.1000000000000000056 ) ) ;
#10612 = AXIS2_PLACEMENT_3D ( 'NONE', #11096, #2552, #8318 ) ;
#10613 = SURFACE_STYLE_FILL_AREA ( #9495 ) ;
#10614 = DIRECTION ( 'NONE',  ( 0.000000000000000000, -1.000000000000000000, 0.000000000000000000 ) ) ;
#10615 = EDGE_CURVE ( 'NONE', #11883, #1808, #178, .T. ) ;
#10616 = CARTESIAN_POINT ( 'NONE',  ( -5.009999999999999787, -2.339999999999999858, -0.1000000000000000056 ) ) ;
#10617 =( GEOMETRIC_REPRESENTATION_CONTEXT ( 3 ) GLOBAL_UNCERTAINTY_ASSIGNED_CONTEXT ( ( #2336 ) ) GLOBAL_UNIT_ASSIGNED_CONTEXT ( ( #9296, #8222, #10172 ) ) REPRESENTATION_CONTEXT ( 'NONE', 'WORKASPACE' ) );
#10618 = EDGE_CURVE ( 'NONE', #7101, #6044, #5915, .T. ) ;
#10619 = FILL_AREA_STYLE ('',( #12375 ) ) ;
#10620 = SURFACE_STYLE_USAGE ( .BOTH. , #4118 ) ;
#10621 = VERTEX_POINT ( 'NONE', #4933 ) ;
#10622 =( GEOMETRIC_REPRESENTATION_CONTEXT ( 3 ) GLOBAL_UNCERTAINTY_ASSIGNED_CONTEXT ( ( #4692 ) ) GLOBAL_UNIT_ASSIGNED_CONTEXT ( ( #3759, #11353, #7563 ) ) REPRESENTATION_CONTEXT ( 'NONE', 'WORKASPACE' ) );
#10623 = DIRECTION ( 'NONE',  ( -1.000000000000000000, 1.047444401652940164E-14, 0.000000000000000000 ) ) ;
#10624 = ORIENTED_EDGE ( 'NONE', *, *, #5742, .F. ) ;
#10625 = LINE ( 'NONE', #3940, #127 ) ;
#10626 = UNCERTAINTY_MEASURE_WITH_UNIT (LENGTH_MEASURE( 1.000000000000000082E-05 ), #4760, 'distance_accuracy_value', 'NONE');
#10627 = FILL_AREA_STYLE ('',( #5946 ) ) ;
#10628 = CARTESIAN_POINT ( 'NONE',  ( 5.000000000000000000, -2.939999999999999947, 1.000000000000000000 ) ) ;
#10629 = UNCERTAINTY_MEASURE_WITH_UNIT (LENGTH_MEASURE( 1.000000000000000082E-05 ), #7537, 'distance_accuracy_value', 'NONE');
#10630 = VECTOR ( 'NONE', #912, 1000.000000000000000 ) ;
#10631 = FILL_AREA_STYLE_COLOUR ( '', #1197 ) ;
#10632 = DIRECTION ( 'NONE',  ( 0.000000000000000000, 1.000000000000000000, 0.000000000000000000 ) ) ;
#10633 = EDGE_CURVE ( 'NONE', #3599, #2056, #5054, .T. ) ;
#10634 = SURFACE_SIDE_STYLE ('',( #8750 ) ) ;
#10635 = FACE_OUTER_BOUND ( 'NONE', #6015, .T. ) ;
#10636 = ORIENTED_EDGE ( 'NONE', *, *, #3594, .T. ) ;
#10637 = ORIENTED_EDGE ( 'NONE', *, *, #10311, .F. ) ;
#10638 = ORIENTED_EDGE ( 'NONE', *, *, #5742, .T. ) ;
#10639 = VECTOR ( 'NONE', #9774, 1000.000000000000000 ) ;
#10640 = DIRECTION ( 'NONE',  ( -1.000000000000000000, 2.891205793294680298E-16, 0.000000000000000000 ) ) ;
#10641 = ORIENTED_EDGE ( 'NONE', *, *, #8663, .F. ) ;
#10642 = CARTESIAN_POINT ( 'NONE',  ( 0.4000000000000140110, 4.250000000000000000, 0.000000000000000000 ) ) ;
#10643 = DIRECTION ( 'NONE',  ( 0.000000000000000000, 0.000000000000000000, -1.000000000000000000 ) ) ;
#10644 =( NAMED_UNIT ( * ) SI_UNIT ( $, .STERADIAN. ) SOLID_ANGLE_UNIT ( ) );
#10645 = CARTESIAN_POINT ( 'NONE',  ( 5.000000000000000000, 5.000000000000000000, 0.000000000000000000 ) ) ;
#10646 = VECTOR ( 'NONE', #5159, 1000.000000000000000 ) ;
#10647 = ORIENTED_EDGE ( 'NONE', *, *, #5154, .T. ) ;
#10648 = LINE ( 'NONE', #10909, #6718 ) ;
#10649 = VERTEX_POINT ( 'NONE', #1491 ) ;
#10650 = EDGE_LOOP ( 'NONE', ( #10499, #12415, #9906, #5662 ) ) ;
#10651 = ADVANCED_FACE ( 'NONE', ( #6357 ), #6093, .F. ) ;
#10652 = LINE ( 'NONE', #3026, #9957 ) ;
#10653 = SURFACE_STYLE_FILL_AREA ( #6852 ) ;
#10654 =( LENGTH_UNIT ( ) NAMED_UNIT ( * ) SI_UNIT ( .MILLI., .METRE. ) );
#10655 = UNCERTAINTY_MEASURE_WITH_UNIT (LENGTH_MEASURE( 1.000000000000000082E-05 ), #7347, 'distance_accuracy_value', 'NONE');
#10656 = CARTESIAN_POINT ( 'NONE',  ( 4.250000000000000000, -1.670000000000000151, -0.1000000000000000056 ) ) ;
#10657 = CARTESIAN_POINT ( 'NONE',  ( 2.739999999999999769, 5.000000000000000000, 1.100000000000000089 ) ) ;
#10658 = FACE_OUTER_BOUND ( 'NONE', #737, .T. ) ;
#10659 = CARTESIAN_POINT ( 'NONE',  ( 5.000000000000000000, 1.469999999999999973, -0.1000000000000000056 ) ) ;
#10660 = ORIENTED_EDGE ( 'NONE', *, *, #9305, .T. ) ;
#10661 = UNCERTAINTY_MEASURE_WITH_UNIT (LENGTH_MEASURE( 1.000000000000000082E-05 ), #2798, 'distance_accuracy_value', 'NONE');
#10662 = LINE ( 'NONE', #11736, #9510 ) ;
#10663 = LINE ( 'NONE', #7827, #6496 ) ;
#10664 = EDGE_CURVE ( 'NONE', #3297, #8441, #9748, .T. ) ;
#10665 = LINE ( 'NONE', #11738, #1270 ) ;
#10666 = DIRECTION ( 'NONE',  ( 0.000000000000000000, 0.000000000000000000, -1.000000000000000000 ) ) ;
#10667 = CARTESIAN_POINT ( 'NONE',  ( 2.739999999999950031, -5.009999999999999787, 1.100000000000000089 ) ) ;
#10668 = PRESENTATION_STYLE_ASSIGNMENT (( #6810 ) ) ;
#10669 = FACE_OUTER_BOUND ( 'NONE', #5866, .T. ) ;
#10670 = DIRECTION ( 'NONE',  ( -3.491481338843135327E-15, -1.000000000000000000, 0.000000000000000000 ) ) ;
#10671 =( NAMED_UNIT ( * ) SI_UNIT ( $, .STERADIAN. ) SOLID_ANGLE_UNIT ( ) );
#10672 = DIRECTION ( 'NONE',  ( 0.000000000000000000, 0.000000000000000000, 1.000000000000000000 ) ) ;
#10673 = FILL_AREA_STYLE ('',( #2144 ) ) ;
#10674 = PRESENTATION_STYLE_ASSIGNMENT (( #1193 ) ) ;
#10675 = STYLED_ITEM ( 'NONE', ( #6899 ), #9810 ) ;
#10676 =( NAMED_UNIT ( * ) SI_UNIT ( $, .STERADIAN. ) SOLID_ANGLE_UNIT ( ) );
#10677 =( NAMED_UNIT ( * ) PLANE_ANGLE_UNIT ( ) SI_UNIT ( $, .RADIAN. ) );
#10678 = ORIENTED_EDGE ( 'NONE', *, *, #4944, .T. ) ;
#10679 = ORIENTED_EDGE ( 'NONE', *, *, #485, .F. ) ;
#10680 = FILL_AREA_STYLE ('',( #2992 ) ) ;
#10681 = ORIENTED_EDGE ( 'NONE', *, *, #3583, .F. ) ;
#10682 = PRODUCT_DEFINITION_SHAPE ( 'NONE', 'NONE',  #12104 ) ;
#10683 = LINE ( 'NONE', #6997, #4798 ) ;
#10684 = EDGE_CURVE ( 'NONE', #7627, #8178, #11135, .T. ) ;
#10685 =( GEOMETRIC_REPRESENTATION_CONTEXT ( 3 ) GLOBAL_UNCERTAINTY_ASSIGNED_CONTEXT ( ( #6915 ) ) GLOBAL_UNIT_ASSIGNED_CONTEXT ( ( #7632, #89, #1030 ) ) REPRESENTATION_CONTEXT ( 'NONE', 'WORKASPACE' ) );
#10686 = EDGE_CURVE ( 'NONE', #6705, #5333, #5677, .T. ) ;
#10687 = UNCERTAINTY_MEASURE_WITH_UNIT (LENGTH_MEASURE( 1.000000000000000082E-05 ), #11039, 'distance_accuracy_value', 'NONE');
#10688 = DIRECTION ( 'NONE',  ( 1.734723475976804876E-16, -1.000000000000000000, 0.000000000000000000 ) ) ;
#10689 = FILL_AREA_STYLE ('',( #5761 ) ) ;
#10690 = LINE ( 'NONE', #1203, #9396 ) ;
#10691 = SURFACE_STYLE_USAGE ( .BOTH. , #4885 ) ;
#10692 = SURFACE_STYLE_FILL_AREA ( #8028 ) ;
#10693 = CARTESIAN_POINT ( 'NONE',  ( 4.750000000000000000, 2.140000000000000124, 1.100000000000000089 ) ) ;
#10694 = VECTOR ( 'NONE', #3240, 1000.000000000000000 ) ;
#10695 = CARTESIAN_POINT ( 'NONE',  ( 5.000000000000000000, -1.670000000000000151, 1.000000000000000000 ) ) ;
#10696 =( GEOMETRIC_REPRESENTATION_CONTEXT ( 3 ) GLOBAL_UNCERTAINTY_ASSIGNED_CONTEXT ( ( #672 ) ) GLOBAL_UNIT_ASSIGNED_CONTEXT ( ( #2161, #7793, #7071 ) ) REPRESENTATION_CONTEXT ( 'NONE', 'WORKASPACE' ) );
#10697 =( GEOMETRIC_REPRESENTATION_CONTEXT ( 3 ) GLOBAL_UNCERTAINTY_ASSIGNED_CONTEXT ( ( #3802 ) ) GLOBAL_UNIT_ASSIGNED_CONTEXT ( ( #7047, #8979, #6722 ) ) REPRESENTATION_CONTEXT ( 'NONE', 'WORKASPACE' ) );
#10698 = ORIENTED_EDGE ( 'NONE', *, *, #5844, .T. ) ;
#10699 = ORIENTED_EDGE ( 'NONE', *, *, #10618, .T. ) ;
#10700 = ORIENTED_EDGE ( 'NONE', *, *, #10011, .T. ) ;
#10701 = EDGE_CURVE ( 'NONE', #5998, #5551, #8283, .T. ) ;
#10702 =( GEOMETRIC_REPRESENTATION_CONTEXT ( 3 ) GLOBAL_UNCERTAINTY_ASSIGNED_CONTEXT ( ( #1201 ) ) GLOBAL_UNIT_ASSIGNED_CONTEXT ( ( #7935, #9893, #8780 ) ) REPRESENTATION_CONTEXT ( 'NONE', 'WORKASPACE' ) );
#10703 = EDGE_CURVE ( 'NONE', #7637, #8642, #5975, .T. ) ;
#10704 = ORIENTED_EDGE ( 'NONE', *, *, #942, .T. ) ;
#10705 = STYLED_ITEM ( 'NONE', ( #4484 ), #3518 ) ;
#10706 = VECTOR ( 'NONE', #2888, 1000.000000000000000 ) ;
#10707 = VECTOR ( 'NONE', #2195, 1000.000000000000000 ) ;
#10708 = FILL_AREA_STYLE ('',( #3071 ) ) ;
#10709 = DIRECTION ( 'NONE',  ( 0.000000000000000000, 0.000000000000000000, -1.000000000000000000 ) ) ;
#10710 = EDGE_CURVE ( 'NONE', #11284, #5571, #10473, .T. ) ;
#10711 = CARTESIAN_POINT ( 'NONE',  ( -5.009999999999999787, -2.339999999999999858, -0.1000000000000000056 ) ) ;
#10712 = VERTEX_POINT ( 'NONE', #1037 ) ;
#10713 = STYLED_ITEM ( 'NONE', ( #2635 ), #4734 ) ;
#10714 = PRESENTATION_LAYER_ASSIGNMENT (  '', '', ( #3722 ) ) ;
#10715 = MECHANICAL_DESIGN_GEOMETRIC_PRESENTATION_REPRESENTATION (  '', ( #474 ), #11715 ) ;
#10716 = MECHANICAL_DESIGN_GEOMETRIC_PRESENTATION_REPRESENTATION (  '', ( #887 ), #9915 ) ;
#10717 = ORIENTED_EDGE ( 'NONE', *, *, #1580, .T. ) ;
#10718 = ORIENTED_EDGE ( 'NONE', *, *, #1026, .T. ) ;
#10719 = UNCERTAINTY_MEASURE_WITH_UNIT (LENGTH_MEASURE( 1.000000000000000082E-05 ), #8002, 'distance_accuracy_value', 'NONE');
#10720 = COLOUR_RGB ( '',1.000000000000000000, 0.8117647058823529438, 0.5019607843137254832 ) ;
#10721 = CARTESIAN_POINT ( 'NONE',  ( 5.009999999999999787, -2.140000000000000124, 1.100000000000000089 ) ) ;
#10722 = STYLED_ITEM ( 'NONE', ( #7134 ), #11131 ) ;
#10723 = AXIS2_PLACEMENT_3D ( 'NONE', #6194, #8030, #382 ) ;
#10724 = CARTESIAN_POINT ( 'NONE',  ( -2.940000000000049685, -5.009999999999999787, 1.100000000000000089 ) ) ;
#10725 = FILL_AREA_STYLE ('',( #7820 ) ) ;
#10726 =( LENGTH_UNIT ( ) NAMED_UNIT ( * ) SI_UNIT ( .MILLI., .METRE. ) );
#10727 = SURFACE_STYLE_FILL_AREA ( #5045 ) ;
#10728 =( NAMED_UNIT ( * ) SI_UNIT ( $, .STERADIAN. ) SOLID_ANGLE_UNIT ( ) );
#10729 = ORIENTED_EDGE ( 'NONE', *, *, #2646, .F. ) ;
#10730 = EDGE_CURVE ( 'NONE', #258, #5347, #1090, .T. ) ;
#10731 = AXIS2_PLACEMENT_3D ( 'NONE', #8118, #9959, #4456 ) ;
#10732 = CARTESIAN_POINT ( 'NONE',  ( -2.750000000000000000, 3.250000000000000000, 2.500000000000000000 ) ) ;
#10733 = DIRECTION ( 'NONE',  ( -1.000000000000000000, 0.000000000000000000, 0.000000000000000000 ) ) ;
#10734 = PLANE ( 'NONE',  #8991 ) ;
#10735 = CARTESIAN_POINT ( 'NONE',  ( -5.000000000000000000, 5.000000000000000000, 0.000000000000000000 ) ) ;
#10736 = FILL_AREA_STYLE ('',( #9044 ) ) ;
#10737 = PLANE ( 'NONE',  #4427 ) ;
#10738 = CARTESIAN_POINT ( 'NONE',  ( 4.250000000000000000, -2.939999999999999947, -0.1000000000000000056 ) ) ;
#10739 = CARTESIAN_POINT ( 'NONE',  ( 4.750000000000000000, 1.670000000000000151, 1.000000000000000000 ) ) ;
#10740 = PRESENTATION_LAYER_ASSIGNMENT (  '', '', ( #8117 ) ) ;
#10741 = FACE_OUTER_BOUND ( 'NONE', #12178, .T. ) ;
#10742 = VECTOR ( 'NONE', #7606, 1000.000000000000000 ) ;
#10743 = CARTESIAN_POINT ( 'NONE',  ( 1.269999999999950058, -5.000000000000000000, 1.100000000000000089 ) ) ;
#10744 = CARTESIAN_POINT ( 'NONE',  ( -1.270000000000052198, -5.000000000000000000, 1.100000000000000089 ) ) ;
#10745 = ORIENTED_EDGE ( 'NONE', *, *, #7975, .F. ) ;
#10746 = EDGE_CURVE ( 'NONE', #787, #10582, #2722, .T. ) ;
#10747 = STYLED_ITEM ( 'NONE', ( #845 ), #872 ) ;
#10748 = ORIENTED_EDGE ( 'NONE', *, *, #10710, .F. ) ;
#10749 = VECTOR ( 'NONE', #11308, 1000.000000000000000 ) ;
#10750 =( GEOMETRIC_REPRESENTATION_CONTEXT ( 3 ) GLOBAL_UNCERTAINTY_ASSIGNED_CONTEXT ( ( #6695 ) ) GLOBAL_UNIT_ASSIGNED_CONTEXT ( ( #7987, #5269, #7265 ) ) REPRESENTATION_CONTEXT ( 'NONE', 'WORKASPACE' ) );
#10751 = UNCERTAINTY_MEASURE_WITH_UNIT (LENGTH_MEASURE( 1.000000000000000082E-05 ), #2411, 'distance_accuracy_value', 'NONE');
#10752 = LINE ( 'NONE', #5069, #3702 ) ;
#10753 = CIRCLE ( 'NONE', #2574, 0.1999999999999996503 ) ;
#10754 = SURFACE_STYLE_USAGE ( .BOTH. , #1974 ) ;
#10755 = SURFACE_SIDE_STYLE ('',( #4012 ) ) ;
#10756 =( NAMED_UNIT ( * ) SI_UNIT ( $, .STERADIAN. ) SOLID_ANGLE_UNIT ( ) );
#10758 = VECTOR ( 'NONE', #5181, 1000.000000000000000 ) ;
#10757 = DIRECTION ( 'NONE',  ( 0.000000000000000000, 0.000000000000000000, -1.000000000000000000 ) ) ;
#10759 = PLANE ( 'NONE',  #502 ) ;
#10760 = EDGE_CURVE ( 'NONE', #1160, #258, #5730, .T. ) ;
#10761 = MECHANICAL_DESIGN_GEOMETRIC_PRESENTATION_REPRESENTATION (  '', ( #728 ), #5378 ) ;
#10762 = VERTEX_POINT ( 'NONE', #3903 ) ;
#10763 = VECTOR ( 'NONE', #9085, 1000.000000000000000 ) ;
#10764 = ORIENTED_EDGE ( 'NONE', *, *, #10388, .T. ) ;
#10765 = VECTOR ( 'NONE', #1365, 1000.000000000000000 ) ;
#10766 = VERTEX_POINT ( 'NONE', #7815 ) ;
#10767 = DIRECTION ( 'NONE',  ( 0.000000000000000000, 0.000000000000000000, 1.000000000000000000 ) ) ;
#10768 = VECTOR ( 'NONE', #60, 1000.000000000000000 ) ;
#10769 =( GEOMETRIC_REPRESENTATION_CONTEXT ( 3 ) GLOBAL_UNCERTAINTY_ASSIGNED_CONTEXT ( ( #5578 ) ) GLOBAL_UNIT_ASSIGNED_CONTEXT ( ( #9800, #117, #935 ) ) REPRESENTATION_CONTEXT ( 'NONE', 'WORKASPACE' ) );
#10770 = SURFACE_SIDE_STYLE ('',( #9878 ) ) ;
#10771 = CARTESIAN_POINT ( 'NONE',  ( 1.069999999999949880, -5.009999999999999787, 1.100000000000000089 ) ) ;
#10772 = AXIS2_PLACEMENT_3D ( 'NONE', #11688, #138, #6697 ) ;
#10773 = VECTOR ( 'NONE', #11768, 1000.000000000000000 ) ;
#10774 = VERTEX_POINT ( 'NONE', #7695 ) ;
#10775 = EDGE_CURVE ( 'NONE', #1989, #2632, #2967, .T. ) ;
#10776 = EDGE_CURVE ( 'NONE', #10460, #4143, #9667, .T. ) ;
#10777 = SURFACE_STYLE_USAGE ( .BOTH. , #6541 ) ;
#10778 = ORIENTED_EDGE ( 'NONE', *, *, #10313, .F. ) ;
#10779 = COLOUR_RGB ( '',1.000000000000000000, 0.8117647058823529438, 0.5019607843137254832 ) ;
#10780 = ORIENTED_EDGE ( 'NONE', *, *, #4048, .F. ) ;
#10781 = CARTESIAN_POINT ( 'NONE',  ( 2.939999999999999947, 4.750000000000000000, 1.100000000000000089 ) ) ;
#10782 = VECTOR ( 'NONE', #7776, 1000.000000000000000 ) ;
#10783 = COLOUR_RGB ( '',1.000000000000000000, 0.8117647058823529438, 0.5019607843137254832 ) ;
#10784 = SURFACE_STYLE_USAGE ( .BOTH. , #9084 ) ;
#10785 = SURFACE_STYLE_FILL_AREA ( #3224 ) ;
#10786 = PLANE ( 'NONE',  #4437 ) ;
#10787 = VECTOR ( 'NONE', #4077, 1000.000000000000000 ) ;
#10788 = DIRECTION ( 'NONE',  ( 0.000000000000000000, 0.000000000000000000, -1.000000000000000000 ) ) ;
#10789 = EDGE_LOOP ( 'NONE', ( #12225, #8372, #8947, #10233, #11587, #8034, #3656, #8738 ) ) ;
#10790 = LINE ( 'NONE', #6041, #4929 ) ;
#10791 = COLOUR_RGB ( '',1.000000000000000000, 0.8117647058823529438, 0.5019607843137254832 ) ;
#10792 =( NAMED_UNIT ( * ) PLANE_ANGLE_UNIT ( ) SI_UNIT ( $, .RADIAN. ) );
#10793 = VERTEX_POINT ( 'NONE', #3790 ) ;
#10794 = ADVANCED_FACE ( 'NONE', ( #6792 ), #3081, .T. ) ;
#10795 = SURFACE_SIDE_STYLE ('',( #10727 ) ) ;
#10796 = ORIENTED_EDGE ( 'NONE', *, *, #7705, .F. ) ;
#10797 = VERTEX_POINT ( 'NONE', #11036 ) ;
#10798 = CARTESIAN_POINT ( 'NONE',  ( 5.009999999999999787, 1.070000000000000062, -0.1000000000000000056 ) ) ;
#10799 = UNCERTAINTY_MEASURE_WITH_UNIT (LENGTH_MEASURE( 1.000000000000000082E-05 ), #11260, 'distance_accuracy_value', 'NONE');
#10800 = VECTOR ( 'NONE', #428, 1000.000000000000000 ) ;
#10801 = LINE ( 'NONE', #2194, #2070 ) ;
#10802 = MECHANICAL_DESIGN_GEOMETRIC_PRESENTATION_REPRESENTATION (  '', ( #575 ), #10591 ) ;
#10803 =( GEOMETRIC_REPRESENTATION_CONTEXT ( 3 ) GLOBAL_UNCERTAINTY_ASSIGNED_CONTEXT ( ( #7838 ) ) GLOBAL_UNIT_ASSIGNED_CONTEXT ( ( #6050, #3176, #6171 ) ) REPRESENTATION_CONTEXT ( 'NONE', 'WORKASPACE' ) );
#10804 = DIRECTION ( 'NONE',  ( 1.734723475976804876E-16, -1.000000000000000000, 0.000000000000000000 ) ) ;
#10805 = FILL_AREA_STYLE_COLOUR ( '', #5978 ) ;
#10806 = ADVANCED_FACE ( 'NONE', ( #10067 ), #11282, .T. ) ;
#10807 = SURFACE_STYLE_FILL_AREA ( #9851 ) ;
#10808 = CARTESIAN_POINT ( 'NONE',  ( 2.939999999999999947, 4.750000000000000000, 1.100000000000000089 ) ) ;
#10809 = SURFACE_SIDE_STYLE ('',( #11629 ) ) ;
#10810 = CARTESIAN_POINT ( 'NONE',  ( 0.3999999999999510059, -4.750000000000000000, 1.100000000000000089 ) ) ;
#10811 = CIRCLE ( 'NONE', #8607, 0.1999999999999996503 ) ;
#10812 = DIRECTION ( 'NONE',  ( 1.000000000000000000, -3.318008991245455407E-15, 0.000000000000000000 ) ) ;
#10813 = FACE_OUTER_BOUND ( 'NONE', #6607, .T. ) ;
#10814 = SURFACE_STYLE_FILL_AREA ( #6991 ) ;
#10815 = ORIENTED_EDGE ( 'NONE', *, *, #11008, .F. ) ;
#10816 = PRESENTATION_LAYER_ASSIGNMENT (  '', '', ( #8802 ) ) ;
#10817 = FILL_AREA_STYLE ('',( #2087 ) ) ;
#10818 = SURFACE_SIDE_STYLE ('',( #7786 ) ) ;
#10819 = ORIENTED_EDGE ( 'NONE', *, *, #10825, .T. ) ;
#10820 = CARTESIAN_POINT ( 'NONE',  ( 0.2000000000000165257, 5.009999999999999787, -0.1000000000000000056 ) ) ;
#10821 = CARTESIAN_POINT ( 'NONE',  ( -0.8700000000000440714, -4.250000000000000000, -0.1000000000000000056 ) ) ;
#10822 = LINE ( 'NONE', #7665, #10101 ) ;
#10823 = SURFACE_STYLE_USAGE ( .BOTH. , #7250 ) ;
#10824 = PLANE ( 'NONE',  #8151 ) ;
#10825 = EDGE_CURVE ( 'NONE', #3984, #8177, #8622, .T. ) ;
#10826 = MECHANICAL_DESIGN_GEOMETRIC_PRESENTATION_REPRESENTATION (  '', ( #6838 ), #11034 ) ;
#10827 = PRESENTATION_STYLE_ASSIGNMENT (( #6006 ) ) ;
#10828 =( LENGTH_UNIT ( ) NAMED_UNIT ( * ) SI_UNIT ( .MILLI., .METRE. ) );
#10829 = CARTESIAN_POINT ( 'NONE',  ( -2.140000000000044977, -4.250000000000000000, -0.1000000000000000056 ) ) ;
#10830 = DIRECTION ( 'NONE',  ( -1.734723475976804876E-16, 1.000000000000000000, 0.000000000000000000 ) ) ;
#10831 = PLANE ( 'NONE',  #6934 ) ;
#10832 = CARTESIAN_POINT ( 'NONE',  ( 4.250000000000000000, 2.140000000000000124, -0.1000000000000000056 ) ) ;
#10833 =( GEOMETRIC_REPRESENTATION_CONTEXT ( 3 ) GLOBAL_UNCERTAINTY_ASSIGNED_CONTEXT ( ( #761 ) ) GLOBAL_UNIT_ASSIGNED_CONTEXT ( ( #8029, #5386, #442 ) ) REPRESENTATION_CONTEXT ( 'NONE', 'WORKASPACE' ) );
#10834 = VERTEX_POINT ( 'NONE', #7660 ) ;
#10835 = EDGE_LOOP ( 'NONE', ( #10700, #7466, #2298, #12160 ) ) ;
#10836 = LINE ( 'NONE', #5141, #10169 ) ;
#10837 = ORIENTED_EDGE ( 'NONE', *, *, #5897, .T. ) ;
#10838 = ADVANCED_FACE ( 'NONE', ( #10561 ), #9300, .F. ) ;
#10839 = PRESENTATION_LAYER_ASSIGNMENT (  '', '', ( #3252 ) ) ;
#10840 = CARTESIAN_POINT ( 'NONE',  ( -2.939999999999999947, 5.009999999999999787, 1.100000000000000089 ) ) ;
#10841 = DIRECTION ( 'NONE',  ( -3.318008991245455407E-15, -1.000000000000000000, 0.000000000000000000 ) ) ;
#10842 = LINE ( 'NONE', #5964, #7808 ) ;
#10843 = VERTEX_POINT ( 'NONE', #4490 ) ;
#10844 = MECHANICAL_DESIGN_GEOMETRIC_PRESENTATION_REPRESENTATION (  '', ( #195 ), #5053 ) ;
#10845 = DIRECTION ( 'NONE',  ( -3.318008991245455407E-15, -1.000000000000000000, 0.000000000000000000 ) ) ;
#10846 = ORIENTED_EDGE ( 'NONE', *, *, #10404, .T. ) ;
#10847 = VERTEX_POINT ( 'NONE', #1700 ) ;
#10848 =( NAMED_UNIT ( * ) SI_UNIT ( $, .STERADIAN. ) SOLID_ANGLE_UNIT ( ) );
#10849 = EDGE_CURVE ( 'NONE', #4506, #10898, #10986, .T. ) ;
#10850 = EDGE_CURVE ( 'NONE', #12065, #7366, #5564, .T. ) ;
#10851 = CARTESIAN_POINT ( 'NONE',  ( 4.750000000000000000, -1.670000000000000151, 1.100000000000000089 ) ) ;
#10852 = CARTESIAN_POINT ( 'NONE',  ( 2.939999999999999947, 4.750000000000000000, 1.000000000000000000 ) ) ;
#10853 =( GEOMETRIC_REPRESENTATION_CONTEXT ( 3 ) GLOBAL_UNCERTAINTY_ASSIGNED_CONTEXT ( ( #5512 ) ) GLOBAL_UNIT_ASSIGNED_CONTEXT ( ( #1736, #6599, #9408 ) ) REPRESENTATION_CONTEXT ( 'NONE', 'WORKASPACE' ) );
#10854 = LINE ( 'NONE', #5093, #9415 ) ;
#10855 = CARTESIAN_POINT ( 'NONE',  ( -1.270000000000052198, -5.000000000000000000, -0.1000000000000000056 ) ) ;
#10856 = LINE ( 'NONE', #1289, #10484 ) ;
#10857 = ADVANCED_FACE ( 'NONE', ( #9160 ), #2320, .F. ) ;
#10858 = ORIENTED_EDGE ( 'NONE', *, *, #2109, .T. ) ;
#10859 = ORIENTED_EDGE ( 'NONE', *, *, #4362, .F. ) ;
#10860 = VERTEX_POINT ( 'NONE', #6923 ) ;
#10861 = FILL_AREA_STYLE_COLOUR ( '', #8342 ) ;
#10862 = EDGE_LOOP ( 'NONE', ( #12212, #4642, #741, #4671 ) ) ;
#10863 = PRESENTATION_LAYER_ASSIGNMENT (  '', '', ( #3870 ) ) ;
#10864 = LINE ( 'NONE', #11994, #1583 ) ;
#10865 = EDGE_CURVE ( 'NONE', #2951, #10458, #12204, .T. ) ;
#10866 = LINE ( 'NONE', #10735, #3091 ) ;
#10867 = PRESENTATION_STYLE_ASSIGNMENT (( #8849 ) ) ;
#10868 = PRESENTATION_STYLE_ASSIGNMENT (( #228 ) ) ;
#10869 = FILL_AREA_STYLE_COLOUR ( '', #8098 ) ;
#10870 = CARTESIAN_POINT ( 'NONE',  ( -0.3999999999999860334, 4.250000000000000000, 0.000000000000000000 ) ) ;
#10871 = LINE ( 'NONE', #2249, #6566 ) ;
#10872 = FILL_AREA_STYLE ('',( #7054 ) ) ;
#10873 = FILL_AREA_STYLE ('',( #2253 ) ) ;
#10874 =( NAMED_UNIT ( * ) SI_UNIT ( $, .STERADIAN. ) SOLID_ANGLE_UNIT ( ) );
#10875 = CARTESIAN_POINT ( 'NONE',  ( -5.000000000000000000, -2.739999999999999769, -0.2999999999999999889 ) ) ;
#10876 = ORIENTED_EDGE ( 'NONE', *, *, #12260, .T. ) ;
#10877 = LINE ( 'NONE', #1506, #10758 ) ;
#10878 = FACE_OUTER_BOUND ( 'NONE', #6977, .T. ) ;
#10879 = ORIENTED_EDGE ( 'NONE', *, *, #1825, .T. ) ;
#10880 = LINE ( 'NONE', #9809, #2575 ) ;
#10881 = UNCERTAINTY_MEASURE_WITH_UNIT (LENGTH_MEASURE( 1.000000000000000082E-05 ), #815, 'distance_accuracy_value', 'NONE');
#10882 = SURFACE_SIDE_STYLE ('',( #11816 ) ) ;
#10883 = CARTESIAN_POINT ( 'NONE',  ( 5.009999999999999787, 2.939999999999999947, -0.1000000000000000056 ) ) ;
#10884 = SURFACE_STYLE_USAGE ( .BOTH. , #6064 ) ;
#10885 = SURFACE_SIDE_STYLE ('',( #7067 ) ) ;
#10886 = DIRECTION ( 'NONE',  ( 0.000000000000000000, 0.000000000000000000, -1.000000000000000000 ) ) ;
#10887 = SURFACE_STYLE_FILL_AREA ( #9256 ) ;
#10888 = SURFACE_STYLE_FILL_AREA ( #7844 ) ;
#10889 = LINE ( 'NONE', #2044, #5302 ) ;
#10890 = CARTESIAN_POINT ( 'NONE',  ( -5.000000000000000000, -5.000000000000000000, 1.000000000000000000 ) ) ;
#10891 = DIRECTION ( 'NONE',  ( -3.318008991245455407E-15, -1.000000000000000000, 0.000000000000000000 ) ) ;
#10892 = ORIENTED_EDGE ( 'NONE', *, *, #9687, .T. ) ;
#10893 = EDGE_CURVE ( 'NONE', #2485, #970, #2668, .T. ) ;
#10894 = STYLED_ITEM ( 'NONE', ( #4988 ), #9545 ) ;
#10895 = ORIENTED_EDGE ( 'NONE', *, *, #784, .T. ) ;
#10896 = ORIENTED_EDGE ( 'NONE', *, *, #2041, .T. ) ;
#10897 = DIRECTION ( 'NONE',  ( -8.673617379884039170E-17, 1.000000000000000000, 0.000000000000000000 ) ) ;
#10898 = VERTEX_POINT ( 'NONE', #8026 ) ;
#10899 = SURFACE_STYLE_USAGE ( .BOTH. , #6204 ) ;
#10900 = SURFACE_STYLE_USAGE ( .BOTH. , #2357 ) ;
#10901 = STYLED_ITEM ( 'NONE', ( #7733 ), #3008 ) ;
#10902 = FILL_AREA_STYLE ('',( #84 ) ) ;
#10903 =( NAMED_UNIT ( * ) PLANE_ANGLE_UNIT ( ) SI_UNIT ( $, .RADIAN. ) );
#10904 = SURFACE_SIDE_STYLE ('',( #6273 ) ) ;
#10905 = STYLED_ITEM ( 'NONE', ( #9041 ), #10191 ) ;
#10906 = PRESENTATION_STYLE_ASSIGNMENT (( #7146 ) ) ;
#10907 = EDGE_LOOP ( 'NONE', ( #224, #4265, #10965, #335, #4422, #2839, #7689, #3428, #947 ) ) ;
#10908 = ADVANCED_FACE ( 'NONE', ( #1442 ), #1754, .F. ) ;
#10909 = CARTESIAN_POINT ( 'NONE',  ( -5.009999999999999787, -1.469999999999999973, -0.1000000000000000056 ) ) ;
#10910 = VERTEX_POINT ( 'NONE', #5734 ) ;
#10911 = PRESENTATION_LAYER_ASSIGNMENT (  '', '', ( #11890 ) ) ;
#10912 = ORIENTED_EDGE ( 'NONE', *, *, #11431, .T. ) ;
#10913 = FILL_AREA_STYLE_COLOUR ( '', #1536 ) ;
#10914 = STYLED_ITEM ( 'NONE', ( #336 ), #11269 ) ;
#10915 = LINE ( 'NONE', #2300, #3974 ) ;
#10916 = FACE_OUTER_BOUND ( 'NONE', #2057, .T. ) ;
#10917 = PRESENTATION_STYLE_ASSIGNMENT (( #9787 ) ) ;
#10918 = VECTOR ( 'NONE', #9643, 1000.000000000000000 ) ;
#10919 = DIRECTION ( 'NONE',  ( 1.734723475976804876E-16, -1.000000000000000000, 0.000000000000000000 ) ) ;
#10920 = SURFACE_STYLE_FILL_AREA ( #9163 ) ;
#10921 = UNCERTAINTY_MEASURE_WITH_UNIT (LENGTH_MEASURE( 1.000000000000000082E-05 ), #7666, 'distance_accuracy_value', 'NONE');
#10922 = ORIENTED_EDGE ( 'NONE', *, *, #11638, .F. ) ;
#10923 = DIRECTION ( 'NONE',  ( -1.030097166893172093E-14, -1.000000000000000000, 0.000000000000000000 ) ) ;
#10924 =( NAMED_UNIT ( * ) SI_UNIT ( $, .STERADIAN. ) SOLID_ANGLE_UNIT ( ) );
#10925 = PRESENTATION_LAYER_ASSIGNMENT (  '', '', ( #7118 ) ) ;
#10926 = ORIENTED_EDGE ( 'NONE', *, *, #3232, .T. ) ;
#10927 = ORIENTED_EDGE ( 'NONE', *, *, #11674, .T. ) ;
#10928 = EDGE_CURVE ( 'NONE', #3318, #5088, #3909, .T. ) ;
#10929 = ORIENTED_EDGE ( 'NONE', *, *, #8949, .F. ) ;
#10930 = ORIENTED_EDGE ( 'NONE', *, *, #9902, .T. ) ;
#10931 = FILL_AREA_STYLE_COLOUR ( '', #4824 ) ;
#10932 = COLOUR_RGB ( '',0.5372549019607842924, 0.6235294117647058876, 0.000000000000000000 ) ;
#10933 = AXIS2_PLACEMENT_3D ( 'NONE', #2882, #9524, #11653 ) ;
#10934 =( NAMED_UNIT ( * ) SI_UNIT ( $, .STERADIAN. ) SOLID_ANGLE_UNIT ( ) );
#10935 = PLANE ( 'NONE',  #6579 ) ;
#10936 = LINE ( 'NONE', #2322, #8764 ) ;
#10937 = SURFACE_SIDE_STYLE ('',( #11803 ) ) ;
#10938 = SURFACE_SIDE_STYLE ('',( #6930 ) ) ;
#10939 = PLANE ( 'NONE',  #1152 ) ;
#10940 = LINE ( 'NONE', #2329, #979 ) ;
#10941 = CIRCLE ( 'NONE', #3552, 0.1999999999999996503 ) ;
#10942 = EDGE_LOOP ( 'NONE', ( #5971, #6334, #6249, #4906 ) ) ;
#10943 = ADVANCED_FACE ( 'NONE', ( #9428 ), #5797, .F. ) ;
#10944 = VECTOR ( 'NONE', #8874, 1000.000000000000000 ) ;
#10945 = MECHANICAL_DESIGN_GEOMETRIC_PRESENTATION_REPRESENTATION (  '', ( #3143 ), #6345 ) ;
#10946 = EDGE_CURVE ( 'NONE', #1467, #11413, #11562, .T. ) ;
#10947 = CARTESIAN_POINT ( 'NONE',  ( 1.669999999999949969, -4.750000000000000000, 1.000000000000000000 ) ) ;
#10948 = ORIENTED_EDGE ( 'NONE', *, *, #1248, .T. ) ;
#10949 = CARTESIAN_POINT ( 'NONE',  ( -2.340000000000050040, -5.009999999999999787, -0.1000000000000000056 ) ) ;
#10950 = PRESENTATION_LAYER_ASSIGNMENT (  '', '', ( #2317 ) ) ;
#10951 = DIRECTION ( 'NONE',  ( -1.047444401652940164E-14, -1.000000000000000000, 0.000000000000000000 ) ) ;
#10952 = LINE ( 'NONE', #6188, #2168 ) ;
#10953 = MECHANICAL_DESIGN_GEOMETRIC_PRESENTATION_REPRESENTATION (  '', ( #5148 ), #6356 ) ;
#10954 = DIRECTION ( 'NONE',  ( 1.000000000000000000, 1.734723475976804876E-16, 0.000000000000000000 ) ) ;
#10955 = LINE ( 'NONE', #7003, #8901 ) ;
#10956 = FILL_AREA_STYLE ('',( #3948 ) ) ;
#10957 = PRESENTATION_STYLE_ASSIGNMENT (( #10003 ) ) ;
#10958 = CARTESIAN_POINT ( 'NONE',  ( -5.009999999999999787, 2.739999999999999769, -0.1000000000000000056 ) ) ;
#10959 = COLOUR_RGB ( '',1.000000000000000000, 0.8117647058823529438, 0.5019607843137254832 ) ;
#10960 =( LENGTH_UNIT ( ) NAMED_UNIT ( * ) SI_UNIT ( .MILLI., .METRE. ) );
#10961 =( GEOMETRIC_REPRESENTATION_CONTEXT ( 3 ) GLOBAL_UNCERTAINTY_ASSIGNED_CONTEXT ( ( #3793 ) ) GLOBAL_UNIT_ASSIGNED_CONTEXT ( ( #4924, #7768, #3035 ) ) REPRESENTATION_CONTEXT ( 'NONE', 'WORKASPACE' ) );
#10962 = ORIENTED_EDGE ( 'NONE', *, *, #9564, .T. ) ;
#10963 = VECTOR ( 'NONE', #6601, 1000.000000000000000 ) ;
#10964 = ORIENTED_EDGE ( 'NONE', *, *, #4476, .T. ) ;
#10965 = ORIENTED_EDGE ( 'NONE', *, *, #8394, .F. ) ;
#10966 =( NAMED_UNIT ( * ) SI_UNIT ( $, .STERADIAN. ) SOLID_ANGLE_UNIT ( ) );
#10967 = ORIENTED_EDGE ( 'NONE', *, *, #833, .F. ) ;
#10968 =( GEOMETRIC_REPRESENTATION_CONTEXT ( 3 ) GLOBAL_UNCERTAINTY_ASSIGNED_CONTEXT ( ( #9833 ) ) GLOBAL_UNIT_ASSIGNED_CONTEXT ( ( #1776, #6573, #9449 ) ) REPRESENTATION_CONTEXT ( 'NONE', 'WORKASPACE' ) );
#10969 = MECHANICAL_DESIGN_GEOMETRIC_PRESENTATION_REPRESENTATION (  '', ( #12351 ), #11174 ) ;
#10970 = PRESENTATION_STYLE_ASSIGNMENT (( #1604 ) ) ;
#10971 = LINE ( 'NONE', #697, #206 ) ;
#10972 = EDGE_CURVE ( 'NONE', #1702, #12250, #6672, .T. ) ;
#10973 = COLOUR_RGB ( '',1.000000000000000000, 0.8117647058823529438, 0.5019607843137254832 ) ;
#10974 = DIRECTION ( 'NONE',  ( -1.000000000000000000, -1.734723475976804876E-16, 0.000000000000000000 ) ) ;
#10975 =( NAMED_UNIT ( * ) SI_UNIT ( $, .STERADIAN. ) SOLID_ANGLE_UNIT ( ) );
#10976 =( GEOMETRIC_REPRESENTATION_CONTEXT ( 3 ) GLOBAL_UNCERTAINTY_ASSIGNED_CONTEXT ( ( #9578 ) ) GLOBAL_UNIT_ASSIGNED_CONTEXT ( ( #7356, #4663, #4544 ) ) REPRESENTATION_CONTEXT ( 'NONE', 'WORKASPACE' ) );
#10977 = VECTOR ( 'NONE', #651, 1000.000000000000000 ) ;
#10978 = PLANE ( 'NONE',  #6909 ) ;
#10979 = ORIENTED_EDGE ( 'NONE', *, *, #8541, .F. ) ;
#10980 = ORIENTED_EDGE ( 'NONE', *, *, #2465, .F. ) ;
#10981 = PRESENTATION_STYLE_ASSIGNMENT (( #2426 ) ) ;
#10982 = PRESENTATION_LAYER_ASSIGNMENT (  '', '', ( #6775 ) ) ;
#10983 = VECTOR ( 'NONE', #8380, 1000.000000000000000 ) ;
#10984 = VECTOR ( 'NONE', #4144, 1000.000000000000000 ) ;
#10985 =( NAMED_UNIT ( * ) PLANE_ANGLE_UNIT ( ) SI_UNIT ( $, .RADIAN. ) );
#10986 = LINE ( 'NONE', #11234, #9331 ) ;
#10987 = DIRECTION ( 'NONE',  ( -1.000000000000000000, 0.000000000000000000, 0.000000000000000000 ) ) ;
#10988 = EDGE_CURVE ( 'NONE', #12237, #841, #5611, .T. ) ;
#10989 = PRESENTATION_STYLE_ASSIGNMENT (( #11907 ) ) ;
#10990 = SURFACE_STYLE_USAGE ( .BOTH. , #1414 ) ;
#10991 =( LENGTH_UNIT ( ) NAMED_UNIT ( * ) SI_UNIT ( .MILLI., .METRE. ) );
#10992 = LINE ( 'NONE', #9898, #7850 ) ;
#10993 = ORIENTED_EDGE ( 'NONE', *, *, #11674, .F. ) ;
#10994 = FILL_AREA_STYLE_COLOUR ( '', #7309 ) ;
#10995 = DIRECTION ( 'NONE',  ( 0.000000000000000000, 0.000000000000000000, -1.000000000000000000 ) ) ;
#10996 = ORIENTED_EDGE ( 'NONE', *, *, #6089, .T. ) ;
#10997 = ORIENTED_EDGE ( 'NONE', *, *, #1169, .T. ) ;
#10998 = VECTOR ( 'NONE', #6120, 1000.000000000000000 ) ;
#10999 = CARTESIAN_POINT ( 'NONE',  ( 5.009999999999999787, 2.739999999999999769, -0.1000000000000000056 ) ) ;
#11000 = ORIENTED_EDGE ( 'NONE', *, *, #3671, .T. ) ;
#11001 = UNCERTAINTY_MEASURE_WITH_UNIT (LENGTH_MEASURE( 1.000000000000000082E-05 ), #1144, 'distance_accuracy_value', 'NONE');
#11002 = ORIENTED_EDGE ( 'NONE', *, *, #10730, .F. ) ;
#11003 = SURFACE_SIDE_STYLE ('',( #7172 ) ) ;
#11004 = PRESENTATION_STYLE_ASSIGNMENT (( #3353 ) ) ;
#11005 =( NAMED_UNIT ( * ) SI_UNIT ( $, .STERADIAN. ) SOLID_ANGLE_UNIT ( ) );
#11006 = LINE ( 'NONE', #2385, #130 ) ;
#11007 = SURFACE_STYLE_USAGE ( .BOTH. , #424 ) ;
#11008 = EDGE_CURVE ( 'NONE', #6901, #10540, #982, .T. ) ;
#11009 = VECTOR ( 'NONE', #9303, 1000.000000000000000 ) ;
#11010 = DIRECTION ( 'NONE',  ( 0.000000000000000000, 0.000000000000000000, 1.000000000000000000 ) ) ;
#11011 = FILL_AREA_STYLE_COLOUR ( '', #5913 ) ;
#11012 = SURFACE_STYLE_FILL_AREA ( #7183 ) ;
#11013 = DIRECTION ( 'NONE',  ( 0.000000000000000000, -1.000000000000000000, 0.000000000000000000 ) ) ;
#11014 = VERTEX_POINT ( 'NONE', #10478 ) ;
#11015 = AXIS2_PLACEMENT_3D ( 'NONE', #4319, #8102, #11952 ) ;
#11016 = LINE ( 'NONE', #2256, #2754 ) ;
#11017 = DIRECTION ( 'NONE',  ( 1.000000000000000000, 0.000000000000000000, 0.000000000000000000 ) ) ;
#11018 = ORIENTED_EDGE ( 'NONE', *, *, #3020, .T. ) ;
#11019 = UNCERTAINTY_MEASURE_WITH_UNIT (LENGTH_MEASURE( 1.000000000000000082E-05 ), #2935, 'distance_accuracy_value', 'NONE');
#11020 = DIRECTION ( 'NONE',  ( -1.000000000000000000, 1.030097166893172093E-14, 0.000000000000000000 ) ) ;
#11021 = CARTESIAN_POINT ( 'NONE',  ( 2.139999999999949942, -5.009999999999999787, -0.1000000000000000056 ) ) ;
#11022 = EDGE_CURVE ( 'NONE', #10540, #3938, #4667, .T. ) ;
#11024 = EDGE_CURVE ( 'NONE', #9613, #3602, #7645, .T. ) ;
#11023 = STYLED_ITEM ( 'NONE', ( #3758 ), #8645 ) ;
#11025 = FILL_AREA_STYLE ('',( #5384 ) ) ;
#11026 = DIRECTION ( 'NONE',  ( 0.000000000000000000, 0.000000000000000000, -1.000000000000000000 ) ) ;
#11027 = LINE ( 'NONE', #10958, #6701 ) ;
#11028 =( GEOMETRIC_REPRESENTATION_CONTEXT ( 3 ) GLOBAL_UNCERTAINTY_ASSIGNED_CONTEXT ( ( #1071 ) ) GLOBAL_UNIT_ASSIGNED_CONTEXT ( ( #8410, #5608, #9361 ) ) REPRESENTATION_CONTEXT ( 'NONE', 'WORKASPACE' ) );
#11029 = FILL_AREA_STYLE_COLOUR ( '', #2634 ) ;
#11030 = MECHANICAL_DESIGN_GEOMETRIC_PRESENTATION_REPRESENTATION (  '', ( #1175 ), #3819 ) ;
#11031 = VERTEX_POINT ( 'NONE', #8658 ) ;
#11032 = VECTOR ( 'NONE', #3419, 1000.000000000000000 ) ;
#11033 = ORIENTED_EDGE ( 'NONE', *, *, #9414, .T. ) ;
#11034 =( GEOMETRIC_REPRESENTATION_CONTEXT ( 3 ) GLOBAL_UNCERTAINTY_ASSIGNED_CONTEXT ( ( #8742 ) ) GLOBAL_UNIT_ASSIGNED_CONTEXT ( ( #3082, #344, #7031 ) ) REPRESENTATION_CONTEXT ( 'NONE', 'WORKASPACE' ) );
#11035 = ORIENTED_EDGE ( 'NONE', *, *, #654, .F. ) ;
#11036 = CARTESIAN_POINT ( 'NONE',  ( -0.8700000000000489564, -4.750000000000000000, 1.000000000000000000 ) ) ;
#11037 = SURFACE_STYLE_FILL_AREA ( #327 ) ;
#11038 = ADVANCED_FACE ( 'NONE', ( #2969 ), #10292, .T. ) ;
#11039 =( LENGTH_UNIT ( ) NAMED_UNIT ( * ) SI_UNIT ( .MILLI., .METRE. ) );
#11040 = SURFACE_STYLE_USAGE ( .BOTH. , #11710 ) ;
#11041 = VECTOR ( 'NONE', #11708, 1000.000000000000000 ) ;
#11042 =( NAMED_UNIT ( * ) PLANE_ANGLE_UNIT ( ) SI_UNIT ( $, .RADIAN. ) );
#11043 = LINE ( 'NONE', #12034, #11341 ) ;
#11044 = DIRECTION ( 'NONE',  ( -1.000000000000000000, 0.000000000000000000, 0.000000000000000000 ) ) ;
#11045 = ADVANCED_FACE ( 'NONE', ( #8055 ), #7160, .F. ) ;
#11046 =( LENGTH_UNIT ( ) NAMED_UNIT ( * ) SI_UNIT ( .MILLI., .METRE. ) );
#11047 = VERTEX_POINT ( 'NONE', #4317 ) ;
#11048 = ORIENTED_EDGE ( 'NONE', *, *, #1169, .F. ) ;
#11049 = DIRECTION ( 'NONE',  ( 1.000000000000000000, -1.047444401652940164E-14, 0.000000000000000000 ) ) ;
#11050 = PRESENTATION_STYLE_ASSIGNMENT (( #12227 ) ) ;
#11051 = FACE_OUTER_BOUND ( 'NONE', #10528, .T. ) ;
#11052 = VECTOR ( 'NONE', #7910, 1000.000000000000000 ) ;
#11053 =( NAMED_UNIT ( * ) SI_UNIT ( $, .STERADIAN. ) SOLID_ANGLE_UNIT ( ) );
#11054 = LINE ( 'NONE', #5091, #6611 ) ;
#11055 = PLANE ( 'NONE',  #12364 ) ;
#11056 = CARTESIAN_POINT ( 'NONE',  ( -1.670000000000000151, 5.009999999999999787, 1.100000000000000089 ) ) ;
#11057 = CARTESIAN_POINT ( 'NONE',  ( -5.000000000000000000, 2.540000000000000036, 1.100000000000000089 ) ) ;
#11058 = COLOUR_RGB ( '',1.000000000000000000, 0.8117647058823529438, 0.5019607843137254832 ) ;
#11059 = ORIENTED_EDGE ( 'NONE', *, *, #1301, .T. ) ;
#11060 =( LENGTH_UNIT ( ) NAMED_UNIT ( * ) SI_UNIT ( .MILLI., .METRE. ) );
#11061 = ORIENTED_EDGE ( 'NONE', *, *, #3189, .T. ) ;
#11062 = CARTESIAN_POINT ( 'NONE',  ( -4.750000000000000000, -2.140000000000000124, 1.000000000000000000 ) ) ;
#11063 = ORIENTED_EDGE ( 'NONE', *, *, #12004, .T. ) ;
#11064 = ORIENTED_EDGE ( 'NONE', *, *, #399, .F. ) ;
#11065 = EDGE_CURVE ( 'NONE', #7799, #5575, #1390, .T. ) ;
#11066 = DIRECTION ( 'NONE',  ( 0.000000000000000000, 1.000000000000000000, 0.000000000000000000 ) ) ;
#11067 =( NAMED_UNIT ( * ) PLANE_ANGLE_UNIT ( ) SI_UNIT ( $, .RADIAN. ) );
#11068 = CARTESIAN_POINT ( 'NONE',  ( 1.659004495622724745E-14, 5.000000000000000000, -0.1000000000000000056 ) ) ;
#11069 = PLANE ( 'NONE',  #7557 ) ;
#11070 = LINE ( 'NONE', #8850, #2151 ) ;
#11071 = SURFACE_STYLE_FILL_AREA ( #6098 ) ;
#11072 = CARTESIAN_POINT ( 'NONE',  ( -1.070000000000052021, -5.000000000000000000, -0.1000000000000000056 ) ) ;
#11073 =( LENGTH_UNIT ( ) NAMED_UNIT ( * ) SI_UNIT ( .MILLI., .METRE. ) );
#11074 = PLANE ( 'NONE',  #98 ) ;
#11075 = CARTESIAN_POINT ( 'NONE',  ( -1.270000000000052198, -5.000000000000000000, -0.2999999999999999889 ) ) ;
#11076 = MECHANICAL_DESIGN_GEOMETRIC_PRESENTATION_REPRESENTATION (  '', ( #8845 ), #8245 ) ;
#11077 = ORIENTED_EDGE ( 'NONE', *, *, #12041, .F. ) ;
#11078 = DIRECTION ( 'NONE',  ( -3.318008991245455407E-15, -1.000000000000000000, 0.000000000000000000 ) ) ;
#11079 = EDGE_CURVE ( 'NONE', #11186, #3473, #8940, .T. ) ;
#11080 = ORIENTED_EDGE ( 'NONE', *, *, #9174, .T. ) ;
#11081 =( NAMED_UNIT ( * ) SI_UNIT ( $, .STERADIAN. ) SOLID_ANGLE_UNIT ( ) );
#11082 =( NAMED_UNIT ( * ) PLANE_ANGLE_UNIT ( ) SI_UNIT ( $, .RADIAN. ) );
#11083 = LINE ( 'NONE', #2461, #5418 ) ;
#11084 = CARTESIAN_POINT ( 'NONE',  ( -0.2000000000000514977, -5.009999999999999787, -0.1000000000000000056 ) ) ;
#11085 = DIRECTION ( 'NONE',  ( 0.000000000000000000, 1.000000000000000000, 0.000000000000000000 ) ) ;
#11086 = CARTESIAN_POINT ( 'NONE',  ( -4.750000000000000000, 0.4000000000000000222, 1.000000000000000000 ) ) ;
#11087 = LINE ( 'NONE', #4448, #990 ) ;
#11088 =( LENGTH_UNIT ( ) NAMED_UNIT ( * ) SI_UNIT ( .MILLI., .METRE. ) );
#11089 = ORIENTED_EDGE ( 'NONE', *, *, #5706, .T. ) ;
#11090 = ORIENTED_EDGE ( 'NONE', *, *, #9573, .T. ) ;
#11091 = EDGE_CURVE ( 'NONE', #5843, #7026, #9004, .T. ) ;
#11092 = EDGE_CURVE ( 'NONE', #5957, #286, #4350, .T. ) ;
#11093 = ORIENTED_EDGE ( 'NONE', *, *, #8692, .T. ) ;
#11094 = PRESENTATION_STYLE_ASSIGNMENT (( #1525 ) ) ;
#11095 =( LENGTH_UNIT ( ) NAMED_UNIT ( * ) SI_UNIT ( .MILLI., .METRE. ) );
#11096 = CARTESIAN_POINT ( 'NONE',  ( -5.000000000000000000, -5.000000000000000000, 1.000000000000000000 ) ) ;
#11097 = FILL_AREA_STYLE ('',( #1661 ) ) ;
#11098 = DIRECTION ( 'NONE',  ( 0.000000000000000000, 0.000000000000000000, 1.000000000000000000 ) ) ;
#11099 = LINE ( 'NONE', #6333, #5340 ) ;
#11100 = VECTOR ( 'NONE', #7513, 1000.000000000000000 ) ;
#11101 = ORIENTED_EDGE ( 'NONE', *, *, #809, .T. ) ;
#11102 = EDGE_CURVE ( 'NONE', #11825, #2649, #253, .T. ) ;
#11103 = ORIENTED_EDGE ( 'NONE', *, *, #8396, .T. ) ;
#11104 = EDGE_CURVE ( 'NONE', #1017, #2751, #4259, .T. ) ;
#11105 = ORIENTED_EDGE ( 'NONE', *, *, #2509, .T. ) ;
#11106 = LINE ( 'NONE', #2489, #8512 ) ;
#11107 = AXIS2_PLACEMENT_3D ( 'NONE', #11355, #4761, #11759 ) ;
#11108 = COLOUR_RGB ( '',1.000000000000000000, 0.8117647058823529438, 0.5019607843137254832 ) ;
#11109 = DIRECTION ( 'NONE',  ( 0.000000000000000000, 0.000000000000000000, 1.000000000000000000 ) ) ;
#11110 = CARTESIAN_POINT ( 'NONE',  ( 0.8699999999999490363, -5.000000000000000000, 1.000000000000000000 ) ) ;
#11111 = DIRECTION ( 'NONE',  ( 3.491481338843135327E-15, 1.000000000000000000, 0.000000000000000000 ) ) ;
#11112 = DIRECTION ( 'NONE',  ( 0.000000000000000000, -1.000000000000000000, 0.000000000000000000 ) ) ;
#11113 = ORIENTED_EDGE ( 'NONE', *, *, #9925, .F. ) ;
#11114 = PRESENTATION_STYLE_ASSIGNMENT (( #8135 ) ) ;
#11115 = AXIS2_PLACEMENT_3D ( 'NONE', #10423, #8653, #11613 ) ;
#11116 = VECTOR ( 'NONE', #1959, 1000.000000000000000 ) ;
#11117 = AXIS2_PLACEMENT_3D ( 'NONE', #11742, #4177, #2020 ) ;
#11118 = SURFACE_STYLE_FILL_AREA ( #11990 ) ;
#11119 = ORIENTED_EDGE ( 'NONE', *, *, #3896, .F. ) ;
#11120 = UNCERTAINTY_MEASURE_WITH_UNIT (LENGTH_MEASURE( 1.000000000000000082E-05 ), #10726, 'distance_accuracy_value', 'NONE');
#11121 = ORIENTED_EDGE ( 'NONE', *, *, #3316, .F. ) ;
#11122 = DIRECTION ( 'NONE',  ( 0.000000000000000000, 1.000000000000000000, 0.000000000000000000 ) ) ;
#11123 =( NAMED_UNIT ( * ) SI_UNIT ( $, .STERADIAN. ) SOLID_ANGLE_UNIT ( ) );
#11124 =( NAMED_UNIT ( * ) SI_UNIT ( $, .STERADIAN. ) SOLID_ANGLE_UNIT ( ) );
#11125 = AXIS2_PLACEMENT_3D ( 'NONE', #7530, #4615, #10230 ) ;
#11126 = DIRECTION ( 'NONE',  ( 1.000000000000000000, 0.000000000000000000, 0.000000000000000000 ) ) ;
#11127 = CARTESIAN_POINT ( 'NONE',  ( 2.939999999999950209, -5.009999999999999787, 1.100000000000000089 ) ) ;
#11128 = COLOUR_RGB ( '',1.000000000000000000, 0.8117647058823529438, 0.5019607843137254832 ) ;
#11129 = DIRECTION ( 'NONE',  ( 0.000000000000000000, 0.000000000000000000, 1.000000000000000000 ) ) ;
#11130 = CARTESIAN_POINT ( 'NONE',  ( -5.009999999999999787, -0.8699999999999999956, 1.100000000000000089 ) ) ;
#11131 = ADVANCED_FACE ( 'NONE', ( #8032 ), #10831, .F. ) ;
#11132 = CARTESIAN_POINT ( 'NONE',  ( -1.670000000000050111, -5.000000000000000000, 0.000000000000000000 ) ) ;
#11133 = VERTEX_POINT ( 'NONE', #11280 ) ;
#11134 = STYLED_ITEM ( 'NONE', ( #9438 ), #3976 ) ;
#11135 = LINE ( 'NONE', #7058, #1892 ) ;
#11136 = SURFACE_STYLE_USAGE ( .BOTH. , #9991 ) ;
#11137 = AXIS2_PLACEMENT_3D ( 'NONE', #769, #11026, #12019 ) ;
#11138 = MECHANICAL_DESIGN_GEOMETRIC_PRESENTATION_REPRESENTATION (  '', ( #3737 ), #5538 ) ;
#11139 = FACE_OUTER_BOUND ( 'NONE', #7387, .T. ) ;
#11140 = ORIENTED_EDGE ( 'NONE', *, *, #5051, .T. ) ;
#11141 =( LENGTH_UNIT ( ) NAMED_UNIT ( * ) SI_UNIT ( .MILLI., .METRE. ) );
#11142 = UNCERTAINTY_MEASURE_WITH_UNIT (LENGTH_MEASURE( 1.000000000000000082E-05 ), #6035, 'distance_accuracy_value', 'NONE');
#11143 = FILL_AREA_STYLE_COLOUR ( '', #9785 ) ;
#11144 = DIRECTION ( 'NONE',  ( 0.000000000000000000, 0.000000000000000000, 1.000000000000000000 ) ) ;
#11145 = SURFACE_STYLE_USAGE ( .BOTH. , #12073 ) ;
#11146 = FACE_OUTER_BOUND ( 'NONE', #4353, .T. ) ;
#11147 = DIRECTION ( 'NONE',  ( 1.000000000000000000, 1.734723475976804876E-16, 0.000000000000000000 ) ) ;
#11148 = EDGE_CURVE ( 'NONE', #548, #9632, #10318, .T. ) ;
#11149 = COLOUR_RGB ( '',1.000000000000000000, 0.8117647058823529438, 0.5019607843137254832 ) ;
#11150 = MECHANICAL_DESIGN_GEOMETRIC_PRESENTATION_REPRESENTATION (  '', ( #9529 ), #9546 ) ;
#11151 = CARTESIAN_POINT ( 'NONE',  ( -5.000000000000000000, 2.339999999999999858, 1.100000000000000089 ) ) ;
#11152 = PRESENTATION_STYLE_ASSIGNMENT (( #9200 ) ) ;
#11153 = ORIENTED_EDGE ( 'NONE', *, *, #10129, .T. ) ;
#11154 = VERTEX_POINT ( 'NONE', #9131 ) ;
#11155 = ORIENTED_EDGE ( 'NONE', *, *, #3788, .T. ) ;
#11156 = ORIENTED_EDGE ( 'NONE', *, *, #11734, .F. ) ;
#11157 = CARTESIAN_POINT ( 'NONE',  ( 4.750000000000000000, -2.939999999999999947, 1.100000000000000089 ) ) ;
#11158 = PRESENTATION_LAYER_ASSIGNMENT (  '', '', ( #2731 ) ) ;
#11159 = CARTESIAN_POINT ( 'NONE',  ( 4.250000000000000000, -2.939999999999999947, 0.000000000000000000 ) ) ;
#11160 = SURFACE_STYLE_FILL_AREA ( #596 ) ;
#11161 = CARTESIAN_POINT ( 'NONE',  ( 5.009999999999999787, 0.4000000000000000222, -0.1000000000000000056 ) ) ;
#11162 =( NAMED_UNIT ( * ) PLANE_ANGLE_UNIT ( ) SI_UNIT ( $, .RADIAN. ) );
#11163 = COLOUR_RGB ( '',1.000000000000000000, 0.8117647058823529438, 0.5019607843137254832 ) ;
#11164 =( LENGTH_UNIT ( ) NAMED_UNIT ( * ) SI_UNIT ( .MILLI., .METRE. ) );
#11165 = EDGE_CURVE ( 'NONE', #5966, #3066, #4385, .T. ) ;
#11166 = AXIS2_PLACEMENT_3D ( 'NONE', #7647, #2068, #1176 ) ;
#11167 =( NAMED_UNIT ( * ) PLANE_ANGLE_UNIT ( ) SI_UNIT ( $, .RADIAN. ) );
#11168 = MECHANICAL_DESIGN_GEOMETRIC_PRESENTATION_REPRESENTATION (  '', ( #10747 ), #302 ) ;
#11169 = ORIENTED_EDGE ( 'NONE', *, *, #370, .T. ) ;
#11170 = VERTEX_POINT ( 'NONE', #1857 ) ;
#11171 = SURFACE_STYLE_FILL_AREA ( #1613 ) ;
#11172 = FILL_AREA_STYLE_COLOUR ( '', #2923 ) ;
#11173 = STYLED_ITEM ( 'NONE', ( #1872 ), #324 ) ;
#11174 =( GEOMETRIC_REPRESENTATION_CONTEXT ( 3 ) GLOBAL_UNCERTAINTY_ASSIGNED_CONTEXT ( ( #10289 ) ) GLOBAL_UNIT_ASSIGNED_CONTEXT ( ( #2771, #2703, #4472 ) ) REPRESENTATION_CONTEXT ( 'NONE', 'WORKASPACE' ) );
#11175 = VECTOR ( 'NONE', #12233, 1000.000000000000000 ) ;
#11176 = SURFACE_SIDE_STYLE ('',( #6406 ) ) ;
#11177 = CARTESIAN_POINT ( 'NONE',  ( 0.8700000000000139844, 4.250000000000000000, -0.1000000000000000056 ) ) ;
#11178 =( GEOMETRIC_REPRESENTATION_CONTEXT ( 3 ) GLOBAL_UNCERTAINTY_ASSIGNED_CONTEXT ( ( #4512 ) ) GLOBAL_UNIT_ASSIGNED_CONTEXT ( ( #8462, #4843, #1922 ) ) REPRESENTATION_CONTEXT ( 'NONE', 'WORKASPACE' ) );
#11179 = EDGE_CURVE ( 'NONE', #6975, #11154, #801, .T. ) ;
#11180 = EDGE_CURVE ( 'NONE', #9203, #5843, #851, .T. ) ;
#11181 = SURFACE_STYLE_FILL_AREA ( #9410 ) ;
#11182 = CARTESIAN_POINT ( 'NONE',  ( 5.009999999999999787, 1.469999999999999973, 1.100000000000000089 ) ) ;
#11183 = VERTEX_POINT ( 'NONE', #5719 ) ;
#11184 = COLOUR_RGB ( '',1.000000000000000000, 0.8117647058823529438, 0.5019607843137254832 ) ;
#11185 = PRESENTATION_STYLE_ASSIGNMENT (( #12106 ) ) ;
#11186 = VERTEX_POINT ( 'NONE', #7687 ) ;
#11187 = ORIENTED_EDGE ( 'NONE', *, *, #3278, .F. ) ;
#11188 = CARTESIAN_POINT ( 'NONE',  ( -5.009999999999999787, 2.939999999999999947, -0.1000000000000000056 ) ) ;
#11189 = VECTOR ( 'NONE', #12100, 1000.000000000000000 ) ;
#11190 = AXIS2_PLACEMENT_3D ( 'NONE', #8775, #8713, #4785 ) ;
#11191 = LINE ( 'NONE', #2586, #11757 ) ;
#11192 = FILL_AREA_STYLE ('',( #9290 ) ) ;
#11193 = DIRECTION ( 'NONE',  ( -1.000000000000000000, 1.047444401652940164E-14, 0.000000000000000000 ) ) ;
#11194 = CARTESIAN_POINT ( 'NONE',  ( -2.940000000000049685, -5.009999999999999787, -0.1000000000000000056 ) ) ;
#11196 = EDGE_CURVE ( 'NONE', #1538, #10338, #9418, .T. ) ;
#11195 = UNCERTAINTY_MEASURE_WITH_UNIT (LENGTH_MEASURE( 1.000000000000000082E-05 ), #7942, 'distance_accuracy_value', 'NONE');
#11197 = SURFACE_STYLE_FILL_AREA ( #9242 ) ;
#11198 = SURFACE_STYLE_USAGE ( .BOTH. , #11445 ) ;
#11199 = VECTOR ( 'NONE', #2676, 1000.000000000000000 ) ;
#11200 = DIRECTION ( 'NONE',  ( -1.000000000000000000, 0.000000000000000000, 0.000000000000000000 ) ) ;
#11201 = SURFACE_STYLE_USAGE ( .BOTH. , #3667 ) ;
#11202 = FACE_OUTER_BOUND ( 'NONE', #3644, .T. ) ;
#11203 = VERTEX_POINT ( 'NONE', #8530 ) ;
#11204 = DIRECTION ( 'NONE',  ( 1.000000000000000000, 0.000000000000000000, 0.000000000000000000 ) ) ;
#11205 = FILL_AREA_STYLE ('',( #10236 ) ) ;
#11206 = PRESENTATION_LAYER_ASSIGNMENT (  '', '', ( #6980 ) ) ;
#11207 = CARTESIAN_POINT ( 'NONE',  ( -1.070000000000052021, -5.000000000000000000, -0.2999999999999999889 ) ) ;
#11208 = VERTEX_POINT ( 'NONE', #10416 ) ;
#11209 = FILL_AREA_STYLE ('',( #5377 ) ) ;
#11210 = ADVANCED_FACE ( 'NONE', ( #11550 ), #5600, .F. ) ;
#11211 = VECTOR ( 'NONE', #9489, 1000.000000000000000 ) ;
#11212 = VECTOR ( 'NONE', #2602, 1000.000000000000000 ) ;
#11213 = LINE ( 'NONE', #1584, #5529 ) ;
#11214 =( NAMED_UNIT ( * ) SI_UNIT ( $, .STERADIAN. ) SOLID_ANGLE_UNIT ( ) );
#11215 = CARTESIAN_POINT ( 'NONE',  ( -4.250000000000000000, 2.140000000000000124, -0.1000000000000000056 ) ) ;
#11216 = DIRECTION ( 'NONE',  ( 0.000000000000000000, 0.000000000000000000, 1.000000000000000000 ) ) ;
#11217 = DIRECTION ( 'NONE',  ( 0.000000000000000000, 0.000000000000000000, 1.000000000000000000 ) ) ;
#11218 = CARTESIAN_POINT ( 'NONE',  ( 2.140000000000000124, 4.750000000000000000, 1.000000000000000000 ) ) ;
#11219 = FILL_AREA_STYLE ('',( #8169 ) ) ;
#11220 = DIRECTION ( 'NONE',  ( 0.000000000000000000, 0.000000000000000000, 1.000000000000000000 ) ) ;
#11221 =( LENGTH_UNIT ( ) NAMED_UNIT ( * ) SI_UNIT ( .MILLI., .METRE. ) );
#11222 = AXIS2_PLACEMENT_3D ( 'NONE', #11881, #7073, #10006 ) ;
#11223 = CARTESIAN_POINT ( 'NONE',  ( -5.009999999999999787, -0.2000000000000000111, -0.1000000000000000056 ) ) ;
#11224 = ORIENTED_EDGE ( 'NONE', *, *, #9174, .F. ) ;
#11225 = AXIS2_PLACEMENT_3D ( 'NONE', #9157, #540, #4412 ) ;
#11226 = EDGE_LOOP ( 'NONE', ( #4962, #10192, #3531, #9221, #4925, #4892, #3333, #10895 ) ) ;
#11227 = ORIENTED_EDGE ( 'NONE', *, *, #10462, .F. ) ;
#11228 = ORIENTED_EDGE ( 'NONE', *, *, #7406, .F. ) ;
#11229 = EDGE_CURVE ( 'NONE', #8624, #8677, #6663, .T. ) ;
#11230 = VECTOR ( 'NONE', #1112, 1000.000000000000000 ) ;
#11231 = DIRECTION ( 'NONE',  ( 0.000000000000000000, 0.000000000000000000, 1.000000000000000000 ) ) ;
#11232 = UNCERTAINTY_MEASURE_WITH_UNIT (LENGTH_MEASURE( 1.000000000000000082E-05 ), #4948, 'distance_accuracy_value', 'NONE');
#11233 =( LENGTH_UNIT ( ) NAMED_UNIT ( * ) SI_UNIT ( .MILLI., .METRE. ) );
#11234 = CARTESIAN_POINT ( 'NONE',  ( 4.250000000000000000, -0.4000000000000000222, -0.1000000000000000056 ) ) ;
#11235 = DIRECTION ( 'NONE',  ( 0.000000000000000000, -1.000000000000000000, 0.000000000000000000 ) ) ;
#11236 = CARTESIAN_POINT ( 'NONE',  ( -2.140000000000000124, 5.009999999999999787, 1.100000000000000089 ) ) ;
#11237 = DIRECTION ( 'NONE',  ( 0.000000000000000000, 1.000000000000000000, 0.000000000000000000 ) ) ;
#11238 = ORIENTED_EDGE ( 'NONE', *, *, #4187, .T. ) ;
#11239 = VECTOR ( 'NONE', #563, 1000.000000000000000 ) ;
#11240 = ORIENTED_EDGE ( 'NONE', *, *, #2041, .F. ) ;
#11241 = ORIENTED_EDGE ( 'NONE', *, *, #3896, .T. ) ;
#11242 = PLANE ( 'NONE',  #9111 ) ;
#11243 = EDGE_CURVE ( 'NONE', #1521, #337, #5785, .T. ) ;
#11244 = DIRECTION ( 'NONE',  ( -1.734723475976804876E-16, 1.000000000000000000, 0.000000000000000000 ) ) ;
#11245 = DIRECTION ( 'NONE',  ( 1.000000000000000000, -3.491481338843135327E-15, 0.000000000000000000 ) ) ;
#11246 = EDGE_CURVE ( 'NONE', #7457, #6959, #2958, .T. ) ;
#11247 = SURFACE_SIDE_STYLE ('',( #8330 ) ) ;
#11248 = AXIS2_PLACEMENT_3D ( 'NONE', #4224, #8894, #5214 ) ;
#11249 = LINE ( 'NONE', #9467, #6367 ) ;
#11250 = LINE ( 'NONE', #736, #235 ) ;
#11251 = ORIENTED_EDGE ( 'NONE', *, *, #2438, .F. ) ;
#11252 = CARTESIAN_POINT ( 'NONE',  ( -5.009999999999999787, -0.2000000000000000111, -0.1000000000000000056 ) ) ;
#11253 = DIRECTION ( 'NONE',  ( -1.734723475976804876E-16, 1.000000000000000000, 0.000000000000000000 ) ) ;
#11254 = ORIENTED_EDGE ( 'NONE', *, *, #4003, .T. ) ;
#11255 = ORIENTED_EDGE ( 'NONE', *, *, #6936, .F. ) ;
#11256 = ADVANCED_FACE ( 'NONE', ( #12279 ), #3969, .F. ) ;
#11257 = EDGE_CURVE ( 'NONE', #1290, #10843, #11609, .T. ) ;
#11258 = VECTOR ( 'NONE', #3641, 1000.000000000000000 ) ;
#11259 = PLANE ( 'NONE',  #1787 ) ;
#11260 =( LENGTH_UNIT ( ) NAMED_UNIT ( * ) SI_UNIT ( .MILLI., .METRE. ) );
#11261 = DIRECTION ( 'NONE',  ( -3.318008991245455407E-15, -1.000000000000000000, 0.000000000000000000 ) ) ;
#11262 = DIRECTION ( 'NONE',  ( -1.000000000000000000, 0.000000000000000000, 0.000000000000000000 ) ) ;
#11263 = LINE ( 'NONE', #928, #875 ) ;
#11264 = CARTESIAN_POINT ( 'NONE',  ( -4.750000000000000000, 0.4000000000000000222, 1.100000000000000089 ) ) ;
#11265 = FILL_AREA_STYLE_COLOUR ( '', #3239 ) ;
#11266 = VERTEX_POINT ( 'NONE', #2294 ) ;
#11267 = CARTESIAN_POINT ( 'NONE',  ( 2.939999999999950209, -5.000000000000000000, 0.000000000000000000 ) ) ;
#11268 = DIRECTION ( 'NONE',  ( 3.491481338843135327E-15, 1.000000000000000000, 0.000000000000000000 ) ) ;
#11269 = ADVANCED_FACE ( 'NONE', ( #3219 ), #4216, .F. ) ;
#11270 = VERTEX_POINT ( 'NONE', #3021 ) ;
#11271 = FILL_AREA_STYLE_COLOUR ( '', #8164 ) ;
#11272 = FACE_OUTER_BOUND ( 'NONE', #11537, .T. ) ;
#11273 = DIRECTION ( 'NONE',  ( -1.000000000000000000, 2.891205793294680298E-16, 0.000000000000000000 ) ) ;
#11274 = UNCERTAINTY_MEASURE_WITH_UNIT (LENGTH_MEASURE( 1.000000000000000082E-05 ), #5501, 'distance_accuracy_value', 'NONE');
#11275 = LINE ( 'NONE', #5628, #10038 ) ;
#11276 = COLOUR_RGB ( '',1.000000000000000000, 0.8117647058823529438, 0.5019607843137254832 ) ;
#11277 = DIRECTION ( 'NONE',  ( 0.000000000000000000, 0.000000000000000000, 1.000000000000000000 ) ) ;
#11278 = DIRECTION ( 'NONE',  ( -3.318008991245455407E-15, -1.000000000000000000, 0.000000000000000000 ) ) ;
#11279 = DIRECTION ( 'NONE',  ( 3.491481338843135327E-15, 1.000000000000000000, 0.000000000000000000 ) ) ;
#11280 = CARTESIAN_POINT ( 'NONE',  ( -1.670000000000045226, -4.250000000000000000, 0.000000000000000000 ) ) ;
#11281 = FILL_AREA_STYLE ('',( #12338 ) ) ;
#11282 = PLANE ( 'NONE',  #10333 ) ;
#11283 = ORIENTED_EDGE ( 'NONE', *, *, #9673, .F. ) ;
#11284 = VERTEX_POINT ( 'NONE', #8829 ) ;
#11285 = ORIENTED_EDGE ( 'NONE', *, *, #6313, .F. ) ;
#11286 = VECTOR ( 'NONE', #1854, 1000.000000000000000 ) ;
#11287 = CARTESIAN_POINT ( 'NONE',  ( -0.8699999999999830091, 5.009999999999999787, -0.1000000000000000056 ) ) ;
#11288 = FILL_AREA_STYLE_COLOUR ( '', #10308 ) ;
#11289 = SURFACE_STYLE_USAGE ( .BOTH. , #715 ) ;
#11290 = CARTESIAN_POINT ( 'NONE',  ( -2.340000000000050040, -5.009999999999999787, 1.100000000000000089 ) ) ;
#11291 = SURFACE_SIDE_STYLE ('',( #12331 ) ) ;
#11292 = EDGE_CURVE ( 'NONE', #1836, #12378, #5905, .T. ) ;
#11293 = ORIENTED_EDGE ( 'NONE', *, *, #5440, .F. ) ;
#11294 = ORIENTED_EDGE ( 'NONE', *, *, #1866, .F. ) ;
#11295 = ORIENTED_EDGE ( 'NONE', *, *, #9977, .T. ) ;
#11296 = CARTESIAN_POINT ( 'NONE',  ( -0.3999999999999835354, 5.009999999999999787, 1.100000000000000089 ) ) ;
#11297 =( LENGTH_UNIT ( ) NAMED_UNIT ( * ) SI_UNIT ( .MILLI., .METRE. ) );
#11298 = CARTESIAN_POINT ( 'NONE',  ( -4.250000000000000000, -2.939999999999999947, 0.000000000000000000 ) ) ;
#11299 = DIRECTION ( 'NONE',  ( 0.000000000000000000, 0.000000000000000000, 1.000000000000000000 ) ) ;
#11300 =( NAMED_UNIT ( * ) PLANE_ANGLE_UNIT ( ) SI_UNIT ( $, .RADIAN. ) );
#11301 = VECTOR ( 'NONE', #11112, 1000.000000000000000 ) ;
#11302 = DIRECTION ( 'NONE',  ( -3.491481338843135327E-15, -1.000000000000000000, 0.000000000000000000 ) ) ;
#11303 = DIRECTION ( 'NONE',  ( 0.000000000000000000, -1.000000000000000000, 0.000000000000000000 ) ) ;
#11304 = ORIENTED_EDGE ( 'NONE', *, *, #6172, .T. ) ;
#11305 = EDGE_CURVE ( 'NONE', #10456, #2807, #3144, .T. ) ;
#11306 = FACE_OUTER_BOUND ( 'NONE', #6875, .T. ) ;
#11307 = FILL_AREA_STYLE ('',( #11379 ) ) ;
#11308 = DIRECTION ( 'NONE',  ( 0.000000000000000000, 0.000000000000000000, 1.000000000000000000 ) ) ;
#11309 = VERTEX_POINT ( 'NONE', #6961 ) ;
#11310 = ORIENTED_EDGE ( 'NONE', *, *, #86, .T. ) ;
#11311 = LINE ( 'NONE', #10352, #3775 ) ;
#11312 = VECTOR ( 'NONE', #1181, 1000.000000000000000 ) ;
#11313 =( NAMED_UNIT ( * ) PLANE_ANGLE_UNIT ( ) SI_UNIT ( $, .RADIAN. ) );
#11314 = DIRECTION ( 'NONE',  ( 0.000000000000000000, 0.000000000000000000, 1.000000000000000000 ) ) ;
#11315 = AXIS2_PLACEMENT_3D ( 'NONE', #6922, #9917, #1369 ) ;
#11316 = STYLED_ITEM ( 'NONE', ( #9868 ), #3079 ) ;
#11317 = FILL_AREA_STYLE_COLOUR ( '', #2743 ) ;
#11318 =( NAMED_UNIT ( * ) SI_UNIT ( $, .STERADIAN. ) SOLID_ANGLE_UNIT ( ) );
#11319 = DIRECTION ( 'NONE',  ( 0.000000000000000000, 0.000000000000000000, 1.000000000000000000 ) ) ;
#11320 = EDGE_CURVE ( 'NONE', #9783, #284, #7024, .T. ) ;
#11321 = MECHANICAL_DESIGN_GEOMETRIC_PRESENTATION_REPRESENTATION (  '', ( #12105 ), #7483 ) ;
#11322 =( NAMED_UNIT ( * ) SI_UNIT ( $, .STERADIAN. ) SOLID_ANGLE_UNIT ( ) );
#11323 = DIRECTION ( 'NONE',  ( 0.000000000000000000, 0.000000000000000000, 1.000000000000000000 ) ) ;
#11324 = ORIENTED_EDGE ( 'NONE', *, *, #4808, .T. ) ;
#11325 = UNCERTAINTY_MEASURE_WITH_UNIT (LENGTH_MEASURE( 1.000000000000000082E-05 ), #3272, 'distance_accuracy_value', 'NONE');
#11326 = VECTOR ( 'NONE', #7628, 1000.000000000000000 ) ;
#11327 = FILL_AREA_STYLE ('',( #11271 ) ) ;
#11328 = AXIS2_PLACEMENT_3D ( 'NONE', #3715, #11438, #4781 ) ;
#11329 = VECTOR ( 'NONE', #10372, 1000.000000000000000 ) ;
#11330 = DIRECTION ( 'NONE',  ( 1.000000000000000000, -2.891205793294680298E-16, 0.000000000000000000 ) ) ;
#11331 = CARTESIAN_POINT ( 'NONE',  ( 4.250000000000000000, -1.670000000000000151, 0.000000000000000000 ) ) ;
#11332 = CARTESIAN_POINT ( 'NONE',  ( -4.750000000000000000, -1.670000000000000151, 1.100000000000000089 ) ) ;
#11333 = CARTESIAN_POINT ( 'NONE',  ( -0.8699999999999830091, 5.009999999999999787, 1.100000000000000089 ) ) ;
#11334 = CARTESIAN_POINT ( 'NONE',  ( 5.009999999999999787, -1.270000000000000018, 0.000000000000000000 ) ) ;
#11335 = EDGE_CURVE ( 'NONE', #11712, #1483, #2228, .T. ) ;
#11336 = AXIS2_PLACEMENT_3D ( 'NONE', #9951, #5896, #8945 ) ;
#11337 = EDGE_CURVE ( 'NONE', #9140, #1731, #10648, .T. ) ;
#11338 =( GEOMETRIC_REPRESENTATION_CONTEXT ( 3 ) GLOBAL_UNCERTAINTY_ASSIGNED_CONTEXT ( ( #9233 ) ) GLOBAL_UNIT_ASSIGNED_CONTEXT ( ( #12359, #3666, #5614 ) ) REPRESENTATION_CONTEXT ( 'NONE', 'WORKASPACE' ) );
#11339 = VECTOR ( 'NONE', #3100, 1000.000000000000000 ) ;
#11340 = PRESENTATION_LAYER_ASSIGNMENT (  '', '', ( #11717 ) ) ;
#11341 = VECTOR ( 'NONE', #7326, 1000.000000000000000 ) ;
#11342 = ORIENTED_EDGE ( 'NONE', *, *, #7353, .F. ) ;
#11343 = ORIENTED_EDGE ( 'NONE', *, *, #8069, .T. ) ;
#11344 = ORIENTED_EDGE ( 'NONE', *, *, #10684, .F. ) ;
#11345 = CARTESIAN_POINT ( 'NONE',  ( -4.250000000000000000, 4.250000000000000000, 1.000000000000000000 ) ) ;
#11346 = PRESENTATION_LAYER_ASSIGNMENT (  '', '', ( #8914 ) ) ;
#11347 = UNCERTAINTY_MEASURE_WITH_UNIT (LENGTH_MEASURE( 1.000000000000000082E-05 ), #11164, 'distance_accuracy_value', 'NONE');
#11348 =( LENGTH_UNIT ( ) NAMED_UNIT ( * ) SI_UNIT ( .MILLI., .METRE. ) );
#11349 = MECHANICAL_DESIGN_GEOMETRIC_PRESENTATION_REPRESENTATION (  '', ( #2112 ), #1697 ) ;
#11350 = CARTESIAN_POINT ( 'NONE',  ( 5.009999999999999787, 2.140000000000000124, -0.1000000000000000056 ) ) ;
#11351 = VECTOR ( 'NONE', #2769, 1000.000000000000000 ) ;
#11352 = VECTOR ( 'NONE', #3467, 1000.000000000000000 ) ;
#11353 =( NAMED_UNIT ( * ) PLANE_ANGLE_UNIT ( ) SI_UNIT ( $, .RADIAN. ) );
#11354 =( NAMED_UNIT ( * ) PLANE_ANGLE_UNIT ( ) SI_UNIT ( $, .RADIAN. ) );
#11355 = CARTESIAN_POINT ( 'NONE',  ( -5.009999999999999787, 2.739999999999999769, -0.1000000000000000056 ) ) ;
#11356 = EDGE_CURVE ( 'NONE', #2054, #3984, #5208, .T. ) ;
#11357 = LINE ( 'NONE', #7671, #479 ) ;
#11358 = CARTESIAN_POINT ( 'NONE',  ( -5.000000000000000000, -1.270000000000000018, -0.1000000000000000056 ) ) ;
#11359 = PRESENTATION_LAYER_ASSIGNMENT (  '', '', ( #6941 ) ) ;
#11360 = ORIENTED_EDGE ( 'NONE', *, *, #1946, .T. ) ;
#11361 = VECTOR ( 'NONE', #7072, 1000.000000000000000 ) ;
#11362 = AXIS2_PLACEMENT_3D ( 'NONE', #9447, #11459, #824 ) ;
#11363 = ORIENTED_EDGE ( 'NONE', *, *, #9564, .F. ) ;
#11364 = ORIENTED_EDGE ( 'NONE', *, *, #221, .F. ) ;
#11365 = CARTESIAN_POINT ( 'NONE',  ( -2.940000000000049685, -5.009999999999999787, 1.100000000000000089 ) ) ;
#11366 = ADVANCED_FACE ( 'NONE', ( #4339 ), #10978, .F. ) ;
#11367 = SURFACE_STYLE_FILL_AREA ( #6776 ) ;
#11368 = FILL_AREA_STYLE ('',( #7407 ) ) ;
#11369 = FILL_AREA_STYLE ('',( #2692 ) ) ;
#11370 = AXIS2_PLACEMENT_3D ( 'NONE', #5675, #9481, #11323 ) ;
#11371 = CARTESIAN_POINT ( 'NONE',  ( 1.069999999999949880, -5.009999999999999787, -0.1000000000000000056 ) ) ;
#11372 = FILL_AREA_STYLE_COLOUR ( '', #3182 ) ;
#11373 = VECTOR ( 'NONE', #3229, 1000.000000000000000 ) ;
#11374 = FILL_AREA_STYLE_COLOUR ( '', #9644 ) ;
#11375 = FACE_OUTER_BOUND ( 'NONE', #321, .T. ) ;
#11376 = FILL_AREA_STYLE ('',( #10275 ) ) ;
#11377 = VERTEX_POINT ( 'NONE', #2482 ) ;
#11378 =( GEOMETRIC_REPRESENTATION_CONTEXT ( 3 ) GLOBAL_UNCERTAINTY_ASSIGNED_CONTEXT ( ( #7090 ) ) GLOBAL_UNIT_ASSIGNED_CONTEXT ( ( #9861, #5121, #4878 ) ) REPRESENTATION_CONTEXT ( 'NONE', 'WORKASPACE' ) );
#11379 = FILL_AREA_STYLE_COLOUR ( '', #1066 ) ;
#11380 = EDGE_LOOP ( 'NONE', ( #9171, #9282, #10566, #6079 ) ) ;
#11381 = ORIENTED_EDGE ( 'NONE', *, *, #1083, .F. ) ;
#11382 = PLANE ( 'NONE',  #11190 ) ;
#11383 = EDGE_CURVE ( 'NONE', #5756, #1179, #7149, .T. ) ;
#11384 = PRESENTATION_STYLE_ASSIGNMENT (( #7692 ) ) ;
#11385 = MECHANICAL_DESIGN_GEOMETRIC_PRESENTATION_REPRESENTATION (  '', ( #2538 ), #4375 ) ;
#11386 = SURFACE_SIDE_STYLE ('',( #9427 ) ) ;
#11387 = DIRECTION ( 'NONE',  ( 0.000000000000000000, 0.000000000000000000, 1.000000000000000000 ) ) ;
#11388 = LINE ( 'NONE', #5672, #11410 ) ;
#11389 = FACE_OUTER_BOUND ( 'NONE', #3315, .T. ) ;
#11390 = LINE ( 'NONE', #10481, #2802 ) ;
#11391 = PLANE ( 'NONE',  #11166 ) ;
#11392 = EDGE_LOOP ( 'NONE', ( #10139, #4087, #10606, #11002 ) ) ;
#11393 =( GEOMETRIC_REPRESENTATION_CONTEXT ( 3 ) GLOBAL_UNCERTAINTY_ASSIGNED_CONTEXT ( ( #11478 ) ) GLOBAL_UNIT_ASSIGNED_CONTEXT ( ( #1186, #3664, #561 ) ) REPRESENTATION_CONTEXT ( 'NONE', 'WORKASPACE' ) );
#11394 = PRESENTATION_LAYER_ASSIGNMENT (  '', '', ( #5176 ) ) ;
#11395 = DIRECTION ( 'NONE',  ( 0.000000000000000000, 0.000000000000000000, 1.000000000000000000 ) ) ;
#11396 = COLOUR_RGB ( '',1.000000000000000000, 0.8117647058823529438, 0.5019607843137254832 ) ;
#11397 = LINE ( 'NONE', #2792, #1358 ) ;
#11398 = EDGE_CURVE ( 'NONE', #11208, #6637, #6399, .T. ) ;
#11399 = STYLED_ITEM ( 'NONE', ( #4429 ), #7807 ) ;
#11400 = DIRECTION ( 'NONE',  ( 1.000000000000000000, -3.491481338843135327E-15, 0.000000000000000000 ) ) ;
#11401 = STYLED_ITEM ( 'NONE', ( #7614 ), #1396 ) ;
#11402 = DIRECTION ( 'NONE',  ( 4.336808689942025625E-15, 1.000000000000000000, 0.000000000000000000 ) ) ;
#11403 = DIRECTION ( 'NONE',  ( 0.000000000000000000, -1.000000000000000000, 0.000000000000000000 ) ) ;
#11404 = CARTESIAN_POINT ( 'NONE',  ( -5.009999999999999787, -2.339999999999999858, 1.100000000000000089 ) ) ;
#11405 = FILL_AREA_STYLE ('',( #6685 ) ) ;
#11406 = LINE ( 'NONE', #8752, #6551 ) ;
#11407 = CARTESIAN_POINT ( 'NONE',  ( 5.000000000000000000, -1.270000000000000018, -0.1000000000000000056 ) ) ;
#11408 = CARTESIAN_POINT ( 'NONE',  ( -5.000000000000000000, 5.000000000000000000, 1.000000000000000000 ) ) ;
#11409 = ORIENTED_EDGE ( 'NONE', *, *, #4326, .F. ) ;
#11410 = VECTOR ( 'NONE', #866, 1000.000000000000000 ) ;
#11411 = ORIENTED_EDGE ( 'NONE', *, *, #3438, .T. ) ;
#11412 = DIRECTION ( 'NONE',  ( 1.000000000000000000, 0.000000000000000000, 0.000000000000000000 ) ) ;
#11413 = VERTEX_POINT ( 'NONE', #1466 ) ;
#11414 = PRESENTATION_LAYER_ASSIGNMENT (  '', '', ( #4593 ) ) ;
#11415 = VERTEX_POINT ( 'NONE', #1402 ) ;
#11416 = PRESENTATION_STYLE_ASSIGNMENT (( #4690 ) ) ;
#11417 = ADVANCED_FACE ( 'NONE', ( #8191 ), #4459, .T. ) ;
#11418 = EDGE_CURVE ( 'NONE', #4246, #1560, #4313, .T. ) ;
#11419 = FILL_AREA_STYLE_COLOUR ( '', #4515 ) ;
#11420 = PLANE ( 'NONE',  #5983 ) ;
#11421 = STYLED_ITEM ( 'NONE', ( #11152 ), #8248 ) ;
#11422 = SURFACE_STYLE_FILL_AREA ( #1660 ) ;
#11423 = CARTESIAN_POINT ( 'NONE',  ( -5.000000000000000000, 1.670000000000000151, 0.000000000000000000 ) ) ;
#11424 = DIRECTION ( 'NONE',  ( 0.000000000000000000, 0.000000000000000000, -1.000000000000000000 ) ) ;
#11425 = ORIENTED_EDGE ( 'NONE', *, *, #7824, .T. ) ;
#11426 = ORIENTED_EDGE ( 'NONE', *, *, #11543, .T. ) ;
#11427 = VECTOR ( 'NONE', #1818, 1000.000000000000000 ) ;
#11428 = ORIENTED_EDGE ( 'NONE', *, *, #10946, .F. ) ;
#11429 = AXIS2_PLACEMENT_3D ( 'NONE', #10024, #1409, #6281 ) ;
#11430 = COLOUR_RGB ( '',1.000000000000000000, 0.8117647058823529438, 0.5019607843137254832 ) ;
#11431 = EDGE_CURVE ( 'NONE', #12395, #2275, #2159, .T. ) ;
#11432 = APPLICATION_CONTEXT ( 'automotive_design' ) ;
#11433 = CARTESIAN_POINT ( 'NONE',  ( -2.140000000000049862, -5.000000000000000000, -0.1000000000000000056 ) ) ;
#11434 = PRESENTATION_LAYER_ASSIGNMENT (  '', '', ( #11809 ) ) ;
#11435 = SURFACE_SIDE_STYLE ('',( #2887 ) ) ;
#11436 = ORIENTED_EDGE ( 'NONE', *, *, #370, .F. ) ;
#11437 = COLOUR_RGB ( '',1.000000000000000000, 0.8117647058823529438, 0.5019607843137254832 ) ;
#11438 = DIRECTION ( 'NONE',  ( 0.000000000000000000, 0.000000000000000000, 1.000000000000000000 ) ) ;
#11439 = ORIENTED_EDGE ( 'NONE', *, *, #2978, .F. ) ;
#11440 = SURFACE_SIDE_STYLE ('',( #4719 ) ) ;
#11441 = VECTOR ( 'NONE', #7056, 1000.000000000000000 ) ;
#11442 = DIRECTION ( 'NONE',  ( 0.000000000000000000, 0.000000000000000000, 1.000000000000000000 ) ) ;
#11443 =( NAMED_UNIT ( * ) PLANE_ANGLE_UNIT ( ) SI_UNIT ( $, .RADIAN. ) );
#11444 = PLANE ( 'NONE',  #762 ) ;
#11445 = SURFACE_SIDE_STYLE ('',( #7590 ) ) ;
#11446 = DIRECTION ( 'NONE',  ( 0.000000000000000000, 1.000000000000000000, 0.000000000000000000 ) ) ;
#11447 = LINE ( 'NONE', #10232, #9543 ) ;
#11448 = ORIENTED_EDGE ( 'NONE', *, *, #11165, .F. ) ;
#11449 = EDGE_CURVE ( 'NONE', #3147, #5351, #10955, .T. ) ;
#11450 = SURFACE_SIDE_STYLE ('',( #10486 ) ) ;
#11451 = UNCERTAINTY_MEASURE_WITH_UNIT (LENGTH_MEASURE( 1.000000000000000082E-05 ), #4255, 'distance_accuracy_value', 'NONE');
#11452 = STYLED_ITEM ( 'NONE', ( #7492 ), #9086 ) ;
#11453 = DIRECTION ( 'NONE',  ( 0.000000000000000000, 0.000000000000000000, -1.000000000000000000 ) ) ;
#11454 = DIRECTION ( 'NONE',  ( 1.000000000000000000, 0.000000000000000000, 0.000000000000000000 ) ) ;
#11455 = DIRECTION ( 'NONE',  ( 1.000000000000000000, 0.000000000000000000, 0.000000000000000000 ) ) ;
#11456 = DIRECTION ( 'NONE',  ( 0.000000000000000000, 0.000000000000000000, 1.000000000000000000 ) ) ;
#11457 = LINE ( 'NONE', #1884, #2498 ) ;
#11458 = DIRECTION ( 'NONE',  ( 0.000000000000000000, 1.000000000000000000, 0.000000000000000000 ) ) ;
#11459 = DIRECTION ( 'NONE',  ( 0.000000000000000000, 0.000000000000000000, 1.000000000000000000 ) ) ;
#11460 = CARTESIAN_POINT ( 'NONE',  ( -2.340000000000050040, -5.009999999999999787, -0.1000000000000000056 ) ) ;
#11461 = CARTESIAN_POINT ( 'NONE',  ( -5.000000000000000000, 1.670000000000000151, -0.1000000000000000056 ) ) ;
#11462 = LINE ( 'NONE', #6750, #7913 ) ;
#11463 = VECTOR ( 'NONE', #588, 1000.000000000000000 ) ;
#11464 = EDGE_CURVE ( 'NONE', #3630, #11986, #7909, .T. ) ;
#11465 = DIRECTION ( 'NONE',  ( -1.000000000000000000, 1.047444401652940164E-14, 0.000000000000000000 ) ) ;
#11466 = ORIENTED_EDGE ( 'NONE', *, *, #3924, .F. ) ;
#11467 = EDGE_CURVE ( 'NONE', #11183, #8047, #6884, .T. ) ;
#11468 = EDGE_LOOP ( 'NONE', ( #7258, #6504, #8437, #10021, #12084, #9280, #9151, #12265 ) ) ;
#11469 = LINE ( 'NONE', #2865, #7344 ) ;
#11470 = ORIENTED_EDGE ( 'NONE', *, *, #4660, .F. ) ;
#11471 = LINE ( 'NONE', #12324, #11199 ) ;
#11472 = UNCERTAINTY_MEASURE_WITH_UNIT (LENGTH_MEASURE( 1.000000000000000082E-05 ), #4256, 'distance_accuracy_value', 'NONE');
#11473 = COLOUR_RGB ( '',1.000000000000000000, 0.8117647058823529438, 0.5019607843137254832 ) ;
#11474 = FILL_AREA_STYLE_COLOUR ( '', #4391 ) ;
#11475 = PLANE ( 'NONE',  #6994 ) ;
#11476 = PRESENTATION_STYLE_ASSIGNMENT (( #8452 ) ) ;
#11477 = DIRECTION ( 'NONE',  ( -1.000000000000000000, 0.000000000000000000, 0.000000000000000000 ) ) ;
#11478 = UNCERTAINTY_MEASURE_WITH_UNIT (LENGTH_MEASURE( 1.000000000000000082E-05 ), #1186, 'distance_accuracy_value', 'NONE');
#11479 = CARTESIAN_POINT ( 'NONE',  ( 4.250000000000000000, -1.670000000000000151, -0.1000000000000000056 ) ) ;
#11480 = DIRECTION ( 'NONE',  ( 1.000000000000000000, -2.891205793294680298E-16, 0.000000000000000000 ) ) ;
#11481 = EDGE_CURVE ( 'NONE', #1581, #8579, #5949, .T. ) ;
#11482 =( GEOMETRIC_REPRESENTATION_CONTEXT ( 3 ) GLOBAL_UNCERTAINTY_ASSIGNED_CONTEXT ( ( #1561 ) ) GLOBAL_UNIT_ASSIGNED_CONTEXT ( ( #4041, #4097, #220 ) ) REPRESENTATION_CONTEXT ( 'NONE', 'WORKASPACE' ) );
#11483 = EDGE_LOOP ( 'NONE', ( #8510, #3971, #11156, #12079 ) ) ;
#11484 = ORIENTED_EDGE ( 'NONE', *, *, #6768, .T. ) ;
#11485 = ORIENTED_EDGE ( 'NONE', *, *, #5168, .T. ) ;
#11486 = ORIENTED_EDGE ( 'NONE', *, *, #1120, .F. ) ;
#11487 = SURFACE_STYLE_USAGE ( .BOTH. , #5429 ) ;
#11488 = FILL_AREA_STYLE ('',( #6657 ) ) ;
#11489 = LINE ( 'NONE', #10645, #9246 ) ;
#11490 = ADVANCED_FACE ( 'NONE', ( #9814 ), #2342, .F. ) ;
#11491 = ADVANCED_FACE ( 'NONE', ( #6945 ), #7129, .F. ) ;
#11492 = CARTESIAN_POINT ( 'NONE',  ( -0.3999999999999860334, 4.250000000000000000, -0.1000000000000000056 ) ) ;
#11493 = ORIENTED_EDGE ( 'NONE', *, *, #10463, .T. ) ;
#11494 = ORIENTED_EDGE ( 'NONE', *, *, #3180, .F. ) ;
#11495 = DIRECTION ( 'NONE',  ( -1.000000000000000000, 0.000000000000000000, 0.000000000000000000 ) ) ;
#11496 = DIRECTION ( 'NONE',  ( -0.000000000000000000, 1.000000000000000000, 0.000000000000000000 ) ) ;
#11497 = DIRECTION ( 'NONE',  ( 0.000000000000000000, 0.000000000000000000, -1.000000000000000000 ) ) ;
#11498 = DIRECTION ( 'NONE',  ( 0.000000000000000000, 0.000000000000000000, -1.000000000000000000 ) ) ;
#11499 = PRESENTATION_STYLE_ASSIGNMENT (( #4728 ) ) ;
#11500 =( NAMED_UNIT ( * ) PLANE_ANGLE_UNIT ( ) SI_UNIT ( $, .RADIAN. ) );
#11501 = LINE ( 'NONE', #6859, #679 ) ;
#11502 = ORIENTED_EDGE ( 'NONE', *, *, #1063, .T. ) ;
#11503 = DIRECTION ( 'NONE',  ( 1.734723475976804876E-16, -1.000000000000000000, 0.000000000000000000 ) ) ;
#11504 = DIRECTION ( 'NONE',  ( 0.000000000000000000, 0.000000000000000000, 1.000000000000000000 ) ) ;
#11505 = DIRECTION ( 'NONE',  ( -1.000000000000000000, 2.891205793294680298E-16, 0.000000000000000000 ) ) ;
#11506 = AXIS2_PLACEMENT_3D ( 'NONE', #4501, #6195, #9942 ) ;
#11507 = LINE ( 'NONE', #2916, #7949 ) ;
#11508 = CARTESIAN_POINT ( 'NONE',  ( -5.009999999999999787, 1.469999999999999973, -0.1000000000000000056 ) ) ;
#11509 = EDGE_CURVE ( 'NONE', #6788, #4234, #5450, .T. ) ;
#11510 =( LENGTH_UNIT ( ) NAMED_UNIT ( * ) SI_UNIT ( .MILLI., .METRE. ) );
#11511 = VECTOR ( 'NONE', #8288, 1000.000000000000000 ) ;
#11512 = PLANE ( 'NONE',  #8709 ) ;
#11513 =( LENGTH_UNIT ( ) NAMED_UNIT ( * ) SI_UNIT ( .MILLI., .METRE. ) );
#11514 = CARTESIAN_POINT ( 'NONE',  ( -1.470000000000049933, -5.009999999999999787, -0.1000000000000000056 ) ) ;
#11515 = LINE ( 'NONE', #773, #5568 ) ;
#11516 = FACE_OUTER_BOUND ( 'NONE', #2500, .T. ) ;
#11517 = SURFACE_STYLE_USAGE ( .BOTH. , #5688 ) ;
#11518 =( GEOMETRIC_REPRESENTATION_CONTEXT ( 3 ) GLOBAL_UNCERTAINTY_ASSIGNED_CONTEXT ( ( #3255 ) ) GLOBAL_UNIT_ASSIGNED_CONTEXT ( ( #7106, #9799, #2141 ) ) REPRESENTATION_CONTEXT ( 'NONE', 'WORKASPACE' ) );
#11519 = ORIENTED_EDGE ( 'NONE', *, *, #10928, .F. ) ;
#11520 = MECHANICAL_DESIGN_GEOMETRIC_PRESENTATION_REPRESENTATION (  '', ( #10496 ), #3907 ) ;
#11521 = ORIENTED_EDGE ( 'NONE', *, *, #4464, .F. ) ;
#11522 = PRESENTATION_LAYER_ASSIGNMENT (  '', '', ( #4108 ) ) ;
#11523 = EDGE_LOOP ( 'NONE', ( #7267, #9654, #11283, #5026 ) ) ;
#11524 =( NAMED_UNIT ( * ) SI_UNIT ( $, .STERADIAN. ) SOLID_ANGLE_UNIT ( ) );
#11525 = LINE ( 'NONE', #2938, #9904 ) ;
#11526 = FILL_AREA_STYLE_COLOUR ( '', #3786 ) ;
#11527 = ADVANCED_FACE ( 'NONE', ( #5385 ), #3375, .F. ) ;
#11528 = DIRECTION ( 'NONE',  ( -1.000000000000000000, 1.047444401652940164E-14, 0.000000000000000000 ) ) ;
#11529 = AXIS2_PLACEMENT_3D ( 'NONE', #9407, #1991, #3840 ) ;
#11530 = FACE_OUTER_BOUND ( 'NONE', #11542, .T. ) ;
#11531 = VECTOR ( 'NONE', #9829, 1000.000000000000000 ) ;
#11532 =( GEOMETRIC_REPRESENTATION_CONTEXT ( 3 ) GLOBAL_UNCERTAINTY_ASSIGNED_CONTEXT ( ( #1873 ) ) GLOBAL_UNIT_ASSIGNED_CONTEXT ( ( #12305, #2603, #7541 ) ) REPRESENTATION_CONTEXT ( 'NONE', 'WORKASPACE' ) );
#11533 = STYLED_ITEM ( 'NONE', ( #8634 ), #8050 ) ;
#11534 = DIRECTION ( 'NONE',  ( -1.000000000000000000, -1.734723475976804876E-16, 0.000000000000000000 ) ) ;
#11535 = VERTEX_POINT ( 'NONE', #2532 ) ;
#11536 = ORIENTED_EDGE ( 'NONE', *, *, #11104, .F. ) ;
#11537 = EDGE_LOOP ( 'NONE', ( #7755, #9461, #8302, #1265, #339, #4000, #4964, #5982 ) ) ;
#11538 = VECTOR ( 'NONE', #6442, 1000.000000000000000 ) ;
#11539 = FILL_AREA_STYLE ('',( #4839 ) ) ;
#11540 =( GEOMETRIC_REPRESENTATION_CONTEXT ( 3 ) GLOBAL_UNCERTAINTY_ASSIGNED_CONTEXT ( ( #5919 ) ) GLOBAL_UNIT_ASSIGNED_CONTEXT ( ( #6813, #120, #6986 ) ) REPRESENTATION_CONTEXT ( 'NONE', 'WORKASPACE' ) );
#11541 = CIRCLE ( 'NONE', #9521, 0.1999999999999996503 ) ;
#11542 = EDGE_LOOP ( 'NONE', ( #5958, #3449, #1915, #6887 ) ) ;
#11543 = EDGE_CURVE ( 'NONE', #671, #3253, #1444, .T. ) ;
#11544 = CARTESIAN_POINT ( 'NONE',  ( -5.000000000000000000, 2.739999999999999769, 1.100000000000000089 ) ) ;
#11545 =( NAMED_UNIT ( * ) SI_UNIT ( $, .STERADIAN. ) SOLID_ANGLE_UNIT ( ) );
#11546 = LINE ( 'NONE', #6779, #2001 ) ;
#11547 = DIRECTION ( 'NONE',  ( -8.673617379884039170E-17, 1.000000000000000000, 0.000000000000000000 ) ) ;
#11548 = COLOUR_RGB ( '',1.000000000000000000, 0.8117647058823529438, 0.5019607843137254832 ) ;
#11549 = AXIS2_PLACEMENT_3D ( 'NONE', #642, #8617, #6633 ) ;
#11550 = FACE_OUTER_BOUND ( 'NONE', #5855, .T. ) ;
#11551 = ORIENTED_EDGE ( 'NONE', *, *, #3895, .F. ) ;
#11552 = ORIENTED_EDGE ( 'NONE', *, *, #4130, .T. ) ;
#11553 = EDGE_CURVE ( 'NONE', #9699, #5856, #5309, .T. ) ;
#11554 = STYLED_ITEM ( 'NONE', ( #1001 ), #6988 ) ;
#11555 = FILL_AREA_STYLE ('',( #2779 ) ) ;
#11556 = ADVANCED_FACE ( 'NONE', ( #698 ), #2610, .F. ) ;
#11557 = LINE ( 'NONE', #9425, #6512 ) ;
#11558 = CARTESIAN_POINT ( 'NONE',  ( -3.250000000000000000, 3.250000000000000000, 2.500000000000000000 ) ) ;
#11559 = FACE_OUTER_BOUND ( 'NONE', #1044, .T. ) ;
#11560 = AXIS2_PLACEMENT_3D ( 'NONE', #2933, #6755, #8680 ) ;
#11561 = DIRECTION ( 'NONE',  ( 1.030097166893172093E-14, 1.000000000000000000, 0.000000000000000000 ) ) ;
#11562 = LINE ( 'NONE', #5671, #9129 ) ;
#11563 = SURFACE_STYLE_FILL_AREA ( #8909 ) ;
#11564 = FILL_AREA_STYLE ('',( #7706 ) ) ;
#11565 = EDGE_LOOP ( 'NONE', ( #554, #974, #959, #11991 ) ) ;
#11566 = MECHANICAL_DESIGN_GEOMETRIC_PRESENTATION_REPRESENTATION (  '', ( #2954 ), #9355 ) ;
#11567 =( LENGTH_UNIT ( ) NAMED_UNIT ( * ) SI_UNIT ( .MILLI., .METRE. ) );
#11568 = UNCERTAINTY_MEASURE_WITH_UNIT (LENGTH_MEASURE( 1.000000000000000082E-05 ), #3469, 'distance_accuracy_value', 'NONE');
#11569 = VECTOR ( 'NONE', #3598, 1000.000000000000000 ) ;
#11570 = AXIS2_PLACEMENT_3D ( 'NONE', #2788, #7367, #10369 ) ;
#11571 = EDGE_CURVE ( 'NONE', #8943, #1404, #7253, .T. ) ;
#11572 = DIRECTION ( 'NONE',  ( 0.000000000000000000, 0.000000000000000000, 1.000000000000000000 ) ) ;
#11573 = CARTESIAN_POINT ( 'NONE',  ( 1.669999999999949969, -5.009999999999999787, 1.100000000000000089 ) ) ;
#11574 = CIRCLE ( 'NONE', #929, 0.1999999999999996503 ) ;
#11575 = SURFACE_STYLE_FILL_AREA ( #11676 ) ;
#11576 = DIRECTION ( 'NONE',  ( 1.000000000000000000, 0.000000000000000000, 0.000000000000000000 ) ) ;
#11577 = VECTOR ( 'NONE', #11980, 1000.000000000000000 ) ;
#11578 = CARTESIAN_POINT ( 'NONE',  ( -4.250000000000000000, -0.4000000000000000222, -0.1000000000000000056 ) ) ;
#11579 = COLOUR_RGB ( '',1.000000000000000000, 0.8117647058823529438, 0.5019607843137254832 ) ;
#11580 = FILL_AREA_STYLE_COLOUR ( '', #6806 ) ;
#11581 = EDGE_CURVE ( 'NONE', #8803, #8762, #9125, .T. ) ;
#11582 =( NAMED_UNIT ( * ) PLANE_ANGLE_UNIT ( ) SI_UNIT ( $, .RADIAN. ) );
#11583 = MECHANICAL_DESIGN_GEOMETRIC_PRESENTATION_REPRESENTATION (  '', ( #4173 ), #9372 ) ;
#11584 = EDGE_LOOP ( 'NONE', ( #11426, #4823, #11493, #647 ) ) ;
#11585 = EDGE_CURVE ( 'NONE', #11601, #7739, #8432, .T. ) ;
#11586 = LINE ( 'NONE', #1198, #4967 ) ;
#11587 = ORIENTED_EDGE ( 'NONE', *, *, #5725, .F. ) ;
#11588 = PLANE ( 'NONE',  #1349 ) ;
#11589 = STYLED_ITEM ( 'NONE', ( #9457 ), #1379 ) ;
#11590 =( GEOMETRIC_REPRESENTATION_CONTEXT ( 3 ) GLOBAL_UNCERTAINTY_ASSIGNED_CONTEXT ( ( #5887 ) ) GLOBAL_UNIT_ASSIGNED_CONTEXT ( ( #8893, #7216, #10022 ) ) REPRESENTATION_CONTEXT ( 'NONE', 'WORKASPACE' ) );
#11591 = UNCERTAINTY_MEASURE_WITH_UNIT (LENGTH_MEASURE( 1.000000000000000082E-05 ), #913, 'distance_accuracy_value', 'NONE');
#11592 =( NAMED_UNIT ( * ) SI_UNIT ( $, .STERADIAN. ) SOLID_ANGLE_UNIT ( ) );
#11593 = SURFACE_SIDE_STYLE ('',( #7004 ) ) ;
#11594 = CARTESIAN_POINT ( 'NONE',  ( 5.000000000000000000, -1.270000000000000018, -0.1000000000000000056 ) ) ;
#11595 = VECTOR ( 'NONE', #5624, 1000.000000000000000 ) ;
#11596 = ORIENTED_EDGE ( 'NONE', *, *, #10703, .T. ) ;
#11597 = ADVANCED_FACE ( 'NONE', ( #4743 ), #11512, .F. ) ;
#11598 = VERTEX_POINT ( 'NONE', #1828 ) ;
#11599 = ORIENTED_EDGE ( 'NONE', *, *, #3189, .F. ) ;
#11600 = CARTESIAN_POINT ( 'NONE',  ( 5.000000000000000000, -2.939999999999999947, 0.000000000000000000 ) ) ;
#11601 = VERTEX_POINT ( 'NONE', #1772 ) ;
#11602 = MECHANICAL_DESIGN_GEOMETRIC_PRESENTATION_REPRESENTATION (  '', ( #6605 ), #3805 ) ;
#11603 = CYLINDRICAL_SURFACE ( 'NONE', #3459, 0.1999999999999996503 ) ;
#11604 = DIRECTION ( 'NONE',  ( -1.000000000000000000, -1.734723475976804876E-16, 0.000000000000000000 ) ) ;
#11605 = VERTEX_POINT ( 'NONE', #10440 ) ;
#11606 = MECHANICAL_DESIGN_GEOMETRIC_PRESENTATION_REPRESENTATION (  '', ( #4610 ), #7772 ) ;
#11607 = STYLED_ITEM ( 'NONE', ( #7746 ), #6485 ) ;
#11608 = EDGE_CURVE ( 'NONE', #9783, #7098, #5746, .T. ) ;
#11609 = LINE ( 'NONE', #215, #680 ) ;
#11610 = LINE ( 'NONE', #2889, #1315 ) ;
#11611 = ORIENTED_EDGE ( 'NONE', *, *, #3844, .T. ) ;
#11612 = EDGE_LOOP ( 'NONE', ( #9827, #7662, #1642, #2314 ) ) ;
#11613 = DIRECTION ( 'NONE',  ( 1.000000000000000000, 0.000000000000000000, 0.000000000000000000 ) ) ;
#11614 = SURFACE_STYLE_USAGE ( .BOTH. , #3982 ) ;
#11615 = PRESENTATION_STYLE_ASSIGNMENT (( #1038 ) ) ;
#11616 =( NAMED_UNIT ( * ) PLANE_ANGLE_UNIT ( ) SI_UNIT ( $, .RADIAN. ) );
#11617 = AXIS2_PLACEMENT_3D ( 'NONE', #10798, #11503, #2908 ) ;
#11618 = CARTESIAN_POINT ( 'NONE',  ( 4.250000000000000000, 4.250000000000000000, 2.500000000000000000 ) ) ;
#11619 = VERTEX_POINT ( 'NONE', #11333 ) ;
#11620 = EDGE_CURVE ( 'NONE', #1381, #5541, #1057, .T. ) ;
#11622 = EDGE_CURVE ( 'NONE', #12321, #3719, #6568, .T. ) ;
#11621 = AXIS2_PLACEMENT_3D ( 'NONE', #4809, #6744, #6811 ) ;
#11623 = FILL_AREA_STYLE_COLOUR ( '', #2387 ) ;
#11624 = AXIS2_PLACEMENT_3D ( 'NONE', #8052, #11662, #3151 ) ;
#11625 = PRESENTATION_STYLE_ASSIGNMENT (( #8724 ) ) ;
#11626 = FACE_OUTER_BOUND ( 'NONE', #5638, .T. ) ;
#11627 = CARTESIAN_POINT ( 'NONE',  ( 4.750000000000000000, 1.670000000000000151, 1.100000000000000089 ) ) ;
#11628 = PRESENTATION_STYLE_ASSIGNMENT (( #3867 ) ) ;
#11629 = SURFACE_STYLE_FILL_AREA ( #7053 ) ;
#11630 = STYLED_ITEM ( 'NONE', ( #10970 ), #9062 ) ;
#11631 = DIRECTION ( 'NONE',  ( 1.030097166893172093E-14, 1.000000000000000000, 0.000000000000000000 ) ) ;
#11632 = CARTESIAN_POINT ( 'NONE',  ( 1.670000000000000151, 5.000000000000000000, 0.000000000000000000 ) ) ;
#11633 = DIRECTION ( 'NONE',  ( 0.000000000000000000, 0.000000000000000000, 1.000000000000000000 ) ) ;
#11634 =( NAMED_UNIT ( * ) SI_UNIT ( $, .STERADIAN. ) SOLID_ANGLE_UNIT ( ) );
#11635 = CARTESIAN_POINT ( 'NONE',  ( 4.750000000000000000, -0.8699999999999999956, 1.100000000000000089 ) ) ;
#11636 = VERTEX_POINT ( 'NONE', #5814 ) ;
#11637 = ADVANCED_FACE ( 'NONE', ( #822 ), #7549, .F. ) ;
#11638 = EDGE_CURVE ( 'NONE', #10304, #673, #3042, .T. ) ;
#11639 = VERTEX_POINT ( 'NONE', #7952 ) ;
#11640 = ORIENTED_EDGE ( 'NONE', *, *, #5881, .F. ) ;
#11641 = UNCERTAINTY_MEASURE_WITH_UNIT (LENGTH_MEASURE( 1.000000000000000082E-05 ), #5336, 'distance_accuracy_value', 'NONE');
#11642 = UNCERTAINTY_MEASURE_WITH_UNIT (LENGTH_MEASURE( 1.000000000000000082E-05 ), #2633, 'distance_accuracy_value', 'NONE');
#11643 = LINE ( 'NONE', #1207, #3701 ) ;
#11644 = LINE ( 'NONE', #6702, #7907 ) ;
#11645 = ORIENTED_EDGE ( 'NONE', *, *, #11356, .F. ) ;
#11646 = ORIENTED_EDGE ( 'NONE', *, *, #12302, .T. ) ;
#11647 = ORIENTED_EDGE ( 'NONE', *, *, #4433, .F. ) ;
#11648 = VECTOR ( 'NONE', #3214, 1000.000000000000000 ) ;
#11649 = CARTESIAN_POINT ( 'NONE',  ( 0.1999999999999479972, -5.009999999999999787, 1.100000000000000089 ) ) ;
#11650 = ORIENTED_EDGE ( 'NONE', *, *, #3060, .F. ) ;
#11651 =( LENGTH_UNIT ( ) NAMED_UNIT ( * ) SI_UNIT ( .MILLI., .METRE. ) );
#11652 = EDGE_CURVE ( 'NONE', #985, #9140, #2250, .T. ) ;
#11653 = DIRECTION ( 'NONE',  ( 0.000000000000000000, 0.000000000000000000, -1.000000000000000000 ) ) ;
#11654 = DIRECTION ( 'NONE',  ( 0.000000000000000000, 0.000000000000000000, 1.000000000000000000 ) ) ;
#11655 = AXIS2_PLACEMENT_3D ( 'NONE', #11783, #8837, #10149 ) ;
#11656 = VERTEX_POINT ( 'NONE', #9740 ) ;
#11657 =( LENGTH_UNIT ( ) NAMED_UNIT ( * ) SI_UNIT ( .MILLI., .METRE. ) );
#11658 = EDGE_LOOP ( 'NONE', ( #3957, #2526, #11285, #3010 ) ) ;
#11659 = ORIENTED_EDGE ( 'NONE', *, *, #4913, .T. ) ;
#11660 = PLANE ( 'NONE',  #4182 ) ;
#11661 = DIRECTION ( 'NONE',  ( 1.030097166893172093E-14, 1.000000000000000000, 0.000000000000000000 ) ) ;
#11662 = DIRECTION ( 'NONE',  ( 0.000000000000000000, 0.000000000000000000, -1.000000000000000000 ) ) ;
#11663 = EDGE_CURVE ( 'NONE', #11154, #1227, #7777, .T. ) ;
#11664 = PRESENTATION_STYLE_ASSIGNMENT (( #924 ) ) ;
#11665 = CARTESIAN_POINT ( 'NONE',  ( 5.000000000000000000, 2.140000000000000124, 1.100000000000000089 ) ) ;
#11666 = DIRECTION ( 'NONE',  ( 0.000000000000000000, 0.000000000000000000, 1.000000000000000000 ) ) ;
#11667 = ORIENTED_EDGE ( 'NONE', *, *, #11180, .T. ) ;
#11668 = SURFACE_SIDE_STYLE ('',( #986 ) ) ;
#11669 = UNCERTAINTY_MEASURE_WITH_UNIT (LENGTH_MEASURE( 1.000000000000000082E-05 ), #2656, 'distance_accuracy_value', 'NONE');
#11670 = SURFACE_STYLE_USAGE ( .BOTH. , #11003 ) ;
#11671 =( NAMED_UNIT ( * ) PLANE_ANGLE_UNIT ( ) SI_UNIT ( $, .RADIAN. ) );
#11672 = DIRECTION ( 'NONE',  ( 3.491481338843135327E-15, 1.000000000000000000, 0.000000000000000000 ) ) ;
#11673 = CARTESIAN_POINT ( 'NONE',  ( -4.250000000000000000, -0.4000000000000000222, 0.000000000000000000 ) ) ;
#11674 = EDGE_CURVE ( 'NONE', #7294, #9433, #5174, .T. ) ;
#11675 = SURFACE_SIDE_STYLE ('',( #8796 ) ) ;
#11676 = FILL_AREA_STYLE ('',( #4939 ) ) ;
#11677 = LINE ( 'NONE', #3102, #7491 ) ;
#11678 = COLOUR_RGB ( '',1.000000000000000000, 0.8117647058823529438, 0.5019607843137254832 ) ;
#11679 =( LENGTH_UNIT ( ) NAMED_UNIT ( * ) SI_UNIT ( .MILLI., .METRE. ) );
#11680 = FILL_AREA_STYLE ('',( #7833 ) ) ;
#11681 = LINE ( 'NONE', #6055, #6635 ) ;
#11682 = ORIENTED_EDGE ( 'NONE', *, *, #3115, .F. ) ;
#11683 = VERTEX_POINT ( 'NONE', #8728 ) ;
#11684 =( LENGTH_UNIT ( ) NAMED_UNIT ( * ) SI_UNIT ( .MILLI., .METRE. ) );
#11685 = VERTEX_POINT ( 'NONE', #3295 ) ;
#11686 = AXIS2_PLACEMENT_3D ( 'NONE', #11594, #6886, #8873 ) ;
#11687 = CARTESIAN_POINT ( 'NONE',  ( 0.000000000000000000, 0.000000000000000000, 0.000000000000000000 ) ) ;
#11688 = CARTESIAN_POINT ( 'NONE',  ( -2.140000000000000124, 4.250000000000000000, -0.1000000000000000056 ) ) ;
#11689 = DIRECTION ( 'NONE',  ( -0.000000000000000000, 1.000000000000000000, 0.000000000000000000 ) ) ;
#11690 = ADVANCED_FACE ( 'NONE', ( #9922 ), #8798, .F. ) ;
#11691 = EDGE_CURVE ( 'NONE', #7578, #6229, #495, .T. ) ;
#11692 = CARTESIAN_POINT ( 'NONE',  ( 0.2000000000000165257, 5.000000000000000000, -0.2999999999999999889 ) ) ;
#11693 =( NAMED_UNIT ( * ) PLANE_ANGLE_UNIT ( ) SI_UNIT ( $, .RADIAN. ) );
#11694 = DIRECTION ( 'NONE',  ( -1.000000000000000000, 0.000000000000000000, 0.000000000000000000 ) ) ;
#11695 = CARTESIAN_POINT ( 'NONE',  ( -5.000000000000000000, 0.8699999999999999956, 1.000000000000000000 ) ) ;
#11696 = COLOUR_RGB ( '',1.000000000000000000, 0.8117647058823529438, 0.5019607843137254832 ) ;
#11697 = CARTESIAN_POINT ( 'NONE',  ( -5.000000000000000000, -2.540000000000000036, -0.1000000000000000056 ) ) ;
#11698 = MECHANICAL_DESIGN_GEOMETRIC_PRESENTATION_REPRESENTATION (  '', ( #7679 ), #1869 ) ;
#11699 = ORIENTED_EDGE ( 'NONE', *, *, #4688, .T. ) ;
#11700 = ORIENTED_EDGE ( 'NONE', *, *, #753, .T. ) ;
#11701 = ORIENTED_EDGE ( 'NONE', *, *, #5136, .T. ) ;
#11702 = VECTOR ( 'NONE', #5092, 1000.000000000000000 ) ;
#11703 = EDGE_LOOP ( 'NONE', ( #5096, #12380, #5258, #9964 ) ) ;
#11704 = MECHANICAL_DESIGN_GEOMETRIC_PRESENTATION_REPRESENTATION (  '', ( #7108 ), #9899 ) ;
#11705 = MECHANICAL_DESIGN_GEOMETRIC_PRESENTATION_REPRESENTATION (  '', ( #1877 ), #11532 ) ;
#11706 = CIRCLE ( 'NONE', #878, 0.1999999999999996503 ) ;
#11707 = EDGE_CURVE ( 'NONE', #3473, #1486, #5365, .T. ) ;
#11708 = DIRECTION ( 'NONE',  ( 3.491481338843135327E-15, 1.000000000000000000, 0.000000000000000000 ) ) ;
#11709 = DIRECTION ( 'NONE',  ( 0.000000000000000000, 0.000000000000000000, -1.000000000000000000 ) ) ;
#11710 = SURFACE_SIDE_STYLE ('',( #526 ) ) ;
#11711 = CARTESIAN_POINT ( 'NONE',  ( 5.009999999999999787, 1.469999999999999973, -0.1000000000000000056 ) ) ;
#11712 = VERTEX_POINT ( 'NONE', #10229 ) ;
#11713 = PRESENTATION_LAYER_ASSIGNMENT (  '', '', ( #885 ) ) ;
#11714 = VECTOR ( 'NONE', #7540, 1000.000000000000000 ) ;
#11715 =( GEOMETRIC_REPRESENTATION_CONTEXT ( 3 ) GLOBAL_UNCERTAINTY_ASSIGNED_CONTEXT ( ( #113 ) ) GLOBAL_UNIT_ASSIGNED_CONTEXT ( ( #3497, #11946, #1646 ) ) REPRESENTATION_CONTEXT ( 'NONE', 'WORKASPACE' ) );
#11716 = SURFACE_STYLE_USAGE ( .BOTH. , #9021 ) ;
#11717 = STYLED_ITEM ( 'NONE', ( #10827 ), #10908 ) ;
#11718 = AXIS2_PLACEMENT_3D ( 'NONE', #10397, #8507, #4639 ) ;
#11719 = ORIENTED_EDGE ( 'NONE', *, *, #5440, .T. ) ;
#11720 = ORIENTED_EDGE ( 'NONE', *, *, #9763, .T. ) ;
#11721 = EDGE_CURVE ( 'NONE', #10278, #11639, #1372, .T. ) ;
#11722 = SURFACE_STYLE_FILL_AREA ( #2233 ) ;
#11723 = LINE ( 'NONE', #1282, #2484 ) ;
#11724 = MECHANICAL_DESIGN_GEOMETRIC_PRESENTATION_REPRESENTATION (  '', ( #9526 ), #1903 ) ;
#11725 = MECHANICAL_DESIGN_GEOMETRIC_PRESENTATION_REPRESENTATION (  '', ( #897 ), #9528 ) ;
#11726 = DIRECTION ( 'NONE',  ( 0.000000000000000000, 0.000000000000000000, 1.000000000000000000 ) ) ;
#11727 = DIRECTION ( 'NONE',  ( 0.000000000000000000, 0.000000000000000000, 1.000000000000000000 ) ) ;
#11728 = LINE ( 'NONE', #8839, #8301 ) ;
#11729 = DIRECTION ( 'NONE',  ( 0.000000000000000000, 0.000000000000000000, 1.000000000000000000 ) ) ;
#11730 = LINE ( 'NONE', #5865, #9601 ) ;
#11731 = ORIENTED_EDGE ( 'NONE', *, *, #5630, .F. ) ;
#11732 = ORIENTED_EDGE ( 'NONE', *, *, #10664, .F. ) ;
#11733 = AXIS2_PLACEMENT_3D ( 'NONE', #11635, #1000, #3185 ) ;
#11734 = EDGE_CURVE ( 'NONE', #4908, #8456, #9241, .T. ) ;
#11735 = STYLED_ITEM ( 'NONE', ( #12311 ), #6803 ) ;
#11736 = CARTESIAN_POINT ( 'NONE',  ( -4.750000000000000000, -1.670000000000000151, 1.000000000000000000 ) ) ;
#11737 = DIRECTION ( 'NONE',  ( -1.000000000000000000, 0.000000000000000000, 0.000000000000000000 ) ) ;
#11738 = CARTESIAN_POINT ( 'NONE',  ( -4.750000000000000000, -0.8699999999999999956, 1.100000000000000089 ) ) ;
#11739 = CARTESIAN_POINT ( 'NONE',  ( -2.739999999999999769, 5.009999999999999787, -0.1000000000000000056 ) ) ;
#11740 = LINE ( 'NONE', #11802, #5021 ) ;
#11741 = LINE ( 'NONE', #10808, #2390 ) ;
#11742 = CARTESIAN_POINT ( 'NONE',  ( -5.009999999999999787, 2.540000000000000036, 0.000000000000000000 ) ) ;
#11743 =( NAMED_UNIT ( * ) PLANE_ANGLE_UNIT ( ) SI_UNIT ( $, .RADIAN. ) );
#11744 = MECHANICAL_DESIGN_GEOMETRIC_PRESENTATION_REPRESENTATION (  '', ( #2125 ), #9146 ) ;
#11745 = MECHANICAL_DESIGN_GEOMETRIC_PRESENTATION_REPRESENTATION (  '', ( #1515 ), #1913 ) ;
#11746 = FACE_OUTER_BOUND ( 'NONE', #6352, .T. ) ;
#11747 = CARTESIAN_POINT ( 'NONE',  ( -5.009999999999999787, -2.739999999999999769, -0.1000000000000000056 ) ) ;
#11748 = VERTEX_POINT ( 'NONE', #4432 ) ;
#11749 = EDGE_CURVE ( 'NONE', #7555, #4284, #6933, .T. ) ;
#11750 = LINE ( 'NONE', #1068, #4154 ) ;
#11751 = ORIENTED_EDGE ( 'NONE', *, *, #6039, .F. ) ;
#11752 = PRESENTATION_STYLE_ASSIGNMENT (( #4007 ) ) ;
#11753 = UNCERTAINTY_MEASURE_WITH_UNIT (LENGTH_MEASURE( 1.000000000000000082E-05 ), #8012, 'distance_accuracy_value', 'NONE');
#11754 = PLANE ( 'NONE',  #8776 ) ;
#11755 = FILL_AREA_STYLE ('',( #3435 ) ) ;
#11756 = PRESENTATION_STYLE_ASSIGNMENT (( #10884 ) ) ;
#11757 = VECTOR ( 'NONE', #10223, 1000.000000000000000 ) ;
#11758 = SURFACE_STYLE_USAGE ( .BOTH. , #7968 ) ;
#11759 = DIRECTION ( 'NONE',  ( 1.000000000000000000, 1.734723475976804876E-16, 0.000000000000000000 ) ) ;
#11760 = DIRECTION ( 'NONE',  ( 0.000000000000000000, 0.000000000000000000, 1.000000000000000000 ) ) ;
#11761 = VECTOR ( 'NONE', #920, 1000.000000000000000 ) ;
#11762 = ORIENTED_EDGE ( 'NONE', *, *, #3659, .T. ) ;
#11763 = EDGE_CURVE ( 'NONE', #9091, #9068, #8219, .T. ) ;
#11764 = ORIENTED_EDGE ( 'NONE', *, *, #1183, .T. ) ;
#11765 = EDGE_CURVE ( 'NONE', #1655, #1871, #2452, .T. ) ;
#11766 = VECTOR ( 'NONE', #11049, 1000.000000000000000 ) ;
#11767 = ORIENTED_EDGE ( 'NONE', *, *, #9188, .T. ) ;
#11768 = DIRECTION ( 'NONE',  ( 0.000000000000000000, 0.000000000000000000, -1.000000000000000000 ) ) ;
#11769 = DIRECTION ( 'NONE',  ( 0.000000000000000000, 0.000000000000000000, 1.000000000000000000 ) ) ;
#11770 = LINE ( 'NONE', #9708, #11648 ) ;
#11771 = MECHANICAL_DESIGN_GEOMETRIC_PRESENTATION_REPRESENTATION (  '', ( #1548 ), #932 ) ;
#11772 = AXIS2_PLACEMENT_3D ( 'NONE', #1398, #5395, #2622 ) ;
#11773 = FACE_OUTER_BOUND ( 'NONE', #1783, .T. ) ;
#11774 = VERTEX_POINT ( 'NONE', #11130 ) ;
#11775 = EDGE_LOOP ( 'NONE', ( #11093, #1596, #8057, #7059 ) ) ;
#11776 = ADVANCED_FACE ( 'NONE', ( #2518 ), #1573, .F. ) ;
#11777 = EDGE_LOOP ( 'NONE', ( #11140, #7245, #4507, #12087 ) ) ;
#11778 = SURFACE_STYLE_FILL_AREA ( #2363 ) ;
#11779 = AXIS2_PLACEMENT_3D ( 'NONE', #4757, #6831, #3826 ) ;
#11780 = VECTOR ( 'NONE', #4803, 1000.000000000000000 ) ;
#11781 =( LENGTH_UNIT ( ) NAMED_UNIT ( * ) SI_UNIT ( .MILLI., .METRE. ) );
#11782 = EDGE_CURVE ( 'NONE', #10579, #5481, #1635, .T. ) ;
#11783 = CARTESIAN_POINT ( 'NONE',  ( 5.000000000000000000, 2.540000000000000036, -0.1000000000000000056 ) ) ;
#11784 = LINE ( 'NONE', #7036, #2126 ) ;
#11785 = SURFACE_SIDE_STYLE ('',( #10920 ) ) ;
#11786 = VECTOR ( 'NONE', #4303, 1000.000000000000000 ) ;
#11787 = UNCERTAINTY_MEASURE_WITH_UNIT (LENGTH_MEASURE( 1.000000000000000082E-05 ), #8363, 'distance_accuracy_value', 'NONE');
#11788 = ORIENTED_EDGE ( 'NONE', *, *, #4646, .T. ) ;
#11789 = SURFACE_STYLE_FILL_AREA ( #4282 ) ;
#11790 = STYLED_ITEM ( 'NONE', ( #707 ), #5474 ) ;
#11791 = LINE ( 'NONE', #2435, #5969 ) ;
#11792 = ORIENTED_EDGE ( 'NONE', *, *, #10145, .F. ) ;
#11793 = ORIENTED_EDGE ( 'NONE', *, *, #3114, .F. ) ;
#11794 = ORIENTED_EDGE ( 'NONE', *, *, #7867, .T. ) ;
#11795 = DIRECTION ( 'NONE',  ( 1.000000000000000000, -3.491481338843135327E-15, 0.000000000000000000 ) ) ;
#11796 = UNCERTAINTY_MEASURE_WITH_UNIT (LENGTH_MEASURE( 1.000000000000000082E-05 ), #4043, 'distance_accuracy_value', 'NONE');
#11797 = VECTOR ( 'NONE', #7364, 1000.000000000000000 ) ;
#11798 = FACE_OUTER_BOUND ( 'NONE', #6839, .T. ) ;
#11799 = COLOUR_RGB ( '',1.000000000000000000, 0.8117647058823529438, 0.5019607843137254832 ) ;
#11800 = SURFACE_STYLE_FILL_AREA ( #227 ) ;
#11801 = SURFACE_STYLE_USAGE ( .BOTH. , #362 ) ;
#11802 = CARTESIAN_POINT ( 'NONE',  ( -5.009999999999999787, 1.070000000000000062, 1.100000000000000089 ) ) ;
#11803 = SURFACE_STYLE_FILL_AREA ( #564 ) ;
#11804 = DIRECTION ( 'NONE',  ( 0.000000000000000000, 1.000000000000000000, 0.000000000000000000 ) ) ;
#11805 = STYLED_ITEM ( 'NONE', ( #3238 ), #414 ) ;
#11806 = CARTESIAN_POINT ( 'NONE',  ( -5.009999999999999787, -1.469999999999999973, -0.1000000000000000056 ) ) ;
#11807 = EDGE_CURVE ( 'NONE', #6019, #10774, #1727, .T. ) ;
#11808 = CARTESIAN_POINT ( 'NONE',  ( 5.009999999999999787, 1.070000000000000062, -0.1000000000000000056 ) ) ;
#11809 = STYLED_ITEM ( 'NONE', ( #7376 ), #8727 ) ;
#11810 = FILL_AREA_STYLE ('',( #2520 ) ) ;
#11811 = ORIENTED_EDGE ( 'NONE', *, *, #8232, .T. ) ;
#11812 = MECHANICAL_DESIGN_GEOMETRIC_PRESENTATION_REPRESENTATION (  '', ( #6833 ), #11028 ) ;
#11813 = FILL_AREA_STYLE ('',( #1378 ) ) ;
#11814 = FILL_AREA_STYLE ('',( #8863 ) ) ;
#11815 = EDGE_LOOP ( 'NONE', ( #3486, #3597, #945, #11295, #10879, #1484, #12377, #9473 ) ) ;
#11816 = SURFACE_STYLE_FILL_AREA ( #7964 ) ;
#11817 =( LENGTH_UNIT ( ) NAMED_UNIT ( * ) SI_UNIT ( .MILLI., .METRE. ) );
#11818 = VECTOR ( 'NONE', #168, 1000.000000000000000 ) ;
#11819 = FILL_AREA_STYLE_COLOUR ( '', #4332 ) ;
#11820 = CARTESIAN_POINT ( 'NONE',  ( -0.8700000000000520650, -5.000000000000000000, 0.000000000000000000 ) ) ;
#11821 = EDGE_CURVE ( 'NONE', #1541, #7514, #8454, .T. ) ;
#11822 =( NAMED_UNIT ( * ) PLANE_ANGLE_UNIT ( ) SI_UNIT ( $, .RADIAN. ) );
#11823 = PRESENTATION_STYLE_ASSIGNMENT (( #7974 ) ) ;
#11824 = AXIS2_PLACEMENT_3D ( 'NONE', #3638, #1906, #12385 ) ;
#11825 = VERTEX_POINT ( 'NONE', #12221 ) ;
#11826 = EDGE_LOOP ( 'NONE', ( #9599, #11646, #9340, #10967, #11519, #8266, #5298, #515 ) ) ;
#11827 = ORIENTED_EDGE ( 'NONE', *, *, #11807, .T. ) ;
#11828 = DIRECTION ( 'NONE',  ( 3.491481338843135327E-15, 1.000000000000000000, 0.000000000000000000 ) ) ;
#11829 = ORIENTED_EDGE ( 'NONE', *, *, #291, .T. ) ;
#11830 =( GEOMETRIC_REPRESENTATION_CONTEXT ( 3 ) GLOBAL_UNCERTAINTY_ASSIGNED_CONTEXT ( ( #7231 ) ) GLOBAL_UNIT_ASSIGNED_CONTEXT ( ( #10960, #12142, #1520 ) ) REPRESENTATION_CONTEXT ( 'NONE', 'WORKASPACE' ) );
#11831 = CARTESIAN_POINT ( 'NONE',  ( 5.009999999999999787, 1.070000000000000062, 1.100000000000000089 ) ) ;
#11832 = VECTOR ( 'NONE', #2533, 1000.000000000000000 ) ;
#11833 = CARTESIAN_POINT ( 'NONE',  ( -4.750000000000000000, -2.140000000000000124, 1.000000000000000000 ) ) ;
#11834 = DIRECTION ( 'NONE',  ( 0.000000000000000000, 0.000000000000000000, 1.000000000000000000 ) ) ;
#11835 = EDGE_CURVE ( 'NONE', #1453, #12395, #5739, .T. ) ;
#11836 = FILL_AREA_STYLE_COLOUR ( '', #807 ) ;
#11837 = SURFACE_SIDE_STYLE ('',( #8956 ) ) ;
#11838 = ORIENTED_EDGE ( 'NONE', *, *, #4895, .F. ) ;
#11839 = AXIS2_PLACEMENT_3D ( 'NONE', #4857, #863, #1039 ) ;
#11840 = PRESENTATION_STYLE_ASSIGNMENT (( #10777 ) ) ;
#11841 = VERTEX_POINT ( 'NONE', #838 ) ;
#11842 = ORIENTED_EDGE ( 'NONE', *, *, #9305, .F. ) ;
#11843 = DIRECTION ( 'NONE',  ( 1.000000000000000000, 0.000000000000000000, 0.000000000000000000 ) ) ;
#11844 =( LENGTH_UNIT ( ) NAMED_UNIT ( * ) SI_UNIT ( .MILLI., .METRE. ) );
#11845 = CARTESIAN_POINT ( 'NONE',  ( -5.000000000000000000, -0.8699999999999999956, 1.100000000000000089 ) ) ;
#11846 = PRESENTATION_LAYER_ASSIGNMENT (  '', '', ( #9845 ) ) ;
#11847 = LINE ( 'NONE', #2127, #2395 ) ;
#11848 = CARTESIAN_POINT ( 'NONE',  ( 2.140000000000000124, 4.250000000000000000, -0.1000000000000000056 ) ) ;
#11849 = ADVANCED_FACE ( 'NONE', ( #4516 ), #10400, .F. ) ;
#11850 = ADVANCED_FACE ( 'NONE', ( #5519 ), #2874, .F. ) ;
#11851 = LINE ( 'NONE', #10027, #5261 ) ;
#11852 =( NAMED_UNIT ( * ) PLANE_ANGLE_UNIT ( ) SI_UNIT ( $, .RADIAN. ) );
#11853 =( NAMED_UNIT ( * ) SI_UNIT ( $, .STERADIAN. ) SOLID_ANGLE_UNIT ( ) );
#11854 = ORIENTED_EDGE ( 'NONE', *, *, #4985, .T. ) ;
#11855 = DIRECTION ( 'NONE',  ( -3.780601918172600153E-15, -1.000000000000000000, 0.000000000000000000 ) ) ;
#11856 = ORIENTED_EDGE ( 'NONE', *, *, #4877, .T. ) ;
#11857 = VECTOR ( 'NONE', #2508, 1000.000000000000000 ) ;
#11858 = DIRECTION ( 'NONE',  ( -3.780601918172600153E-15, -1.000000000000000000, 0.000000000000000000 ) ) ;
#11859 = CARTESIAN_POINT ( 'NONE',  ( 2.939999999999950209, -5.009999999999999787, -0.1000000000000000056 ) ) ;
#11860 = VERTEX_POINT ( 'NONE', #1845 ) ;
#11861 = AXIS2_PLACEMENT_3D ( 'NONE', #2955, #2886, #7752 ) ;
#11862 = FACE_OUTER_BOUND ( 'NONE', #3282, .T. ) ;
#11863 = PRESENTATION_STYLE_ASSIGNMENT (( #8013 ) ) ;
#11864 = FILL_AREA_STYLE ('',( #7112 ) ) ;
#11865 = CARTESIAN_POINT ( 'NONE',  ( -5.009999999999999787, 0.4000000000000000222, -0.1000000000000000056 ) ) ;
#11866 =( NAMED_UNIT ( * ) PLANE_ANGLE_UNIT ( ) SI_UNIT ( $, .RADIAN. ) );
#11867 =( LENGTH_UNIT ( ) NAMED_UNIT ( * ) SI_UNIT ( .MILLI., .METRE. ) );
#11868 = FACE_OUTER_BOUND ( 'NONE', #1654, .T. ) ;
#11869 = ORIENTED_EDGE ( 'NONE', *, *, #3418, .F. ) ;
#11870 = DIRECTION ( 'NONE',  ( 0.000000000000000000, 0.000000000000000000, 1.000000000000000000 ) ) ;
#11871 = ORIENTED_EDGE ( 'NONE', *, *, #9641, .T. ) ;
#11872 = EDGE_CURVE ( 'NONE', #5048, #667, #5464, .T. ) ;
#11873 = UNCERTAINTY_MEASURE_WITH_UNIT (LENGTH_MEASURE( 1.000000000000000082E-05 ), #10490, 'distance_accuracy_value', 'NONE');
#11874 = DIRECTION ( 'NONE',  ( -1.000000000000000000, 0.000000000000000000, 0.000000000000000000 ) ) ;
#11875 = DIRECTION ( 'NONE',  ( -1.084202172485506327E-14, -1.000000000000000000, 0.000000000000000000 ) ) ;
#11876 = CIRCLE ( 'NONE', #2252, 0.1999999999999996503 ) ;
#11877 = LINE ( 'NONE', #5308, #9097 ) ;
#11878 =( LENGTH_UNIT ( ) NAMED_UNIT ( * ) SI_UNIT ( .MILLI., .METRE. ) );
#11879 = CARTESIAN_POINT ( 'NONE',  ( -1.670000000000000151, 4.750000000000000000, 1.100000000000000089 ) ) ;
#11880 = SURFACE_SIDE_STYLE ('',( #4140 ) ) ;
#11881 = CARTESIAN_POINT ( 'NONE',  ( -5.000000000000000000, 1.270000000000000018, -0.1000000000000000056 ) ) ;
#11882 = VECTOR ( 'NONE', #11129, 1000.000000000000000 ) ;
#11883 = VERTEX_POINT ( 'NONE', #8320 ) ;
#11884 = VERTEX_POINT ( 'NONE', #9270 ) ;
#11885 = FILL_AREA_STYLE_COLOUR ( '', #9582 ) ;
#11886 = EDGE_CURVE ( 'NONE', #8018, #2751, #3126, .T. ) ;
#11887 = CARTESIAN_POINT ( 'NONE',  ( -1.469999999999981988, 5.009999999999999787, -0.1000000000000000056 ) ) ;
#11888 = ORIENTED_EDGE ( 'NONE', *, *, #2580, .F. ) ;
#11889 = CARTESIAN_POINT ( 'NONE',  ( -4.750000000000000000, 0.8699999999999999956, 1.100000000000000089 ) ) ;
#11890 = STYLED_ITEM ( 'NONE', ( #746 ), #4208 ) ;
#11891 =( NAMED_UNIT ( * ) SI_UNIT ( $, .STERADIAN. ) SOLID_ANGLE_UNIT ( ) );
#11892 = DIRECTION ( 'NONE',  ( 3.491481338843135327E-15, 1.000000000000000000, 0.000000000000000000 ) ) ;
#11893 = PLANE ( 'NONE',  #1699 ) ;
#11894 = STYLED_ITEM ( 'NONE', ( #9328 ), #10402 ) ;
#11895 =( LENGTH_UNIT ( ) NAMED_UNIT ( * ) SI_UNIT ( .MILLI., .METRE. ) );
#11896 = PRESENTATION_STYLE_ASSIGNMENT (( #5205 ) ) ;
#11897 = VERTEX_POINT ( 'NONE', #8691 ) ;
#11898 = FILL_AREA_STYLE ('',( #4406 ) ) ;
#11899 = EDGE_LOOP ( 'NONE', ( #4207, #11466, #10859, #8961, #40, #7282, #11788, #4421 ) ) ;
#11900 = AXIS2_PLACEMENT_3D ( 'NONE', #3415, #6481, #4428 ) ;
#11901 = ORIENTED_EDGE ( 'NONE', *, *, #6725, .F. ) ;
#11902 = MECHANICAL_DESIGN_GEOMETRIC_PRESENTATION_REPRESENTATION (  '', ( #9099 ), #4918 ) ;
#11903 = PRESENTATION_STYLE_ASSIGNMENT (( #5335 ) ) ;
#11904 = EDGE_CURVE ( 'NONE', #12391, #2123, #7795, .T. ) ;
#11905 = DIRECTION ( 'NONE',  ( -1.000000000000000000, -1.734723475976804876E-16, 0.000000000000000000 ) ) ;
#11906 = CARTESIAN_POINT ( 'NONE',  ( -4.250000000000000000, -2.939999999999999947, -0.1000000000000000056 ) ) ;
#11907 = SURFACE_STYLE_USAGE ( .BOTH. , #469 ) ;
#11908 = VECTOR ( 'NONE', #11299, 1000.000000000000000 ) ;
#11909 = SURFACE_STYLE_USAGE ( .BOTH. , #7095 ) ;
#11910 = MECHANICAL_DESIGN_GEOMETRIC_PRESENTATION_REPRESENTATION (  '', ( #9913 ), #11540 ) ;
#11911 = VERTEX_POINT ( 'NONE', #4141 ) ;
#11912 = COLOUR_RGB ( '',1.000000000000000000, 0.8117647058823529438, 0.5019607843137254832 ) ;
#11913 = DIRECTION ( 'NONE',  ( 0.000000000000000000, 0.000000000000000000, 1.000000000000000000 ) ) ;
#11914 = COLOUR_RGB ( '',1.000000000000000000, 0.8117647058823529438, 0.5019607843137254832 ) ;
#11915 = ORIENTED_EDGE ( 'NONE', *, *, #12403, .T. ) ;
#11916 = LINE ( 'NONE', #1361, #12017 ) ;
#11917 = CARTESIAN_POINT ( 'NONE',  ( -2.140000000000000124, 5.000000000000000000, -0.1000000000000000056 ) ) ;
#11918 = ORIENTED_EDGE ( 'NONE', *, *, #7373, .T. ) ;
#11919 = ORIENTED_EDGE ( 'NONE', *, *, #5011, .F. ) ;
#11920 = CARTESIAN_POINT ( 'NONE',  ( -5.009999999999999787, -1.469999999999999973, 1.100000000000000089 ) ) ;
#11921 = EDGE_CURVE ( 'NONE', #6056, #1871, #3204, .T. ) ;
#11922 = ADVANCED_FACE ( 'NONE', ( #4835 ), #8636, .F. ) ;
#11923 = AXIS2_PLACEMENT_3D ( 'NONE', #9012, #6269, #8038 ) ;
#11924 = AXIS2_PLACEMENT_3D ( 'NONE', #8414, #4794, #865 ) ;
#11925 = PRESENTATION_LAYER_ASSIGNMENT (  '', '', ( #888 ) ) ;
#11926 = CARTESIAN_POINT ( 'NONE',  ( 5.009999999999999787, -0.2000000000000000111, -0.1000000000000000056 ) ) ;
#11927 = DIRECTION ( 'NONE',  ( 1.000000000000000000, 0.000000000000000000, 0.000000000000000000 ) ) ;
#11928 = DIRECTION ( 'NONE',  ( 0.000000000000000000, 0.000000000000000000, 1.000000000000000000 ) ) ;
#11929 =( NAMED_UNIT ( * ) SI_UNIT ( $, .STERADIAN. ) SOLID_ANGLE_UNIT ( ) );
#11930 = FILL_AREA_STYLE_COLOUR ( '', #1307 ) ;
#11931 = CARTESIAN_POINT ( 'NONE',  ( -5.000000000000000000, -5.000000000000000000, 1.000000000000000000 ) ) ;
#11932 = FACE_OUTER_BOUND ( 'NONE', #9843, .T. ) ;
#11933 =( NAMED_UNIT ( * ) PLANE_ANGLE_UNIT ( ) SI_UNIT ( $, .RADIAN. ) );
#11934 = SURFACE_SIDE_STYLE ('',( #8082 ) ) ;
#11935 = AXIS2_PLACEMENT_3D ( 'NONE', #9018, #8252, #7083 ) ;
#11936 = VERTEX_POINT ( 'NONE', #4109 ) ;
#11937 = STYLED_ITEM ( 'NONE', ( #9312 ), #6785 ) ;
#11938 = CARTESIAN_POINT ( 'NONE',  ( -1.670000000000050111, -5.009999999999999787, 1.100000000000000089 ) ) ;
#11939 = ADVANCED_FACE ( 'NONE', ( #9678 ), #5928, .T. ) ;
#11940 = LINE ( 'NONE', #3366, #12347 ) ;
#11941 = ORIENTED_EDGE ( 'NONE', *, *, #3479, .F. ) ;
#11942 = LINE ( 'NONE', #3368, #11212 ) ;
#11943 = FILL_AREA_STYLE ('',( #6063 ) ) ;
#11944 = AXIS2_PLACEMENT_3D ( 'NONE', #12410, #10536, #7644 ) ;
#11945 = FACE_OUTER_BOUND ( 'NONE', #11483, .T. ) ;
#11946 =( NAMED_UNIT ( * ) PLANE_ANGLE_UNIT ( ) SI_UNIT ( $, .RADIAN. ) );
#11947 = SURFACE_STYLE_USAGE ( .BOTH. , #1388 ) ;
#11948 = CARTESIAN_POINT ( 'NONE',  ( -2.740000000000049507, -5.000000000000000000, -0.1000000000000000056 ) ) ;
#11949 = LINE ( 'NONE', #3379, #2892 ) ;
#11950 = VECTOR ( 'NONE', #188, 1000.000000000000000 ) ;
#11951 = FILL_AREA_STYLE_COLOUR ( '', #11149 ) ;
#11952 = DIRECTION ( 'NONE',  ( 0.000000000000000000, 0.000000000000000000, -1.000000000000000000 ) ) ;
#11953 = EDGE_CURVE ( 'NONE', #1329, #3351, #10941, .T. ) ;
#11954 = AXIS2_PLACEMENT_3D ( 'NONE', #5906, #8830, #12400 ) ;
#11955 = SURFACE_STYLE_USAGE ( .BOTH. , #9065 ) ;
#11956 = MECHANICAL_DESIGN_GEOMETRIC_PRESENTATION_REPRESENTATION (  '', ( #10146 ), #7923 ) ;
#11957 = ORIENTED_EDGE ( 'NONE', *, *, #572, .F. ) ;
#11958 = CARTESIAN_POINT ( 'NONE',  ( -4.250000000000000000, 1.670000000000000151, 0.000000000000000000 ) ) ;
#11959 = EDGE_LOOP ( 'NONE', ( #10401, #4425, #4783, #6262 ) ) ;
#11960 = VECTOR ( 'NONE', #3874, 1000.000000000000000 ) ;
#11961 =( GEOMETRIC_REPRESENTATION_CONTEXT ( 3 ) GLOBAL_UNCERTAINTY_ASSIGNED_CONTEXT ( ( #953 ) ) GLOBAL_UNIT_ASSIGNED_CONTEXT ( ( #9485, #10431, #9299 ) ) REPRESENTATION_CONTEXT ( 'NONE', 'WORKASPACE' ) );
#11962 = DIRECTION ( 'NONE',  ( 0.000000000000000000, -1.000000000000000000, 0.000000000000000000 ) ) ;
#11963 = FILL_AREA_STYLE ('',( #9074 ) ) ;
#11964 =( GEOMETRIC_REPRESENTATION_CONTEXT ( 3 ) GLOBAL_UNCERTAINTY_ASSIGNED_CONTEXT ( ( #6830 ) ) GLOBAL_UNIT_ASSIGNED_CONTEXT ( ( #12166, #4706, #5845 ) ) REPRESENTATION_CONTEXT ( 'NONE', 'WORKASPACE' ) );
#11965 = CARTESIAN_POINT ( 'NONE',  ( -0.8699999999999830091, 5.000000000000000000, 1.100000000000000089 ) ) ;
#11966 = LINE ( 'NONE', #3397, #5146 ) ;
#11967 = EDGE_CURVE ( 'NONE', #6603, #3571, #334, .T. ) ;
#11968 =( GEOMETRIC_REPRESENTATION_CONTEXT ( 3 ) GLOBAL_UNCERTAINTY_ASSIGNED_CONTEXT ( ( #5162 ) ) GLOBAL_UNIT_ASSIGNED_CONTEXT ( ( #7109, #5169, #3354 ) ) REPRESENTATION_CONTEXT ( 'NONE', 'WORKASPACE' ) );
#11969 = MECHANICAL_DESIGN_GEOMETRIC_PRESENTATION_REPRESENTATION (  '', ( #1948 ), #6383 ) ;
#11970 = PRESENTATION_STYLE_ASSIGNMENT (( #1465 ) ) ;
#11971 = PRESENTATION_LAYER_ASSIGNMENT (  '', '', ( #4173 ) ) ;
#11972 = ORIENTED_EDGE ( 'NONE', *, *, #6946, .T. ) ;
#11973 = ORIENTED_EDGE ( 'NONE', *, *, #12021, .F. ) ;
#11974 = CARTESIAN_POINT ( 'NONE',  ( 5.009999999999999787, 2.739999999999999769, -0.1000000000000000056 ) ) ;
#11975 = DIRECTION ( 'NONE',  ( 0.000000000000000000, 0.000000000000000000, 1.000000000000000000 ) ) ;
#11976 =( NAMED_UNIT ( * ) SI_UNIT ( $, .STERADIAN. ) SOLID_ANGLE_UNIT ( ) );
#11977 =( GEOMETRIC_REPRESENTATION_CONTEXT ( 3 ) GLOBAL_UNCERTAINTY_ASSIGNED_CONTEXT ( ( #893 ) ) GLOBAL_UNIT_ASSIGNED_CONTEXT ( ( #6170, #3242, #3175 ) ) REPRESENTATION_CONTEXT ( 'NONE', 'WORKASPACE' ) );
#11978 =( GEOMETRIC_REPRESENTATION_CONTEXT ( 3 ) GLOBAL_UNCERTAINTY_ASSIGNED_CONTEXT ( ( #433 ) ) GLOBAL_UNIT_ASSIGNED_CONTEXT ( ( #3574, #8035, #10966 ) ) REPRESENTATION_CONTEXT ( 'NONE', 'WORKASPACE' ) );
#11979 = CARTESIAN_POINT ( 'NONE',  ( 0.1999999999999479972, -5.009999999999999787, -0.1000000000000000056 ) ) ;
#11980 = DIRECTION ( 'NONE',  ( 3.491481338843135327E-15, 1.000000000000000000, 0.000000000000000000 ) ) ;
#11981 = DIRECTION ( 'NONE',  ( 0.000000000000000000, 0.000000000000000000, 1.000000000000000000 ) ) ;
#11982 = ORIENTED_EDGE ( 'NONE', *, *, #7247, .T. ) ;
#11983 = ADVANCED_FACE ( 'NONE', ( #4214 ), #6210, .F. ) ;
#11984 =( LENGTH_UNIT ( ) NAMED_UNIT ( * ) SI_UNIT ( .MILLI., .METRE. ) );
#11985 = CARTESIAN_POINT ( 'NONE',  ( -5.000000000000000000, -1.270000000000000018, 1.100000000000000089 ) ) ;
#11986 = VERTEX_POINT ( 'NONE', #2288 ) ;
#11987 = VECTOR ( 'NONE', #5433, 1000.000000000000000 ) ;
#11988 = VECTOR ( 'NONE', #5246, 1000.000000000000000 ) ;
#11989 = MECHANICAL_DESIGN_GEOMETRIC_PRESENTATION_REPRESENTATION (  '', ( #7394 ), #1969 ) ;
#11990 = FILL_AREA_STYLE ('',( #10861 ) ) ;
#11991 = ORIENTED_EDGE ( 'NONE', *, *, #4893, .F. ) ;
#11992 = UNCERTAINTY_MEASURE_WITH_UNIT (LENGTH_MEASURE( 1.000000000000000082E-05 ), #476, 'distance_accuracy_value', 'NONE');
#11993 = ORIENTED_EDGE ( 'NONE', *, *, #573, .F. ) ;
#11994 = CARTESIAN_POINT ( 'NONE',  ( 2.939999999999999947, 5.000000000000000000, 1.000000000000000000 ) ) ;
#11995 = PRESENTATION_LAYER_ASSIGNMENT (  '', '', ( #4610 ) ) ;
#11996 = CARTESIAN_POINT ( 'NONE',  ( 5.009999999999999787, 1.070000000000000062, -0.1000000000000000056 ) ) ;
#11997 = DIRECTION ( 'NONE',  ( 0.000000000000000000, 1.000000000000000000, 0.000000000000000000 ) ) ;
#11998 =( LENGTH_UNIT ( ) NAMED_UNIT ( * ) SI_UNIT ( .MILLI., .METRE. ) );
#11999 = AXIS2_PLACEMENT_3D ( 'NONE', #8685, #11689, #6880 ) ;
#12000 = LINE ( 'NONE', #3420, #6704 ) ;
#12001 =( NAMED_UNIT ( * ) PLANE_ANGLE_UNIT ( ) SI_UNIT ( $, .RADIAN. ) );
#12002 = EDGE_CURVE ( 'NONE', #1231, #10385, #3512, .T. ) ;
#12003 = DIRECTION ( 'NONE',  ( 0.000000000000000000, -1.000000000000000000, 0.000000000000000000 ) ) ;
#12004 = EDGE_CURVE ( 'NONE', #11884, #917, #11966, .T. ) ;
#12005 = CARTESIAN_POINT ( 'NONE',  ( 1.269999999999948059, -5.009999999999999787, 0.000000000000000000 ) ) ;
#12006 = CARTESIAN_POINT ( 'NONE',  ( 5.000000000000000000, 2.739999999999999769, -0.1000000000000000056 ) ) ;
#12007 = ORIENTED_EDGE ( 'NONE', *, *, #9138, .T. ) ;
#12008 = VECTOR ( 'NONE', #11858, 1000.000000000000000 ) ;
#12009 = SURFACE_STYLE_FILL_AREA ( #11813 ) ;
#12010 = PRESENTATION_LAYER_ASSIGNMENT (  '', '', ( #11607 ) ) ;
#12011 = STYLED_ITEM ( 'NONE', ( #9252 ), #5693 ) ;
#12012 = ORIENTED_EDGE ( 'NONE', *, *, #437, .T. ) ;
#12013 = UNCERTAINTY_MEASURE_WITH_UNIT (LENGTH_MEASURE( 1.000000000000000082E-05 ), #7001, 'distance_accuracy_value', 'NONE');
#12014 = DIRECTION ( 'NONE',  ( 0.000000000000000000, 1.000000000000000000, 0.000000000000000000 ) ) ;
#12015 = DIRECTION ( 'NONE',  ( 0.000000000000000000, 0.000000000000000000, -1.000000000000000000 ) ) ;
#12016 = CARTESIAN_POINT ( 'NONE',  ( -4.250000000000000000, 0.4000000000000000222, 0.000000000000000000 ) ) ;
#12017 = VECTOR ( 'NONE', #5599, 1000.000000000000000 ) ;
#12018 = LINE ( 'NONE', #11084, #9895 ) ;
#12019 = DIRECTION ( 'NONE',  ( 0.000000000000000000, -1.000000000000000000, 0.000000000000000000 ) ) ;
#12020 =( NAMED_UNIT ( * ) SI_UNIT ( $, .STERADIAN. ) SOLID_ANGLE_UNIT ( ) );
#12021 = EDGE_CURVE ( 'NONE', #970, #9699, #10072, .T. ) ;
#12022 = CARTESIAN_POINT ( 'NONE',  ( 0.8700000000000139844, 4.250000000000000000, 0.000000000000000000 ) ) ;
#12023 = EDGE_CURVE ( 'NONE', #10774, #3818, #9214, .T. ) ;
#12024 = LINE ( 'NONE', #6386, #7999 ) ;
#12025 = VERTEX_POINT ( 'NONE', #12035 ) ;
#12026 = VERTEX_POINT ( 'NONE', #3457 ) ;
#12027 = FILL_AREA_STYLE ('',( #11885 ) ) ;
#12028 = CARTESIAN_POINT ( 'NONE',  ( -2.740000000000049507, -5.000000000000000000, -0.2999999999999999889 ) ) ;
#12029 = PRESENTATION_STYLE_ASSIGNMENT (( #8182 ) ) ;
#12030 = CARTESIAN_POINT ( 'NONE',  ( -2.140000000000000124, 4.750000000000000000, 1.100000000000000089 ) ) ;
#12031 = SURFACE_SIDE_STYLE ('',( #9211 ) ) ;
#12032 = PLANE ( 'NONE',  #11718 ) ;
#12033 = COLOUR_RGB ( '',0.5372549019607842924, 0.6235294117647058876, 0.000000000000000000 ) ;
#12034 = CARTESIAN_POINT ( 'NONE',  ( 0.4000000000000140110, 4.250000000000000000, -0.1000000000000000056 ) ) ;
#12035 = CARTESIAN_POINT ( 'NONE',  ( 5.000000000000000000, 0.4000000000000000222, 1.000000000000000000 ) ) ;
#12036 = ORIENTED_EDGE ( 'NONE', *, *, #12201, .F. ) ;
#12037 = ORIENTED_EDGE ( 'NONE', *, *, #9790, .F. ) ;
#12038 = CARTESIAN_POINT ( 'NONE',  ( 1.070000000000016049, 5.009999999999999787, -0.1000000000000000056 ) ) ;
#12039 = CARTESIAN_POINT ( 'NONE',  ( -2.140000000000049862, -4.750000000000000000, 1.000000000000000000 ) ) ;
#12040 = AXIS2_PLACEMENT_3D ( 'NONE', #67, #10757, #2042 ) ;
#12041 = EDGE_CURVE ( 'NONE', #5483, #8533, #11099, .T. ) ;
#12042 = LINE ( 'NONE', #10584, #10407 ) ;
#12043 = PRESENTATION_STYLE_ASSIGNMENT (( #8197 ) ) ;
#12044 = CARTESIAN_POINT ( 'NONE',  ( 0.1999999999999484968, -5.000000000000000000, 1.100000000000000089 ) ) ;
#12045 = LINE ( 'NONE', #1672, #212 ) ;
#12046 = VECTOR ( 'NONE', #12207, 1000.000000000000000 ) ;
#12047 = ORIENTED_EDGE ( 'NONE', *, *, #33, .T. ) ;
#12048 = PRESENTATION_STYLE_ASSIGNMENT (( #2501 ) ) ;
#12049 = LINE ( 'NONE', #2644, #11189 ) ;
#12050 = ORIENTED_EDGE ( 'NONE', *, *, #10010, .F. ) ;
#12051 = VERTEX_POINT ( 'NONE', #1534 ) ;
#12052 = DIRECTION ( 'NONE',  ( -1.000000000000000000, 3.491481338843135327E-15, 0.000000000000000000 ) ) ;
#12053 = ORIENTED_EDGE ( 'NONE', *, *, #5421, .F. ) ;
#12054 = VERTEX_POINT ( 'NONE', #6397 ) ;
#12055 = SURFACE_SIDE_STYLE ('',( #8977 ) ) ;
#12056 = ADVANCED_FACE ( 'NONE', ( #5404 ), #4863, .F. ) ;
#12057 = LINE ( 'NONE', #12184, #5300 ) ;
#12058 = CARTESIAN_POINT ( 'NONE',  ( -0.8700000000000489564, -4.750000000000000000, 1.000000000000000000 ) ) ;
#12059 = CARTESIAN_POINT ( 'NONE',  ( 2.739999999999950031, -5.000000000000000000, -0.1000000000000000056 ) ) ;
#12060 = FACE_OUTER_BOUND ( 'NONE', #11523, .T. ) ;
#12061 = PRESENTATION_STYLE_ASSIGNMENT (( #3356 ) ) ;
#12062 = DIRECTION ( 'NONE',  ( 0.000000000000000000, 0.000000000000000000, -1.000000000000000000 ) ) ;
#12063 = SURFACE_STYLE_FILL_AREA ( #9051 ) ;
#12064 = DIRECTION ( 'NONE',  ( 1.000000000000000000, 0.000000000000000000, 0.000000000000000000 ) ) ;
#12065 = VERTEX_POINT ( 'NONE', #2977 ) ;
#12066 = DIRECTION ( 'NONE',  ( 1.000000000000000000, 0.000000000000000000, 0.000000000000000000 ) ) ;
#12067 = ORIENTED_EDGE ( 'NONE', *, *, #1862, .F. ) ;
#12068 = CARTESIAN_POINT ( 'NONE',  ( -4.750000000000000000, 0.4000000000000000222, 1.100000000000000089 ) ) ;
#12069 = ADVANCED_FACE ( 'NONE', ( #10813 ), #2149, .F. ) ;
#12070 = SURFACE_STYLE_USAGE ( .BOTH. , #3371 ) ;
#12071 = PLANE ( 'NONE',  #7972 ) ;
#12072 = LINE ( 'NONE', #8027, #4116 ) ;
#12073 = SURFACE_SIDE_STYLE ('',( #4564 ) ) ;
#12074 = DIRECTION ( 'NONE',  ( -1.047444401652940164E-14, -1.000000000000000000, 0.000000000000000000 ) ) ;
#12075 = LINE ( 'NONE', #3499, #1505 ) ;
#12076 = CARTESIAN_POINT ( 'NONE',  ( -5.000000000000000000, -5.000000000000000000, 1.000000000000000000 ) ) ;
#12077 = DIRECTION ( 'NONE',  ( 1.000000000000000000, 1.734723475976804876E-16, 0.000000000000000000 ) ) ;
#12078 = ORIENTED_EDGE ( 'NONE', *, *, #8708, .F. ) ;
#12079 = ORIENTED_EDGE ( 'NONE', *, *, #10075, .T. ) ;
#12080 = ORIENTED_EDGE ( 'NONE', *, *, #7940, .T. ) ;
#12081 = ADVANCED_FACE ( 'NONE', ( #11516 ), #125, .F. ) ;
#12082 = EDGE_CURVE ( 'NONE', #5333, #208, #3046, .T. ) ;
#12083 = SURFACE_SIDE_STYLE ('',( #835 ) ) ;
#12084 = ORIENTED_EDGE ( 'NONE', *, *, #259, .F. ) ;
#12085 = CARTESIAN_POINT ( 'NONE',  ( -0.8699999999999830091, 5.000000000000000000, 0.000000000000000000 ) ) ;
#12086 = ORIENTED_EDGE ( 'NONE', *, *, #6953, .T. ) ;
#12087 = ORIENTED_EDGE ( 'NONE', *, *, #4226, .T. ) ;
#12088 = FACE_OUTER_BOUND ( 'NONE', #9218, .T. ) ;
#12089 = SURFACE_SIDE_STYLE ('',( #5410 ) ) ;
#12090 = EDGE_CURVE ( 'NONE', #1524, #8001, #1194, .T. ) ;
#12091 =( NAMED_UNIT ( * ) SI_UNIT ( $, .STERADIAN. ) SOLID_ANGLE_UNIT ( ) );
#12092 = VECTOR ( 'NONE', #7195, 1000.000000000000000 ) ;
#12093 = VECTOR ( 'NONE', #12188, 1000.000000000000000 ) ;
#12094 = CARTESIAN_POINT ( 'NONE',  ( -5.000000000000000000, -1.270000000000000018, -0.2999999999999999889 ) ) ;
#12095 = DIRECTION ( 'NONE',  ( 0.000000000000000000, 0.000000000000000000, -1.000000000000000000 ) ) ;
#12096 = CARTESIAN_POINT ( 'NONE',  ( -4.750000000000000000, -0.4000000000000000222, 1.000000000000000000 ) ) ;
#12097 = CARTESIAN_POINT ( 'NONE',  ( 2.939999999999999947, 5.000000000000000000, 0.000000000000000000 ) ) ;
#12098 = CARTESIAN_POINT ( 'NONE',  ( -5.000000000000000000, -0.8699999999999999956, -0.1000000000000000056 ) ) ;
#12099 = EDGE_LOOP ( 'NONE', ( #1983, #21, #7168, #6715 ) ) ;
#12100 = DIRECTION ( 'NONE',  ( 1.000000000000000000, -3.491481338843135327E-15, 0.000000000000000000 ) ) ;
#12101 = ORIENTED_EDGE ( 'NONE', *, *, #4605, .T. ) ;
#12102 = PRESENTATION_LAYER_ASSIGNMENT (  '', '', ( #5106 ) ) ;
#12103 =( GEOMETRIC_REPRESENTATION_CONTEXT ( 3 ) GLOBAL_UNCERTAINTY_ASSIGNED_CONTEXT ( ( #8340 ) ) GLOBAL_UNIT_ASSIGNED_CONTEXT ( ( #11221, #10185, #12312 ) ) REPRESENTATION_CONTEXT ( 'NONE', 'WORKASPACE' ) );
#12104 = PRODUCT_DEFINITION ( 'UNKNOWN', '', #1726, #4547 ) ;
#12105 = STYLED_ITEM ( 'NONE', ( #5760 ), #10419 ) ;
#12106 = SURFACE_STYLE_USAGE ( .BOTH. , #8267 ) ;
#12107 = ORIENTED_EDGE ( 'NONE', *, *, #11953, .F. ) ;
#12108 = UNCERTAINTY_MEASURE_WITH_UNIT (LENGTH_MEASURE( 1.000000000000000082E-05 ), #11984, 'distance_accuracy_value', 'NONE');
#12109 = ORIENTED_EDGE ( 'NONE', *, *, #5140, .F. ) ;
#12110 = SURFACE_STYLE_USAGE ( .BOTH. , #621 ) ;
#12111 =( NAMED_UNIT ( * ) SI_UNIT ( $, .STERADIAN. ) SOLID_ANGLE_UNIT ( ) );
#12112 = VECTOR ( 'NONE', #8810, 1000.000000000000000 ) ;
#12113 = FILL_AREA_STYLE ('',( #8272 ) ) ;
#12114 = CARTESIAN_POINT ( 'NONE',  ( -5.000000000000000000, 1.670000000000000151, 0.000000000000000000 ) ) ;
#12115 =( GEOMETRIC_REPRESENTATION_CONTEXT ( 3 ) GLOBAL_UNCERTAINTY_ASSIGNED_CONTEXT ( ( #7538 ) ) GLOBAL_UNIT_ASSIGNED_CONTEXT ( ( #6758, #2037, #7839 ) ) REPRESENTATION_CONTEXT ( 'NONE', 'WORKASPACE' ) );
#12116 = LINE ( 'NONE', #4480, #11882 ) ;
#12117 = SURFACE_SIDE_STYLE ('',( #9106 ) ) ;
#12118 = DIRECTION ( 'NONE',  ( 0.000000000000000000, -1.000000000000000000, 0.000000000000000000 ) ) ;
#12119 = CARTESIAN_POINT ( 'NONE',  ( -5.000000000000000000, 5.000000000000000000, 0.000000000000000000 ) ) ;
#12120 = PRESENTATION_STYLE_ASSIGNMENT (( #10297 ) ) ;
#12121 = FACE_OUTER_BOUND ( 'NONE', #7413, .T. ) ;
#12122 = ORIENTED_EDGE ( 'NONE', *, *, #7726, .T. ) ;
#12123 = ADVANCED_FACE ( 'NONE', ( #6054 ), #1130, .T. ) ;
#12124 = PRESENTATION_LAYER_ASSIGNMENT (  '', '', ( #10513 ) ) ;
#12125 = VECTOR ( 'NONE', #10434, 1000.000000000000000 ) ;
#12126 = LINE ( 'NONE', #6491, #5161 ) ;
#12127 = VECTOR ( 'NONE', #9445, 1000.000000000000000 ) ;
#12128 = AXIS2_PLACEMENT_3D ( 'NONE', #7263, #4330, #1530 ) ;
#12129 = STYLED_ITEM ( 'NONE', ( #2116 ), #6581 ) ;
#12130 = SURFACE_SIDE_STYLE ('',( #4491 ) ) ;
#12131 = VERTEX_POINT ( 'NONE', #2392 ) ;
#12132 = FACE_OUTER_BOUND ( 'NONE', #2876, .T. ) ;
#12133 = CARTESIAN_POINT ( 'NONE',  ( 5.000000000000000000, 1.469999999999999973, 1.100000000000000089 ) ) ;
#12134 = DIRECTION ( 'NONE',  ( 1.000000000000000000, 1.734723475976804876E-16, 0.000000000000000000 ) ) ;
#12135 =( NAMED_UNIT ( * ) SI_UNIT ( $, .STERADIAN. ) SOLID_ANGLE_UNIT ( ) );
#12136 = DIRECTION ( 'NONE',  ( -1.000000000000000000, 0.000000000000000000, 0.000000000000000000 ) ) ;
#12137 = DIRECTION ( 'NONE',  ( 1.000000000000000000, 1.734723475976804876E-16, 0.000000000000000000 ) ) ;
#12138 = SURFACE_SIDE_STYLE ('',( #10117 ) ) ;
#12139 = PRESENTATION_LAYER_ASSIGNMENT (  '', '', ( #9526 ) ) ;
#12140 = CARTESIAN_POINT ( 'NONE',  ( -2.340000000000050040, -5.009999999999999787, 1.100000000000000089 ) ) ;
#12141 = CARTESIAN_POINT ( 'NONE',  ( -4.750000000000000000, -0.8699999999999999956, 1.100000000000000089 ) ) ;
#12142 =( NAMED_UNIT ( * ) PLANE_ANGLE_UNIT ( ) SI_UNIT ( $, .RADIAN. ) );
#12143 = ORIENTED_EDGE ( 'NONE', *, *, #11571, .T. ) ;
#12144 = ADVANCED_FACE ( 'NONE', ( #10171 ), #11074, .F. ) ;
#12145 = ORIENTED_EDGE ( 'NONE', *, *, #5816, .F. ) ;
#12146 = ORIENTED_EDGE ( 'NONE', *, *, #3583, .T. ) ;
#12147 = ORIENTED_EDGE ( 'NONE', *, *, #5392, .T. ) ;
#12148 = FILL_AREA_STYLE_COLOUR ( '', #12191 ) ;
#12149 =( GEOMETRIC_REPRESENTATION_CONTEXT ( 3 ) GLOBAL_UNCERTAINTY_ASSIGNED_CONTEXT ( ( #8913 ) ) GLOBAL_UNIT_ASSIGNED_CONTEXT ( ( #9659, #91, #4271 ) ) REPRESENTATION_CONTEXT ( 'NONE', 'WORKASPACE' ) );
#12150 = DIRECTION ( 'NONE',  ( 1.000000000000000000, 1.734723475976804876E-16, 0.000000000000000000 ) ) ;
#12151 = VECTOR ( 'NONE', #5610, 1000.000000000000000 ) ;
#12152 = FACE_OUTER_BOUND ( 'NONE', #1795, .T. ) ;
#12154 = PRESENTATION_LAYER_ASSIGNMENT (  '', '', ( #1949 ) ) ;
#12153 =( LENGTH_UNIT ( ) NAMED_UNIT ( * ) SI_UNIT ( .MILLI., .METRE. ) );
#12155 = STYLED_ITEM ( 'NONE', ( #12120 ), #12218 ) ;
#12156 = DIRECTION ( 'NONE',  ( 0.000000000000000000, 0.000000000000000000, 1.000000000000000000 ) ) ;
#12157 = ADVANCED_FACE ( 'NONE', ( #6243, #569 ), #5237, .T. ) ;
#12158 = PRESENTATION_LAYER_ASSIGNMENT (  '', '', ( #3963 ) ) ;
#12159 = ADVANCED_FACE ( 'NONE', ( #5369 ), #6368, .F. ) ;
#12160 = ORIENTED_EDGE ( 'NONE', *, *, #236, .T. ) ;
#12161 = ORIENTED_EDGE ( 'NONE', *, *, #465, .T. ) ;
#12162 = FACE_OUTER_BOUND ( 'NONE', #10789, .T. ) ;
#12163 = COLOUR_RGB ( '',1.000000000000000000, 0.8117647058823529438, 0.5019607843137254832 ) ;
#12164 = VECTOR ( 'NONE', #9909, 1000.000000000000000 ) ;
#12165 = MECHANICAL_DESIGN_GEOMETRIC_PRESENTATION_REPRESENTATION (  '', ( #2756 ), #6765 ) ;
#12166 =( LENGTH_UNIT ( ) NAMED_UNIT ( * ) SI_UNIT ( .MILLI., .METRE. ) );
#12167 = DIRECTION ( 'NONE',  ( 0.000000000000000000, 1.000000000000000000, 0.000000000000000000 ) ) ;
#12168 = DIRECTION ( 'NONE',  ( 0.000000000000000000, 0.000000000000000000, -1.000000000000000000 ) ) ;
#12169 = MECHANICAL_DESIGN_GEOMETRIC_PRESENTATION_REPRESENTATION (  '', ( #4171 ), #6769 ) ;
#12170 =( LENGTH_UNIT ( ) NAMED_UNIT ( * ) SI_UNIT ( .MILLI., .METRE. ) );
#12171 = DIRECTION ( 'NONE',  ( 1.000000000000000000, 0.000000000000000000, 0.000000000000000000 ) ) ;
#12172 = SURFACE_SIDE_STYLE ('',( #9227 ) ) ;
#12173 = ORIENTED_EDGE ( 'NONE', *, *, #6313, .T. ) ;
#12174 = LINE ( 'NONE', #6476, #723 ) ;
#12175 = VERTEX_POINT ( 'NONE', #4551 ) ;
#12176 = ADVANCED_FACE ( 'NONE', ( #8480 ), #1759, .T. ) ;
#12177 = LINE ( 'NONE', #2647, #10749 ) ;
#12178 = EDGE_LOOP ( 'NONE', ( #4503, #7188, #11901, #1652 ) ) ;
#12179 = EDGE_CURVE ( 'NONE', #6506, #12350, #5616, .T. ) ;
#12180 = ORIENTED_EDGE ( 'NONE', *, *, #20, .F. ) ;
#12181 = VECTOR ( 'NONE', #1456, 1000.000000000000000 ) ;
#12182 = PRESENTATION_LAYER_ASSIGNMENT (  '', '', ( #10368 ) ) ;
#12183 = EDGE_CURVE ( 'NONE', #4023, #11986, #11447, .T. ) ;
#12184 = CARTESIAN_POINT ( 'NONE',  ( -1.069999999999983853, 5.009999999999999787, 1.100000000000000089 ) ) ;
#12185 = CARTESIAN_POINT ( 'NONE',  ( -4.250000000000000000, 4.250000000000000000, 2.500000000000000000 ) ) ;
#12186 = SURFACE_SIDE_STYLE ('',( #5485 ) ) ;
#12187 = PRESENTATION_STYLE_ASSIGNMENT (( #681 ) ) ;
#12188 = DIRECTION ( 'NONE',  ( 1.030097166893172093E-14, 1.000000000000000000, 0.000000000000000000 ) ) ;
#12189 = SURFACE_SIDE_STYLE ('',( #1429 ) ) ;
#12190 = MECHANICAL_DESIGN_GEOMETRIC_PRESENTATION_REPRESENTATION (  '', ( #1953 ), #1557 ) ;
#12191 = COLOUR_RGB ( '',1.000000000000000000, 0.8117647058823529438, 0.5019607843137254832 ) ;
#12192 = DIRECTION ( 'NONE',  ( 0.000000000000000000, 0.000000000000000000, -1.000000000000000000 ) ) ;
#12193 = FILL_AREA_STYLE_COLOUR ( '', #6148 ) ;
#12194 = DIRECTION ( 'NONE',  ( 1.000000000000000000, 0.000000000000000000, 0.000000000000000000 ) ) ;
#12195 = ORIENTED_EDGE ( 'NONE', *, *, #10589, .T. ) ;
#12196 = VECTOR ( 'NONE', #4942, 1000.000000000000000 ) ;
#12197 = CARTESIAN_POINT ( 'NONE',  ( 4.750000000000000000, -0.4000000000000000222, 1.100000000000000089 ) ) ;
#12198 = ORIENTED_EDGE ( 'NONE', *, *, #9743, .F. ) ;
#12199 = AXIS2_PLACEMENT_3D ( 'NONE', #1821, #10306, #4622 ) ;
#12200 = CARTESIAN_POINT ( 'NONE',  ( -4.250000000000000000, 4.250000000000000000, 2.500000000000000000 ) ) ;
#12201 = EDGE_CURVE ( 'NONE', #5541, #7457, #7426, .T. ) ;
#12202 = LINE ( 'NONE', #7431, #5609 ) ;
#12203 = DIRECTION ( 'NONE',  ( -1.000000000000000000, 3.318008991245455407E-15, 0.000000000000000000 ) ) ;
#12204 = LINE ( 'NONE', #1514, #7324 ) ;
#12205 =( NAMED_UNIT ( * ) PLANE_ANGLE_UNIT ( ) SI_UNIT ( $, .RADIAN. ) );
#12206 =( LENGTH_UNIT ( ) NAMED_UNIT ( * ) SI_UNIT ( .MILLI., .METRE. ) );
#12207 = DIRECTION ( 'NONE',  ( 0.000000000000000000, 0.000000000000000000, 1.000000000000000000 ) ) ;
#12208 = EDGE_LOOP ( 'NONE', ( #5825, #9662, #8083, #850 ) ) ;
#12209 = VECTOR ( 'NONE', #11905, 1000.000000000000000 ) ;
#12210 = MECHANICAL_DESIGN_GEOMETRIC_PRESENTATION_REPRESENTATION (  '', ( #5008 ), #4606 ) ;
#12211 = VERTEX_POINT ( 'NONE', #2848 ) ;
#12212 = ORIENTED_EDGE ( 'NONE', *, *, #6298, .T. ) ;
#12213 = ORIENTED_EDGE ( 'NONE', *, *, #4738, .F. ) ;
#12214 = FACE_OUTER_BOUND ( 'NONE', #1279, .T. ) ;
#12215 = UNCERTAINTY_MEASURE_WITH_UNIT (LENGTH_MEASURE( 1.000000000000000082E-05 ), #10461, 'distance_accuracy_value', 'NONE');
#12216 = FILL_AREA_STYLE ('',( #11288 ) ) ;
#12217 = PLANE ( 'NONE',  #5582 ) ;
#12218 = ADVANCED_FACE ( 'NONE', ( #3614 ), #11391, .F. ) ;
#12219 = DIRECTION ( 'NONE',  ( 0.000000000000000000, -1.000000000000000000, 0.000000000000000000 ) ) ;
#12220 = STYLED_ITEM ( 'NONE', ( #6913 ), #384 ) ;
#12221 = CARTESIAN_POINT ( 'NONE',  ( 5.009999999999999787, 2.339999999999999858, -0.1000000000000000056 ) ) ;
#12222 = VECTOR ( 'NONE', #2079, 1000.000000000000000 ) ;
#12223 = ORIENTED_EDGE ( 'NONE', *, *, #3711, .T. ) ;
#12224 = COLOUR_RGB ( '',1.000000000000000000, 0.8117647058823529438, 0.5019607843137254832 ) ;
#12225 = ORIENTED_EDGE ( 'NONE', *, *, #3804, .T. ) ;
#12226 = ORIENTED_EDGE ( 'NONE', *, *, #1403, .T. ) ;
#12227 = SURFACE_STYLE_USAGE ( .BOTH. , #12089 ) ;
#12228 = CARTESIAN_POINT ( 'NONE',  ( 5.009999999999999787, -2.339999999999999858, -0.1000000000000000056 ) ) ;
#12229 =( LENGTH_UNIT ( ) NAMED_UNIT ( * ) SI_UNIT ( .MILLI., .METRE. ) );
#12230 = ADVANCED_FACE ( 'NONE', ( #8787 ), #5981, .F. ) ;
#12231 = COLOUR_RGB ( '',1.000000000000000000, 0.8117647058823529438, 0.5019607843137254832 ) ;
#12232 =( LENGTH_UNIT ( ) NAMED_UNIT ( * ) SI_UNIT ( .MILLI., .METRE. ) );
#12233 = DIRECTION ( 'NONE',  ( 0.000000000000000000, -1.000000000000000000, 0.000000000000000000 ) ) ;
#12234 = ORIENTED_EDGE ( 'NONE', *, *, #3860, .T. ) ;
#12236 = ORIENTED_EDGE ( 'NONE', *, *, #8936, .F. ) ;
#12235 = VECTOR ( 'NONE', #5950, 1000.000000000000000 ) ;
#12237 = VERTEX_POINT ( 'NONE', #11267 ) ;
#12238 = EDGE_CURVE ( 'NONE', #6540, #1538, #9369, .T. ) ;
#12239 = EDGE_CURVE ( 'NONE', #5551, #10445, #10300, .T. ) ;
#12240 = PRESENTATION_LAYER_ASSIGNMENT (  '', '', ( #4452 ) ) ;
#12241 = SURFACE_SIDE_STYLE ('',( #8408 ) ) ;
#12242 = DIRECTION ( 'NONE',  ( 0.000000000000000000, 0.000000000000000000, 1.000000000000000000 ) ) ;
#12243 = FILL_AREA_STYLE ('',( #3481 ) ) ;
#12244 = DIRECTION ( 'NONE',  ( -3.252606517456518824E-15, -1.000000000000000000, 0.000000000000000000 ) ) ;
#12245 = FILL_AREA_STYLE ('',( #8602 ) ) ;
#12246 = LINE ( 'NONE', #9542, #1986 ) ;
#12247 =( LENGTH_UNIT ( ) NAMED_UNIT ( * ) SI_UNIT ( .MILLI., .METRE. ) );
#12248 = EDGE_LOOP ( 'NONE', ( #11033, #2560, #8254, #9747, #7900, #12223, #4539, #4686, #4977 ) ) ;
#12249 =( GEOMETRIC_REPRESENTATION_CONTEXT ( 3 ) GLOBAL_UNCERTAINTY_ASSIGNED_CONTEXT ( ( #10258 ) ) GLOBAL_UNIT_ASSIGNED_CONTEXT ( ( #1273, #10903, #7804 ) ) REPRESENTATION_CONTEXT ( 'NONE', 'WORKASPACE' ) );
#12250 = VERTEX_POINT ( 'NONE', #2597 ) ;
#12251 = PLANE ( 'NONE',  #1558 ) ;
#12252 = PRESENTATION_STYLE_ASSIGNMENT (( #766 ) ) ;
#12253 = UNCERTAINTY_MEASURE_WITH_UNIT (LENGTH_MEASURE( 1.000000000000000082E-05 ), #2918, 'distance_accuracy_value', 'NONE');
#12254 = PLANE ( 'NONE',  #4337 ) ;
#12255 = CARTESIAN_POINT ( 'NONE',  ( -5.000000000000000000, -2.140000000000000124, 1.000000000000000000 ) ) ;
#12256 = VECTOR ( 'NONE', #12409, 1000.000000000000000 ) ;
#12257 = DIRECTION ( 'NONE',  ( 0.000000000000000000, 0.000000000000000000, 1.000000000000000000 ) ) ;
#12258 = ORIENTED_EDGE ( 'NONE', *, *, #5186, .F. ) ;
#12259 = ORIENTED_EDGE ( 'NONE', *, *, #8157, .T. ) ;
#12260 = EDGE_CURVE ( 'NONE', #8642, #5316, #9298, .T. ) ;
#12261 = ORIENTED_EDGE ( 'NONE', *, *, #1669, .T. ) ;
#12262 = PRESENTATION_STYLE_ASSIGNMENT (( #2741 ) ) ;
#12263 = PLANE ( 'NONE',  #8190 ) ;
#12264 = SURFACE_STYLE_USAGE ( .BOTH. , #11291 ) ;
#12265 = ORIENTED_EDGE ( 'NONE', *, *, #5939, .T. ) ;
#12266 = ADVANCED_FACE ( 'NONE', ( #8975 ), #7167, .F. ) ;
#12267 = ORIENTED_EDGE ( 'NONE', *, *, #7447, .F. ) ;
#12268 = ORIENTED_EDGE ( 'NONE', *, *, #4130, .F. ) ;
#12269 = DIRECTION ( 'NONE',  ( -1.000000000000000000, 1.047444401652940164E-14, 0.000000000000000000 ) ) ;
#12270 = CARTESIAN_POINT ( 'NONE',  ( 5.000000000000000000, 1.670000000000000151, -0.1000000000000000056 ) ) ;
#12271 =( NAMED_UNIT ( * ) SI_UNIT ( $, .STERADIAN. ) SOLID_ANGLE_UNIT ( ) );
#12272 = CARTESIAN_POINT ( 'NONE',  ( -5.000000000000000000, -2.540000000000000036, -0.1000000000000000056 ) ) ;
#12273 = PRESENTATION_LAYER_ASSIGNMENT (  '', '', ( #10675 ) ) ;
#12274 = LINE ( 'NONE', #12097, #9266 ) ;
#12275 = DIRECTION ( 'NONE',  ( 1.000000000000000000, 0.000000000000000000, 0.000000000000000000 ) ) ;
#12276 = FACE_OUTER_BOUND ( 'NONE', #1293, .T. ) ;
#12277 = ORIENTED_EDGE ( 'NONE', *, *, #4278, .T. ) ;
#12278 = EDGE_CURVE ( 'NONE', #1419, #8992, #8007, .T. ) ;
#12279 = FACE_OUTER_BOUND ( 'NONE', #2048, .T. ) ;
#12280 = ORIENTED_EDGE ( 'NONE', *, *, #10462, .T. ) ;
#12281 = VERTEX_POINT ( 'NONE', #11859 ) ;
#12282 = VECTOR ( 'NONE', #2613, 1000.000000000000000 ) ;
#12283 = STYLED_ITEM ( 'NONE', ( #10523 ), #9846 ) ;
#12284 = CARTESIAN_POINT ( 'NONE',  ( -1.469999999999981988, 5.009999999999999787, 1.100000000000000089 ) ) ;
#12285 = LINE ( 'NONE', #6668, #5707 ) ;
#12286 =( NAMED_UNIT ( * ) SI_UNIT ( $, .STERADIAN. ) SOLID_ANGLE_UNIT ( ) );
#12287 = UNCERTAINTY_MEASURE_WITH_UNIT (LENGTH_MEASURE( 1.000000000000000082E-05 ), #4486, 'distance_accuracy_value', 'NONE');
#12288 =( NAMED_UNIT ( * ) PLANE_ANGLE_UNIT ( ) SI_UNIT ( $, .RADIAN. ) );
#12289 =( LENGTH_UNIT ( ) NAMED_UNIT ( * ) SI_UNIT ( .MILLI., .METRE. ) );
#12290 = LINE ( 'NONE', #12358, #10175 ) ;
#12291 = FILL_AREA_STYLE ('',( #8478 ) ) ;
#12292 =( GEOMETRIC_REPRESENTATION_CONTEXT ( 3 ) GLOBAL_UNCERTAINTY_ASSIGNED_CONTEXT ( ( #10544 ) ) GLOBAL_UNIT_ASSIGNED_CONTEXT ( ( #4346, #5275, #11976 ) ) REPRESENTATION_CONTEXT ( 'NONE', 'WORKASPACE' ) );
#12293 = CARTESIAN_POINT ( 'NONE',  ( 1.469999999999948015, -5.009999999999999787, 1.100000000000000089 ) ) ;
#12294 = ORIENTED_EDGE ( 'NONE', *, *, #1301, .F. ) ;
#12295 = EDGE_CURVE ( 'NONE', #5571, #1453, #1733, .T. ) ;
#12296 = EDGE_CURVE ( 'NONE', #7137, #11841, #3285, .T. ) ;
#12297 = SURFACE_SIDE_STYLE ('',( #6561 ) ) ;
#12298 = UNCERTAINTY_MEASURE_WITH_UNIT (LENGTH_MEASURE( 1.000000000000000082E-05 ), #2527, 'distance_accuracy_value', 'NONE');
#12299 = MECHANICAL_DESIGN_GEOMETRIC_PRESENTATION_REPRESENTATION (  '', ( #1685 ), #10702 ) ;
#12300 = VECTOR ( 'NONE', #11279, 1000.000000000000000 ) ;
#12301 = FILL_AREA_STYLE ('',( #5621 ) ) ;
#12302 = EDGE_CURVE ( 'NONE', #5408, #4826, #7228, .T. ) ;
#12303 =( GEOMETRIC_REPRESENTATION_CONTEXT ( 3 ) GLOBAL_UNCERTAINTY_ASSIGNED_CONTEXT ( ( #6805 ) ) GLOBAL_UNIT_ASSIGNED_CONTEXT ( ( #11046, #10137, #2360 ) ) REPRESENTATION_CONTEXT ( 'NONE', 'WORKASPACE' ) );
#12304 = FILL_AREA_STYLE ('',( #523 ) ) ;
#12305 =( LENGTH_UNIT ( ) NAMED_UNIT ( * ) SI_UNIT ( .MILLI., .METRE. ) );
#12306 = DIRECTION ( 'NONE',  ( 0.000000000000000000, 0.000000000000000000, 1.000000000000000000 ) ) ;
#12307 = CARTESIAN_POINT ( 'NONE',  ( 2.539999999999950298, -5.000000000000000000, -0.1000000000000000056 ) ) ;
#12308 = CARTESIAN_POINT ( 'NONE',  ( -0.4000000000000490386, -4.750000000000000000, 1.100000000000000089 ) ) ;
#12309 = DIRECTION ( 'NONE',  ( -3.491481338843135327E-15, -1.000000000000000000, 0.000000000000000000 ) ) ;
#12310 = FILL_AREA_STYLE ('',( #8492 ) ) ;
#12311 = PRESENTATION_STYLE_ASSIGNMENT (( #3872 ) ) ;
#12312 =( NAMED_UNIT ( * ) SI_UNIT ( $, .STERADIAN. ) SOLID_ANGLE_UNIT ( ) );
#12313 = VECTOR ( 'NONE', #9341, 1000.000000000000000 ) ;
#12314 = PRESENTATION_STYLE_ASSIGNMENT (( #8619 ) ) ;
#12315 = STYLED_ITEM ( 'NONE', ( #2905 ), #3693 ) ;
#12316 = CARTESIAN_POINT ( 'NONE',  ( -0.8699999999999860067, 4.250000000000000000, -0.1000000000000000056 ) ) ;
#12317 = COLOUR_RGB ( '',1.000000000000000000, 0.8117647058823529438, 0.5019607843137254832 ) ;
#12318 = AXIS2_PLACEMENT_3D ( 'NONE', #11558, #1864, #4855 ) ;
#12319 = VECTOR ( 'NONE', #3642, 1000.000000000000000 ) ;
#12320 = EDGE_CURVE ( 'NONE', #4289, #1745, #2439, .T. ) ;
#12321 = VERTEX_POINT ( 'NONE', #3235 ) ;
#12322 = EDGE_LOOP ( 'NONE', ( #550, #11090, #11682, #4248 ) ) ;
#12323 = ORIENTED_EDGE ( 'NONE', *, *, #6905, .F. ) ;
#12324 = CARTESIAN_POINT ( 'NONE',  ( 0.8699999999999569189, -4.250000000000000000, -0.1000000000000000056 ) ) ;
#12325 = UNCERTAINTY_MEASURE_WITH_UNIT (LENGTH_MEASURE( 1.000000000000000082E-05 ), #1054, 'distance_accuracy_value', 'NONE');
#12326 = CARTESIAN_POINT ( 'NONE',  ( -4.250000000000000000, 1.670000000000000151, -0.1000000000000000056 ) ) ;
#12327 = PRESENTATION_LAYER_ASSIGNMENT (  '', '', ( #700 ) ) ;
#12328 = FILL_AREA_STYLE_COLOUR ( '', #4180 ) ;
#12329 = VECTOR ( 'NONE', #9159, 1000.000000000000000 ) ;
#12330 = LINE ( 'NONE', #2873, #4525 ) ;
#12331 = SURFACE_STYLE_FILL_AREA ( #10263 ) ;
#12332 = EDGE_LOOP ( 'NONE', ( #1333, #1944, #3516, #374, #2134, #7960, #1609, #2311 ) ) ;
#12333 = ORIENTED_EDGE ( 'NONE', *, *, #8779, .T. ) ;
#12334 = VECTOR ( 'NONE', #8690, 1000.000000000000000 ) ;
#12335 = ORIENTED_EDGE ( 'NONE', *, *, #11807, .F. ) ;
#12336 = EDGE_LOOP ( 'NONE', ( #10094, #2069, #1364, #5646 ) ) ;
#12337 = CARTESIAN_POINT ( 'NONE',  ( 2.739999999999999769, 5.009999999999999787, -0.1000000000000000056 ) ) ;
#12338 = FILL_AREA_STYLE_COLOUR ( '', #2546 ) ;
#12339 = DIRECTION ( 'NONE',  ( -1.000000000000000000, 0.000000000000000000, 0.000000000000000000 ) ) ;
#12340 = PRESENTATION_LAYER_ASSIGNMENT (  '', '', ( #5356 ) ) ;
#12341 = ADVANCED_FACE ( 'NONE', ( #9972 ), #10091, .F. ) ;
#12342 = VECTOR ( 'NONE', #2064, 1000.000000000000000 ) ;
#12343 = DIRECTION ( 'NONE',  ( 3.491481338843135327E-15, 1.000000000000000000, 0.000000000000000000 ) ) ;
#12344 = DIRECTION ( 'NONE',  ( 0.000000000000000000, 0.000000000000000000, -1.000000000000000000 ) ) ;
#12345 = LINE ( 'NONE', #2832, #1046 ) ;
#12346 = ORIENTED_EDGE ( 'NONE', *, *, #5282, .F. ) ;
#12347 = VECTOR ( 'NONE', #6248, 1000.000000000000000 ) ;
#12348 =( NAMED_UNIT ( * ) SI_UNIT ( $, .STERADIAN. ) SOLID_ANGLE_UNIT ( ) );
#12349 = ORIENTED_EDGE ( 'NONE', *, *, #9997, .F. ) ;
#12350 = VERTEX_POINT ( 'NONE', #2576 ) ;
#12351 = STYLED_ITEM ( 'NONE', ( #4537 ), #12370 ) ;
#12352 = AXIS2_PLACEMENT_3D ( 'NONE', #1628, #2581, #558 ) ;
#12353 = AXIS2_PLACEMENT_3D ( 'NONE', #11985, #2239, #6086 ) ;
#12354 = FILL_AREA_STYLE_COLOUR ( '', #7105 ) ;
#12355 = STYLED_ITEM ( 'NONE', ( #2851 ), #354 ) ;
#12356 = DIRECTION ( 'NONE',  ( 0.000000000000000000, 0.000000000000000000, -1.000000000000000000 ) ) ;
#12357 = EDGE_CURVE ( 'NONE', #10510, #6019, #12177, .T. ) ;
#12358 = CARTESIAN_POINT ( 'NONE',  ( -1.670000000000000151, 4.750000000000000000, 1.100000000000000089 ) ) ;
#12359 =( LENGTH_UNIT ( ) NAMED_UNIT ( * ) SI_UNIT ( .MILLI., .METRE. ) );
#12360 = PRESENTATION_LAYER_ASSIGNMENT (  '', '', ( #5574 ) ) ;
#12361 = DIRECTION ( 'NONE',  ( -1.000000000000000000, 0.000000000000000000, 0.000000000000000000 ) ) ;
#12362 =( NAMED_UNIT ( * ) PLANE_ANGLE_UNIT ( ) SI_UNIT ( $, .RADIAN. ) );
#12363 = ORIENTED_EDGE ( 'NONE', *, *, #7681, .T. ) ;
#12364 = AXIS2_PLACEMENT_3D ( 'NONE', #12272, #6780, #1028 ) ;
#12365 = AXIS2_PLACEMENT_3D ( 'NONE', #7088, #6965, #461 ) ;
#12366 = FILL_AREA_STYLE_COLOUR ( '', #6574 ) ;
#12367 = PLANE ( 'NONE',  #12199 ) ;
#12368 = DIRECTION ( 'NONE',  ( 1.000000000000000000, 0.000000000000000000, 0.000000000000000000 ) ) ;
#12369 = MECHANICAL_DESIGN_GEOMETRIC_PRESENTATION_REPRESENTATION (  '', ( #11589 ), #537 ) ;
#12370 = ADVANCED_FACE ( 'NONE', ( #7581 ), #10279, .F. ) ;
#12371 = SURFACE_SIDE_STYLE ('',( #880 ) ) ;
#12372 = AXIS2_PLACEMENT_3D ( 'NONE', #7613, #10567, #1837 ) ;
#12373 = LINE ( 'NONE', #7601, #2925 ) ;
#12374 = CARTESIAN_POINT ( 'NONE',  ( -5.000000000000000000, -0.2000000000000000111, -0.2999999999999999889 ) ) ;
#12375 = FILL_AREA_STYLE_COLOUR ( '', #8332 ) ;
#12376 = AXIS2_PLACEMENT_3D ( 'NONE', #1886, #5747, #11220 ) ;
#12377 = ORIENTED_EDGE ( 'NONE', *, *, #8575, .F. ) ;
#12378 = VERTEX_POINT ( 'NONE', #1679 ) ;
#12379 = AXIS2_PLACEMENT_3D ( 'NONE', #116, #3922, #11455 ) ;
#12380 = ORIENTED_EDGE ( 'NONE', *, *, #1623, .F. ) ;
#12381 = UNCERTAINTY_MEASURE_WITH_UNIT (LENGTH_MEASURE( 1.000000000000000082E-05 ), #8881, 'distance_accuracy_value', 'NONE');
#12382 = ADVANCED_FACE ( 'NONE', ( #9352 ), #740, .F. ) ;
#12384 = ADVANCED_FACE ( 'NONE', ( #10417 ), #5722, .T. ) ;
#12383 = COLOUR_RGB ( '',1.000000000000000000, 0.8117647058823529438, 0.5019607843137254832 ) ;
#12385 = DIRECTION ( 'NONE',  ( 0.000000000000000000, 1.000000000000000000, 0.000000000000000000 ) ) ;
#12386 = FILL_AREA_STYLE_COLOUR ( '', #6528 ) ;
#12387 =( NAMED_UNIT ( * ) PLANE_ANGLE_UNIT ( ) SI_UNIT ( $, .RADIAN. ) );
#12388 = VECTOR ( 'NONE', #9576, 1000.000000000000000 ) ;
#12389 = SURFACE_STYLE_USAGE ( .BOTH. , #5765 ) ;
#12390 = ORIENTED_EDGE ( 'NONE', *, *, #5967, .F. ) ;
#12391 = VERTEX_POINT ( 'NONE', #11492 ) ;
#12392 = VECTOR ( 'NONE', #9365, 1000.000000000000000 ) ;
#12393 = ORIENTED_EDGE ( 'NONE', *, *, #164, .T. ) ;
#12394 = AXIS2_PLACEMENT_3D ( 'NONE', #10611, #9621, #5683 ) ;
#12395 = VERTEX_POINT ( 'NONE', #1998 ) ;
#12396 = CARTESIAN_POINT ( 'NONE',  ( -0.4000000000000519806, -5.000000000000000000, -0.1000000000000000056 ) ) ;
#12397 = CARTESIAN_POINT ( 'NONE',  ( 1.670000000000000151, 4.250000000000000000, 0.000000000000000000 ) ) ;
#12398 = DIRECTION ( 'NONE',  ( 1.000000000000000000, -3.491481338843135327E-15, 0.000000000000000000 ) ) ;
#12399 = ORIENTED_EDGE ( 'NONE', *, *, #2108, .T. ) ;
#12400 = DIRECTION ( 'NONE',  ( 0.000000000000000000, 1.000000000000000000, 0.000000000000000000 ) ) ;
#12401 = ORIENTED_EDGE ( 'NONE', *, *, #9487, .F. ) ;
#12402 = ORIENTED_EDGE ( 'NONE', *, *, #2040, .F. ) ;
#12403 = EDGE_CURVE ( 'NONE', #6892, #6508, #11610, .T. ) ;
#12404 = STYLED_ITEM ( 'NONE', ( #5030 ), #9007 ) ;
#12405 = MECHANICAL_DESIGN_GEOMETRIC_PRESENTATION_REPRESENTATION (  '', ( #1180 ), #2002 ) ;
#12406 = DIRECTION ( 'NONE',  ( 1.030097166893172093E-14, 1.000000000000000000, 0.000000000000000000 ) ) ;
#12407 = DIRECTION ( 'NONE',  ( -1.734723475976804876E-16, 1.000000000000000000, 0.000000000000000000 ) ) ;
#12408 = UNCERTAINTY_MEASURE_WITH_UNIT (LENGTH_MEASURE( 1.000000000000000082E-05 ), #5488, 'distance_accuracy_value', 'NONE');
#12409 = DIRECTION ( 'NONE',  ( 1.030097166893172093E-14, 1.000000000000000000, 0.000000000000000000 ) ) ;
#12410 = CARTESIAN_POINT ( 'NONE',  ( -5.000000000000000000, 5.000000000000000000, 1.000000000000000000 ) ) ;
#12411 = SURFACE_SIDE_STYLE ('',( #2716 ) ) ;
#12412 = PLANE ( 'NONE',  #3918 ) ;
#12413 = VECTOR ( 'NONE', #10002, 1000.000000000000000 ) ;
#12414 = CARTESIAN_POINT ( 'NONE',  ( 0.8699999999999490363, -5.000000000000000000, -0.1000000000000000056 ) ) ;
#12415 = ORIENTED_EDGE ( 'NONE', *, *, #11418, .F. ) ;
#12416 = UNCERTAINTY_MEASURE_WITH_UNIT (LENGTH_MEASURE( 1.000000000000000082E-05 ), #7969, 'distance_accuracy_value', 'NONE');
#12417 = EDGE_CURVE ( 'NONE', #5787, #9150, #2959, .T. ) ;
#12418 = SURFACE_STYLE_FILL_AREA ( #12301 ) ;
#12419 = VECTOR ( 'NONE', #12074, 1000.000000000000000 ) ;
#12420 = CARTESIAN_POINT ( 'NONE',  ( 1.670000000000000151, 5.000000000000000000, 0.000000000000000000 ) ) ;
#12421 = DIRECTION ( 'NONE',  ( -1.000000000000000000, 0.000000000000000000, 0.000000000000000000 ) ) ;
#12422 = DIRECTION ( 'NONE',  ( -1.000000000000000000, 1.047444401652940164E-14, 0.000000000000000000 ) ) ;
#12423 = SURFACE_SIDE_STYLE ('',( #936 ) ) ;
#12424 = DIRECTION ( 'NONE',  ( 3.491481338843135327E-15, 1.000000000000000000, 0.000000000000000000 ) ) ;
#12425 = SURFACE_SIDE_STYLE ('',( #8493 ) ) ;
#12426 = DIRECTION ( 'NONE',  ( 1.000000000000000000, 0.000000000000000000, 0.000000000000000000 ) ) ;
#12427 =( NAMED_UNIT ( * ) PLANE_ANGLE_UNIT ( ) SI_UNIT ( $, .RADIAN. ) );
#12428 = ORIENTED_EDGE ( 'NONE', *, *, #10442, .T. ) ;
#12429 = STYLED_ITEM ( 'NONE', ( #6316 ), #2885 ) ;
ENDSEC;
END-ISO-10303-21;
