ISO-10303-21;
HEADER;
FILE_DESCRIPTION (( 'STEP AP214' ),
    '1' );
FILE_NAME ('MAX-M10N-00B.stp',
    '2026-06-14T01:03:36',
    ( '' ),
    ( '' ),
    'SwSTEP 2.0',
    'SolidWorks 2026',
    '' );
FILE_SCHEMA (( 'AUTOMOTIVE_DESIGN' ));
ENDSEC;

DATA;
#1 = CARTESIAN_POINT ( 'NONE',  ( -4.850000000000000533, 0.000000000000000000, 3.299999999999999822 ) ) ;
#2 = FILL_AREA_STYLE_COLOUR ( '', #1336 ) ;
#3 = LINE ( 'NONE', #6466, #3787 ) ;
#4 = ORIENTED_EDGE ( 'NONE', *, *, #4703, .F. ) ;
#5 = ORIENTED_EDGE ( 'NONE', *, *, #9121, .T. ) ;
#6 = ORIENTED_EDGE ( 'NONE', *, *, #4383, .F. ) ;
#7 = DIRECTION ( 'NONE',  ( 1.000000000000000000, 0.000000000000000000, 0.000000000000000000 ) ) ;
#8 = SURFACE_SIDE_STYLE ('',( #6193 ) ) ;
#9 = CARTESIAN_POINT ( 'NONE',  ( 3.950000000000000178, 0.000000000000000000, 0.6999999999999010347 ) ) ;
#10 =( NAMED_UNIT ( * ) PLANE_ANGLE_UNIT ( ) SI_UNIT ( $, .RADIAN. ) );
#11 = CARTESIAN_POINT ( 'NONE',  ( -4.270000000000000462, 2.149999999999999911, 4.290000000000000036 ) ) ;
#12 = DIRECTION ( 'NONE',  ( 0.000000000000000000, 0.000000000000000000, -1.000000000000000000 ) ) ;
#13 = EDGE_CURVE ( 'NONE', #9277, #1693, #6863, .T. ) ;
#14 = VECTOR ( 'NONE', #7366, 1000.000000000000000 ) ;
#15 = ORIENTED_EDGE ( 'NONE', *, *, #6862, .F. ) ;
#16 = FILL_AREA_STYLE ('',( #2973 ) ) ;
#17 = DIRECTION ( 'NONE',  ( -1.000000000000000000, 0.000000000000000000, 0.000000000000000000 ) ) ;
#18 = CARTESIAN_POINT ( 'NONE',  ( 4.850000000000000533, 0.9799999999999999822, 3.299999999999999822 ) ) ;
#19 = LINE ( 'NONE', #2975, #7067 ) ;
#20 = LINE ( 'NONE', #4525, #8482 ) ;
#21 = LINE ( 'NONE', #2191, #6225 ) ;
#22 = CARTESIAN_POINT ( 'NONE',  ( -3.950000000000000178, 0.000000000000000000, -3.700000000000000178 ) ) ;
#23 = VECTOR ( 'NONE', #2527, 1000.000000000000000 ) ;
#24 = DIRECTION ( 'NONE',  ( 0.000000000000000000, 0.000000000000000000, 1.000000000000000000 ) ) ;
#25 = ORIENTED_EDGE ( 'NONE', *, *, #8778, .F. ) ;
#26 = EDGE_CURVE ( 'NONE', #8539, #6376, #5420, .T. ) ;
#27 = EDGE_CURVE ( 'NONE', #5872, #2573, #3603, .T. ) ;
#28 =( LENGTH_UNIT ( ) NAMED_UNIT ( * ) SI_UNIT ( .MILLI., .METRE. ) );
#29 = AXIS2_PLACEMENT_3D ( 'NONE', #3665, #3710, #7941 ) ;
#30 = AXIS2_PLACEMENT_3D ( 'NONE', #3858, #2333, #1561 ) ;
#31 =( NAMED_UNIT ( * ) SI_UNIT ( $, .STERADIAN. ) SOLID_ANGLE_UNIT ( ) );
#32 = DIRECTION ( 'NONE',  ( 0.000000000000000000, 0.000000000000000000, 1.000000000000000000 ) ) ;
#33 = DIRECTION ( 'NONE',  ( 0.000000000000000000, -1.000000000000000000, 0.000000000000000000 ) ) ;
#34 = FACE_OUTER_BOUND ( 'NONE', #758, .T. ) ;
#35 = FILL_AREA_STYLE_COLOUR ( '', #2424 ) ;
#36 = STYLED_ITEM ( 'NONE', ( #7897 ), #3082 ) ;
#37 = EDGE_CURVE ( 'NONE', #4551, #6839, #2430, .T. ) ;
#38 = ORIENTED_EDGE ( 'NONE', *, *, #6524, .F. ) ;
#39 = SURFACE_STYLE_FILL_AREA ( #8692 ) ;
#40 = DIRECTION ( 'NONE',  ( 0.000000000000000000, -1.000000000000000000, 0.000000000000000000 ) ) ;
#41 = VERTEX_POINT ( 'NONE', #3964 ) ;
#42 = VECTOR ( 'NONE', #3525, 1000.000000000000000 ) ;
#43 = AXIS2_PLACEMENT_3D ( 'NONE', #6941, #9131, #919 ) ;
#44 = ORIENTED_EDGE ( 'NONE', *, *, #5181, .T. ) ;
#45 = VECTOR ( 'NONE', #349, 1000.000000000000000 ) ;
#46 =( NAMED_UNIT ( * ) PLANE_ANGLE_UNIT ( ) SI_UNIT ( $, .RADIAN. ) );
#47 = DIRECTION ( 'NONE',  ( 0.000000000000000000, 0.000000000000000000, 1.000000000000000000 ) ) ;
#48 = EDGE_CURVE ( 'NONE', #7980, #3004, #303, .T. ) ;
#49 = CYLINDRICAL_SURFACE ( 'NONE', #5804, 0.4000000000000001887 ) ;
#50 = ORIENTED_EDGE ( 'NONE', *, *, #7253, .T. ) ;
#51 =( GEOMETRIC_REPRESENTATION_CONTEXT ( 3 ) GLOBAL_UNCERTAINTY_ASSIGNED_CONTEXT ( ( #2066 ) ) GLOBAL_UNIT_ASSIGNED_CONTEXT ( ( #3808, #7288, #3619 ) ) REPRESENTATION_CONTEXT ( 'NONE', 'WORKASPACE' ) );
#52 = VERTEX_POINT ( 'NONE', #5425 ) ;
#53 = ORIENTED_EDGE ( 'NONE', *, *, #6295, .F. ) ;
#54 = MECHANICAL_DESIGN_GEOMETRIC_PRESENTATION_REPRESENTATION (  '', ( #7990 ), #8244 ) ;
#55 = ORIENTED_EDGE ( 'NONE', *, *, #4438, .F. ) ;
#56 = EDGE_LOOP ( 'NONE', ( #3925, #2531, #1676, #2725 ) ) ;
#57 = ORIENTED_EDGE ( 'NONE', *, *, #8885, .F. ) ;
#58 =( LENGTH_UNIT ( ) NAMED_UNIT ( * ) SI_UNIT ( .MILLI., .METRE. ) );
#59 = CARTESIAN_POINT ( 'NONE',  ( 3.950000000000000178, 0.02000000000000000042, 0.3999999999998999911 ) ) ;
#60 = UNCERTAINTY_MEASURE_WITH_UNIT (LENGTH_MEASURE( 1.000000000000000082E-05 ), #8123, 'distance_accuracy_value', 'NONE');
#61 = VECTOR ( 'NONE', #1784, 1000.000000000000000 ) ;
#62 = VECTOR ( 'NONE', #3868, 1000.000000000000000 ) ;
#63 = PRODUCT ( 'MAX-M10N-00B', 'MAX-M10N-00B', '', ( #5411 ) ) ;
#64 = DIRECTION ( 'NONE',  ( 0.000000000000000000, 0.000000000000000000, -1.000000000000000000 ) ) ;
#65 = CARTESIAN_POINT ( 'NONE',  ( 4.850000000000000533, 0.9799999999999999822, -1.100000000000000089 ) ) ;
#66 =( NAMED_UNIT ( * ) PLANE_ANGLE_UNIT ( ) SI_UNIT ( $, .RADIAN. ) );
#67 = PLANE ( 'NONE',  #3041 ) ;
#68 = ORIENTED_EDGE ( 'NONE', *, *, #4154, .F. ) ;
#69 = ORIENTED_EDGE ( 'NONE', *, *, #6972, .T. ) ;
#70 = DIRECTION ( 'NONE',  ( 0.000000000000000000, 1.000000000000000000, 0.000000000000000000 ) ) ;
#71 = CARTESIAN_POINT ( 'NONE',  ( 4.850000000000000533, 0.000000000000000000, -1.350000000000000089 ) ) ;
#72 = LINE ( 'NONE', #1600, #7492 ) ;
#73 = CARTESIAN_POINT ( 'NONE',  ( 3.950000000000000178, 0.000000000000000000, 1.800000000000000044 ) ) ;
#74 = DIRECTION ( 'NONE',  ( 1.000000000000000000, 0.000000000000000000, 0.000000000000000000 ) ) ;
#75 = SURFACE_STYLE_USAGE ( .BOTH. , #8936 ) ;
#76 = FACE_OUTER_BOUND ( 'NONE', #7238, .T. ) ;
#77 = EDGE_LOOP ( 'NONE', ( #1721, #951, #15, #157 ) ) ;
#78 = CARTESIAN_POINT ( 'NONE',  ( 2.979999999999999982, 2.449999999999999734, 3.149999999999999911 ) ) ;
#79 =( GEOMETRIC_REPRESENTATION_CONTEXT ( 3 ) GLOBAL_UNCERTAINTY_ASSIGNED_CONTEXT ( ( #4564 ) ) GLOBAL_UNIT_ASSIGNED_CONTEXT ( ( #1001, #826, #2564 ) ) REPRESENTATION_CONTEXT ( 'NONE', 'WORKASPACE' ) );
#80 = AXIS2_PLACEMENT_3D ( 'NONE', #1325, #3542, #3401 ) ;
#81 =( NAMED_UNIT ( * ) PLANE_ANGLE_UNIT ( ) SI_UNIT ( $, .RADIAN. ) );
#82 = DIRECTION ( 'NONE',  ( 0.000000000000000000, 1.000000000000000000, 0.000000000000000000 ) ) ;
#83 = ADVANCED_FACE ( 'NONE', ( #8334 ), #6553, .F. ) ;
#84 = EDGE_CURVE ( 'NONE', #98, #3823, #1131, .T. ) ;
#85 = STYLED_ITEM ( 'NONE', ( #162 ), #7738 ) ;
#86 = CARTESIAN_POINT ( 'NONE',  ( 1.734723475976809855E-15, 0.000000000000000000, 0.6999999999999010347 ) ) ;
#87 = COLOUR_RGB ( '',1.000000000000000000, 0.8117647058823529438, 0.5019607843137254832 ) ;
#88 = VERTEX_POINT ( 'NONE', #7965 ) ;
#89 = LINE ( 'NONE', #5214, #1461 ) ;
#90 = ORIENTED_EDGE ( 'NONE', *, *, #5239, .T. ) ;
#91 = SURFACE_STYLE_USAGE ( .BOTH. , #5787 ) ;
#92 =( GEOMETRIC_REPRESENTATION_CONTEXT ( 3 ) GLOBAL_UNCERTAINTY_ASSIGNED_CONTEXT ( ( #8497 ) ) GLOBAL_UNIT_ASSIGNED_CONTEXT ( ( #3718, #9371, #6378 ) ) REPRESENTATION_CONTEXT ( 'NONE', 'WORKASPACE' ) );
#93 = ORIENTED_EDGE ( 'NONE', *, *, #6626, .T. ) ;
#94 = VECTOR ( 'NONE', #2754, 1000.000000000000000 ) ;
#95 = EDGE_CURVE ( 'NONE', #4871, #2573, #89, .T. ) ;
#96 = CARTESIAN_POINT ( 'NONE',  ( 4.850000000000000533, 0.9799999999999999822, 1.100000000000000089 ) ) ;
#97 = CARTESIAN_POINT ( 'NONE',  ( -4.850000000000000533, 0.02000000000000000042, -3.050000000000000266 ) ) ;
#98 = VERTEX_POINT ( 'NONE', #8821 ) ;
#99 = SURFACE_STYLE_FILL_AREA ( #8256 ) ;
#100 =( NAMED_UNIT ( * ) PLANE_ANGLE_UNIT ( ) SI_UNIT ( $, .RADIAN. ) );
#101 = EDGE_LOOP ( 'NONE', ( #1080, #3006, #769, #9295 ) ) ;
#102 = CIRCLE ( 'NONE', #7872, 0.2500000000000002220 ) ;
#103 = CARTESIAN_POINT ( 'NONE',  ( 4.850000000000000533, 0.9799999999999999822, -4.649999999999999467 ) ) ;
#104 = VERTEX_POINT ( 'NONE', #1428 ) ;
#105 = FACE_OUTER_BOUND ( 'NONE', #107, .T. ) ;
#106 = STYLED_ITEM ( 'NONE', ( #7096 ), #2030 ) ;
#107 = EDGE_LOOP ( 'NONE', ( #5564, #1598, #8164, #3839, #4606, #3111 ) ) ;
#108 = COLOUR_RGB ( '',1.000000000000000000, 0.8117647058823529438, 0.5019607843137254832 ) ;
#109 = ORIENTED_EDGE ( 'NONE', *, *, #4580, .T. ) ;
#110 = CARTESIAN_POINT ( 'NONE',  ( 3.950000000000000178, 0.000000000000000000, 0.6999999999999010347 ) ) ;
#111 = EDGE_CURVE ( 'NONE', #9353, #949, #6502, .T. ) ;
#112 = DIRECTION ( 'NONE',  ( 0.000000000000000000, 1.000000000000000000, 0.000000000000000000 ) ) ;
#113 = PRESENTATION_LAYER_ASSIGNMENT (  '', '', ( #1627 ) ) ;
#114 = MECHANICAL_DESIGN_GEOMETRIC_PRESENTATION_REPRESENTATION (  '', ( #5611 ), #3185 ) ;
#115 = AXIS2_PLACEMENT_3D ( 'NONE', #8909, #189, #3737 ) ;
#116 = CARTESIAN_POINT ( 'NONE',  ( -4.850000000000000533, 0.02000000000000000042, -5.049999999999999822 ) ) ;
#117 = VECTOR ( 'NONE', #5397, 1000.000000000000000 ) ;
#118 = PRESENTATION_LAYER_ASSIGNMENT (  '', '', ( #7289 ) ) ;
#119 = SURFACE_STYLE_USAGE ( .BOTH. , #960 ) ;
#120 = FACE_OUTER_BOUND ( 'NONE', #1539, .T. ) ;
#121 = PRESENTATION_LAYER_ASSIGNMENT (  '', '', ( #1792 ) ) ;
#122 = AXIS2_PLACEMENT_3D ( 'NONE', #7855, #1163, #5725 ) ;
#123 = ORIENTED_EDGE ( 'NONE', *, *, #5521, .T. ) ;
#124 = PRESENTATION_LAYER_ASSIGNMENT (  '', '', ( #7144 ) ) ;
#125 = ORIENTED_EDGE ( 'NONE', *, *, #3083, .F. ) ;
#126 = DIRECTION ( 'NONE',  ( 0.000000000000000000, 0.000000000000000000, 1.000000000000000000 ) ) ;
#127 = VECTOR ( 'NONE', #8242, 1000.000000000000000 ) ;
#128 = PRESENTATION_STYLE_ASSIGNMENT (( #3020 ) ) ;
#129 = DIRECTION ( 'NONE',  ( 0.000000000000000000, 0.000000000000000000, 1.000000000000000000 ) ) ;
#130 = FILL_AREA_STYLE ('',( #8138 ) ) ;
#131 = SURFACE_STYLE_USAGE ( .BOTH. , #172 ) ;
#132 = LINE ( 'NONE', #8940, #9238 ) ;
#133 = PLANE ( 'NONE',  #1808 ) ;
#134 = VECTOR ( 'NONE', #5488, 1000.000000000000000 ) ;
#135 = PRESENTATION_STYLE_ASSIGNMENT (( #1607 ) ) ;
#136 = VECTOR ( 'NONE', #4328, 1000.000000000000000 ) ;
#137 = DIRECTION ( 'NONE',  ( 1.000000000000000000, 0.000000000000000000, 0.000000000000000000 ) ) ;
#138 = CARTESIAN_POINT ( 'NONE',  ( 3.950000000000000178, 0.02000000000000000042, -8.673617379884039416E-16 ) ) ;
#139 = ORIENTED_EDGE ( 'NONE', *, *, #4789, .T. ) ;
#140 = EDGE_CURVE ( 'NONE', #6437, #4232, #2945, .T. ) ;
#141 = ORIENTED_EDGE ( 'NONE', *, *, #1886, .F. ) ;
#142 = VERTEX_POINT ( 'NONE', #8017 ) ;
#143 = DIRECTION ( 'NONE',  ( 1.000000000000000000, 0.000000000000000000, 0.000000000000000000 ) ) ;
#144 = CARTESIAN_POINT ( 'NONE',  ( -4.100000000000000533, 2.500000000000000000, 4.250000000000000000 ) ) ;
#145 = STYLED_ITEM ( 'NONE', ( #8928 ), #1666 ) ;
#146 = ORIENTED_EDGE ( 'NONE', *, *, #7839, .F. ) ;
#147 = SURFACE_STYLE_FILL_AREA ( #905 ) ;
#148 = ORIENTED_EDGE ( 'NONE', *, *, #3896, .F. ) ;
#149 = EDGE_CURVE ( 'NONE', #7700, #3793, #747, .T. ) ;
#150 = ADVANCED_FACE ( 'NONE', ( #2252 ), #7485, .F. ) ;
#151 = ORIENTED_EDGE ( 'NONE', *, *, #4276, .F. ) ;
#152 = ORIENTED_EDGE ( 'NONE', *, *, #7253, .F. ) ;
#153 = PRODUCT_RELATED_PRODUCT_CATEGORY ( 'part', '', ( #63 ) ) ;
#154 = VERTEX_POINT ( 'NONE', #3979 ) ;
#155 = VERTEX_POINT ( 'NONE', #6874 ) ;
#156 = DIRECTION ( 'NONE',  ( 0.000000000000000000, 1.000000000000000000, 0.000000000000000000 ) ) ;
#157 = ORIENTED_EDGE ( 'NONE', *, *, #504, .F. ) ;
#158 = CARTESIAN_POINT ( 'NONE',  ( -4.270000000000000462, 0.000000000000000000, 4.290000000000000036 ) ) ;
#159 = UNCERTAINTY_MEASURE_WITH_UNIT (LENGTH_MEASURE( 1.000000000000000082E-05 ), #294, 'distance_accuracy_value', 'NONE');
#160 = DIRECTION ( 'NONE',  ( 0.000000000000000000, 1.000000000000000000, 0.000000000000000000 ) ) ;
#161 = LINE ( 'NONE', #5271, #14 ) ;
#162 = PRESENTATION_STYLE_ASSIGNMENT (( #2923 ) ) ;
#163 = DIRECTION ( 'NONE',  ( 0.000000000000000000, 1.000000000000000000, 0.000000000000000000 ) ) ;
#164 = EDGE_CURVE ( 'NONE', #4238, #4639, #317, .T. ) ;
#165 = COLOUR_RGB ( '',1.000000000000000000, 0.8117647058823529438, 0.5019607843137254832 ) ;
#166 = FACE_OUTER_BOUND ( 'NONE', #4096, .T. ) ;
#167 = DIRECTION ( 'NONE',  ( -1.000000000000000000, 0.000000000000000000, 0.000000000000000000 ) ) ;
#168 = CARTESIAN_POINT ( 'NONE',  ( 15.94382399999999933, 2.149999999999999911, -4.290000000000000036 ) ) ;
#169 = CARTESIAN_POINT ( 'NONE',  ( -4.120000000000000107, 0.000000000000000000, -4.590000000000000746 ) ) ;
#170 = SURFACE_STYLE_FILL_AREA ( #6667 ) ;
#171 =( LENGTH_UNIT ( ) NAMED_UNIT ( * ) SI_UNIT ( .MILLI., .METRE. ) );
#172 = SURFACE_SIDE_STYLE ('',( #3722 ) ) ;
#173 = ADVANCED_FACE ( 'NONE', ( #6162 ), #2544, .F. ) ;
#174 = DIRECTION ( 'NONE',  ( 1.000000000000000000, 0.000000000000000000, 0.000000000000000000 ) ) ;
#175 = VERTEX_POINT ( 'NONE', #4825 ) ;
#176 = PRESENTATION_STYLE_ASSIGNMENT (( #3817 ) ) ;
#177 = VECTOR ( 'NONE', #3914, 1000.000000000000000 ) ;
#178 = LINE ( 'NONE', #3072, #8754 ) ;
#179 = CARTESIAN_POINT ( 'NONE',  ( 4.850000000000000533, 0.000000000000000000, 1.800000000000000044 ) ) ;
#180 = CARTESIAN_POINT ( 'NONE',  ( -3.950000000000000178, 0.02000000000000000042, 1.500000000000000000 ) ) ;
#181 = CARTESIAN_POINT ( 'NONE',  ( -4.850000000000000533, 0.000000000000000000, -5.049999999999999822 ) ) ;
#182 = ORIENTED_EDGE ( 'NONE', *, *, #8685, .T. ) ;
#183 = COLOUR_RGB ( '',0.1333333333333333315, 0.5764705882352940680, 0.1607843137254901800 ) ;
#184 = DIRECTION ( 'NONE',  ( 0.000000000000000000, 1.000000000000000000, 0.000000000000000000 ) ) ;
#185 = MECHANICAL_DESIGN_GEOMETRIC_PRESENTATION_REPRESENTATION (  '', ( #7660 ), #3857 ) ;
#186 = CARTESIAN_POINT ( 'NONE',  ( -4.850000000000000533, 0.02000000000000000042, 4.150000000000000355 ) ) ;
#187 = ORIENTED_EDGE ( 'NONE', *, *, #4371, .T. ) ;
#188 = ORIENTED_EDGE ( 'NONE', *, *, #6034, .F. ) ;
#189 = DIRECTION ( 'NONE',  ( 0.000000000000000000, -1.000000000000000000, 0.000000000000000000 ) ) ;
#190 = ADVANCED_FACE ( 'NONE', ( #560 ), #9289, .T. ) ;
#191 = ORIENTED_EDGE ( 'NONE', *, *, #5571, .F. ) ;
#192 = FILL_AREA_STYLE_COLOUR ( '', #9243 ) ;
#193 = ORIENTED_EDGE ( 'NONE', *, *, #6483, .T. ) ;
#194 = CARTESIAN_POINT ( 'NONE',  ( 4.850000000000000533, 0.9799999999999999822, -4.150000000000000355 ) ) ;
#195 = VECTOR ( 'NONE', #4267, 1000.000000000000000 ) ;
#196 = UNCERTAINTY_MEASURE_WITH_UNIT (LENGTH_MEASURE( 1.000000000000000082E-05 ), #2378, 'distance_accuracy_value', 'NONE');
#197 = ORIENTED_EDGE ( 'NONE', *, *, #3599, .F. ) ;
#198 = STYLED_ITEM ( 'NONE', ( #3344 ), #7645 ) ;
#199 = ORIENTED_EDGE ( 'NONE', *, *, #5918, .F. ) ;
#200 = SURFACE_STYLE_USAGE ( .BOTH. , #7549 ) ;
#201 = DIRECTION ( 'NONE',  ( -1.000000000000000000, 0.000000000000000000, 0.000000000000000000 ) ) ;
#202 = EDGE_CURVE ( 'NONE', #6567, #8804, #7164, .T. ) ;
#203 = EDGE_CURVE ( 'NONE', #1053, #4685, #5886, .T. ) ;
#204 = AXIS2_PLACEMENT_3D ( 'NONE', #8312, #3747, #8122 ) ;
#205 = COLOUR_RGB ( '',1.000000000000000000, 0.8117647058823529438, 0.5019607843137254832 ) ;
#206 = CARTESIAN_POINT ( 'NONE',  ( -4.850000000000000533, 1.000000000000000000, -8.673617379884039416E-16 ) ) ;
#207 = ORIENTED_EDGE ( 'NONE', *, *, #9121, .F. ) ;
#208 = EDGE_LOOP ( 'NONE', ( #9300, #4956, #900, #2710, #4569, #5498, #9038 ) ) ;
#209 = CARTESIAN_POINT ( 'NONE',  ( 3.950000000000000178, 0.02000000000000000042, -1.500000000000000000 ) ) ;
#210 = DIRECTION ( 'NONE',  ( 1.000000000000000000, 0.000000000000000000, 0.000000000000000000 ) ) ;
#211 = SURFACE_STYLE_FILL_AREA ( #2375 ) ;
#212 = CARTESIAN_POINT ( 'NONE',  ( 4.120000000000000107, 2.149999999999999911, 4.440000000000000391 ) ) ;
#213 = VECTOR ( 'NONE', #447, 1000.000000000000000 ) ;
#214 = EDGE_CURVE ( 'NONE', #2033, #7602, #2712, .T. ) ;
#215 = SURFACE_STYLE_USAGE ( .BOTH. , #1739 ) ;
#216 = LINE ( 'NONE', #3025, #1129 ) ;
#217 = ORIENTED_EDGE ( 'NONE', *, *, #8130, .F. ) ;
#218 = CARTESIAN_POINT ( 'NONE',  ( 4.599999999999999645, 0.02000000000000000042, -1.100000000000000089 ) ) ;
#219 = DIRECTION ( 'NONE',  ( 0.000000000000000000, 0.000000000000000000, 1.000000000000000000 ) ) ;
#220 = DIRECTION ( 'NONE',  ( 1.000000000000000000, 0.000000000000000000, 0.000000000000000000 ) ) ;
#221 = DIRECTION ( 'NONE',  ( 0.000000000000000000, 0.000000000000000000, 1.000000000000000000 ) ) ;
#222 = ADVANCED_FACE ( 'NONE', ( #6304 ), #5537, .T. ) ;
#223 = DIRECTION ( 'NONE',  ( 0.000000000000000000, -1.000000000000000000, 0.000000000000000000 ) ) ;
#224 = AXIS2_PLACEMENT_3D ( 'NONE', #5487, #2008, #7711 ) ;
#225 = FILL_AREA_STYLE ('',( #6775 ) ) ;
#226 = VERTEX_POINT ( 'NONE', #7677 ) ;
#227 = CARTESIAN_POINT ( 'NONE',  ( -3.950000000000000178, 0.000000000000000000, 0.3999999999998999911 ) ) ;
#228 = EDGE_LOOP ( 'NONE', ( #5661, #1050, #3741, #5129, #3791, #9138 ) ) ;
#229 = LINE ( 'NONE', #3176, #2094 ) ;
#230 = ORIENTED_EDGE ( 'NONE', *, *, #1380, .F. ) ;
#231 = CARTESIAN_POINT ( 'NONE',  ( -4.850000000000000533, 0.9799999999999999822, -5.049999999999999822 ) ) ;
#232 =( GEOMETRIC_REPRESENTATION_CONTEXT ( 3 ) GLOBAL_UNCERTAINTY_ASSIGNED_CONTEXT ( ( #2309 ) ) GLOBAL_UNIT_ASSIGNED_CONTEXT ( ( #1905, #3445, #2014 ) ) REPRESENTATION_CONTEXT ( 'NONE', 'WORKASPACE' ) );
#233 = LINE ( 'NONE', #6071, #5917 ) ;
#234 =( NAMED_UNIT ( * ) PLANE_ANGLE_UNIT ( ) SI_UNIT ( $, .RADIAN. ) );
#235 =( GEOMETRIC_REPRESENTATION_CONTEXT ( 3 ) GLOBAL_UNCERTAINTY_ASSIGNED_CONTEXT ( ( #4285 ) ) GLOBAL_UNIT_ASSIGNED_CONTEXT ( ( #7084, #2443, #8199 ) ) REPRESENTATION_CONTEXT ( 'NONE', 'WORKASPACE' ) );
#236 = VERTEX_POINT ( 'NONE', #2699 ) ;
#237 = SURFACE_STYLE_USAGE ( .BOTH. , #3272 ) ;
#238 = ORIENTED_EDGE ( 'NONE', *, *, #1554, .F. ) ;
#239 = ORIENTED_EDGE ( 'NONE', *, *, #2520, .T. ) ;
#240 = ORIENTED_EDGE ( 'NONE', *, *, #8377, .F. ) ;
#241 = SURFACE_STYLE_USAGE ( .BOTH. , #864 ) ;
#242 = STYLED_ITEM ( 'NONE', ( #7320 ), #8400 ) ;
#243 = VECTOR ( 'NONE', #4689, 1000.000000000000000 ) ;
#244 = DIRECTION ( 'NONE',  ( 0.000000000000000000, 0.000000000000000000, 1.000000000000000000 ) ) ;
#245 = CIRCLE ( 'NONE', #4541, 0.4000000000000001887 ) ;
#246 = LINE ( 'NONE', #7609, #5650 ) ;
#247 = AXIS2_PLACEMENT_3D ( 'NONE', #1870, #6274, #2716 ) ;
#248 = VERTEX_POINT ( 'NONE', #2758 ) ;
#249 = ORIENTED_EDGE ( 'NONE', *, *, #6921, .T. ) ;
#250 = CARTESIAN_POINT ( 'NONE',  ( 4.850000000000000533, 0.9799999999999999822, 1.500000000000000000 ) ) ;
#251 = EDGE_CURVE ( 'NONE', #2467, #5941, #5591, .T. ) ;
#252 = VECTOR ( 'NONE', #9153, 1000.000000000000000 ) ;
#253 = FILL_AREA_STYLE_COLOUR ( '', #2733 ) ;
#254 = PRESENTATION_LAYER_ASSIGNMENT (  '', '', ( #6670 ) ) ;
#255 = ORIENTED_EDGE ( 'NONE', *, *, #8726, .T. ) ;
#256 = LINE ( 'NONE', #5513, #6914 ) ;
#257 = VECTOR ( 'NONE', #8205, 1000.000000000000000 ) ;
#258 = FACE_OUTER_BOUND ( 'NONE', #1814, .T. ) ;
#259 = DIRECTION ( 'NONE',  ( 0.000000000000000000, 1.000000000000000000, 0.000000000000000000 ) ) ;
#260 = DIRECTION ( 'NONE',  ( 0.000000000000000000, 0.000000000000000000, 1.000000000000000000 ) ) ;
#261 = VERTEX_POINT ( 'NONE', #1523 ) ;
#262 = PRESENTATION_LAYER_ASSIGNMENT (  '', '', ( #3495 ) ) ;
#263 = AXIS2_PLACEMENT_3D ( 'NONE', #2322, #2417, #5854 ) ;
#264 = ADVANCED_FACE ( 'NONE', ( #2894 ), #4457, .T. ) ;
#265 = ADVANCED_FACE ( 'NONE', ( #3656 ), #5800, .F. ) ;
#266 = PRESENTATION_LAYER_ASSIGNMENT (  '', '', ( #5166 ) ) ;
#267 = ORIENTED_EDGE ( 'NONE', *, *, #9424, .T. ) ;
#268 = ORIENTED_EDGE ( 'NONE', *, *, #6076, .F. ) ;
#269 = CARTESIAN_POINT ( 'NONE',  ( 4.850000000000000533, 0.02000000000000000042, 5.049999999999999822 ) ) ;
#270 = AXIS2_PLACEMENT_3D ( 'NONE', #2155, #5733, #8104 ) ;
#271 = SURFACE_STYLE_USAGE ( .BOTH. , #6953 ) ;
#272 = CARTESIAN_POINT ( 'NONE',  ( -3.950000000000000178, 0.000000000000000000, -0.4000000000000989986 ) ) ;
#273 = CARTESIAN_POINT ( 'NONE',  ( 4.120000000000000107, 2.149999999999999911, 16.55704800000000176 ) ) ;
#274 = FILL_AREA_STYLE ('',( #6825 ) ) ;
#275 = PRESENTATION_LAYER_ASSIGNMENT (  '', '', ( #6679 ) ) ;
#276 = CARTESIAN_POINT ( 'NONE',  ( -4.850000000000000533, 0.9799999999999999822, 2.600000000000000089 ) ) ;
#277 = ORIENTED_EDGE ( 'NONE', *, *, #7841, .T. ) ;
#278 = PRESENTATION_LAYER_ASSIGNMENT (  '', '', ( #8059 ) ) ;
#279 = CARTESIAN_POINT ( 'NONE',  ( -3.950000000000000178, 0.000000000000000000, -1.500000000000000000 ) ) ;
#280 = ADVANCED_FACE ( 'NONE', ( #583, #6566 ), #9406, .F. ) ;
#281 = CARTESIAN_POINT ( 'NONE',  ( -4.419999999999999929, 0.000000000000000000, 4.290000000000000036 ) ) ;
#282 = ORIENTED_EDGE ( 'NONE', *, *, #4132, .T. ) ;
#283 = DIRECTION ( 'NONE',  ( 0.000000000000000000, 1.000000000000000000, 0.000000000000000000 ) ) ;
#284 = ORIENTED_EDGE ( 'NONE', *, *, #741, .T. ) ;
#285 =( NAMED_UNIT ( * ) PLANE_ANGLE_UNIT ( ) SI_UNIT ( $, .RADIAN. ) );
#286 = LINE ( 'NONE', #3886, #3328 ) ;
#287 = VERTEX_POINT ( 'NONE', #3700 ) ;
#288 = ADVANCED_FACE ( 'NONE', ( #2960 ), #620, .F. ) ;
#289 = ORIENTED_EDGE ( 'NONE', *, *, #2405, .T. ) ;
#290 = AXIS2_PLACEMENT_3D ( 'NONE', #6551, #4372, #746 ) ;
#291 = ORIENTED_EDGE ( 'NONE', *, *, #8377, .T. ) ;
#292 = AXIS2_PLACEMENT_3D ( 'NONE', #3944, #1191, #5563 ) ;
#293 = LINE ( 'NONE', #6124, #7988 ) ;
#294 =( LENGTH_UNIT ( ) NAMED_UNIT ( * ) SI_UNIT ( .MILLI., .METRE. ) );
#295 = EDGE_LOOP ( 'NONE', ( #6641, #717, #1766, #7031 ) ) ;
#296 = ORIENTED_EDGE ( 'NONE', *, *, #6511, .T. ) ;
#297 = DIRECTION ( 'NONE',  ( -1.000000000000000000, 0.000000000000000000, 0.000000000000000000 ) ) ;
#298 = FILL_AREA_STYLE_COLOUR ( '', #6801 ) ;
#299 = ADVANCED_FACE ( 'NONE', ( #8381 ), #5567, .T. ) ;
#300 = PRESENTATION_STYLE_ASSIGNMENT (( #4806 ) ) ;
#301 = LINE ( 'NONE', #9089, #6049 ) ;
#302 = DIRECTION ( 'NONE',  ( 0.000000000000000000, 0.000000000000000000, 1.000000000000000000 ) ) ;
#303 = LINE ( 'NONE', #9041, #7114 ) ;
#304 = EDGE_LOOP ( 'NONE', ( #1181, #3199, #1667, #1889, #57 ) ) ;
#305 = CARTESIAN_POINT ( 'NONE',  ( -4.850000000000000533, 0.9799999999999999822, -6.331740687315349681E-14 ) ) ;
#306 = PRESENTATION_STYLE_ASSIGNMENT (( #8897 ) ) ;
#307 =( LENGTH_UNIT ( ) NAMED_UNIT ( * ) SI_UNIT ( .MILLI., .METRE. ) );
#308 = DIRECTION ( 'NONE',  ( 0.000000000000000000, 1.000000000000000000, 0.000000000000000000 ) ) ;
#309 = CYLINDRICAL_SURFACE ( 'NONE', #8660, 0.2500000000000002220 ) ;
#310 = PLANE ( 'NONE',  #8763 ) ;
#311 = EDGE_CURVE ( 'NONE', #6318, #1673, #1879, .T. ) ;
#312 = EDGE_CURVE ( 'NONE', #3781, #5396, #4102, .T. ) ;
#313 = CARTESIAN_POINT ( 'NONE',  ( 4.850000000000000533, 0.9799999999999999822, -6.331740687315349681E-14 ) ) ;
#314 = LINE ( 'NONE', #181, #727 ) ;
#315 = VERTEX_POINT ( 'NONE', #6990 ) ;
#316 = VECTOR ( 'NONE', #6822, 1000.000000000000000 ) ;
#317 = LINE ( 'NONE', #1084, #3313 ) ;
#318 = LINE ( 'NONE', #7638, #854 ) ;
#319 = ORIENTED_EDGE ( 'NONE', *, *, #7753, .F. ) ;
#320 = LINE ( 'NONE', #3883, #8038 ) ;
#321 =( NAMED_UNIT ( * ) PLANE_ANGLE_UNIT ( ) SI_UNIT ( $, .RADIAN. ) );
#322 = ADVANCED_FACE ( 'NONE', ( #7089 ), #6331, .F. ) ;
#323 = ORIENTED_EDGE ( 'NONE', *, *, #2771, .T. ) ;
#324 = STYLED_ITEM ( 'NONE', ( #8639 ), #3847 ) ;
#325 = ORIENTED_EDGE ( 'NONE', *, *, #2709, .T. ) ;
#326 = CARTESIAN_POINT ( 'NONE',  ( 4.850000000000000533, 0.000000000000000000, 0.8499999999998999467 ) ) ;
#327 = VERTEX_POINT ( 'NONE', #8533 ) ;
#328 = ORIENTED_EDGE ( 'NONE', *, *, #3290, .T. ) ;
#329 = VECTOR ( 'NONE', #444, 1000.000000000000000 ) ;
#330 = CARTESIAN_POINT ( 'NONE',  ( -3.950000000000000178, 0.02000000000000000042, -2.600000000000000089 ) ) ;
#331 = CARTESIAN_POINT ( 'NONE',  ( -4.850000000000000533, 0.000000000000000000, 3.700000000000000178 ) ) ;
#332 = ADVANCED_FACE ( 'NONE', ( #3472, #2037 ), #4251, .T. ) ;
#333 = DIRECTION ( 'NONE',  ( 0.000000000000000000, 0.000000000000000000, -1.000000000000000000 ) ) ;
#334 = CARTESIAN_POINT ( 'NONE',  ( 4.850000000000000533, 0.000000000000000000, -2.200000000000000178 ) ) ;
#335 = LINE ( 'NONE', #9123, #4333 ) ;
#336 =( GEOMETRIC_REPRESENTATION_CONTEXT ( 3 ) GLOBAL_UNCERTAINTY_ASSIGNED_CONTEXT ( ( #4797 ) ) GLOBAL_UNIT_ASSIGNED_CONTEXT ( ( #452, #4627, #7529 ) ) REPRESENTATION_CONTEXT ( 'NONE', 'WORKASPACE' ) );
#337 = FACE_OUTER_BOUND ( 'NONE', #6763, .T. ) ;
#338 =( GEOMETRIC_REPRESENTATION_CONTEXT ( 3 ) GLOBAL_UNCERTAINTY_ASSIGNED_CONTEXT ( ( #2856 ) ) GLOBAL_UNIT_ASSIGNED_CONTEXT ( ( #9088, #497, #2529 ) ) REPRESENTATION_CONTEXT ( 'NONE', 'WORKASPACE' ) );
#339 = EDGE_LOOP ( 'NONE', ( #4391, #6023, #1850, #8155 ) ) ;
#340 = ORIENTED_EDGE ( 'NONE', *, *, #3320, .F. ) ;
#341 = LINE ( 'NONE', #5620, #669 ) ;
#342 = VERTEX_POINT ( 'NONE', #4945 ) ;
#343 = FILL_AREA_STYLE_COLOUR ( '', #5255 ) ;
#344 = VECTOR ( 'NONE', #7784, 1000.000000000000000 ) ;
#345 = CARTESIAN_POINT ( 'NONE',  ( 4.850000000000000533, 1.000000000000000000, 0.3999999999999360178 ) ) ;
#346 = CARTESIAN_POINT ( 'NONE',  ( 4.850000000000000533, 1.000000000000000000, -0.6999999999999999556 ) ) ;
#347 = PRESENTATION_LAYER_ASSIGNMENT (  '', '', ( #503 ) ) ;
#348 = DIRECTION ( 'NONE',  ( 1.000000000000000000, 0.000000000000000000, 0.000000000000000000 ) ) ;
#349 = DIRECTION ( 'NONE',  ( 0.000000000000000000, 0.000000000000000000, -1.000000000000000000 ) ) ;
#350 = CARTESIAN_POINT ( 'NONE',  ( 1.734723475976809855E-15, 0.000000000000000000, 1.500000000000000000 ) ) ;
#351 = CARTESIAN_POINT ( 'NONE',  ( -4.850000000000000533, 0.9799999999999999822, -3.050000000000000266 ) ) ;
#352 = DIRECTION ( 'NONE',  ( 0.000000000000000000, 0.000000000000000000, -1.000000000000000000 ) ) ;
#353 = COLOUR_RGB ( '',1.000000000000000000, 0.8117647058823529438, 0.5019607843137254832 ) ;
#354 = VECTOR ( 'NONE', #2175, 1000.000000000000000 ) ;
#355 = FILL_AREA_STYLE_COLOUR ( '', #1606 ) ;
#356 = ORIENTED_EDGE ( 'NONE', *, *, #7212, .F. ) ;
#357 = LINE ( 'NONE', #6149, #4502 ) ;
#358 = CARTESIAN_POINT ( 'NONE',  ( -4.850000000000000533, 0.9799999999999999822, -5.049999999999999822 ) ) ;
#359 = LINE ( 'NONE', #1655, #4189 ) ;
#360 =( LENGTH_UNIT ( ) NAMED_UNIT ( * ) SI_UNIT ( .MILLI., .METRE. ) );
#361 = DIRECTION ( 'NONE',  ( 0.000000000000000000, 0.000000000000000000, 1.000000000000000000 ) ) ;
#362 = SURFACE_STYLE_FILL_AREA ( #6912 ) ;
#363 = ORIENTED_EDGE ( 'NONE', *, *, #8182, .T. ) ;
#364 = DIRECTION ( 'NONE',  ( 0.000000000000000000, 0.000000000000000000, -1.000000000000000000 ) ) ;
#365 = EDGE_CURVE ( 'NONE', #248, #9057, #7261, .T. ) ;
#366 = DIRECTION ( 'NONE',  ( 0.000000000000000000, -1.000000000000000000, 0.000000000000000000 ) ) ;
#367 = EDGE_CURVE ( 'NONE', #3989, #8861, #5667, .T. ) ;
#368 = DIRECTION ( 'NONE',  ( -1.000000000000000000, 0.000000000000000000, 0.000000000000000000 ) ) ;
#369 = ORIENTED_EDGE ( 'NONE', *, *, #1269, .F. ) ;
#370 =( NAMED_UNIT ( * ) SI_UNIT ( $, .STERADIAN. ) SOLID_ANGLE_UNIT ( ) );
#371 = ORIENTED_EDGE ( 'NONE', *, *, #6336, .F. ) ;
#372 = SURFACE_STYLE_USAGE ( .BOTH. , #9058 ) ;
#373 = AXIS2_PLACEMENT_3D ( 'NONE', #6628, #1520, #4455 ) ;
#374 = DIRECTION ( 'NONE',  ( -1.000000000000000000, 0.000000000000000000, 0.000000000000000000 ) ) ;
#375 = VERTEX_POINT ( 'NONE', #1400 ) ;
#376 = CARTESIAN_POINT ( 'NONE',  ( 4.850000000000000533, 0.02000000000000000042, -1.100000000000000089 ) ) ;
#377 = VECTOR ( 'NONE', #3283, 1000.000000000000000 ) ;
#378 = EDGE_CURVE ( 'NONE', #5799, #7046, #5137, .T. ) ;
#379 = ORIENTED_EDGE ( 'NONE', *, *, #2263, .T. ) ;
#380 = EDGE_CURVE ( 'NONE', #5174, #8224, #2833, .T. ) ;
#381 = VERTEX_POINT ( 'NONE', #8624 ) ;
#382 = CARTESIAN_POINT ( 'NONE',  ( 4.270000000000000462, 0.000000000000000000, -4.290000000000000036 ) ) ;
#383 = CARTESIAN_POINT ( 'NONE',  ( 4.850000000000000533, 1.000000000000000000, -4.000000000000000000 ) ) ;
#384 = AXIS2_PLACEMENT_3D ( 'NONE', #5150, #8052, #8134 ) ;
#385 = UNCERTAINTY_MEASURE_WITH_UNIT (LENGTH_MEASURE( 1.000000000000000082E-05 ), #6957, 'distance_accuracy_value', 'NONE');
#386 = CARTESIAN_POINT ( 'NONE',  ( 4.850000000000000533, 0.000000000000000000, -4.799999999999999822 ) ) ;
#387 = SURFACE_STYLE_USAGE ( .BOTH. , #6934 ) ;
#388 =( NAMED_UNIT ( * ) SI_UNIT ( $, .STERADIAN. ) SOLID_ANGLE_UNIT ( ) );
#389 =( GEOMETRIC_REPRESENTATION_CONTEXT ( 3 ) GLOBAL_UNCERTAINTY_ASSIGNED_CONTEXT ( ( #8117 ) ) GLOBAL_UNIT_ASSIGNED_CONTEXT ( ( #6937, #4249, #9356 ) ) REPRESENTATION_CONTEXT ( 'NONE', 'WORKASPACE' ) );
#390 = ORIENTED_EDGE ( 'NONE', *, *, #5145, .F. ) ;
#391 = CARTESIAN_POINT ( 'NONE',  ( -4.850000000000000533, 1.000000000000000000, -3.700000000000000178 ) ) ;
#392 = EDGE_CURVE ( 'NONE', #472, #315, #3318, .T. ) ;
#393 = COLOUR_RGB ( '',1.000000000000000000, 0.8117647058823529438, 0.5019607843137254832 ) ;
#394 = DIRECTION ( 'NONE',  ( 0.000000000000000000, 0.000000000000000000, -1.000000000000000000 ) ) ;
#395 = ORIENTED_EDGE ( 'NONE', *, *, #8990, .T. ) ;
#396 =( LENGTH_UNIT ( ) NAMED_UNIT ( * ) SI_UNIT ( .MILLI., .METRE. ) );
#397 = VECTOR ( 'NONE', #7287, 1000.000000000000000 ) ;
#398 = CARTESIAN_POINT ( 'NONE',  ( 1.734723475976809855E-15, 0.02000000000000000042, -8.673617379884039416E-16 ) ) ;
#399 = PRESENTATION_STYLE_ASSIGNMENT (( #8933 ) ) ;
#400 = VECTOR ( 'NONE', #7649, 1000.000000000000000 ) ;
#401 = DIRECTION ( 'NONE',  ( 0.000000000000000000, -1.000000000000000000, 0.000000000000000000 ) ) ;
#402 = DIRECTION ( 'NONE',  ( 0.000000000000000000, -1.000000000000000000, 0.000000000000000000 ) ) ;
#403 = DIRECTION ( 'NONE',  ( 1.000000000000000000, 0.000000000000000000, 0.000000000000000000 ) ) ;
#404 = ORIENTED_EDGE ( 'NONE', *, *, #7428, .T. ) ;
#405 = COLOUR_RGB ( '',1.000000000000000000, 0.8117647058823529438, 0.5019607843137254832 ) ;
#406 = ORIENTED_EDGE ( 'NONE', *, *, #5704, .F. ) ;
#407 = FACE_OUTER_BOUND ( 'NONE', #8702, .T. ) ;
#408 = PRESENTATION_LAYER_ASSIGNMENT (  '', '', ( #7727 ) ) ;
#409 = LINE ( 'NONE', #6253, #1710 ) ;
#410 = AXIS2_PLACEMENT_3D ( 'NONE', #4629, #6055, #4678 ) ;
#411 = LINE ( 'NONE', #9051, #1175 ) ;
#412 = CIRCLE ( 'NONE', #1478, 0.4000000000000001887 ) ;
#413 =( GEOMETRIC_REPRESENTATION_CONTEXT ( 3 ) GLOBAL_UNCERTAINTY_ASSIGNED_CONTEXT ( ( #3703 ) ) GLOBAL_UNIT_ASSIGNED_CONTEXT ( ( #4598, #5307, #2357 ) ) REPRESENTATION_CONTEXT ( 'NONE', 'WORKASPACE' ) );
#414 = UNCERTAINTY_MEASURE_WITH_UNIT (LENGTH_MEASURE( 1.000000000000000082E-05 ), #7322, 'distance_accuracy_value', 'NONE');
#415 = LINE ( 'NONE', #4122, #5798 ) ;
#416 = PRESENTATION_LAYER_ASSIGNMENT (  '', '', ( #4555 ) ) ;
#417 = SURFACE_STYLE_FILL_AREA ( #6407 ) ;
#418 = CARTESIAN_POINT ( 'NONE',  ( -4.850000000000000533, 0.02000000000000000042, 4.799999999999999822 ) ) ;
#419 = COLOUR_RGB ( '',1.000000000000000000, 0.8117647058823529438, 0.5019607843137254832 ) ;
#420 = ORIENTED_EDGE ( 'NONE', *, *, #9288, .T. ) ;
#421 = CARTESIAN_POINT ( 'NONE',  ( -3.950000000000000178, 0.02000000000000000042, 0.3999999999998999911 ) ) ;
#422 = AXIS2_PLACEMENT_3D ( 'NONE', #3695, #7218, #3000 ) ;
#423 = ORIENTED_EDGE ( 'NONE', *, *, #251, .T. ) ;
#424 = EDGE_CURVE ( 'NONE', #797, #2074, #2677, .T. ) ;
#425 = FACE_OUTER_BOUND ( 'NONE', #2166, .T. ) ;
#426 = VERTEX_POINT ( 'NONE', #5574 ) ;
#427 = DIRECTION ( 'NONE',  ( 0.000000000000000000, 1.000000000000000000, 0.000000000000000000 ) ) ;
#428 = SURFACE_STYLE_FILL_AREA ( #7744 ) ;
#429 = ADVANCED_FACE ( 'NONE', ( #3477 ), #2738, .T. ) ;
#430 = EDGE_CURVE ( 'NONE', #7598, #5841, #7706, .T. ) ;
#431 = SURFACE_STYLE_FILL_AREA ( #6326 ) ;
#432 = ORIENTED_EDGE ( 'NONE', *, *, #6635, .T. ) ;
#433 = VERTEX_POINT ( 'NONE', #2803 ) ;
#434 = CARTESIAN_POINT ( 'NONE',  ( -4.850000000000000533, 0.9799999999999999822, -1.100000000000000089 ) ) ;
#435 = AXIS2_PLACEMENT_3D ( 'NONE', #7174, #468, #8461 ) ;
#436 = SURFACE_STYLE_USAGE ( .BOTH. , #6988 ) ;
#437 = CARTESIAN_POINT ( 'NONE',  ( -3.950000000000000178, 0.02000000000000000042, -8.673617379884039416E-16 ) ) ;
#438 = PRESENTATION_STYLE_ASSIGNMENT (( #5624 ) ) ;
#439 = FILL_AREA_STYLE_COLOUR ( '', #205 ) ;
#440 = CARTESIAN_POINT ( 'NONE',  ( -4.850000000000000533, 1.000000000000000000, 1.100000000000000089 ) ) ;
#441 = FILL_AREA_STYLE ('',( #6993 ) ) ;
#442 = AXIS2_PLACEMENT_3D ( 'NONE', #6279, #2726, #6134 ) ;
#443 = EDGE_CURVE ( 'NONE', #3833, #3099, #3507, .T. ) ;
#444 = DIRECTION ( 'NONE',  ( 0.000000000000000000, -1.000000000000000000, 0.000000000000000000 ) ) ;
#445 = CARTESIAN_POINT ( 'NONE',  ( 4.850000000000000533, 0.02000000000000000042, 5.049999999999999822 ) ) ;
#446 = ORIENTED_EDGE ( 'NONE', *, *, #3424, .F. ) ;
#447 = DIRECTION ( 'NONE',  ( 0.000000000000000000, -1.000000000000000000, 0.000000000000000000 ) ) ;
#448 = CARTESIAN_POINT ( 'NONE',  ( -4.850000000000000533, 0.02000000000000000042, -1.100000000000000089 ) ) ;
#449 = ORIENTED_EDGE ( 'NONE', *, *, #5182, .F. ) ;
#450 = ORIENTED_EDGE ( 'NONE', *, *, #1323, .T. ) ;
#451 = COLOUR_RGB ( '',1.000000000000000000, 0.8117647058823529438, 0.5019607843137254832 ) ;
#452 =( LENGTH_UNIT ( ) NAMED_UNIT ( * ) SI_UNIT ( .MILLI., .METRE. ) );
#453 = CARTESIAN_POINT ( 'NONE',  ( 3.950000000000000178, 0.02000000000000000042, -2.899999999999999911 ) ) ;
#454 = PRESENTATION_STYLE_ASSIGNMENT (( #7907 ) ) ;
#455 = DIRECTION ( 'NONE',  ( 0.000000000000000000, 0.000000000000000000, 1.000000000000000000 ) ) ;
#456 = ORIENTED_EDGE ( 'NONE', *, *, #4412, .F. ) ;
#457 = DIRECTION ( 'NONE',  ( 0.000000000000000000, 0.000000000000000000, -1.000000000000000000 ) ) ;
#458 = UNCERTAINTY_MEASURE_WITH_UNIT (LENGTH_MEASURE( 1.000000000000000082E-05 ), #2365, 'distance_accuracy_value', 'NONE');
#459 = LINE ( 'NONE', #6307, #9390 ) ;
#460 = FACE_OUTER_BOUND ( 'NONE', #9340, .T. ) ;
#461 = STYLED_ITEM ( 'NONE', ( #9021 ), #1068 ) ;
#462 = EDGE_LOOP ( 'NONE', ( #5223, #4834, #1681, #1713 ) ) ;
#463 = SURFACE_STYLE_FILL_AREA ( #4924 ) ;
#464 = VERTEX_POINT ( 'NONE', #5648 ) ;
#465 = SURFACE_SIDE_STYLE ('',( #8406 ) ) ;
#466 = VERTEX_POINT ( 'NONE', #6548 ) ;
#467 = MECHANICAL_DESIGN_GEOMETRIC_PRESENTATION_REPRESENTATION (  '', ( #1232 ), #8425 ) ;
#468 = DIRECTION ( 'NONE',  ( 0.000000000000000000, -1.000000000000000000, 0.000000000000000000 ) ) ;
#469 = CARTESIAN_POINT ( 'NONE',  ( 4.850000000000000533, 1.000000000000000000, 0.6999999999999499956 ) ) ;
#470 = EDGE_CURVE ( 'NONE', #1631, #4931, #4393, .T. ) ;
#471 = ORIENTED_EDGE ( 'NONE', *, *, #430, .T. ) ;
#472 = VERTEX_POINT ( 'NONE', #646 ) ;
#473 = DIRECTION ( 'NONE',  ( 0.000000000000000000, -1.000000000000000000, 0.000000000000000000 ) ) ;
#474 = CARTESIAN_POINT ( 'NONE',  ( -3.950000000000000178, 0.02000000000000000042, -1.800000000000000044 ) ) ;
#475 = DIRECTION ( 'NONE',  ( -1.000000000000000000, 0.000000000000000000, 0.000000000000000000 ) ) ;
#476 = CARTESIAN_POINT ( 'NONE',  ( 4.850000000000000533, 0.02000000000000000042, -4.649999999999999467 ) ) ;
#477 = UNCERTAINTY_MEASURE_WITH_UNIT (LENGTH_MEASURE( 1.000000000000000082E-05 ), #9284, 'distance_accuracy_value', 'NONE');
#478 =( LENGTH_UNIT ( ) NAMED_UNIT ( * ) SI_UNIT ( .MILLI., .METRE. ) );
#479 = DIRECTION ( 'NONE',  ( 0.000000000000000000, 1.000000000000000000, 0.000000000000000000 ) ) ;
#480 =( LENGTH_UNIT ( ) NAMED_UNIT ( * ) SI_UNIT ( .MILLI., .METRE. ) );
#481 = VERTEX_POINT ( 'NONE', #7169 ) ;
#482 = ORIENTED_EDGE ( 'NONE', *, *, #898, .T. ) ;
#483 = PRESENTATION_STYLE_ASSIGNMENT (( #2621 ) ) ;
#484 = VECTOR ( 'NONE', #6085, 1000.000000000000000 ) ;
#485 = DIRECTION ( 'NONE',  ( -1.000000000000000000, 0.000000000000000000, 0.000000000000000000 ) ) ;
#486 = STYLED_ITEM ( 'NONE', ( #300 ), #2927 ) ;
#487 = ADVANCED_FACE ( 'NONE', ( #9294 ), #4970, .F. ) ;
#488 = FACE_OUTER_BOUND ( 'NONE', #8964, .T. ) ;
#489 = EDGE_CURVE ( 'NONE', #5674, #4561, #8647, .T. ) ;
#490 = FACE_OUTER_BOUND ( 'NONE', #8577, .T. ) ;
#491 = DIRECTION ( 'NONE',  ( 0.000000000000000000, 0.000000000000000000, 1.000000000000000000 ) ) ;
#492 = CYLINDRICAL_SURFACE ( 'NONE', #6041, 0.4000000000000001887 ) ;
#493 = VECTOR ( 'NONE', #5760, 1000.000000000000000 ) ;
#494 = AXIS2_PLACEMENT_3D ( 'NONE', #9099, #4016, #7577 ) ;
#495 = VECTOR ( 'NONE', #6107, 1000.000000000000000 ) ;
#496 = FILL_AREA_STYLE ('',( #4206 ) ) ;
#497 =( NAMED_UNIT ( * ) PLANE_ANGLE_UNIT ( ) SI_UNIT ( $, .RADIAN. ) );
#498 = ORIENTED_EDGE ( 'NONE', *, *, #9248, .T. ) ;
#499 = VERTEX_POINT ( 'NONE', #1379 ) ;
#500 = SURFACE_STYLE_USAGE ( .BOTH. , #7045 ) ;
#501 = ORIENTED_EDGE ( 'NONE', *, *, #3541, .T. ) ;
#502 = ORIENTED_EDGE ( 'NONE', *, *, #1518, .T. ) ;
#503 = STYLED_ITEM ( 'NONE', ( #2374 ), #6833 ) ;
#504 = EDGE_CURVE ( 'NONE', #4747, #3893, #7207, .T. ) ;
#505 = VECTOR ( 'NONE', #12, 1000.000000000000000 ) ;
#506 = LINE ( 'NONE', #9278, #8597 ) ;
#507 = DIRECTION ( 'NONE',  ( 1.000000000000000000, 0.000000000000000000, 0.000000000000000000 ) ) ;
#508 = CARTESIAN_POINT ( 'NONE',  ( 4.850000000000000533, 0.000000000000000000, 4.799999999999999822 ) ) ;
#509 = MECHANICAL_DESIGN_GEOMETRIC_PRESENTATION_REPRESENTATION (  '', ( #7678 ), #51 ) ;
#510 = STYLED_ITEM ( 'NONE', ( #1495 ), #6282 ) ;
#511 = SURFACE_STYLE_USAGE ( .BOTH. , #8640 ) ;
#512 = EDGE_CURVE ( 'NONE', #4059, #8503, #686, .T. ) ;
#513 = CARTESIAN_POINT ( 'NONE',  ( 4.120000000000000107, 2.149999999999999911, -4.290000000000000036 ) ) ;
#514 = CARTESIAN_POINT ( 'NONE',  ( -4.850000000000000533, 0.000000000000000000, 4.799999999999999822 ) ) ;
#515 =( GEOMETRIC_REPRESENTATION_CONTEXT ( 3 ) GLOBAL_UNCERTAINTY_ASSIGNED_CONTEXT ( ( #8550 ) ) GLOBAL_UNIT_ASSIGNED_CONTEXT ( ( #8682, #1411, #5055 ) ) REPRESENTATION_CONTEXT ( 'NONE', 'WORKASPACE' ) );
#516 = AXIS2_PLACEMENT_3D ( 'NONE', #7297, #3163, #4584 ) ;
#517 = UNCERTAINTY_MEASURE_WITH_UNIT (LENGTH_MEASURE( 1.000000000000000082E-05 ), #3845, 'distance_accuracy_value', 'NONE');
#518 = ORIENTED_EDGE ( 'NONE', *, *, #658, .T. ) ;
#519 = DIRECTION ( 'NONE',  ( 0.000000000000000000, 1.000000000000000000, 0.000000000000000000 ) ) ;
#520 = PRESENTATION_STYLE_ASSIGNMENT (( #9158 ) ) ;
#521 = FACE_OUTER_BOUND ( 'NONE', #3797, .T. ) ;
#522 = SURFACE_STYLE_FILL_AREA ( #2243 ) ;
#523 = ORIENTED_EDGE ( 'NONE', *, *, #3680, .T. ) ;
#524 = LINE ( 'NONE', #1920, #344 ) ;
#525 =( NAMED_UNIT ( * ) SI_UNIT ( $, .STERADIAN. ) SOLID_ANGLE_UNIT ( ) );
#526 = CARTESIAN_POINT ( 'NONE',  ( 4.270000000000000462, 2.149999999999999911, 16.55704800000000176 ) ) ;
#527 = DIRECTION ( 'NONE',  ( -0.000000000000000000, 1.000000000000000000, 0.000000000000000000 ) ) ;
#528 =( NAMED_UNIT ( * ) SI_UNIT ( $, .STERADIAN. ) SOLID_ANGLE_UNIT ( ) );
#529 = VERTEX_POINT ( 'NONE', #6500 ) ;
#530 = ORIENTED_EDGE ( 'NONE', *, *, #6048, .F. ) ;
#531 = VECTOR ( 'NONE', #3814, 1000.000000000000000 ) ;
#532 = SURFACE_STYLE_USAGE ( .BOTH. , #1349 ) ;
#533 = VECTOR ( 'NONE', #2133, 1000.000000000000000 ) ;
#534 = DIRECTION ( 'NONE',  ( 0.000000000000000000, -1.000000000000000000, 0.000000000000000000 ) ) ;
#535 = SURFACE_STYLE_USAGE ( .BOTH. , #5568 ) ;
#536 =( LENGTH_UNIT ( ) NAMED_UNIT ( * ) SI_UNIT ( .MILLI., .METRE. ) );
#537 = AXIS2_PLACEMENT_3D ( 'NONE', #4638, #8353, #366 ) ;
#538 = CARTESIAN_POINT ( 'NONE',  ( -3.950000000000000178, 0.000000000000000000, -2.600000000000000089 ) ) ;
#539 = CARTESIAN_POINT ( 'NONE',  ( 4.850000000000000533, 0.02000000000000000042, 3.299999999999999822 ) ) ;
#540 = ORIENTED_EDGE ( 'NONE', *, *, #6096, .F. ) ;
#541 = ORIENTED_EDGE ( 'NONE', *, *, #3435, .F. ) ;
#542 = EDGE_CURVE ( 'NONE', #8069, #8073, #6203, .T. ) ;
#543 = DIRECTION ( 'NONE',  ( -1.000000000000000000, 0.000000000000000000, 0.000000000000000000 ) ) ;
#544 = ORIENTED_EDGE ( 'NONE', *, *, #2982, .T. ) ;
#545 = ORIENTED_EDGE ( 'NONE', *, *, #7669, .F. ) ;
#546 = ORIENTED_EDGE ( 'NONE', *, *, #2248, .T. ) ;
#547 = MECHANICAL_DESIGN_GEOMETRIC_PRESENTATION_REPRESENTATION (  '', ( #9083 ), #92 ) ;
#548 = COLOUR_RGB ( '',0.5372549019607842924, 0.6235294117647058876, 0.000000000000000000 ) ;
#549 = FILL_AREA_STYLE ('',( #7049 ) ) ;
#550 = SURFACE_STYLE_USAGE ( .BOTH. , #3535 ) ;
#551 = CARTESIAN_POINT ( 'NONE',  ( -4.850000000000000533, 0.02000000000000000042, -0.8500000000000499378 ) ) ;
#552 = MECHANICAL_DESIGN_GEOMETRIC_PRESENTATION_REPRESENTATION (  '', ( #851 ), #2728 ) ;
#553 = CIRCLE ( 'NONE', #6022, 0.4000000000000001887 ) ;
#554 = DIRECTION ( 'NONE',  ( 0.000000000000000000, 1.000000000000000000, 0.000000000000000000 ) ) ;
#555 = EDGE_CURVE ( 'NONE', #175, #3666, #9283, .T. ) ;
#556 = EDGE_CURVE ( 'NONE', #2811, #3974, #2798, .T. ) ;
#557 =( NAMED_UNIT ( * ) SI_UNIT ( $, .STERADIAN. ) SOLID_ANGLE_UNIT ( ) );
#558 = CARTESIAN_POINT ( 'NONE',  ( 4.850000000000000533, 0.000000000000000000, -1.100000000000000089 ) ) ;
#559 = VECTOR ( 'NONE', #3610, 1000.000000000000000 ) ;
#560 = FACE_OUTER_BOUND ( 'NONE', #731, .T. ) ;
#561 = UNCERTAINTY_MEASURE_WITH_UNIT (LENGTH_MEASURE( 1.000000000000000082E-05 ), #4911, 'distance_accuracy_value', 'NONE');
#562 = LINE ( 'NONE', #8642, #8034 ) ;
#563 = CARTESIAN_POINT ( 'NONE',  ( -3.950000000000000178, 0.02000000000000000042, -8.673617379884039416E-16 ) ) ;
#564 = VECTOR ( 'NONE', #3278, 1000.000000000000000 ) ;
#565 = DIRECTION ( 'NONE',  ( -1.000000000000000000, 0.000000000000000000, 0.000000000000000000 ) ) ;
#566 = VECTOR ( 'NONE', #3828, 1000.000000000000000 ) ;
#567 =( GEOMETRIC_REPRESENTATION_CONTEXT ( 3 ) GLOBAL_UNCERTAINTY_ASSIGNED_CONTEXT ( ( #1500 ) ) GLOBAL_UNIT_ASSIGNED_CONTEXT ( ( #5595, #7681, #4742 ) ) REPRESENTATION_CONTEXT ( 'NONE', 'WORKASPACE' ) );
#568 = FILL_AREA_STYLE_COLOUR ( '', #2904 ) ;
#569 = DIRECTION ( 'NONE',  ( 1.000000000000000000, 0.000000000000000000, 0.000000000000000000 ) ) ;
#570 = ADVANCED_FACE ( 'NONE', ( #5683 ), #2058, .T. ) ;
#571 = AXIS2_PLACEMENT_3D ( 'NONE', #6535, #5006, #7905 ) ;
#572 = VECTOR ( 'NONE', #2795, 1000.000000000000000 ) ;
#573 = VECTOR ( 'NONE', #1388, 1000.000000000000000 ) ;
#574 = STYLED_ITEM ( 'NONE', ( #1525 ), #9063 ) ;
#575 = CARTESIAN_POINT ( 'NONE',  ( -4.850000000000000533, 0.000000000000000000, 2.200000000000000178 ) ) ;
#576 = MECHANICAL_DESIGN_GEOMETRIC_PRESENTATION_REPRESENTATION (  '', ( #8358 ), #5466 ) ;
#577 =( NAMED_UNIT ( * ) PLANE_ANGLE_UNIT ( ) SI_UNIT ( $, .RADIAN. ) );
#578 = EDGE_CURVE ( 'NONE', #4923, #7541, #7110, .T. ) ;
#579 = CARTESIAN_POINT ( 'NONE',  ( 3.950000000000000178, 0.02000000000000000042, -0.4000000000000989986 ) ) ;
#580 = ORIENTED_EDGE ( 'NONE', *, *, #7719, .F. ) ;
#581 = AXIS2_PLACEMENT_3D ( 'NONE', #1611, #8900, #6773 ) ;
#582 = DIRECTION ( 'NONE',  ( 1.000000000000000000, 0.000000000000000000, 0.000000000000000000 ) ) ;
#583 = FACE_BOUND ( 'NONE', #930, .T. ) ;
#584 = PLANE ( 'NONE',  #1582 ) ;
#585 = SURFACE_STYLE_FILL_AREA ( #2271 ) ;
#586 =( LENGTH_UNIT ( ) NAMED_UNIT ( * ) SI_UNIT ( .MILLI., .METRE. ) );
#587 = CARTESIAN_POINT ( 'NONE',  ( -4.120000000000000107, 1.050000000000000044, -4.440000000000000391 ) ) ;
#588 = VECTOR ( 'NONE', #3132, 1000.000000000000000 ) ;
#589 = SURFACE_STYLE_USAGE ( .BOTH. , #6390 ) ;
#590 = ORIENTED_EDGE ( 'NONE', *, *, #649, .F. ) ;
#591 = ORIENTED_EDGE ( 'NONE', *, *, #6424, .F. ) ;
#592 = ORIENTED_EDGE ( 'NONE', *, *, #2709, .F. ) ;
#593 = LINE ( 'NONE', #7808, #9183 ) ;
#594 = CARTESIAN_POINT ( 'NONE',  ( 15.94382399999999933, 2.149999999999999911, -4.290000000000000036 ) ) ;
#595 = ADVANCED_FACE ( 'NONE', ( #4361 ), #7246, .T. ) ;
#596 = FILL_AREA_STYLE ('',( #1952 ) ) ;
#597 = DIRECTION ( 'NONE',  ( -1.000000000000000000, 0.000000000000000000, 0.000000000000000000 ) ) ;
#598 = CARTESIAN_POINT ( 'NONE',  ( -4.850000000000000533, 0.9799999999999999822, -6.331740687315349681E-14 ) ) ;
#599 =( NAMED_UNIT ( * ) SI_UNIT ( $, .STERADIAN. ) SOLID_ANGLE_UNIT ( ) );
#600 = DIRECTION ( 'NONE',  ( -1.000000000000000000, 0.000000000000000000, 0.000000000000000000 ) ) ;
#601 =( LENGTH_UNIT ( ) NAMED_UNIT ( * ) SI_UNIT ( .MILLI., .METRE. ) );
#602 = EDGE_CURVE ( 'NONE', #6938, #2635, #3860, .T. ) ;
#603 = EDGE_CURVE ( 'NONE', #2297, #1497, #216, .T. ) ;
#604 = UNCERTAINTY_MEASURE_WITH_UNIT (LENGTH_MEASURE( 1.000000000000000082E-05 ), #8487, 'distance_accuracy_value', 'NONE');
#605 = PRESENTATION_STYLE_ASSIGNMENT (( #5692 ) ) ;
#606 = ORIENTED_EDGE ( 'NONE', *, *, #8315, .T. ) ;
#607 = DIRECTION ( 'NONE',  ( 1.000000000000000000, 0.000000000000000000, 0.000000000000000000 ) ) ;
#608 = DIRECTION ( 'NONE',  ( -1.000000000000000000, 0.000000000000000000, 0.000000000000000000 ) ) ;
#609 = ORIENTED_EDGE ( 'NONE', *, *, #8673, .F. ) ;
#610 = VECTOR ( 'NONE', #2870, 1000.000000000000000 ) ;
#611 = DIRECTION ( 'NONE',  ( -1.000000000000000000, 0.000000000000000000, 0.000000000000000000 ) ) ;
#612 = ORIENTED_EDGE ( 'NONE', *, *, #4442, .F. ) ;
#613 = ADVANCED_FACE ( 'NONE', ( #8098 ), #7472, .F. ) ;
#614 = CARTESIAN_POINT ( 'NONE',  ( -4.850000000000000533, 0.9799999999999999822, -5.049999999999999822 ) ) ;
#615 = CARTESIAN_POINT ( 'NONE',  ( 4.850000000000000533, 0.9799999999999999822, 5.049999999999999822 ) ) ;
#616 = SURFACE_STYLE_FILL_AREA ( #5796 ) ;
#617 = EDGE_LOOP ( 'NONE', ( #3591, #3085, #7639, #5533 ) ) ;
#618 = SURFACE_STYLE_USAGE ( .BOTH. , #5662 ) ;
#619 = VECTOR ( 'NONE', #5328, 1000.000000000000000 ) ;
#620 = CYLINDRICAL_SURFACE ( 'NONE', #8780, 0.2500000000000002220 ) ;
#621 = DIRECTION ( 'NONE',  ( 0.000000000000000000, 1.000000000000000000, 0.000000000000000000 ) ) ;
#622 = EDGE_CURVE ( 'NONE', #1026, #8076, #5880, .T. ) ;
#623 = CYLINDRICAL_SURFACE ( 'NONE', #2200, 0.5000000000000000000 ) ;
#624 = CARTESIAN_POINT ( 'NONE',  ( 1.734723475976809855E-15, 0.9799999999999999822, -8.673617379884039416E-16 ) ) ;
#625 = LINE ( 'NONE', #9360, #1959 ) ;
#626 = PLANE ( 'NONE',  #7484 ) ;
#627 = CARTESIAN_POINT ( 'NONE',  ( -4.850000000000000533, 0.000000000000000000, -5.049999999999999822 ) ) ;
#628 = CIRCLE ( 'NONE', #9312, 0.2500000000000002220 ) ;
#629 = STYLED_ITEM ( 'NONE', ( #7091 ), #3053 ) ;
#630 =( LENGTH_UNIT ( ) NAMED_UNIT ( * ) SI_UNIT ( .MILLI., .METRE. ) );
#631 = VERTEX_POINT ( 'NONE', #923 ) ;
#632 = ORIENTED_EDGE ( 'NONE', *, *, #2623, .F. ) ;
#633 = VECTOR ( 'NONE', #219, 1000.000000000000000 ) ;
#634 = CARTESIAN_POINT ( 'NONE',  ( 4.850000000000000533, 0.000000000000000000, -2.200000000000000178 ) ) ;
#635 = LINE ( 'NONE', #9323, #5680 ) ;
#636 = AXIS2_PLACEMENT_3D ( 'NONE', #65, #7410, #5138 ) ;
#637 = SURFACE_STYLE_USAGE ( .BOTH. , #4962 ) ;
#638 = CARTESIAN_POINT ( 'NONE',  ( -3.950000000000000178, 0.000000000000000000, -4.799999999999999822 ) ) ;
#639 = PLANE ( 'NONE',  #1121 ) ;
#640 = CARTESIAN_POINT ( 'NONE',  ( 1.734723475976809855E-15, 0.000000000000000000, 2.600000000000000089 ) ) ;
#641 = ORIENTED_EDGE ( 'NONE', *, *, #3144, .T. ) ;
#642 = STYLED_ITEM ( 'NONE', ( #176 ), #4331 ) ;
#643 = AXIS2_PLACEMENT_3D ( 'NONE', #8891, #6042, #1603 ) ;
#644 =( LENGTH_UNIT ( ) NAMED_UNIT ( * ) SI_UNIT ( .MILLI., .METRE. ) );
#645 = SURFACE_SIDE_STYLE ('',( #5165 ) ) ;
#646 = CARTESIAN_POINT ( 'NONE',  ( 4.850000000000000533, 1.000000000000000000, -1.800000000000000044 ) ) ;
#647 = MECHANICAL_DESIGN_GEOMETRIC_PRESENTATION_REPRESENTATION (  '', ( #3420 ), #2503 ) ;
#648 = SURFACE_STYLE_FILL_AREA ( #2940 ) ;
#649 = EDGE_CURVE ( 'NONE', #3317, #7260, #1563, .T. ) ;
#650 = CARTESIAN_POINT ( 'NONE',  ( 3.700000000000000178, 2.986019999999999897, -3.850000000000000089 ) ) ;
#651 = ADVANCED_FACE ( 'NONE', ( #3677 ), #5156, .T. ) ;
#652 = VECTOR ( 'NONE', #6051, 1000.000000000000000 ) ;
#653 = STYLED_ITEM ( 'NONE', ( #2897 ), #6468 ) ;
#654 = VERTEX_POINT ( 'NONE', #7337 ) ;
#655 =( NAMED_UNIT ( * ) SI_UNIT ( $, .STERADIAN. ) SOLID_ANGLE_UNIT ( ) );
#656 = FACE_OUTER_BOUND ( 'NONE', #700, .T. ) ;
#657 = ADVANCED_FACE ( 'NONE', ( #76 ), #8811, .F. ) ;
#658 = EDGE_CURVE ( 'NONE', #481, #4579, #6860, .T. ) ;
#659 = EDGE_LOOP ( 'NONE', ( #238, #7546, #7359, #6599, #5788, #6065 ) ) ;
#660 = DIRECTION ( 'NONE',  ( -0.000000000000000000, 1.000000000000000000, 0.000000000000000000 ) ) ;
#661 = ORIENTED_EDGE ( 'NONE', *, *, #214, .F. ) ;
#662 = CARTESIAN_POINT ( 'NONE',  ( -3.700000000000000178, 2.500000000000000000, 4.250000000000000000 ) ) ;
#663 =( NAMED_UNIT ( * ) SI_UNIT ( $, .STERADIAN. ) SOLID_ANGLE_UNIT ( ) );
#664 = CARTESIAN_POINT ( 'NONE',  ( 3.950000000000000178, 0.000000000000000000, 2.899999999999999911 ) ) ;
#665 = CARTESIAN_POINT ( 'NONE',  ( -4.850000000000000533, 0.9799999999999999822, -5.049999999999999822 ) ) ;
#666 = FACE_OUTER_BOUND ( 'NONE', #4908, .T. ) ;
#667 = FILL_AREA_STYLE ('',( #7232 ) ) ;
#668 = CARTESIAN_POINT ( 'NONE',  ( 4.850000000000000533, 0.000000000000000000, 1.949999999999999956 ) ) ;
#669 = VECTOR ( 'NONE', #394, 1000.000000000000000 ) ;
#670 = EDGE_CURVE ( 'NONE', #41, #226, #5330, .T. ) ;
#671 = FILL_AREA_STYLE_COLOUR ( '', #7203 ) ;
#672 = MECHANICAL_DESIGN_GEOMETRIC_PRESENTATION_REPRESENTATION (  '', ( #7553 ), #8767 ) ;
#673 = ORIENTED_EDGE ( 'NONE', *, *, #6111, .F. ) ;
#674 = CARTESIAN_POINT ( 'NONE',  ( 2.979999999999999982, 2.449999999999999734, 3.149999999999999911 ) ) ;
#675 = PRESENTATION_STYLE_ASSIGNMENT (( #1512 ) ) ;
#676 = CARTESIAN_POINT ( 'NONE',  ( -3.700000000000000178, 2.986019999999999897, -3.850000000000000089 ) ) ;
#677 = DIRECTION ( 'NONE',  ( 0.000000000000000000, 1.000000000000000000, 0.000000000000000000 ) ) ;
#678 = PRESENTATION_LAYER_ASSIGNMENT (  '', '', ( #5130 ) ) ;
#679 = FILL_AREA_STYLE ('',( #5098 ) ) ;
#680 = CARTESIAN_POINT ( 'NONE',  ( 4.850000000000000533, 0.000000000000000000, 5.049999999999999822 ) ) ;
#681 = AXIS2_PLACEMENT_3D ( 'NONE', #168, #2141, #7290 ) ;
#682 = FILL_AREA_STYLE_COLOUR ( '', #1146 ) ;
#683 = ORIENTED_EDGE ( 'NONE', *, *, #6586, .F. ) ;
#684 = EDGE_CURVE ( 'NONE', #3054, #3712, #8232, .T. ) ;
#685 =( NAMED_UNIT ( * ) SI_UNIT ( $, .STERADIAN. ) SOLID_ANGLE_UNIT ( ) );
#686 = CIRCLE ( 'NONE', #1930, 0.2500000000000002220 ) ;
#687 = VECTOR ( 'NONE', #5713, 1000.000000000000000 ) ;
#688 = CARTESIAN_POINT ( 'NONE',  ( 4.850000000000000533, 0.000000000000000000, 3.550000000000000266 ) ) ;
#689 = VECTOR ( 'NONE', #333, 1000.000000000000000 ) ;
#690 = LINE ( 'NONE', #6545, #8886 ) ;
#691 = PRESENTATION_LAYER_ASSIGNMENT (  '', '', ( #9383 ) ) ;
#692 = CARTESIAN_POINT ( 'NONE',  ( 4.850000000000000533, 0.9799999999999999822, 4.400000000000000355 ) ) ;
#693 = DIRECTION ( 'NONE',  ( 0.000000000000000000, 1.000000000000000000, 0.000000000000000000 ) ) ;
#694 = VECTOR ( 'NONE', #6189, 1000.000000000000000 ) ;
#695 = FILL_AREA_STYLE_COLOUR ( '', #6684 ) ;
#696 = CARTESIAN_POINT ( 'NONE',  ( -4.850000000000000533, 0.02000000000000000042, 1.949999999999999956 ) ) ;
#697 = MECHANICAL_DESIGN_GEOMETRIC_PRESENTATION_REPRESENTATION (  '', ( #3036 ), #7277 ) ;
#698 = DIRECTION ( 'NONE',  ( 1.000000000000000000, 0.000000000000000000, 0.000000000000000000 ) ) ;
#699 = STYLED_ITEM ( 'NONE', ( #1434 ), #4828 ) ;
#700 = EDGE_LOOP ( 'NONE', ( #2908, #5092, #1942, #5885 ) ) ;
#701 = PRESENTATION_STYLE_ASSIGNMENT (( #91 ) ) ;
#702 = EDGE_LOOP ( 'NONE', ( #6601, #2325, #5693, #7344, #4515 ) ) ;
#703 = VECTOR ( 'NONE', #565, 1000.000000000000000 ) ;
#704 = FILL_AREA_STYLE ('',( #4332 ) ) ;
#705 = SURFACE_STYLE_USAGE ( .BOTH. , #6510 ) ;
#706 = EDGE_CURVE ( 'NONE', #5133, #9182, #970, .T. ) ;
#707 = CARTESIAN_POINT ( 'NONE',  ( -3.950000000000000178, 0.02000000000000000042, -8.673617379884039416E-16 ) ) ;
#708 = CIRCLE ( 'NONE', #422, 0.1499999999999999667 ) ;
#709 = COLOUR_RGB ( '',0.5372549019607842924, 0.6235294117647058876, 0.000000000000000000 ) ;
#710 = SURFACE_SIDE_STYLE ('',( #4243 ) ) ;
#711 = ORIENTED_EDGE ( 'NONE', *, *, #2342, .T. ) ;
#712 = ORIENTED_EDGE ( 'NONE', *, *, #7899, .T. ) ;
#713 = MECHANICAL_DESIGN_GEOMETRIC_PRESENTATION_REPRESENTATION (  '', ( #4860 ), #1015 ) ;
#714 = DIRECTION ( 'NONE',  ( -1.000000000000000000, 0.000000000000000000, 0.000000000000000000 ) ) ;
#715 = ORIENTED_EDGE ( 'NONE', *, *, #3670, .F. ) ;
#716 = CARTESIAN_POINT ( 'NONE',  ( 4.850000000000000533, 1.000000000000000000, 1.100000000000000089 ) ) ;
#717 = ORIENTED_EDGE ( 'NONE', *, *, #3668, .F. ) ;
#718 = PRESENTATION_LAYER_ASSIGNMENT (  '', '', ( #9405 ) ) ;
#719 = SURFACE_STYLE_USAGE ( .BOTH. , #6565 ) ;
#720 = EDGE_LOOP ( 'NONE', ( #8510, #877, #7094, #5658 ) ) ;
#721 = DIRECTION ( 'NONE',  ( 0.000000000000000000, 1.000000000000000000, 0.000000000000000000 ) ) ;
#722 = FILL_AREA_STYLE_COLOUR ( '', #6611 ) ;
#723 = CIRCLE ( 'NONE', #3202, 0.4000000000000001887 ) ;
#724 = EDGE_CURVE ( 'NONE', #4423, #1060, #1791, .T. ) ;
#725 = EDGE_CURVE ( 'NONE', #2498, #6887, #5747, .T. ) ;
#726 =( LENGTH_UNIT ( ) NAMED_UNIT ( * ) SI_UNIT ( .MILLI., .METRE. ) );
#727 = VECTOR ( 'NONE', #7633, 1000.000000000000000 ) ;
#728 = DIRECTION ( 'NONE',  ( 0.000000000000000000, -1.000000000000000000, 0.000000000000000000 ) ) ;
#729 =( LENGTH_UNIT ( ) NAMED_UNIT ( * ) SI_UNIT ( .MILLI., .METRE. ) );
#730 = ORIENTED_EDGE ( 'NONE', *, *, #2291, .T. ) ;
#731 = EDGE_LOOP ( 'NONE', ( #5436, #5920, #892, #5753, #5961 ) ) ;
#732 = CARTESIAN_POINT ( 'NONE',  ( 4.850000000000000533, 0.9799999999999999822, -4.400000000000000355 ) ) ;
#733 = PLANE ( 'NONE',  #6594 ) ;
#734 = EDGE_CURVE ( 'NONE', #2498, #4061, #8283, .T. ) ;
#735 = VECTOR ( 'NONE', #1049, 1000.000000000000000 ) ;
#736 = FILL_AREA_STYLE ('',( #5863 ) ) ;
#737 = ORIENTED_EDGE ( 'NONE', *, *, #6432, .T. ) ;
#738 = FILL_AREA_STYLE ('',( #8684 ) ) ;
#739 = VECTOR ( 'NONE', #2350, 1000.000000000000000 ) ;
#740 = FILL_AREA_STYLE_COLOUR ( '', #1572 ) ;
#741 = EDGE_CURVE ( 'NONE', #4557, #2956, #1619, .T. ) ;
#742 = FACE_OUTER_BOUND ( 'NONE', #6294, .T. ) ;
#743 = DIRECTION ( 'NONE',  ( 1.000000000000000000, 0.000000000000000000, 0.000000000000000000 ) ) ;
#744 = PRESENTATION_STYLE_ASSIGNMENT (( #1381 ) ) ;
#745 = ORIENTED_EDGE ( 'NONE', *, *, #8500, .T. ) ;
#746 = DIRECTION ( 'NONE',  ( 1.000000000000000000, 0.000000000000000000, 0.000000000000000000 ) ) ;
#747 = LINE ( 'NONE', #3691, #3158 ) ;
#748 = ORIENTED_EDGE ( 'NONE', *, *, #9181, .T. ) ;
#749 = MECHANICAL_DESIGN_GEOMETRIC_PRESENTATION_REPRESENTATION (  '', ( #3679 ), #2150 ) ;
#750 = ORIENTED_EDGE ( 'NONE', *, *, #7984, .F. ) ;
#751 =( NAMED_UNIT ( * ) PLANE_ANGLE_UNIT ( ) SI_UNIT ( $, .RADIAN. ) );
#752 = SURFACE_SIDE_STYLE ('',( #7309 ) ) ;
#753 = DIRECTION ( 'NONE',  ( 1.000000000000000000, 0.000000000000000000, 0.000000000000000000 ) ) ;
#754 = ORIENTED_EDGE ( 'NONE', *, *, #2988, .F. ) ;
#755 = ORIENTED_EDGE ( 'NONE', *, *, #1605, .T. ) ;
#756 = ORIENTED_EDGE ( 'NONE', *, *, #4083, .T. ) ;
#757 = ORIENTED_EDGE ( 'NONE', *, *, #2147, .F. ) ;
#758 = EDGE_LOOP ( 'NONE', ( #2119, #6965, #6264, #2789, #5162, #2971 ) ) ;
#759 = FACE_OUTER_BOUND ( 'NONE', #8263, .T. ) ;
#760 = SURFACE_STYLE_USAGE ( .BOTH. , #6476 ) ;
#761 = EDGE_LOOP ( 'NONE', ( #8099, #6533, #7932, #7827 ) ) ;
#762 =( NAMED_UNIT ( * ) SI_UNIT ( $, .STERADIAN. ) SOLID_ANGLE_UNIT ( ) );
#763 = LINE ( 'NONE', #5090, #5836 ) ;
#764 = EDGE_LOOP ( 'NONE', ( #217, #5407, #1412, #1732 ) ) ;
#765 = VECTOR ( 'NONE', #1032, 1000.000000000000000 ) ;
#766 = EDGE_CURVE ( 'NONE', #5169, #3485, #6142, .T. ) ;
#767 = EDGE_CURVE ( 'NONE', #375, #1692, #4057, .T. ) ;
#768 = ORIENTED_EDGE ( 'NONE', *, *, #7086, .F. ) ;
#769 = ORIENTED_EDGE ( 'NONE', *, *, #1396, .T. ) ;
#770 = CARTESIAN_POINT ( 'NONE',  ( 4.850000000000000533, 0.000000000000000000, 2.200000000000000178 ) ) ;
#771 =( NAMED_UNIT ( * ) SI_UNIT ( $, .STERADIAN. ) SOLID_ANGLE_UNIT ( ) );
#772 = DIRECTION ( 'NONE',  ( 0.000000000000000000, -1.000000000000000000, 0.000000000000000000 ) ) ;
#773 = CARTESIAN_POINT ( 'NONE',  ( -4.850000000000000533, 1.000000000000000000, -1.100000000000000089 ) ) ;
#774 = FACE_OUTER_BOUND ( 'NONE', #2839, .T. ) ;
#775 = CARTESIAN_POINT ( 'NONE',  ( 0.000000000000000000, 0.000000000000000000, 0.000000000000000000 ) ) ;
#776 = VECTOR ( 'NONE', #677, 1000.000000000000000 ) ;
#777 = DIRECTION ( 'NONE',  ( 0.000000000000000000, -1.000000000000000000, 0.000000000000000000 ) ) ;
#778 = SURFACE_STYLE_USAGE ( .BOTH. , #8000 ) ;
#779 =( NAMED_UNIT ( * ) PLANE_ANGLE_UNIT ( ) SI_UNIT ( $, .RADIAN. ) );
#780 = ORIENTED_EDGE ( 'NONE', *, *, #8096, .T. ) ;
#781 =( LENGTH_UNIT ( ) NAMED_UNIT ( * ) SI_UNIT ( .MILLI., .METRE. ) );
#782 = EDGE_CURVE ( 'NONE', #7399, #3781, #3246, .T. ) ;
#783 = AXIS2_PLACEMENT_3D ( 'NONE', #3802, #3705, #160 ) ;
#784 = AXIS2_PLACEMENT_3D ( 'NONE', #1270, #9325, #1319 ) ;
#785 = LINE ( 'NONE', #5163, #5983 ) ;
#786 = UNCERTAINTY_MEASURE_WITH_UNIT (LENGTH_MEASURE( 1.000000000000000082E-05 ), #28, 'distance_accuracy_value', 'NONE');
#787 = FACE_OUTER_BOUND ( 'NONE', #101, .T. ) ;
#788 = MECHANICAL_DESIGN_GEOMETRIC_PRESENTATION_REPRESENTATION (  '', ( #6147 ), #1257 ) ;
#789 = CARTESIAN_POINT ( 'NONE',  ( 4.850000000000000533, 0.000000000000000000, -3.700000000000000178 ) ) ;
#790 = MECHANICAL_DESIGN_GEOMETRIC_PRESENTATION_REPRESENTATION (  '', ( #8119 ), #7358 ) ;
#791 = EDGE_LOOP ( 'NONE', ( #9060, #5081, #1691, #4188 ) ) ;
#792 = CARTESIAN_POINT ( 'NONE',  ( 4.850000000000000533, 0.02000000000000000042, -1.800000000000000044 ) ) ;
#793 = EDGE_CURVE ( 'NONE', #7454, #236, #301, .T. ) ;
#794 = DIRECTION ( 'NONE',  ( 0.000000000000000000, -1.000000000000000000, 0.000000000000000000 ) ) ;
#795 = VERTEX_POINT ( 'NONE', #2584 ) ;
#796 = CIRCLE ( 'NONE', #4782, 0.4000000000000001887 ) ;
#797 = VERTEX_POINT ( 'NONE', #5476 ) ;
#798 = MECHANICAL_DESIGN_GEOMETRIC_PRESENTATION_REPRESENTATION (  '', ( #6159 ), #5395 ) ;
#799 = DIRECTION ( 'NONE',  ( 0.000000000000000000, -1.000000000000000000, 0.000000000000000000 ) ) ;
#800 = FILL_AREA_STYLE_COLOUR ( '', #9097 ) ;
#801 = CARTESIAN_POINT ( 'NONE',  ( 4.850000000000000533, 0.9799999999999999822, 0.3999999999999360178 ) ) ;
#802 = SURFACE_STYLE_FILL_AREA ( #5076 ) ;
#803 = VERTEX_POINT ( 'NONE', #1838 ) ;
#804 = VECTOR ( 'NONE', #7228, 1000.000000000000000 ) ;
#805 = AXIS2_PLACEMENT_3D ( 'NONE', #6676, #5955, #4535 ) ;
#806 = COLOUR_RGB ( '',1.000000000000000000, 0.8117647058823529438, 0.5019607843137254832 ) ;
#807 = ORIENTED_EDGE ( 'NONE', *, *, #424, .T. ) ;
#808 = ORIENTED_EDGE ( 'NONE', *, *, #1132, .F. ) ;
#809 = ORIENTED_EDGE ( 'NONE', *, *, #2222, .F. ) ;
#810 = LINE ( 'NONE', #8121, #7075 ) ;
#811 = FACE_OUTER_BOUND ( 'NONE', #2604, .T. ) ;
#812 = ORIENTED_EDGE ( 'NONE', *, *, #6003, .T. ) ;
#813 = UNCERTAINTY_MEASURE_WITH_UNIT (LENGTH_MEASURE( 1.000000000000000082E-05 ), #4407, 'distance_accuracy_value', 'NONE');
#814 = AXIS2_PLACEMENT_3D ( 'NONE', #5155, #7336, #2797 ) ;
#815 = COLOUR_RGB ( '',1.000000000000000000, 0.8117647058823529438, 0.5019607843137254832 ) ;
#816 = FACE_OUTER_BOUND ( 'NONE', #7953, .T. ) ;
#817 = DIRECTION ( 'NONE',  ( -1.000000000000000000, 0.000000000000000000, 0.000000000000000000 ) ) ;
#818 =( LENGTH_UNIT ( ) NAMED_UNIT ( * ) SI_UNIT ( .MILLI., .METRE. ) );
#819 = CARTESIAN_POINT ( 'NONE',  ( -4.850000000000000533, 0.9799999999999999822, 0.6999999999999999556 ) ) ;
#820 = DIRECTION ( 'NONE',  ( 1.000000000000000000, 0.000000000000000000, 0.000000000000000000 ) ) ;
#821 = ORIENTED_EDGE ( 'NONE', *, *, #1269, .T. ) ;
#822 = CARTESIAN_POINT ( 'NONE',  ( 4.120000000000000107, 2.149999999999999911, 4.290000000000000036 ) ) ;
#823 = SURFACE_STYLE_USAGE ( .BOTH. , #1645 ) ;
#824 = DIRECTION ( 'NONE',  ( 0.000000000000000000, -1.000000000000000000, 0.000000000000000000 ) ) ;
#825 = LINE ( 'NONE', #6666, #776 ) ;
#826 =( NAMED_UNIT ( * ) PLANE_ANGLE_UNIT ( ) SI_UNIT ( $, .RADIAN. ) );
#827 = EDGE_CURVE ( 'NONE', #2312, #6881, #5730, .T. ) ;
#828 = CARTESIAN_POINT ( 'NONE',  ( 4.850000000000000533, 0.9799999999999999822, 5.049999999999999822 ) ) ;
#829 = FILL_AREA_STYLE_COLOUR ( '', #5265 ) ;
#830 = ORIENTED_EDGE ( 'NONE', *, *, #1769, .T. ) ;
#831 = MECHANICAL_DESIGN_GEOMETRIC_PRESENTATION_REPRESENTATION (  '', ( #3457 ), #6185 ) ;
#832 =( NAMED_UNIT ( * ) PLANE_ANGLE_UNIT ( ) SI_UNIT ( $, .RADIAN. ) );
#833 = VECTOR ( 'NONE', #5831, 1000.000000000000000 ) ;
#834 =( LENGTH_UNIT ( ) NAMED_UNIT ( * ) SI_UNIT ( .MILLI., .METRE. ) );
#835 = CARTESIAN_POINT ( 'NONE',  ( -4.850000000000000533, 0.000000000000000000, -1.949999999999999956 ) ) ;
#836 = PRESENTATION_LAYER_ASSIGNMENT (  '', '', ( #4380 ) ) ;
#837 = EDGE_CURVE ( 'NONE', #9025, #949, #6244, .T. ) ;
#838 = EDGE_CURVE ( 'NONE', #7943, #1631, #8428, .T. ) ;
#839 = LINE ( 'NONE', #7252, #1341 ) ;
#840 = DIRECTION ( 'NONE',  ( -1.000000000000000000, 0.000000000000000000, 0.000000000000000000 ) ) ;
#841 = ORIENTED_EDGE ( 'NONE', *, *, #2936, .F. ) ;
#842 = CARTESIAN_POINT ( 'NONE',  ( 4.850000000000000533, 0.9799999999999999822, -3.700000000000000178 ) ) ;
#843 = CIRCLE ( 'NONE', #7703, 0.2500000000000002220 ) ;
#844 = ORIENTED_EDGE ( 'NONE', *, *, #5116, .F. ) ;
#845 = DIRECTION ( 'NONE',  ( 0.000000000000000000, 1.000000000000000000, 0.000000000000000000 ) ) ;
#846 = AXIS2_PLACEMENT_3D ( 'NONE', #4218, #8545, #7106 ) ;
#847 =( GEOMETRIC_REPRESENTATION_CONTEXT ( 3 ) GLOBAL_UNCERTAINTY_ASSIGNED_CONTEXT ( ( #948 ) ) GLOBAL_UNIT_ASSIGNED_CONTEXT ( ( #6541, #1271, #4168 ) ) REPRESENTATION_CONTEXT ( 'NONE', 'WORKASPACE' ) );
#848 = CARTESIAN_POINT ( 'NONE',  ( 1.734723475976809855E-15, 0.02000000000000000042, -1.500000000000000000 ) ) ;
#849 = CARTESIAN_POINT ( 'NONE',  ( -3.743898866310354734, 2.449999999999999734, -3.922363042438184788 ) ) ;
#850 = EDGE_CURVE ( 'NONE', #426, #7399, #341, .T. ) ;
#851 = STYLED_ITEM ( 'NONE', ( #8619 ), #8304 ) ;
#852 = CYLINDRICAL_SURFACE ( 'NONE', #4092, 0.2500000000000002220 ) ;
#853 = ORIENTED_EDGE ( 'NONE', *, *, #917, .T. ) ;
#854 = VECTOR ( 'NONE', #3878, 1000.000000000000000 ) ;
#855 = DIRECTION ( 'NONE',  ( 0.000000000000000000, 0.000000000000000000, 1.000000000000000000 ) ) ;
#856 = ORIENTED_EDGE ( 'NONE', *, *, #378, .T. ) ;
#857 = FILL_AREA_STYLE_COLOUR ( '', #3194 ) ;
#858 = COLOUR_RGB ( '',1.000000000000000000, 0.8117647058823529438, 0.5019607843137254832 ) ;
#859 = UNCERTAINTY_MEASURE_WITH_UNIT (LENGTH_MEASURE( 1.000000000000000082E-05 ), #5246, 'distance_accuracy_value', 'NONE');
#860 = ORIENTED_EDGE ( 'NONE', *, *, #6271, .F. ) ;
#861 = MECHANICAL_DESIGN_GEOMETRIC_PRESENTATION_REPRESENTATION (  '', ( #4255 ), #4694 ) ;
#862 = ORIENTED_EDGE ( 'NONE', *, *, #4580, .F. ) ;
#863 = EDGE_LOOP ( 'NONE', ( #4889, #4381, #8366, #540, #523, #9276, #3203, #3198, #9262, #4291, #7474, #2397 ) ) ;
#864 = SURFACE_SIDE_STYLE ('',( #2461 ) ) ;
#865 =( GEOMETRIC_REPRESENTATION_CONTEXT ( 3 ) GLOBAL_UNCERTAINTY_ASSIGNED_CONTEXT ( ( #7720 ) ) GLOBAL_UNIT_ASSIGNED_CONTEXT ( ( #9059, #7018, #7642 ) ) REPRESENTATION_CONTEXT ( 'NONE', 'WORKASPACE' ) );
#866 = CARTESIAN_POINT ( 'NONE',  ( -4.850000000000000533, 0.000000000000000000, -3.550000000000000266 ) ) ;
#867 = MECHANICAL_DESIGN_GEOMETRIC_PRESENTATION_REPRESENTATION (  '', ( #6670 ), #1476 ) ;
#868 = ADVANCED_FACE ( 'NONE', ( #8419 ), #1140, .F. ) ;
#869 = CARTESIAN_POINT ( 'NONE',  ( 3.700000000000000178, 2.299999999999999822, 3.850000000000000089 ) ) ;
#870 = COLOUR_RGB ( '',1.000000000000000000, 0.8117647058823529438, 0.5019607843137254832 ) ;
#871 = DIRECTION ( 'NONE',  ( 0.000000000000000000, 1.000000000000000000, 0.000000000000000000 ) ) ;
#872 = DIRECTION ( 'NONE',  ( 0.000000000000000000, 0.000000000000000000, 1.000000000000000000 ) ) ;
#873 = CARTESIAN_POINT ( 'NONE',  ( 4.850000000000000533, 1.000000000000000000, 0.3999999999999360178 ) ) ;
#874 =( NAMED_UNIT ( * ) SI_UNIT ( $, .STERADIAN. ) SOLID_ANGLE_UNIT ( ) );
#875 = COLOUR_RGB ( '',1.000000000000000000, 0.8117647058823529438, 0.5019607843137254832 ) ;
#876 = MECHANICAL_DESIGN_GEOMETRIC_PRESENTATION_REPRESENTATION (  '', ( #6679 ), #6841 ) ;
#877 = ORIENTED_EDGE ( 'NONE', *, *, #7039, .T. ) ;
#878 = DIRECTION ( 'NONE',  ( 0.000000000000000000, 1.000000000000000000, 0.000000000000000000 ) ) ;
#879 = DIRECTION ( 'NONE',  ( 0.000000000000000000, -1.000000000000000000, 0.000000000000000000 ) ) ;
#880 = LINE ( 'NONE', #3810, #7397 ) ;
#881 =( GEOMETRIC_REPRESENTATION_CONTEXT ( 3 ) GLOBAL_UNCERTAINTY_ASSIGNED_CONTEXT ( ( #1925 ) ) GLOBAL_UNIT_ASSIGNED_CONTEXT ( ( #2804, #7729, #5496 ) ) REPRESENTATION_CONTEXT ( 'NONE', 'WORKASPACE' ) );
#882 = LINE ( 'NONE', #828, #4485 ) ;
#883 = DIRECTION ( 'NONE',  ( 0.000000000000000000, -1.000000000000000000, 0.000000000000000000 ) ) ;
#884 = CARTESIAN_POINT ( 'NONE',  ( 4.850000000000000533, 0.9799999999999999822, -1.100000000000000089 ) ) ;
#885 = ADVANCED_FACE ( 'NONE', ( #1831 ), #2729, .T. ) ;
#886 = PLANE ( 'NONE',  #5541 ) ;
#887 = LINE ( 'NONE', #8852, #9019 ) ;
#888 = PRESENTATION_LAYER_ASSIGNMENT (  '', '', ( #1189 ) ) ;
#889 = CARTESIAN_POINT ( 'NONE',  ( -4.850000000000000533, 1.000000000000000000, -3.299999999999999822 ) ) ;
#890 = DIRECTION ( 'NONE',  ( 0.000000000000000000, -1.000000000000000000, 0.000000000000000000 ) ) ;
#891 = LINE ( 'NONE', #2866, #2122 ) ;
#892 = ORIENTED_EDGE ( 'NONE', *, *, #4961, .T. ) ;
#893 = PRESENTATION_STYLE_ASSIGNMENT (( #3778 ) ) ;
#894 = STYLED_ITEM ( 'NONE', ( #8066 ), #1486 ) ;
#895 = EDGE_CURVE ( 'NONE', #5003, #2650, #8703, .T. ) ;
#896 =( NAMED_UNIT ( * ) PLANE_ANGLE_UNIT ( ) SI_UNIT ( $, .RADIAN. ) );
#897 = VERTEX_POINT ( 'NONE', #662 ) ;
#898 = EDGE_CURVE ( 'NONE', #5158, #5316, #5709, .T. ) ;
#899 = DIRECTION ( 'NONE',  ( 0.000000000000000000, 1.000000000000000000, 0.000000000000000000 ) ) ;
#900 = ORIENTED_EDGE ( 'NONE', *, *, #837, .F. ) ;
#901 = CARTESIAN_POINT ( 'NONE',  ( 4.850000000000000533, 0.02000000000000000042, -1.949999999999999956 ) ) ;
#902 = FACE_OUTER_BOUND ( 'NONE', #7685, .T. ) ;
#903 = COLOUR_RGB ( '',1.000000000000000000, 0.8117647058823529438, 0.5019607843137254832 ) ;
#904 = DIRECTION ( 'NONE',  ( 0.000000000000000000, 0.000000000000000000, 1.000000000000000000 ) ) ;
#905 = FILL_AREA_STYLE ('',( #2260 ) ) ;
#906 = ORIENTED_EDGE ( 'NONE', *, *, #367, .T. ) ;
#907 = VERTEX_POINT ( 'NONE', #5035 ) ;
#908 = EDGE_CURVE ( 'NONE', #8162, #3276, #8748, .T. ) ;
#909 = CARTESIAN_POINT ( 'NONE',  ( -4.850000000000000533, 0.9799999999999999822, -4.000000000000000000 ) ) ;
#910 = ORIENTED_EDGE ( 'NONE', *, *, #7086, .T. ) ;
#911 = VERTEX_POINT ( 'NONE', #2220 ) ;
#912 = DIRECTION ( 'NONE',  ( 0.000000000000000000, 1.000000000000000000, 0.000000000000000000 ) ) ;
#913 = DIRECTION ( 'NONE',  ( 0.000000000000000000, -1.000000000000000000, 0.000000000000000000 ) ) ;
#914 = UNCERTAINTY_MEASURE_WITH_UNIT (LENGTH_MEASURE( 1.000000000000000082E-05 ), #4819, 'distance_accuracy_value', 'NONE');
#915 = DIRECTION ( 'NONE',  ( 1.000000000000000000, 0.000000000000000000, 0.000000000000000000 ) ) ;
#916 = VERTEX_POINT ( 'NONE', #5847 ) ;
#917 = EDGE_CURVE ( 'NONE', #2168, #6172, #8565, .T. ) ;
#918 = DIRECTION ( 'NONE',  ( 1.000000000000000000, 0.000000000000000000, 0.000000000000000000 ) ) ;
#919 = DIRECTION ( 'NONE',  ( 0.000000000000000000, -1.000000000000000000, 0.000000000000000000 ) ) ;
#920 = LINE ( 'NONE', #7022, #3856 ) ;
#921 =( LENGTH_UNIT ( ) NAMED_UNIT ( * ) SI_UNIT ( .MILLI., .METRE. ) );
#922 = DIRECTION ( 'NONE',  ( 1.000000000000000000, 0.000000000000000000, 0.000000000000000000 ) ) ;
#923 = CARTESIAN_POINT ( 'NONE',  ( -4.450000000000000178, 1.000000000000000000, -4.400000000000000355 ) ) ;
#924 = EDGE_LOOP ( 'NONE', ( #2534, #5045, #1650, #6788 ) ) ;
#925 =( NAMED_UNIT ( * ) SI_UNIT ( $, .STERADIAN. ) SOLID_ANGLE_UNIT ( ) );
#926 = ORIENTED_EDGE ( 'NONE', *, *, #4215, .T. ) ;
#927 = EDGE_LOOP ( 'NONE', ( #6683, #3742, #8013, #6148 ) ) ;
#928 =( NAMED_UNIT ( * ) PLANE_ANGLE_UNIT ( ) SI_UNIT ( $, .RADIAN. ) );
#929 = LINE ( 'NONE', #6588, #3437 ) ;
#930 = EDGE_LOOP ( 'NONE', ( #4051, #7501 ) ) ;
#931 = CARTESIAN_POINT ( 'NONE',  ( 4.850000000000000533, 0.9799999999999999822, -2.899999999999999911 ) ) ;
#932 = SURFACE_STYLE_USAGE ( .BOTH. , #7579 ) ;
#933 = LINE ( 'NONE', #5387, #1960 ) ;
#934 = CARTESIAN_POINT ( 'NONE',  ( -4.270000000000000462, 2.149999999999999911, -16.55704800000000176 ) ) ;
#935 = EDGE_LOOP ( 'NONE', ( #673, #8959, #139, #2138 ) ) ;
#936 =( GEOMETRIC_REPRESENTATION_CONTEXT ( 3 ) GLOBAL_UNCERTAINTY_ASSIGNED_CONTEXT ( ( #786 ) ) GLOBAL_UNIT_ASSIGNED_CONTEXT ( ( #28, #5058, #7954 ) ) REPRESENTATION_CONTEXT ( 'NONE', 'WORKASPACE' ) );
#937 = ORIENTED_EDGE ( 'NONE', *, *, #8380, .T. ) ;
#938 = LINE ( 'NONE', #6875, #9093 ) ;
#939 = VERTEX_POINT ( 'NONE', #7981 ) ;
#940 = CARTESIAN_POINT ( 'NONE',  ( -4.850000000000000533, 0.000000000000000000, -2.899999999999999911 ) ) ;
#941 = LINE ( 'NONE', #144, #3487 ) ;
#942 = DIRECTION ( 'NONE',  ( 0.000000000000000000, 0.000000000000000000, -1.000000000000000000 ) ) ;
#943 = EDGE_CURVE ( 'NONE', #2993, #1693, #2079, .T. ) ;
#944 = ORIENTED_EDGE ( 'NONE', *, *, #3915, .F. ) ;
#945 = EDGE_LOOP ( 'NONE', ( #3531, #5509, #2351, #2446, #4301, #6021 ) ) ;
#946 = VECTOR ( 'NONE', #7102, 1000.000000000000000 ) ;
#947 =( GEOMETRIC_REPRESENTATION_CONTEXT ( 3 ) GLOBAL_UNCERTAINTY_ASSIGNED_CONTEXT ( ( #7118 ) ) GLOBAL_UNIT_ASSIGNED_CONTEXT ( ( #4759, #7657, #1106 ) ) REPRESENTATION_CONTEXT ( 'NONE', 'WORKASPACE' ) );
#948 = UNCERTAINTY_MEASURE_WITH_UNIT (LENGTH_MEASURE( 1.000000000000000082E-05 ), #6541, 'distance_accuracy_value', 'NONE');
#949 = VERTEX_POINT ( 'NONE', #1250 ) ;
#950 = CARTESIAN_POINT ( 'NONE',  ( -4.850000000000000533, 1.000000000000000000, 2.200000000000000178 ) ) ;
#951 = ORIENTED_EDGE ( 'NONE', *, *, #3896, .T. ) ;
#952 = ORIENTED_EDGE ( 'NONE', *, *, #3835, .T. ) ;
#953 =( NAMED_UNIT ( * ) SI_UNIT ( $, .STERADIAN. ) SOLID_ANGLE_UNIT ( ) );
#954 = CARTESIAN_POINT ( 'NONE',  ( -4.850000000000000533, 0.000000000000000000, -5.049999999999999822 ) ) ;
#955 = EDGE_CURVE ( 'NONE', #2208, #2070, #5664, .T. ) ;
#956 = CIRCLE ( 'NONE', #1581, 0.2500000000000002220 ) ;
#957 = CARTESIAN_POINT ( 'NONE',  ( 3.950000000000000178, 0.000000000000000000, 2.600000000000000089 ) ) ;
#958 = ADVANCED_FACE ( 'NONE', ( #1347 ), #1391, .F. ) ;
#959 =( NAMED_UNIT ( * ) PLANE_ANGLE_UNIT ( ) SI_UNIT ( $, .RADIAN. ) );
#960 = SURFACE_SIDE_STYLE ('',( #3141 ) ) ;
#961 = ORIENTED_EDGE ( 'NONE', *, *, #9297, .T. ) ;
#962 = PRESENTATION_LAYER_ASSIGNMENT (  '', '', ( #7678 ) ) ;
#963 = VERTEX_POINT ( 'NONE', #3733 ) ;
#964 = VECTOR ( 'NONE', #999, 1000.000000000000000 ) ;
#965 = LINE ( 'NONE', #5373, #7976 ) ;
#966 = FACE_OUTER_BOUND ( 'NONE', #5953, .T. ) ;
#967 = CARTESIAN_POINT ( 'NONE',  ( -3.950000000000000178, 0.000000000000000000, -0.4000000000000989986 ) ) ;
#968 = ADVANCED_FACE ( 'NONE', ( #6640 ), #8820, .F. ) ;
#969 = DIRECTION ( 'NONE',  ( 1.000000000000000000, 0.000000000000000000, 0.000000000000000000 ) ) ;
#970 = LINE ( 'NONE', #8330, #6789 ) ;
#971 = ORIENTED_EDGE ( 'NONE', *, *, #4605, .F. ) ;
#972 = EDGE_LOOP ( 'NONE', ( #2686, #5324, #2228, #7312 ) ) ;
#973 = LINE ( 'NONE', #4727, #5250 ) ;
#974 = CARTESIAN_POINT ( 'NONE',  ( -4.850000000000000533, 1.000000000000000000, -0.4000000000000640266 ) ) ;
#975 = FACE_OUTER_BOUND ( 'NONE', #924, .T. ) ;
#976 = LINE ( 'NONE', #1846, #177 ) ;
#977 =( NAMED_UNIT ( * ) SI_UNIT ( $, .STERADIAN. ) SOLID_ANGLE_UNIT ( ) );
#978 = FACE_OUTER_BOUND ( 'NONE', #8955, .T. ) ;
#979 = EDGE_CURVE ( 'NONE', #6078, #1179, #1891, .T. ) ;
#980 = PRESENTATION_STYLE_ASSIGNMENT (( #6200 ) ) ;
#981 =( LENGTH_UNIT ( ) NAMED_UNIT ( * ) SI_UNIT ( .MILLI., .METRE. ) );
#982 = PRESENTATION_LAYER_ASSIGNMENT (  '', '', ( #6814 ) ) ;
#983 = ORIENTED_EDGE ( 'NONE', *, *, #4614, .T. ) ;
#984 = AXIS2_PLACEMENT_3D ( 'NONE', #7378, #8139, #6585 ) ;
#985 = VECTOR ( 'NONE', #3996, 1000.000000000000000 ) ;
#986 = VECTOR ( 'NONE', #6850, 1000.000000000000000 ) ;
#987 = LINE ( 'NONE', #281, #6046 ) ;
#988 = ORIENTED_EDGE ( 'NONE', *, *, #943, .T. ) ;
#989 = LINE ( 'NONE', #231, #8507 ) ;
#990 = MECHANICAL_DESIGN_GEOMETRIC_PRESENTATION_REPRESENTATION (  '', ( #5130 ), #232 ) ;
#991 = ORIENTED_EDGE ( 'NONE', *, *, #6371, .F. ) ;
#992 = SURFACE_SIDE_STYLE ('',( #99 ) ) ;
#993 = MECHANICAL_DESIGN_GEOMETRIC_PRESENTATION_REPRESENTATION (  '', ( #8773 ), #5890 ) ;
#994 = EDGE_LOOP ( 'NONE', ( #6877, #5493, #2123, #8175 ) ) ;
#995 = STYLED_ITEM ( 'NONE', ( #605 ), #487 ) ;
#996 = ORIENTED_EDGE ( 'NONE', *, *, #6537, .T. ) ;
#997 = EDGE_CURVE ( 'NONE', #7763, #4128, #3481, .T. ) ;
#998 = ORIENTED_EDGE ( 'NONE', *, *, #782, .T. ) ;
#999 = DIRECTION ( 'NONE',  ( 0.000000000000000000, 1.000000000000000000, 0.000000000000000000 ) ) ;
#1000 = SURFACE_STYLE_FILL_AREA ( #3660 ) ;
#1001 =( LENGTH_UNIT ( ) NAMED_UNIT ( * ) SI_UNIT ( .MILLI., .METRE. ) );
#1002 = CIRCLE ( 'NONE', #4082, 0.4000000000000001887 ) ;
#1003 = CARTESIAN_POINT ( 'NONE',  ( 4.850000000000000533, 0.9799999999999999822, 1.800000000000000044 ) ) ;
#1004 = AXIS2_PLACEMENT_3D ( 'NONE', #4867, #8388, #7701 ) ;
#1005 = CYLINDRICAL_SURFACE ( 'NONE', #292, 0.2500000000000002220 ) ;
#1006 = ORIENTED_EDGE ( 'NONE', *, *, #9180, .T. ) ;
#1007 = SURFACE_STYLE_USAGE ( .BOTH. , #3240 ) ;
#1008 = AXIS2_PLACEMENT_3D ( 'NONE', #513, #7166, #7721 ) ;
#1009 = DIRECTION ( 'NONE',  ( 0.000000000000000000, 1.000000000000000000, 0.000000000000000000 ) ) ;
#1010 = EDGE_CURVE ( 'NONE', #5941, #5971, #4725, .T. ) ;
#1011 = VECTOR ( 'NONE', #4978, 1000.000000000000000 ) ;
#1012 = FACE_OUTER_BOUND ( 'NONE', #8301, .T. ) ;
#1013 = EDGE_CURVE ( 'NONE', #8297, #4513, #4010, .T. ) ;
#1014 = CARTESIAN_POINT ( 'NONE',  ( 4.850000000000000533, 0.02000000000000000042, 5.049999999999999822 ) ) ;
#1015 =( GEOMETRIC_REPRESENTATION_CONTEXT ( 3 ) GLOBAL_UNCERTAINTY_ASSIGNED_CONTEXT ( ( #2267 ) ) GLOBAL_UNIT_ASSIGNED_CONTEXT ( ( #6322, #4091, #525 ) ) REPRESENTATION_CONTEXT ( 'NONE', 'WORKASPACE' ) );
#1016 = DIRECTION ( 'NONE',  ( 0.000000000000000000, 1.000000000000000000, 0.000000000000000000 ) ) ;
#1017 = DIRECTION ( 'NONE',  ( 0.000000000000000000, 0.000000000000000000, -1.000000000000000000 ) ) ;
#1018 = AXIS2_PLACEMENT_3D ( 'NONE', #849, #283, #5260 ) ;
#1019 = CARTESIAN_POINT ( 'NONE',  ( -4.850000000000000533, 0.000000000000000000, 1.800000000000000044 ) ) ;
#1020 = CARTESIAN_POINT ( 'NONE',  ( 2.979999999999999982, 2.299999999999999822, 3.149999999999999911 ) ) ;
#1021 = MECHANICAL_DESIGN_GEOMETRIC_PRESENTATION_REPRESENTATION (  '', ( #4272 ), #2585 ) ;
#1022 = LINE ( 'NONE', #3960, #3631 ) ;
#1023 = ORIENTED_EDGE ( 'NONE', *, *, #3322, .T. ) ;
#1024 = AXIS2_PLACEMENT_3D ( 'NONE', #9347, #8698, #8243 ) ;
#1025 = VECTOR ( 'NONE', #3819, 1000.000000000000000 ) ;
#1026 = VERTEX_POINT ( 'NONE', #6999 ) ;
#1027 = ORIENTED_EDGE ( 'NONE', *, *, #6577, .T. ) ;
#1028 = CARTESIAN_POINT ( 'NONE',  ( -4.120000000000000107, 2.149999999999999911, -4.290000000000000036 ) ) ;
#1029 = ADVANCED_FACE ( 'NONE', ( #9273 ), #5520, .F. ) ;
#1030 = DIRECTION ( 'NONE',  ( 0.000000000000000000, 0.000000000000000000, -1.000000000000000000 ) ) ;
#1031 =( GEOMETRIC_REPRESENTATION_CONTEXT ( 3 ) GLOBAL_UNCERTAINTY_ASSIGNED_CONTEXT ( ( #3280 ) ) GLOBAL_UNIT_ASSIGNED_CONTEXT ( ( #4887, #7342, #8010 ) ) REPRESENTATION_CONTEXT ( 'NONE', 'WORKASPACE' ) );
#1032 = DIRECTION ( 'NONE',  ( 0.000000000000000000, 1.000000000000000000, 0.000000000000000000 ) ) ;
#1033 = CARTESIAN_POINT ( 'NONE',  ( 4.850000000000000533, 0.000000000000000000, -6.331740687315349681E-14 ) ) ;
#1034 = FILL_AREA_STYLE ('',( #7582 ) ) ;
#1035 = MECHANICAL_DESIGN_GEOMETRIC_PRESENTATION_REPRESENTATION (  '', ( #7144 ), #5173 ) ;
#1036 =( NAMED_UNIT ( * ) SI_UNIT ( $, .STERADIAN. ) SOLID_ANGLE_UNIT ( ) );
#1037 = DIRECTION ( 'NONE',  ( -1.000000000000000000, 0.000000000000000000, 0.000000000000000000 ) ) ;
#1038 = ORIENTED_EDGE ( 'NONE', *, *, #4984, .F. ) ;
#1039 = COLOUR_RGB ( '',0.8980392156862745390, 0.9215686274509803377, 0.9294117647058823817 ) ;
#1040 = FILL_AREA_STYLE ('',( #5437 ) ) ;
#1041 = EDGE_CURVE ( 'NONE', #8288, #1675, #8708, .T. ) ;
#1042 = DIRECTION ( 'NONE',  ( 0.000000000000000000, 1.000000000000000000, 0.000000000000000000 ) ) ;
#1043 = ORIENTED_EDGE ( 'NONE', *, *, #3824, .F. ) ;
#1044 = DIRECTION ( 'NONE',  ( -1.000000000000000000, 0.000000000000000000, 0.000000000000000000 ) ) ;
#1045 = ORIENTED_EDGE ( 'NONE', *, *, #4969, .F. ) ;
#1046 = CYLINDRICAL_SURFACE ( 'NONE', #7742, 0.4000000000000001887 ) ;
#1047 =( GEOMETRIC_REPRESENTATION_CONTEXT ( 3 ) GLOBAL_UNCERTAINTY_ASSIGNED_CONTEXT ( ( #1168 ) ) GLOBAL_UNIT_ASSIGNED_CONTEXT ( ( #7644, #4081, #5548 ) ) REPRESENTATION_CONTEXT ( 'NONE', 'WORKASPACE' ) );
#1048 = ORIENTED_EDGE ( 'NONE', *, *, #6348, .T. ) ;
#1049 = DIRECTION ( 'NONE',  ( -1.000000000000000000, 0.000000000000000000, 0.000000000000000000 ) ) ;
#1050 = ORIENTED_EDGE ( 'NONE', *, *, #6861, .F. ) ;
#1051 =( NAMED_UNIT ( * ) SI_UNIT ( $, .STERADIAN. ) SOLID_ANGLE_UNIT ( ) );
#1052 = AXIS2_PLACEMENT_3D ( 'NONE', #8298, #7589, #6918 ) ;
#1053 = VERTEX_POINT ( 'NONE', #6328 ) ;
#1054 = ORIENTED_EDGE ( 'NONE', *, *, #2291, .F. ) ;
#1055 = DIRECTION ( 'NONE',  ( 0.000000000000000000, 1.000000000000000000, 0.000000000000000000 ) ) ;
#1056 = UNCERTAINTY_MEASURE_WITH_UNIT (LENGTH_MEASURE( 1.000000000000000082E-05 ), #6791, 'distance_accuracy_value', 'NONE');
#1057 = PRESENTATION_STYLE_ASSIGNMENT (( #6129 ) ) ;
#1058 = VECTOR ( 'NONE', #457, 1000.000000000000000 ) ;
#1059 = DIRECTION ( 'NONE',  ( -1.000000000000000000, 0.000000000000000000, 0.000000000000000000 ) ) ;
#1060 = VERTEX_POINT ( 'NONE', #9125 ) ;
#1061 = ORIENTED_EDGE ( 'NONE', *, *, #4426, .F. ) ;
#1062 =( NAMED_UNIT ( * ) PLANE_ANGLE_UNIT ( ) SI_UNIT ( $, .RADIAN. ) );
#1063 = DIRECTION ( 'NONE',  ( 0.000000000000000000, 0.000000000000000000, -1.000000000000000000 ) ) ;
#1064 = CARTESIAN_POINT ( 'NONE',  ( 3.700000000000000178, 2.299999999999999822, 4.250000000000000000 ) ) ;
#1065 = LINE ( 'NONE', #1789, #329 ) ;
#1066 = DIRECTION ( 'NONE',  ( 0.000000000000000000, -1.000000000000000000, 0.000000000000000000 ) ) ;
#1067 = SURFACE_SIDE_STYLE ('',( #8892 ) ) ;
#1068 = ADVANCED_FACE ( 'NONE', ( #1246 ), #1729, .T. ) ;
#1069 =( LENGTH_UNIT ( ) NAMED_UNIT ( * ) SI_UNIT ( .MILLI., .METRE. ) );
#1070 = EDGE_CURVE ( 'NONE', #6300, #3852, #3045, .T. ) ;
#1071 = ORIENTED_EDGE ( 'NONE', *, *, #8635, .F. ) ;
#1072 = ORIENTED_EDGE ( 'NONE', *, *, #4775, .F. ) ;
#1073 = DIRECTION ( 'NONE',  ( 0.000000000000000000, 0.000000000000000000, 1.000000000000000000 ) ) ;
#1074 = CARTESIAN_POINT ( 'NONE',  ( -4.850000000000000533, 0.9799999999999999822, -4.150000000000000355 ) ) ;
#1075 = CARTESIAN_POINT ( 'NONE',  ( -4.850000000000000533, 0.000000000000000000, -2.899999999999999911 ) ) ;
#1076 = DIRECTION ( 'NONE',  ( -1.000000000000000000, 0.000000000000000000, 0.000000000000000000 ) ) ;
#1077 = FACE_OUTER_BOUND ( 'NONE', #9365, .T. ) ;
#1078 = ADVANCED_FACE ( 'NONE', ( #6935 ), #1005, .F. ) ;
#1079 = EDGE_CURVE ( 'NONE', #3788, #7962, #246, .T. ) ;
#1080 = ORIENTED_EDGE ( 'NONE', *, *, #2146, .F. ) ;
#1081 = UNCERTAINTY_MEASURE_WITH_UNIT (LENGTH_MEASURE( 1.000000000000000082E-05 ), #9254, 'distance_accuracy_value', 'NONE');
#1082 = CARTESIAN_POINT ( 'NONE',  ( -4.850000000000000533, 1.000000000000000000, -8.673617379884039416E-16 ) ) ;
#1083 = AXIS2_PLACEMENT_3D ( 'NONE', #3490, #5007, #4117 ) ;
#1084 = CARTESIAN_POINT ( 'NONE',  ( -3.743898866310354734, 2.449999999999999734, -4.068063799307338968 ) ) ;
#1085 = CARTESIAN_POINT ( 'NONE',  ( -3.950000000000000178, 0.02000000000000000042, 2.899999999999999911 ) ) ;
#1086 = EDGE_LOOP ( 'NONE', ( #8614, #4089, #6293, #2504 ) ) ;
#1087 = VERTEX_POINT ( 'NONE', #5508 ) ;
#1088 = COLOUR_RGB ( '',1.000000000000000000, 0.8117647058823529438, 0.5019607843137254832 ) ;
#1089 = SURFACE_STYLE_FILL_AREA ( #4642 ) ;
#1090 = FILL_AREA_STYLE_COLOUR ( '', #7422 ) ;
#1091 = EDGE_CURVE ( 'NONE', #4712, #3788, #8469, .T. ) ;
#1092 = VERTEX_POINT ( 'NONE', #1928 ) ;
#1093 = ORIENTED_EDGE ( 'NONE', *, *, #2147, .T. ) ;
#1094 = ORIENTED_EDGE ( 'NONE', *, *, #5053, .F. ) ;
#1095 =( GEOMETRIC_REPRESENTATION_CONTEXT ( 3 ) GLOBAL_UNCERTAINTY_ASSIGNED_CONTEXT ( ( #4531 ) ) GLOBAL_UNIT_ASSIGNED_CONTEXT ( ( #1688, #5514, #1887 ) ) REPRESENTATION_CONTEXT ( 'NONE', 'WORKASPACE' ) );
#1096 = PRESENTATION_STYLE_ASSIGNMENT (( #2614 ) ) ;
#1097 = LINE ( 'NONE', #6625, #5876 ) ;
#1098 = FILL_AREA_STYLE_COLOUR ( '', #4672 ) ;
#1099 = VECTOR ( 'NONE', #7852, 1000.000000000000000 ) ;
#1100 = VECTOR ( 'NONE', #1790, 1000.000000000000000 ) ;
#1101 = ORIENTED_EDGE ( 'NONE', *, *, #6596, .F. ) ;
#1102 = ORIENTED_EDGE ( 'NONE', *, *, #4739, .T. ) ;
#1103 = DIRECTION ( 'NONE',  ( 0.000000000000000000, 0.000000000000000000, 1.000000000000000000 ) ) ;
#1104 = DIRECTION ( 'NONE',  ( 0.000000000000000000, 0.000000000000000000, -1.000000000000000000 ) ) ;
#1105 = AXIS2_PLACEMENT_3D ( 'NONE', #6702, #156, #1632 ) ;
#1106 =( NAMED_UNIT ( * ) SI_UNIT ( $, .STERADIAN. ) SOLID_ANGLE_UNIT ( ) );
#1107 = SURFACE_SIDE_STYLE ('',( #7516 ) ) ;
#1108 = PRESENTATION_LAYER_ASSIGNMENT (  '', '', ( #2050 ) ) ;
#1109 = CARTESIAN_POINT ( 'NONE',  ( 3.700000000000000178, 2.299999999999999822, -4.250000000000000000 ) ) ;
#1110 = EDGE_LOOP ( 'NONE', ( #745, #7821, #3935, #449, #432, #996, #4702, #3389, #8257, #6088, #4604, #9299 ) ) ;
#1111 = AXIS2_PLACEMENT_3D ( 'NONE', #2139, #4490, #7372 ) ;
#1112 = VECTOR ( 'NONE', #5778, 1000.000000000000000 ) ;
#1113 = ORIENTED_EDGE ( 'NONE', *, *, #8836, .T. ) ;
#1114 = ORIENTED_EDGE ( 'NONE', *, *, #7160, .T. ) ;
#1115 = LINE ( 'NONE', #1215, #5988 ) ;
#1116 = DIRECTION ( 'NONE',  ( 0.000000000000000000, 1.000000000000000000, 0.000000000000000000 ) ) ;
#1117 = ADVANCED_FACE ( 'NONE', ( #337 ), #8373, .F. ) ;
#1118 = LINE ( 'NONE', #7668, #765 ) ;
#1119 = FACE_OUTER_BOUND ( 'NONE', #8789, .T. ) ;
#1120 =( NAMED_UNIT ( * ) SI_UNIT ( $, .STERADIAN. ) SOLID_ANGLE_UNIT ( ) );
#1121 = AXIS2_PLACEMENT_3D ( 'NONE', #5012, #7293, #5682 ) ;
#1122 = ORIENTED_EDGE ( 'NONE', *, *, #827, .T. ) ;
#1123 = CARTESIAN_POINT ( 'NONE',  ( 3.950000000000000178, 0.02000000000000000042, -8.673617379884039416E-16 ) ) ;
#1124 = UNCERTAINTY_MEASURE_WITH_UNIT (LENGTH_MEASURE( 1.000000000000000082E-05 ), #5833, 'distance_accuracy_value', 'NONE');
#1125 = EDGE_CURVE ( 'NONE', #4329, #1931, #6552, .T. ) ;
#1126 = EDGE_CURVE ( 'NONE', #5353, #5949, #2818, .T. ) ;
#1127 = ORIENTED_EDGE ( 'NONE', *, *, #5191, .T. ) ;
#1128 = ORIENTED_EDGE ( 'NONE', *, *, #1720, .T. ) ;
#1129 = VECTOR ( 'NONE', #8848, 1000.000000000000000 ) ;
#1130 = ORIENTED_EDGE ( 'NONE', *, *, #214, .T. ) ;
#1131 = CIRCLE ( 'NONE', #4971, 0.1499999999999999667 ) ;
#1132 = EDGE_CURVE ( 'NONE', #7449, #1718, #3421, .T. ) ;
#1133 = DIRECTION ( 'NONE',  ( -1.000000000000000000, 0.000000000000000000, 0.000000000000000000 ) ) ;
#1134 = PRESENTATION_LAYER_ASSIGNMENT (  '', '', ( #1308 ) ) ;
#1135 = UNCERTAINTY_MEASURE_WITH_UNIT (LENGTH_MEASURE( 1.000000000000000082E-05 ), #8209, 'distance_accuracy_value', 'NONE');
#1136 = CARTESIAN_POINT ( 'NONE',  ( -4.850000000000000533, 0.000000000000000000, -3.050000000000000266 ) ) ;
#1137 = AXIS2_PLACEMENT_3D ( 'NONE', #9174, #3380, #1200 ) ;
#1138 = VERTEX_POINT ( 'NONE', #6470 ) ;
#1139 = VERTEX_POINT ( 'NONE', #1343 ) ;
#1140 = CYLINDRICAL_SURFACE ( 'NONE', #2944, 0.2500000000000002220 ) ;
#1141 = DIRECTION ( 'NONE',  ( 1.000000000000000000, 0.000000000000000000, 0.000000000000000000 ) ) ;
#1142 = ADVANCED_FACE ( 'NONE', ( #3521 ), #6428, .T. ) ;
#1143 = CARTESIAN_POINT ( 'NONE',  ( 3.950000000000000178, 0.02000000000000000042, 0.6999999999999010347 ) ) ;
#1144 = AXIS2_PLACEMENT_3D ( 'NONE', #8774, #2251, #5172 ) ;
#1145 =( NAMED_UNIT ( * ) SI_UNIT ( $, .STERADIAN. ) SOLID_ANGLE_UNIT ( ) );
#1146 = COLOUR_RGB ( '',0.5372549019607842924, 0.6235294117647058876, 0.000000000000000000 ) ;
#1147 = PLANE ( 'NONE',  #7885 ) ;
#1148 = FILL_AREA_STYLE ('',( #9135 ) ) ;
#1149 = PRESENTATION_LAYER_ASSIGNMENT (  '', '', ( #7877 ) ) ;
#1150 = CARTESIAN_POINT ( 'NONE',  ( -4.850000000000000533, 1.000000000000000000, -1.800000000000000044 ) ) ;
#1151 =( LENGTH_UNIT ( ) NAMED_UNIT ( * ) SI_UNIT ( .MILLI., .METRE. ) );
#1152 = ORIENTED_EDGE ( 'NONE', *, *, #3549, .F. ) ;
#1153 = VERTEX_POINT ( 'NONE', #194 ) ;
#1154 = CARTESIAN_POINT ( 'NONE',  ( 4.850000000000000533, 1.000000000000000000, -1.100000000000000089 ) ) ;
#1155 = PRESENTATION_STYLE_ASSIGNMENT (( #6191 ) ) ;
#1156 = FILL_AREA_STYLE_COLOUR ( '', #9321 ) ;
#1157 = EDGE_LOOP ( 'NONE', ( #8188, #2926, #1359, #7665, #6700 ) ) ;
#1158 = AXIS2_PLACEMENT_3D ( 'NONE', #5593, #4126, #4826 ) ;
#1159 = ORIENTED_EDGE ( 'NONE', *, *, #8608, .T. ) ;
#1160 = STYLED_ITEM ( 'NONE', ( #6291 ), #1901 ) ;
#1161 = AXIS2_PLACEMENT_3D ( 'NONE', #6118, #1759, #1621 ) ;
#1162 = CARTESIAN_POINT ( 'NONE',  ( 3.700000000000000178, 2.500000000000000000, -4.250000000000000000 ) ) ;
#1163 = DIRECTION ( 'NONE',  ( 0.000000000000000000, 0.000000000000000000, -1.000000000000000000 ) ) ;
#1164 = COLOUR_RGB ( '',0.5372549019607842924, 0.6235294117647058876, 0.000000000000000000 ) ;
#1165 = CIRCLE ( 'NONE', #115, 0.4000000000000001887 ) ;
#1166 = PRESENTATION_LAYER_ASSIGNMENT (  '', '', ( #574 ) ) ;
#1167 = VERTEX_POINT ( 'NONE', #103 ) ;
#1168 = UNCERTAINTY_MEASURE_WITH_UNIT (LENGTH_MEASURE( 1.000000000000000082E-05 ), #7644, 'distance_accuracy_value', 'NONE');
#1169 = EDGE_CURVE ( 'NONE', #949, #2312, #8744, .T. ) ;
#1170 = FILL_AREA_STYLE_COLOUR ( '', #4574 ) ;
#1171 = ORIENTED_EDGE ( 'NONE', *, *, #7841, .F. ) ;
#1172 = PRESENTATION_LAYER_ASSIGNMENT (  '', '', ( #5170 ) ) ;
#1173 = CARTESIAN_POINT ( 'NONE',  ( 3.950000000000000178, 0.02000000000000000042, -8.673617379884039416E-16 ) ) ;
#1175 = VECTOR ( 'NONE', #3258, 1000.000000000000000 ) ;
#1174 = CARTESIAN_POINT ( 'NONE',  ( 4.850000000000000533, 0.000000000000000000, -1.800000000000000044 ) ) ;
#1176 = ORIENTED_EDGE ( 'NONE', *, *, #3146, .T. ) ;
#1177 = CARTESIAN_POINT ( 'NONE',  ( 4.120000000000000107, 0.000000000000000000, -4.590000000000000746 ) ) ;
#1178 = CIRCLE ( 'NONE', #8956, 0.1499999999999999667 ) ;
#1179 = VERTEX_POINT ( 'NONE', #2404 ) ;
#1180 = SURFACE_SIDE_STYLE ('',( #8458 ) ) ;
#1181 = ORIENTED_EDGE ( 'NONE', *, *, #2438, .T. ) ;
#1182 = EDGE_CURVE ( 'NONE', #9277, #2212, #5222, .T. ) ;
#1183 = ADVANCED_FACE ( 'NONE', ( #1489 ), #4430, .F. ) ;
#1184 = DIRECTION ( 'NONE',  ( 0.000000000000000000, -1.000000000000000000, 0.000000000000000000 ) ) ;
#1185 = ORIENTED_EDGE ( 'NONE', *, *, #6336, .T. ) ;
#1186 = LINE ( 'NONE', #4136, #7221 ) ;
#1187 = DIRECTION ( 'NONE',  ( 0.000000000000000000, 0.000000000000000000, -1.000000000000000000 ) ) ;
#1188 = CARTESIAN_POINT ( 'NONE',  ( -4.419999999999999929, 0.000000000000000000, -4.290000000000000036 ) ) ;
#1189 = STYLED_ITEM ( 'NONE', ( #4972 ), #1334 ) ;
#1190 = CARTESIAN_POINT ( 'NONE',  ( 4.850000000000000533, 1.000000000000000000, 4.799999999999999822 ) ) ;
#1191 = DIRECTION ( 'NONE',  ( 0.000000000000000000, -1.000000000000000000, 0.000000000000000000 ) ) ;
#1192 = DIRECTION ( 'NONE',  ( 1.000000000000000000, 0.000000000000000000, 0.000000000000000000 ) ) ;
#1193 = EDGE_CURVE ( 'NONE', #8252, #3532, #1672, .T. ) ;
#1194 = ORIENTED_EDGE ( 'NONE', *, *, #2021, .T. ) ;
#1195 = CARTESIAN_POINT ( 'NONE',  ( -4.850000000000000533, 0.000000000000000000, 4.000000000000000000 ) ) ;
#1196 = SURFACE_STYLE_FILL_AREA ( #7183 ) ;
#1197 = MECHANICAL_DESIGN_GEOMETRIC_PRESENTATION_REPRESENTATION (  '', ( #6559 ), #8390 ) ;
#1198 = SURFACE_STYLE_FILL_AREA ( #3999 ) ;
#1199 = PLANE ( 'NONE',  #8125 ) ;
#1200 = DIRECTION ( 'NONE',  ( 0.000000000000000000, 1.000000000000000000, 0.000000000000000000 ) ) ;
#1201 = DIRECTION ( 'NONE',  ( 1.000000000000000000, 0.000000000000000000, 0.000000000000000000 ) ) ;
#1202 = FILL_AREA_STYLE ('',( #4805 ) ) ;
#1203 = VECTOR ( 'NONE', #5465, 1000.000000000000000 ) ;
#1204 = CARTESIAN_POINT ( 'NONE',  ( -4.850000000000000533, 0.9799999999999999822, -5.049999999999999822 ) ) ;
#1205 = FILL_AREA_STYLE ('',( #7758 ) ) ;
#1206 = EDGE_LOOP ( 'NONE', ( #7237, #4434, #9209, #1614, #853, #2196, #3987, #2478, #1966, #2130, #4517, #5842 ) ) ;
#1207 = VERTEX_POINT ( 'NONE', #5499 ) ;
#1208 =( LENGTH_UNIT ( ) NAMED_UNIT ( * ) SI_UNIT ( .MILLI., .METRE. ) );
#1209 = SURFACE_STYLE_FILL_AREA ( #8332 ) ;
#1210 = EDGE_CURVE ( 'NONE', #9012, #6697, #5404, .T. ) ;
#1211 = SURFACE_STYLE_FILL_AREA ( #5578 ) ;
#1212 = ORIENTED_EDGE ( 'NONE', *, *, #8575, .F. ) ;
#1213 = ORIENTED_EDGE ( 'NONE', *, *, #5807, .T. ) ;
#1214 = VECTOR ( 'NONE', #8612, 1000.000000000000000 ) ;
#1215 = CARTESIAN_POINT ( 'NONE',  ( -4.850000000000000533, 0.000000000000000000, 0.8499999999998999467 ) ) ;
#1216 = CYLINDRICAL_SURFACE ( 'NONE', #2665, 0.2999999999999999334 ) ;
#1217 = FILL_AREA_STYLE_COLOUR ( '', #9162 ) ;
#1218 = SURFACE_STYLE_USAGE ( .BOTH. , #6109 ) ;
#1219 = CARTESIAN_POINT ( 'NONE',  ( 4.850000000000000533, 1.000000000000000000, -8.673617379884039416E-16 ) ) ;
#1220 = DIRECTION ( 'NONE',  ( 0.000000000000000000, 0.000000000000000000, -1.000000000000000000 ) ) ;
#1221 = FACE_OUTER_BOUND ( 'NONE', #5974, .T. ) ;
#1222 = STYLED_ITEM ( 'NONE', ( #3563 ), #885 ) ;
#1223 = UNCERTAINTY_MEASURE_WITH_UNIT (LENGTH_MEASURE( 1.000000000000000082E-05 ), #4314, 'distance_accuracy_value', 'NONE');
#1224 = LINE ( 'NONE', #9333, #252 ) ;
#1225 = DIRECTION ( 'NONE',  ( 0.000000000000000000, 0.000000000000000000, -1.000000000000000000 ) ) ;
#1226 = ORIENTED_EDGE ( 'NONE', *, *, #2808, .F. ) ;
#1227 =( LENGTH_UNIT ( ) NAMED_UNIT ( * ) SI_UNIT ( .MILLI., .METRE. ) );
#1228 = FILL_AREA_STYLE_COLOUR ( '', #2878 ) ;
#1229 = SURFACE_STYLE_USAGE ( .BOTH. , #1180 ) ;
#1230 = DIRECTION ( 'NONE',  ( 0.000000000000000000, 1.000000000000000000, 0.000000000000000000 ) ) ;
#1231 = EDGE_LOOP ( 'NONE', ( #6120, #812, #6089, #6695, #6661, #7599, #3777, #5748 ) ) ;
#1232 = STYLED_ITEM ( 'NONE', ( #1057 ), #3231 ) ;
#1233 = SURFACE_SIDE_STYLE ('',( #7781 ) ) ;
#1234 = PRESENTATION_STYLE_ASSIGNMENT (( #3411 ) ) ;
#1235 = ORIENTED_EDGE ( 'NONE', *, *, #7178, .T. ) ;
#1236 = DIRECTION ( 'NONE',  ( 0.000000000000000000, -1.000000000000000000, 0.000000000000000000 ) ) ;
#1237 = VECTOR ( 'NONE', #6095, 1000.000000000000000 ) ;
#1238 = DIRECTION ( 'NONE',  ( 1.000000000000000000, 0.000000000000000000, 0.000000000000000000 ) ) ;
#1239 = ADVANCED_FACE ( 'NONE', ( #9062 ), #9008, .T. ) ;
#1240 = SURFACE_SIDE_STYLE ('',( #4896 ) ) ;
#1241 = UNCERTAINTY_MEASURE_WITH_UNIT (LENGTH_MEASURE( 1.000000000000000082E-05 ), #2824, 'distance_accuracy_value', 'NONE');
#1242 = CARTESIAN_POINT ( 'NONE',  ( 3.950000000000000178, 0.000000000000000000, 0.3999999999998999911 ) ) ;
#1243 = LINE ( 'NONE', #2207, #4073 ) ;
#1244 = CARTESIAN_POINT ( 'NONE',  ( 1.734723475976809855E-15, 1.000000000000000000, -8.673617379884039416E-16 ) ) ;
#1245 = SURFACE_SIDE_STYLE ('',( #616 ) ) ;
#1246 = FACE_OUTER_BOUND ( 'NONE', #7610, .T. ) ;
#1247 = VERTEX_POINT ( 'NONE', #4699 ) ;
#1248 =( NAMED_UNIT ( * ) PLANE_ANGLE_UNIT ( ) SI_UNIT ( $, .RADIAN. ) );
#1249 = AXIS2_PLACEMENT_3D ( 'NONE', #5474, #7520, #4620 ) ;
#1250 = CARTESIAN_POINT ( 'NONE',  ( 4.850000000000000533, 0.02000000000000000042, 4.649999999999999467 ) ) ;
#1251 = SURFACE_STYLE_FILL_AREA ( #7796 ) ;
#1252 = LINE ( 'NONE', #8534, #7364 ) ;
#1253 = DIRECTION ( 'NONE',  ( -1.000000000000000000, 0.000000000000000000, 0.000000000000000000 ) ) ;
#1254 = EDGE_CURVE ( 'NONE', #5236, #8407, #7601, .T. ) ;
#1255 = EDGE_CURVE ( 'NONE', #52, #3711, #3985, .T. ) ;
#1256 =( GEOMETRIC_REPRESENTATION_CONTEXT ( 3 ) GLOBAL_UNCERTAINTY_ASSIGNED_CONTEXT ( ( #7061 ) ) GLOBAL_UNIT_ASSIGNED_CONTEXT ( ( #6001, #6194, #6105 ) ) REPRESENTATION_CONTEXT ( 'NONE', 'WORKASPACE' ) );
#1257 =( GEOMETRIC_REPRESENTATION_CONTEXT ( 3 ) GLOBAL_UNCERTAINTY_ASSIGNED_CONTEXT ( ( #4043 ) ) GLOBAL_UNIT_ASSIGNED_CONTEXT ( ( #5913, #8102, #6717 ) ) REPRESENTATION_CONTEXT ( 'NONE', 'WORKASPACE' ) );
#1258 = CIRCLE ( 'NONE', #636, 0.2500000000000002220 ) ;
#1259 = DIRECTION ( 'NONE',  ( -1.000000000000000000, 0.000000000000000000, 0.000000000000000000 ) ) ;
#1260 = DIRECTION ( 'NONE',  ( 0.000000000000000000, -1.000000000000000000, 0.000000000000000000 ) ) ;
#1261 = EDGE_LOOP ( 'NONE', ( #3736, #9366, #4354, #7850, #2916, #4472, #5916, #7305, #2871, #5, #9009, #5940 ) ) ;
#1262 = FILL_AREA_STYLE_COLOUR ( '', #6664 ) ;
#1263 = CARTESIAN_POINT ( 'NONE',  ( 3.950000000000000178, 0.000000000000000000, -2.899999999999999911 ) ) ;
#1264 = ORIENTED_EDGE ( 'NONE', *, *, #1193, .T. ) ;
#1265 = ORIENTED_EDGE ( 'NONE', *, *, #5786, .T. ) ;
#1266 = CARTESIAN_POINT ( 'NONE',  ( -4.450000000000000178, 1.000000000000000000, 4.400000000000000355 ) ) ;
#1267 = DIRECTION ( 'NONE',  ( 0.000000000000000000, 0.000000000000000000, 1.000000000000000000 ) ) ;
#1268 =( LENGTH_UNIT ( ) NAMED_UNIT ( * ) SI_UNIT ( .MILLI., .METRE. ) );
#1269 = EDGE_CURVE ( 'NONE', #7369, #7557, #8362, .T. ) ;
#1270 = CARTESIAN_POINT ( 'NONE',  ( 4.850000000000000533, 0.9799999999999999822, 4.400000000000000355 ) ) ;
#1271 =( NAMED_UNIT ( * ) PLANE_ANGLE_UNIT ( ) SI_UNIT ( $, .RADIAN. ) );
#1272 =( NAMED_UNIT ( * ) PLANE_ANGLE_UNIT ( ) SI_UNIT ( $, .RADIAN. ) );
#1273 = VECTOR ( 'NONE', #3204, 1000.000000000000000 ) ;
#1274 =( LENGTH_UNIT ( ) NAMED_UNIT ( * ) SI_UNIT ( .MILLI., .METRE. ) );
#1275 = ORIENTED_EDGE ( 'NONE', *, *, #3986, .T. ) ;
#1276 = DIRECTION ( 'NONE',  ( 0.000000000000000000, 0.000000000000000000, 1.000000000000000000 ) ) ;
#1277 = CARTESIAN_POINT ( 'NONE',  ( -4.850000000000000533, 0.000000000000000000, -4.000000000000000000 ) ) ;
#1278 = CARTESIAN_POINT ( 'NONE',  ( -4.850000000000000533, 0.02000000000000000042, 3.299999999999999822 ) ) ;
#1279 = SURFACE_SIDE_STYLE ('',( #4284 ) ) ;
#1280 =( GEOMETRIC_REPRESENTATION_CONTEXT ( 3 ) GLOBAL_UNCERTAINTY_ASSIGNED_CONTEXT ( ( #1376 ) ) GLOBAL_UNIT_ASSIGNED_CONTEXT ( ( #3853, #2420, #8859 ) ) REPRESENTATION_CONTEXT ( 'NONE', 'WORKASPACE' ) );
#1281 = EDGE_CURVE ( 'NONE', #7129, #5069, #2287, .T. ) ;
#1282 = MECHANICAL_DESIGN_GEOMETRIC_PRESENTATION_REPRESENTATION (  '', ( #653 ), #7082 ) ;
#1283 = UNCERTAINTY_MEASURE_WITH_UNIT (LENGTH_MEASURE( 1.000000000000000082E-05 ), #7333, 'distance_accuracy_value', 'NONE');
#1284 = ORIENTED_EDGE ( 'NONE', *, *, #5312, .F. ) ;
#1285 = DIRECTION ( 'NONE',  ( 0.000000000000000000, 1.000000000000000000, 0.000000000000000000 ) ) ;
#1286 = SURFACE_SIDE_STYLE ('',( #2706 ) ) ;
#1287 = CARTESIAN_POINT ( 'NONE',  ( 1.734723475976809855E-15, 2.500000000000000000, -8.673617379884039416E-16 ) ) ;
#1288 =( NAMED_UNIT ( * ) PLANE_ANGLE_UNIT ( ) SI_UNIT ( $, .RADIAN. ) );
#1289 = ORIENTED_EDGE ( 'NONE', *, *, #164, .T. ) ;
#1290 = LINE ( 'NONE', #4292, #7159 ) ;
#1291 = PLANE ( 'NONE',  #6057 ) ;
#1292 = CARTESIAN_POINT ( 'NONE',  ( -4.850000000000000533, 0.000000000000000000, 4.649999999999999467 ) ) ;
#1293 = CARTESIAN_POINT ( 'NONE',  ( 3.950000000000000178, 0.000000000000000000, -8.673617379884039416E-16 ) ) ;
#1294 = FACE_OUTER_BOUND ( 'NONE', #4362, .T. ) ;
#1295 = FILL_AREA_STYLE ('',( #4299 ) ) ;
#1296 = PRESENTATION_LAYER_ASSIGNMENT (  '', '', ( #3448 ) ) ;
#1297 = DIRECTION ( 'NONE',  ( 0.000000000000000000, -1.000000000000000000, 0.000000000000000000 ) ) ;
#1298 = EDGE_LOOP ( 'NONE', ( #9404, #2507, #748, #754 ) ) ;
#1299 = EDGE_CURVE ( 'NONE', #6044, #7807, #1290, .T. ) ;
#1300 = AXIS2_PLACEMENT_3D ( 'NONE', #2477, #4673, #9094 ) ;
#1301 = CARTESIAN_POINT ( 'NONE',  ( -4.850000000000000533, 0.9799999999999999822, 3.050000000000000266 ) ) ;
#1302 = VECTOR ( 'NONE', #479, 1000.000000000000000 ) ;
#1303 = CARTESIAN_POINT ( 'NONE',  ( 4.850000000000000533, 0.000000000000000000, -4.000000000000000000 ) ) ;
#1304 = AXIS2_PLACEMENT_3D ( 'NONE', #6415, #8552, #9385 ) ;
#1305 = FILL_AREA_STYLE_COLOUR ( '', #1690 ) ;
#1306 = PRESENTATION_STYLE_ASSIGNMENT (( #3476 ) ) ;
#1307 = DIRECTION ( 'NONE',  ( 1.000000000000000000, 0.000000000000000000, 0.000000000000000000 ) ) ;
#1308 = STYLED_ITEM ( 'NONE', ( #2348 ), #8071 ) ;
#1309 = ORIENTED_EDGE ( 'NONE', *, *, #2490, .F. ) ;
#1310 = EDGE_CURVE ( 'NONE', #1138, #7454, #8602, .T. ) ;
#1311 = EDGE_CURVE ( 'NONE', #8786, #8525, #2601, .T. ) ;
#1312 = ORIENTED_EDGE ( 'NONE', *, *, #1311, .T. ) ;
#1313 = ORIENTED_EDGE ( 'NONE', *, *, #4142, .T. ) ;
#1314 = VECTOR ( 'NONE', #40, 1000.000000000000000 ) ;
#1315 = PRESENTATION_LAYER_ASSIGNMENT (  '', '', ( #2097 ) ) ;
#1316 = DIRECTION ( 'NONE',  ( 0.000000000000000000, -1.000000000000000000, 0.000000000000000000 ) ) ;
#1317 = LINE ( 'NONE', #2005, #195 ) ;
#1318 = DIRECTION ( 'NONE',  ( 0.000000000000000000, -1.000000000000000000, 0.000000000000000000 ) ) ;
#1319 = DIRECTION ( 'NONE',  ( 1.000000000000000000, 0.000000000000000000, 0.000000000000000000 ) ) ;
#1320 = DIRECTION ( 'NONE',  ( 0.000000000000000000, -1.000000000000000000, 0.000000000000000000 ) ) ;
#1321 = ORIENTED_EDGE ( 'NONE', *, *, #767, .F. ) ;
#1322 = SURFACE_STYLE_USAGE ( .BOTH. , #5685 ) ;
#1323 = EDGE_CURVE ( 'NONE', #154, #9269, #8555, .T. ) ;
#1324 = CIRCLE ( 'NONE', #3475, 0.2999999999999999334 ) ;
#1325 = CARTESIAN_POINT ( 'NONE',  ( 1.734723475976809855E-15, 0.9799999999999999822, -8.673617379884039416E-16 ) ) ;
#1326 = CARTESIAN_POINT ( 'NONE',  ( 4.599999999999999645, 0.000000000000000000, -1.100000000000000089 ) ) ;
#1327 = MECHANICAL_DESIGN_GEOMETRIC_PRESENTATION_REPRESENTATION (  '', ( #1627 ), #865 ) ;
#1328 = DIRECTION ( 'NONE',  ( -1.000000000000000000, 0.000000000000000000, 0.000000000000000000 ) ) ;
#1329 = CARTESIAN_POINT ( 'NONE',  ( 4.850000000000000533, 0.9799999999999999822, -3.299999999999999822 ) ) ;
#1330 = STYLED_ITEM ( 'NONE', ( #4439 ), #2329 ) ;
#1331 = SURFACE_STYLE_USAGE ( .BOTH. , #1286 ) ;
#1332 = FACE_OUTER_BOUND ( 'NONE', #4741, .T. ) ;
#1333 = CIRCLE ( 'NONE', #6202, 0.2500000000000002220 ) ;
#1334 = ADVANCED_FACE ( 'NONE', ( #2905 ), #7072, .F. ) ;
#1335 =( LENGTH_UNIT ( ) NAMED_UNIT ( * ) SI_UNIT ( .MILLI., .METRE. ) );
#1336 = COLOUR_RGB ( '',1.000000000000000000, 0.8117647058823529438, 0.5019607843137254832 ) ;
#1337 = MECHANICAL_DESIGN_GEOMETRIC_PRESENTATION_REPRESENTATION (  '', ( #574 ), #6680 ) ;
#1338 = SURFACE_SIDE_STYLE ('',( #8515 ) ) ;
#1339 = VERTEX_POINT ( 'NONE', #9389 ) ;
#1340 = SURFACE_STYLE_FILL_AREA ( #7216 ) ;
#1341 = VECTOR ( 'NONE', #1424, 1000.000000000000000 ) ;
#1342 = DIRECTION ( 'NONE',  ( 0.000000000000000000, -1.000000000000000000, 0.000000000000000000 ) ) ;
#1343 = CARTESIAN_POINT ( 'NONE',  ( -3.950000000000000178, 0.000000000000000000, 4.000000000000000000 ) ) ;
#1344 = ORIENTED_EDGE ( 'NONE', *, *, #602, .F. ) ;
#1345 = AXIS2_PLACEMENT_3D ( 'NONE', #2440, #7712, #8440 ) ;
#1346 = CARTESIAN_POINT ( 'NONE',  ( -4.850000000000000533, 0.000000000000000000, 1.800000000000000044 ) ) ;
#1347 = FACE_OUTER_BOUND ( 'NONE', #5646, .T. ) ;
#1348 = PRESENTATION_LAYER_ASSIGNMENT (  '', '', ( #7165 ) ) ;
#1349 = SURFACE_SIDE_STYLE ('',( #2036 ) ) ;
#1350 =( LENGTH_UNIT ( ) NAMED_UNIT ( * ) SI_UNIT ( .MILLI., .METRE. ) );
#1351 = SURFACE_SIDE_STYLE ('',( #8667 ) ) ;
#1352 = LINE ( 'NONE', #8476, #7870 ) ;
#1353 = SURFACE_STYLE_FILL_AREA ( #7757 ) ;
#1354 = CARTESIAN_POINT ( 'NONE',  ( -3.950000000000000178, 0.02000000000000000042, 4.000000000000000000 ) ) ;
#1355 = PRESENTATION_LAYER_ASSIGNMENT (  '', '', ( #894 ) ) ;
#1356 = CARTESIAN_POINT ( 'NONE',  ( -4.850000000000000533, 0.000000000000000000, 1.500000000000000000 ) ) ;
#1357 = DIRECTION ( 'NONE',  ( 0.000000000000000000, 0.000000000000000000, 1.000000000000000000 ) ) ;
#1358 = ORIENTED_EDGE ( 'NONE', *, *, #6524, .T. ) ;
#1359 = ORIENTED_EDGE ( 'NONE', *, *, #4539, .T. ) ;
#1360 = ORIENTED_EDGE ( 'NONE', *, *, #6511, .F. ) ;
#1361 = DIRECTION ( 'NONE',  ( 0.000000000000000000, 1.000000000000000000, 0.000000000000000000 ) ) ;
#1362 = FACE_OUTER_BOUND ( 'NONE', #1298, .T. ) ;
#1363 =( NAMED_UNIT ( * ) PLANE_ANGLE_UNIT ( ) SI_UNIT ( $, .RADIAN. ) );
#1364 = LINE ( 'NONE', #7050, #1392 ) ;
#1365 = DIRECTION ( 'NONE',  ( 0.000000000000000000, 1.000000000000000000, 0.000000000000000000 ) ) ;
#1366 = EDGE_CURVE ( 'NONE', #7916, #939, #2711, .T. ) ;
#1367 = EDGE_CURVE ( 'NONE', #1718, #226, #5194, .T. ) ;
#1368 =( LENGTH_UNIT ( ) NAMED_UNIT ( * ) SI_UNIT ( .MILLI., .METRE. ) );
#1369 = FACE_OUTER_BOUND ( 'NONE', #1206, .T. ) ;
#1370 = DIRECTION ( 'NONE',  ( 0.000000000000000000, -1.000000000000000000, 0.000000000000000000 ) ) ;
#1371 = PLANE ( 'NONE',  #2968 ) ;
#1372 =( NAMED_UNIT ( * ) SI_UNIT ( $, .STERADIAN. ) SOLID_ANGLE_UNIT ( ) );
#1373 =( GEOMETRIC_REPRESENTATION_CONTEXT ( 3 ) GLOBAL_UNCERTAINTY_ASSIGNED_CONTEXT ( ( #4823 ) ) GLOBAL_UNIT_ASSIGNED_CONTEXT ( ( #5220, #3696, #8075 ) ) REPRESENTATION_CONTEXT ( 'NONE', 'WORKASPACE' ) );
#1374 = CARTESIAN_POINT ( 'NONE',  ( 3.950000000000000178, 0.02000000000000000042, -0.4000000000000989986 ) ) ;
#1375 = DIRECTION ( 'NONE',  ( 0.000000000000000000, -1.000000000000000000, 0.000000000000000000 ) ) ;
#1376 = UNCERTAINTY_MEASURE_WITH_UNIT (LENGTH_MEASURE( 1.000000000000000082E-05 ), #3853, 'distance_accuracy_value', 'NONE');
#1377 = DIRECTION ( 'NONE',  ( 0.000000000000000000, 0.000000000000000000, 1.000000000000000000 ) ) ;
#1378 = ADVANCED_FACE ( 'NONE', ( #521 ), #6458, .T. ) ;
#1379 = CARTESIAN_POINT ( 'NONE',  ( -4.120000000000000107, 2.299999999999999822, 4.290000000000000036 ) ) ;
#1380 = EDGE_CURVE ( 'NONE', #8861, #1247, #8650, .T. ) ;
#1381 = SURFACE_STYLE_USAGE ( .BOTH. , #6549 ) ;
#1382 =( NAMED_UNIT ( * ) PLANE_ANGLE_UNIT ( ) SI_UNIT ( $, .RADIAN. ) );
#1383 = DIRECTION ( 'NONE',  ( 0.000000000000000000, 0.000000000000000000, -1.000000000000000000 ) ) ;
#1384 = FILL_AREA_STYLE ('',( #7257 ) ) ;
#1385 = ORIENTED_EDGE ( 'NONE', *, *, #1613, .F. ) ;
#1386 = ORIENTED_EDGE ( 'NONE', *, *, #3092, .T. ) ;
#1387 = ADVANCED_FACE ( 'NONE', ( #7020 ), #6313, .F. ) ;
#1388 = DIRECTION ( 'NONE',  ( 0.000000000000000000, 0.000000000000000000, 1.000000000000000000 ) ) ;
#1389 = FILL_AREA_STYLE_COLOUR ( '', #7926 ) ;
#1390 = ORIENTED_EDGE ( 'NONE', *, *, #8058, .T. ) ;
#1391 = PLANE ( 'NONE',  #9042 ) ;
#1392 = VECTOR ( 'NONE', #6342, 1000.000000000000000 ) ;
#1393 = DIRECTION ( 'NONE',  ( 1.000000000000000000, 0.000000000000000000, 0.000000000000000000 ) ) ;
#1394 = CARTESIAN_POINT ( 'NONE',  ( 4.100000000000000533, 2.986019999999999897, -3.850000000000000089 ) ) ;
#1395 = CARTESIAN_POINT ( 'NONE',  ( -4.850000000000000533, 0.02000000000000000042, 4.000000000000000000 ) ) ;
#1396 = EDGE_CURVE ( 'NONE', #8090, #3744, #9442, .T. ) ;
#1397 = CARTESIAN_POINT ( 'NONE',  ( 4.419999999999999929, 1.050000000000000044, 4.290000000000000036 ) ) ;
#1398 = CYLINDRICAL_SURFACE ( 'NONE', #1862, 0.2999999999999999334 ) ;
#1399 = FACE_OUTER_BOUND ( 'NONE', #994, .T. ) ;
#1400 = CARTESIAN_POINT ( 'NONE',  ( -3.950000000000000178, 0.000000000000000000, 1.500000000000000000 ) ) ;
#1401 = VECTOR ( 'NONE', #4482, 1000.000000000000000 ) ;
#1402 = CARTESIAN_POINT ( 'NONE',  ( -4.419999999999999929, 0.000000000000000000, 4.590000000000000746 ) ) ;
#1403 = ORIENTED_EDGE ( 'NONE', *, *, #2567, .T. ) ;
#1404 = CARTESIAN_POINT ( 'NONE',  ( 4.100000000000000533, 2.449999999999999734, 4.250000000000000000 ) ) ;
#1405 = SURFACE_STYLE_FILL_AREA ( #5811 ) ;
#1406 = DIRECTION ( 'NONE',  ( 0.000000000000000000, -1.000000000000000000, 0.000000000000000000 ) ) ;
#1407 = FACE_OUTER_BOUND ( 'NONE', #4801, .T. ) ;
#1408 = AXIS2_PLACEMENT_3D ( 'NONE', #6705, #7458, #3803 ) ;
#1409 = FACE_OUTER_BOUND ( 'NONE', #702, .T. ) ;
#1410 = LINE ( 'NONE', #3625, #3504 ) ;
#1411 =( NAMED_UNIT ( * ) PLANE_ANGLE_UNIT ( ) SI_UNIT ( $, .RADIAN. ) );
#1412 = ORIENTED_EDGE ( 'NONE', *, *, #5204, .F. ) ;
#1413 = VECTOR ( 'NONE', #7667, 1000.000000000000000 ) ;
#1414 = AXIS2_PLACEMENT_3D ( 'NONE', #2194, #7198, #9430 ) ;
#1415 = EDGE_CURVE ( 'NONE', #5553, #6938, #6097, .T. ) ;
#1416 = CARTESIAN_POINT ( 'NONE',  ( 4.850000000000000533, 0.9799999999999999822, -1.800000000000000044 ) ) ;
#1417 = LINE ( 'NONE', #7774, #4503 ) ;
#1418 = VECTOR ( 'NONE', #8517, 1000.000000000000000 ) ;
#1419 = CARTESIAN_POINT ( 'NONE',  ( 1.734723475976809855E-15, 0.02000000000000000042, -8.673617379884039416E-16 ) ) ;
#1420 = CARTESIAN_POINT ( 'NONE',  ( -3.950000000000000178, 0.02000000000000000042, -8.673617379884039416E-16 ) ) ;
#1421 = AXIS2_PLACEMENT_3D ( 'NONE', #398, #3854, #8423 ) ;
#1422 = AXIS2_PLACEMENT_3D ( 'NONE', #3838, #6736, #8472 ) ;
#1423 = VERTEX_POINT ( 'NONE', #842 ) ;
#1424 = DIRECTION ( 'NONE',  ( 0.000000000000000000, -1.000000000000000000, 0.000000000000000000 ) ) ;
#1425 = LINE ( 'NONE', #7255, #1524 ) ;
#1426 = SURFACE_STYLE_USAGE ( .BOTH. , #3690 ) ;
#1427 = EDGE_CURVE ( 'NONE', #2362, #4649, #5873, .T. ) ;
#1428 = CARTESIAN_POINT ( 'NONE',  ( -4.850000000000000533, 1.000000000000000000, -2.600000000000000089 ) ) ;
#1429 = CIRCLE ( 'NONE', #8603, 0.2999999999999999334 ) ;
#1430 = ORIENTED_EDGE ( 'NONE', *, *, #3897, .F. ) ;
#1431 = ADVANCED_FACE ( 'NONE', ( #6685 ), #6725, .T. ) ;
#1432 = MECHANICAL_DESIGN_GEOMETRIC_PRESENTATION_REPRESENTATION (  '', ( #2525 ), #8605 ) ;
#1433 = VERTEX_POINT ( 'NONE', #792 ) ;
#1434 = PRESENTATION_STYLE_ASSIGNMENT (( #2026 ) ) ;
#1435 =( LENGTH_UNIT ( ) NAMED_UNIT ( * ) SI_UNIT ( .MILLI., .METRE. ) );
#1436 = DIRECTION ( 'NONE',  ( 1.000000000000000000, 0.000000000000000000, 0.000000000000000000 ) ) ;
#1437 = CARTESIAN_POINT ( 'NONE',  ( -4.120000000000000107, 1.050000000000000044, 4.590000000000000746 ) ) ;
#1438 = SURFACE_STYLE_USAGE ( .BOTH. , #2118 ) ;
#1439 = SURFACE_SIDE_STYLE ('',( #3790 ) ) ;
#1440 = ORIENTED_EDGE ( 'NONE', *, *, #6758, .F. ) ;
#1441 = ORIENTED_EDGE ( 'NONE', *, *, #1654, .T. ) ;
#1442 = VERTEX_POINT ( 'NONE', #5067 ) ;
#1443 = EDGE_CURVE ( 'NONE', #6329, #2000, #6858, .T. ) ;
#1444 = CARTESIAN_POINT ( 'NONE',  ( 4.850000000000000533, 0.000000000000000000, 5.049999999999999822 ) ) ;
#1445 = LINE ( 'NONE', #110, #1588 ) ;
#1446 = PRESENTATION_STYLE_ASSIGNMENT (( #760 ) ) ;
#1447 = CARTESIAN_POINT ( 'NONE',  ( 4.850000000000000533, 0.000000000000000000, -4.799999999999999822 ) ) ;
#1448 = COLOUR_RGB ( '',1.000000000000000000, 0.8117647058823529438, 0.5019607843137254832 ) ;
#1449 = PRESENTATION_STYLE_ASSIGNMENT (( #8037 ) ) ;
#1450 = DIRECTION ( 'NONE',  ( 1.000000000000000000, 0.000000000000000000, 0.000000000000000000 ) ) ;
#1451 =( NAMED_UNIT ( * ) SI_UNIT ( $, .STERADIAN. ) SOLID_ANGLE_UNIT ( ) );
#1452 = PRESENTATION_STYLE_ASSIGNMENT (( #7283 ) ) ;
#1453 = EDGE_CURVE ( 'NONE', #6174, #8288, #4545, .T. ) ;
#1454 = EDGE_LOOP ( 'NONE', ( #2997, #7403, #239, #4311 ) ) ;
#1455 = LINE ( 'NONE', #8630, #397 ) ;
#1456 = EDGE_LOOP ( 'NONE', ( #991, #25, #8216, #9066 ) ) ;
#1457 = PLANE ( 'NONE',  #6063 ) ;
#1458 = DIRECTION ( 'NONE',  ( 1.000000000000000000, 0.000000000000000000, 0.000000000000000000 ) ) ;
#1459 = DIRECTION ( 'NONE',  ( 0.000000000000000000, 1.000000000000000000, 0.000000000000000000 ) ) ;
#1460 = FILL_AREA_STYLE ('',( #1559 ) ) ;
#1461 = VECTOR ( 'NONE', #8732, 1000.000000000000000 ) ;
#1462 = DIRECTION ( 'NONE',  ( 0.000000000000000000, 1.000000000000000000, 0.000000000000000000 ) ) ;
#1463 = FACE_OUTER_BOUND ( 'NONE', #6778, .T. ) ;
#1464 = PRESENTATION_LAYER_ASSIGNMENT (  '', '', ( #5276 ) ) ;
#1465 = DIRECTION ( 'NONE',  ( -0.000000000000000000, 1.000000000000000000, 0.000000000000000000 ) ) ;
#1466 =( LENGTH_UNIT ( ) NAMED_UNIT ( * ) SI_UNIT ( .MILLI., .METRE. ) );
#1467 = VECTOR ( 'NONE', #8547, 1000.000000000000000 ) ;
#1468 = CIRCLE ( 'NONE', #7717, 0.4000000000000001887 ) ;
#1469 = CARTESIAN_POINT ( 'NONE',  ( -4.419999999999999929, 1.050000000000000044, 4.290000000000000036 ) ) ;
#1470 = SURFACE_SIDE_STYLE ('',( #1653 ) ) ;
#1471 = MECHANICAL_DESIGN_GEOMETRIC_PRESENTATION_REPRESENTATION (  '', ( #6526 ), #2406 ) ;
#1472 = PLANE ( 'NONE',  #1608 ) ;
#1473 = VECTOR ( 'NONE', #4749, 1000.000000000000000 ) ;
#1474 = VERTEX_POINT ( 'NONE', #6639 ) ;
#1475 = VECTOR ( 'NONE', #8159, 1000.000000000000000 ) ;
#1476 =( GEOMETRIC_REPRESENTATION_CONTEXT ( 3 ) GLOBAL_UNCERTAINTY_ASSIGNED_CONTEXT ( ( #7818 ) ) GLOBAL_UNIT_ASSIGNED_CONTEXT ( ( #3970, #3356, #977 ) ) REPRESENTATION_CONTEXT ( 'NONE', 'WORKASPACE' ) );
#1477 = EDGE_LOOP ( 'NONE', ( #5931, #2576, #8871, #9003 ) ) ;
#1478 = AXIS2_PLACEMENT_3D ( 'NONE', #869, #3704, #6610 ) ;
#1479 = ORIENTED_EDGE ( 'NONE', *, *, #6862, .T. ) ;
#1480 = CIRCLE ( 'NONE', #1161, 0.2500000000000002220 ) ;
#1481 = CARTESIAN_POINT ( 'NONE',  ( -3.950000000000000178, 0.000000000000000000, 4.000000000000000000 ) ) ;
#1482 = PLANE ( 'NONE',  #7282 ) ;
#1483 = VECTOR ( 'NONE', #4427, 1000.000000000000000 ) ;
#1484 = EDGE_LOOP ( 'NONE', ( #7152, #4866, #2219, #2410 ) ) ;
#1485 = EDGE_CURVE ( 'NONE', #5158, #3412, #1425, .T. ) ;
#1486 = ADVANCED_FACE ( 'NONE', ( #2209 ), #5112, .F. ) ;
#1487 = LINE ( 'NONE', #3558, #1483 ) ;
#1488 = ORIENTED_EDGE ( 'NONE', *, *, #9120, .T. ) ;
#1489 = FACE_OUTER_BOUND ( 'NONE', #5740, .T. ) ;
#1490 = AXIS2_PLACEMENT_3D ( 'NONE', #9384, #2939, #1377 ) ;
#1491 = UNCERTAINTY_MEASURE_WITH_UNIT (LENGTH_MEASURE( 1.000000000000000082E-05 ), #4575, 'distance_accuracy_value', 'NONE');
#1492 = EDGE_LOOP ( 'NONE', ( #2698, #406, #2553, #8274 ) ) ;
#1493 = AXIS2_PLACEMENT_3D ( 'NONE', #3774, #6681, #3685 ) ;
#1494 = EDGE_LOOP ( 'NONE', ( #2310, #6879, #2668, #5523, #8777 ) ) ;
#1495 = PRESENTATION_STYLE_ASSIGNMENT (( #8793 ) ) ;
#1496 = CARTESIAN_POINT ( 'NONE',  ( -3.950000000000000178, 0.000000000000000000, 3.700000000000000178 ) ) ;
#1497 = VERTEX_POINT ( 'NONE', #4637 ) ;
#1498 = CIRCLE ( 'NONE', #1024, 0.2500000000000002220 ) ;
#1499 = CARTESIAN_POINT ( 'NONE',  ( -4.120000000000000107, 0.000000000000000000, 4.290000000000000036 ) ) ;
#1500 = UNCERTAINTY_MEASURE_WITH_UNIT (LENGTH_MEASURE( 1.000000000000000082E-05 ), #5595, 'distance_accuracy_value', 'NONE');
#1501 = DIRECTION ( 'NONE',  ( 0.000000000000000000, 0.000000000000000000, -1.000000000000000000 ) ) ;
#1502 = ADVANCED_FACE ( 'NONE', ( #4737 ), #3922, .F. ) ;
#1503 = FACE_OUTER_BOUND ( 'NONE', #945, .T. ) ;
#1504 = PRESENTATION_STYLE_ASSIGNMENT (( #4483 ) ) ;
#1505 =( GEOMETRIC_REPRESENTATION_CONTEXT ( 3 ) GLOBAL_UNCERTAINTY_ASSIGNED_CONTEXT ( ( #385 ) ) GLOBAL_UNIT_ASSIGNED_CONTEXT ( ( #6957, #3918, #3219 ) ) REPRESENTATION_CONTEXT ( 'NONE', 'WORKASPACE' ) );
#1506 = DIRECTION ( 'NONE',  ( 0.000000000000000000, -1.000000000000000000, 0.000000000000000000 ) ) ;
#1507 = CARTESIAN_POINT ( 'NONE',  ( 15.94382399999999933, 2.149999999999999911, -4.590000000000000746 ) ) ;
#1508 = ORIENTED_EDGE ( 'NONE', *, *, #2248, .F. ) ;
#1509 = VERTEX_POINT ( 'NONE', #5346 ) ;
#1510 = VERTEX_POINT ( 'NONE', #3312 ) ;
#1511 = PLANE ( 'NONE',  #3131 ) ;
#1512 = SURFACE_STYLE_USAGE ( .BOTH. , #3713 ) ;
#1513 = CARTESIAN_POINT ( 'NONE',  ( -4.850000000000000533, 1.000000000000000000, 2.200000000000000178 ) ) ;
#1514 = DIRECTION ( 'NONE',  ( -1.000000000000000000, 0.000000000000000000, 0.000000000000000000 ) ) ;
#1515 = DIRECTION ( 'NONE',  ( 0.000000000000000000, 0.000000000000000000, 1.000000000000000000 ) ) ;
#1516 = DIRECTION ( 'NONE',  ( 0.000000000000000000, -1.000000000000000000, 0.000000000000000000 ) ) ;
#1517 = STYLED_ITEM ( 'NONE', ( #2456 ), #1239 ) ;
#1518 = EDGE_CURVE ( 'NONE', #8407, #5353, #4025, .T. ) ;
#1519 =( NAMED_UNIT ( * ) SI_UNIT ( $, .STERADIAN. ) SOLID_ANGLE_UNIT ( ) );
#1520 = DIRECTION ( 'NONE',  ( 1.000000000000000000, 0.000000000000000000, 0.000000000000000000 ) ) ;
#1521 = ORIENTED_EDGE ( 'NONE', *, *, #1624, .F. ) ;
#1522 = PRESENTATION_STYLE_ASSIGNMENT (( #7770 ) ) ;
#1523 = CARTESIAN_POINT ( 'NONE',  ( 4.850000000000000533, 0.9799999999999999822, -0.2500000000000809908 ) ) ;
#1524 = VECTOR ( 'NONE', #3643, 1000.000000000000000 ) ;
#1525 = PRESENTATION_STYLE_ASSIGNMENT (( #8063 ) ) ;
#1526 = MECHANICAL_DESIGN_GEOMETRIC_PRESENTATION_REPRESENTATION (  '', ( #3228 ), #9134 ) ;
#1527 = CARTESIAN_POINT ( 'NONE',  ( 1.734723475976809855E-15, 0.02000000000000000042, -8.673617379884039416E-16 ) ) ;
#1528 = VERTEX_POINT ( 'NONE', #227 ) ;
#1529 =( LENGTH_UNIT ( ) NAMED_UNIT ( * ) SI_UNIT ( .MILLI., .METRE. ) );
#1530 = DIRECTION ( 'NONE',  ( 0.000000000000000000, 0.000000000000000000, -1.000000000000000000 ) ) ;
#1531 = ORIENTED_EDGE ( 'NONE', *, *, #4815, .F. ) ;
#1532 = FILL_AREA_STYLE ('',( #8019 ) ) ;
#1533 = ORIENTED_EDGE ( 'NONE', *, *, #2581, .T. ) ;
#1534 = PLANE ( 'NONE',  #5910 ) ;
#1535 = SURFACE_SIDE_STYLE ('',( #2216 ) ) ;
#1536 = FILL_AREA_STYLE_COLOUR ( '', #4698 ) ;
#1537 = ORIENTED_EDGE ( 'NONE', *, *, #9132, .T. ) ;
#1538 = VERTEX_POINT ( 'NONE', #8351 ) ;
#1539 = EDGE_LOOP ( 'NONE', ( #5924, #1677, #5594, #4 ) ) ;
#1540 = ORIENTED_EDGE ( 'NONE', *, *, #4004, .F. ) ;
#1541 = EDGE_CURVE ( 'NONE', #797, #7007, #6115, .T. ) ;
#1542 = ORIENTED_EDGE ( 'NONE', *, *, #2080, .F. ) ;
#1543 = VERTEX_POINT ( 'NONE', #2600 ) ;
#1544 = CARTESIAN_POINT ( 'NONE',  ( -4.850000000000000533, 1.000000000000000000, -6.331740687315349681E-14 ) ) ;
#1545 = CARTESIAN_POINT ( 'NONE',  ( -3.743898866310354734, 2.449999999999999734, -3.922363042438184788 ) ) ;
#1546 =( NAMED_UNIT ( * ) SI_UNIT ( $, .STERADIAN. ) SOLID_ANGLE_UNIT ( ) );
#1547 = CARTESIAN_POINT ( 'NONE',  ( 1.734723475976809855E-15, 0.02000000000000000042, 1.500000000000000000 ) ) ;
#1548 = CARTESIAN_POINT ( 'NONE',  ( -3.950000000000000178, 0.000000000000000000, 4.799999999999999822 ) ) ;
#1549 = CARTESIAN_POINT ( 'NONE',  ( -3.950000000000000178, 0.000000000000000000, 0.6999999999999010347 ) ) ;
#1550 = CARTESIAN_POINT ( 'NONE',  ( 1.734723475976809855E-15, 2.299999999999999822, 4.290000000000000036 ) ) ;
#1551 = ORIENTED_EDGE ( 'NONE', *, *, #6525, .T. ) ;
#1552 = VECTOR ( 'NONE', #8240, 1000.000000000000000 ) ;
#1553 = EDGE_LOOP ( 'NONE', ( #3352, #7641, #2948, #1760, #4548 ) ) ;
#1554 = EDGE_CURVE ( 'NONE', #98, #3852, #8999, .T. ) ;
#1555 = CARTESIAN_POINT ( 'NONE',  ( 3.950000000000000178, 0.000000000000000000, -4.799999999999999822 ) ) ;
#1556 = EDGE_CURVE ( 'NONE', #6024, #9353, #2924, .T. ) ;
#1557 = CARTESIAN_POINT ( 'NONE',  ( -3.950000000000000178, 0.000000000000000000, -0.7000000000001009859 ) ) ;
#1558 = CARTESIAN_POINT ( 'NONE',  ( -4.850000000000000533, 1.000000000000000000, -4.799999999999999822 ) ) ;
#1559 = FILL_AREA_STYLE_COLOUR ( '', #8719 ) ;
#1560 = LINE ( 'NONE', #73, #7593 ) ;
#1561 = DIRECTION ( 'NONE',  ( 1.000000000000000000, 0.000000000000000000, 0.000000000000000000 ) ) ;
#1562 = PRESENTATION_STYLE_ASSIGNMENT (( #215 ) ) ;
#1563 = LINE ( 'NONE', #8056, #6495 ) ;
#1564 = ORIENTED_EDGE ( 'NONE', *, *, #4438, .T. ) ;
#1565 = AXIS2_PLACEMENT_3D ( 'NONE', #1263, #7762, #2788 ) ;
#1566 = FILL_AREA_STYLE_COLOUR ( '', #87 ) ;
#1567 = STYLED_ITEM ( 'NONE', ( #5154 ), #2819 ) ;
#1568 = EDGE_CURVE ( 'NONE', #5398, #6176, #4778, .T. ) ;
#1569 = DIRECTION ( 'NONE',  ( 1.000000000000000000, 0.000000000000000000, 0.000000000000000000 ) ) ;
#1570 = LINE ( 'NONE', #8145, #6604 ) ;
#1571 = CARTESIAN_POINT ( 'NONE',  ( -4.419999999999999929, 0.000000000000000000, -4.590000000000000746 ) ) ;
#1572 = COLOUR_RGB ( '',1.000000000000000000, 0.8117647058823529438, 0.5019607843137254832 ) ;
#1573 = DIRECTION ( 'NONE',  ( 0.000000000000000000, -1.000000000000000000, 0.000000000000000000 ) ) ;
#1574 = VECTOR ( 'NONE', #4722, 1000.000000000000000 ) ;
#1575 = ORIENTED_EDGE ( 'NONE', *, *, #7331, .F. ) ;
#1576 = SURFACE_STYLE_FILL_AREA ( #1384 ) ;
#1577 = DIRECTION ( 'NONE',  ( 0.000000000000000000, 1.000000000000000000, 0.000000000000000000 ) ) ;
#1578 = ORIENTED_EDGE ( 'NONE', *, *, #5287, .T. ) ;
#1579 = EDGE_CURVE ( 'NONE', #4160, #5479, #1662, .T. ) ;
#1580 = CIRCLE ( 'NONE', #5247, 0.4000000000000001887 ) ;
#1581 = AXIS2_PLACEMENT_3D ( 'NONE', #3953, #6856, #9084 ) ;
#1582 = AXIS2_PLACEMENT_3D ( 'NONE', #7088, #5665, #3471 ) ;
#1583 = CARTESIAN_POINT ( 'NONE',  ( 1.734723475976809855E-15, 0.000000000000000000, -0.7000000000001009859 ) ) ;
#1584 = DIRECTION ( 'NONE',  ( 0.000000000000000000, 0.000000000000000000, -1.000000000000000000 ) ) ;
#1585 = EDGE_LOOP ( 'NONE', ( #8883, #1488, #7760, #2678, #807, #8832, #7285, #8416, #296, #5115, #450, #9441 ) ) ;
#1586 = LINE ( 'NONE', #4599, #2113 ) ;
#1587 = VERTEX_POINT ( 'NONE', #2445 ) ;
#1588 = VECTOR ( 'NONE', #3055, 1000.000000000000000 ) ;
#1589 = ORIENTED_EDGE ( 'NONE', *, *, #2462, .T. ) ;
#1590 = VERTEX_POINT ( 'NONE', #8247 ) ;
#1591 = ORIENTED_EDGE ( 'NONE', *, *, #1866, .T. ) ;
#1592 = FILL_AREA_STYLE_COLOUR ( '', #8745 ) ;
#1593 = CARTESIAN_POINT ( 'NONE',  ( 1.734723475976809855E-15, 0.02000000000000000042, -8.673617379884039416E-16 ) ) ;
#1594 = UNCERTAINTY_MEASURE_WITH_UNIT (LENGTH_MEASURE( 1.000000000000000082E-05 ), #6992, 'distance_accuracy_value', 'NONE');
#1595 = LINE ( 'NONE', #6657, #484 ) ;
#1596 = EDGE_CURVE ( 'NONE', #1693, #5518, #2697, .T. ) ;
#1597 = CYLINDRICAL_SURFACE ( 'NONE', #1635, 0.2500000000000002220 ) ;
#1598 = ORIENTED_EDGE ( 'NONE', *, *, #5471, .F. ) ;
#1599 =( NAMED_UNIT ( * ) PLANE_ANGLE_UNIT ( ) SI_UNIT ( $, .RADIAN. ) );
#1600 = CARTESIAN_POINT ( 'NONE',  ( 1.734723475976809855E-15, 1.050000000000000044, -4.440000000000000391 ) ) ;
#1601 = LINE ( 'NONE', #9016, #689 ) ;
#1602 = MECHANICAL_DESIGN_GEOMETRIC_PRESENTATION_REPRESENTATION (  '', ( #8471 ), #3151 ) ;
#1603 = DIRECTION ( 'NONE',  ( 1.000000000000000000, 0.000000000000000000, 0.000000000000000000 ) ) ;
#1604 = ADVANCED_FACE ( 'NONE', ( #1221 ), #6406, .F. ) ;
#1605 = EDGE_CURVE ( 'NONE', #1590, #2467, #415, .T. ) ;
#1606 = COLOUR_RGB ( '',1.000000000000000000, 0.8117647058823529438, 0.5019607843137254832 ) ;
#1607 = SURFACE_STYLE_USAGE ( .BOTH. , #2293 ) ;
#1608 = AXIS2_PLACEMENT_3D ( 'NONE', #1527, #1573, #5110 ) ;
#1609 = LINE ( 'NONE', #5957, #127 ) ;
#1610 = LINE ( 'NONE', #707, #3792 ) ;
#1611 = CARTESIAN_POINT ( 'NONE',  ( 4.270000000000000462, 0.000000000000000000, 4.590000000000000746 ) ) ;
#1612 = DIRECTION ( 'NONE',  ( 0.000000000000000000, 0.000000000000000000, 1.000000000000000000 ) ) ;
#1613 = EDGE_CURVE ( 'NONE', #795, #529, #3075, .T. ) ;
#1614 = ORIENTED_EDGE ( 'NONE', *, *, #7764, .F. ) ;
#1615 = DIRECTION ( 'NONE',  ( 1.000000000000000000, 0.000000000000000000, 0.000000000000000000 ) ) ;
#1616 = CARTESIAN_POINT ( 'NONE',  ( -4.850000000000000533, 0.02000000000000000042, -2.200000000000000178 ) ) ;
#1617 = ORIENTED_EDGE ( 'NONE', *, *, #1769, .F. ) ;
#1618 = VECTOR ( 'NONE', #4173, 1000.000000000000000 ) ;
#1619 = CIRCLE ( 'NONE', #2707, 0.4000000000000001887 ) ;
#1620 = VERTEX_POINT ( 'NONE', #3359 ) ;
#1621 = DIRECTION ( 'NONE',  ( -1.000000000000000000, 0.000000000000000000, 0.000000000000000000 ) ) ;
#1622 = AXIS2_PLACEMENT_3D ( 'NONE', #2028, #6224, #475 ) ;
#1623 = CARTESIAN_POINT ( 'NONE',  ( 4.850000000000000533, 0.000000000000000000, -4.150000000000000355 ) ) ;
#1624 = EDGE_CURVE ( 'NONE', #1423, #7046, #7815, .T. ) ;
#1625 = CARTESIAN_POINT ( 'NONE',  ( 3.950000000000000178, 0.02000000000000000042, 2.899999999999999911 ) ) ;
#1626 = ORIENTED_EDGE ( 'NONE', *, *, #8664, .F. ) ;
#1627 = STYLED_ITEM ( 'NONE', ( #520 ), #5703 ) ;
#1628 = UNCERTAINTY_MEASURE_WITH_UNIT (LENGTH_MEASURE( 1.000000000000000082E-05 ), #4150, 'distance_accuracy_value', 'NONE');
#1629 = ORIENTED_EDGE ( 'NONE', *, *, #3136, .F. ) ;
#1630 = EDGE_LOOP ( 'NONE', ( #8915, #9387, #8057, #55 ) ) ;
#1631 = VERTEX_POINT ( 'NONE', #6447 ) ;
#1632 = DIRECTION ( 'NONE',  ( 0.000000000000000000, 0.000000000000000000, 1.000000000000000000 ) ) ;
#1633 = FILL_AREA_STYLE ('',( #7505 ) ) ;
#1634 = VECTOR ( 'NONE', #8409, 1000.000000000000000 ) ;
#1635 = AXIS2_PLACEMENT_3D ( 'NONE', #3806, #8040, #5984 ) ;
#1636 = CARTESIAN_POINT ( 'NONE',  ( 4.419999999999999929, 2.149999999999999911, 4.290000000000000036 ) ) ;
#1637 = CYLINDRICAL_SURFACE ( 'NONE', #3561, 0.4000000000000001887 ) ;
#1638 = MECHANICAL_DESIGN_GEOMETRIC_PRESENTATION_REPRESENTATION (  '', ( #7425 ), #2756 ) ;
#1639 = FACE_OUTER_BOUND ( 'NONE', #9160, .T. ) ;
#1640 = ORIENTED_EDGE ( 'NONE', *, *, #9424, .F. ) ;
#1641 =( GEOMETRIC_REPRESENTATION_CONTEXT ( 3 ) GLOBAL_UNCERTAINTY_ASSIGNED_CONTEXT ( ( #8522 ) ) GLOBAL_UNIT_ASSIGNED_CONTEXT ( ( #3452, #9337, #7017 ) ) REPRESENTATION_CONTEXT ( 'NONE', 'WORKASPACE' ) );
#1642 = ORIENTED_EDGE ( 'NONE', *, *, #5511, .T. ) ;
#1643 = CARTESIAN_POINT ( 'NONE',  ( 4.850000000000000533, 0.02000000000000000042, -3.050000000000000266 ) ) ;
#1644 = DIRECTION ( 'NONE',  ( 1.000000000000000000, 0.000000000000000000, 0.000000000000000000 ) ) ;
#1645 = SURFACE_SIDE_STYLE ('',( #2326 ) ) ;
#1646 = SURFACE_STYLE_USAGE ( .BOTH. , #1107 ) ;
#1647 = CARTESIAN_POINT ( 'NONE',  ( -4.450000000000000178, 1.000000000000000000, 2.200000000000000178 ) ) ;
#1648 = FILL_AREA_STYLE_COLOUR ( '', #4772 ) ;
#1649 = DIRECTION ( 'NONE',  ( 0.000000000000000000, 1.000000000000000000, 0.000000000000000000 ) ) ;
#1650 = ORIENTED_EDGE ( 'NONE', *, *, #1125, .F. ) ;
#1651 = ORIENTED_EDGE ( 'NONE', *, *, #2988, .T. ) ;
#1652 = CARTESIAN_POINT ( 'NONE',  ( 4.850000000000000533, 1.000000000000000000, -3.700000000000000178 ) ) ;
#1653 = SURFACE_STYLE_FILL_AREA ( #3031 ) ;
#1654 = EDGE_CURVE ( 'NONE', #4232, #8629, #7009, .T. ) ;
#1655 = CARTESIAN_POINT ( 'NONE',  ( -3.950000000000000178, 0.02000000000000000042, 2.600000000000000089 ) ) ;
#1656 = EDGE_CURVE ( 'NONE', #1543, #8873, #2108, .T. ) ;
#1657 = CARTESIAN_POINT ( 'NONE',  ( 4.850000000000000533, 0.000000000000000000, 5.049999999999999822 ) ) ;
#1658 = LINE ( 'NONE', #3871, #573 ) ;
#1659 = LINE ( 'NONE', #3074, #1969 ) ;
#1660 = DIRECTION ( 'NONE',  ( 0.000000000000000000, 0.000000000000000000, 1.000000000000000000 ) ) ;
#1661 = ORIENTED_EDGE ( 'NONE', *, *, #4909, .T. ) ;
#1662 = LINE ( 'NONE', #6061, #7453 ) ;
#1663 = AXIS2_PLACEMENT_3D ( 'NONE', #2157, #4421, #5254 ) ;
#1664 = ORIENTED_EDGE ( 'NONE', *, *, #7913, .F. ) ;
#1665 = ADVANCED_FACE ( 'NONE', ( #7113 ), #9239, .F. ) ;
#1666 = ADVANCED_FACE ( 'NONE', ( #2149 ), #5275, .T. ) ;
#1667 = ORIENTED_EDGE ( 'NONE', *, *, #365, .T. ) ;
#1668 = CARTESIAN_POINT ( 'NONE',  ( 4.850000000000000533, 0.02000000000000000042, 0.6999999999999010347 ) ) ;
#1669 = CIRCLE ( 'NONE', #3368, 0.4000000000000001887 ) ;
#1670 = DIRECTION ( 'NONE',  ( 0.000000000000000000, 0.000000000000000000, 1.000000000000000000 ) ) ;
#1671 = ORIENTED_EDGE ( 'NONE', *, *, #8249, .T. ) ;
#1672 = LINE ( 'NONE', #7686, #8965 ) ;
#1673 = VERTEX_POINT ( 'NONE', #8176 ) ;
#1674 = MECHANICAL_DESIGN_GEOMETRIC_PRESENTATION_REPRESENTATION (  '', ( #4589 ), #1373 ) ;
#1675 = VERTEX_POINT ( 'NONE', #250 ) ;
#1676 = ORIENTED_EDGE ( 'NONE', *, *, #895, .T. ) ;
#1677 = ORIENTED_EDGE ( 'NONE', *, *, #5015, .F. ) ;
#1678 = ADVANCED_FACE ( 'NONE', ( #3901 ), #8004, .F. ) ;
#1679 = DIRECTION ( 'NONE',  ( 0.000000000000000000, 1.000000000000000000, 0.000000000000000000 ) ) ;
#1680 = DIRECTION ( 'NONE',  ( 0.000000000000000000, 1.000000000000000000, 0.000000000000000000 ) ) ;
#1681 = ORIENTED_EDGE ( 'NONE', *, *, #1974, .T. ) ;
#1682 = CYLINDRICAL_SURFACE ( 'NONE', #8027, 0.2500000000000002220 ) ;
#1683 = ORIENTED_EDGE ( 'NONE', *, *, #489, .F. ) ;
#1684 = EDGE_CURVE ( 'NONE', #4923, #1087, #6543, .T. ) ;
#1685 = AXIS2_PLACEMENT_3D ( 'NONE', #6132, #3332, #7791 ) ;
#1686 = LINE ( 'NONE', #1737, #6206 ) ;
#1687 = FACE_OUTER_BOUND ( 'NONE', #6388, .T. ) ;
#1688 =( LENGTH_UNIT ( ) NAMED_UNIT ( * ) SI_UNIT ( .MILLI., .METRE. ) );
#1689 = DIRECTION ( 'NONE',  ( 0.000000000000000000, -1.000000000000000000, 0.000000000000000000 ) ) ;
#1690 = COLOUR_RGB ( '',1.000000000000000000, 0.8117647058823529438, 0.5019607843137254832 ) ;
#1691 = ORIENTED_EDGE ( 'NONE', *, *, #622, .F. ) ;
#1692 = VERTEX_POINT ( 'NONE', #8417 ) ;
#1693 = VERTEX_POINT ( 'NONE', #4049 ) ;
#1694 = CARTESIAN_POINT ( 'NONE',  ( -4.850000000000000533, 1.000000000000000000, 3.299999999999999822 ) ) ;
#1695 = CYLINDRICAL_SURFACE ( 'NONE', #4784, 0.4000000000000001887 ) ;
#1696 = LINE ( 'NONE', #4628, #1854 ) ;
#1697 = CARTESIAN_POINT ( 'NONE',  ( -4.850000000000000533, 0.000000000000000000, 1.100000000000000089 ) ) ;
#1698 = CARTESIAN_POINT ( 'NONE',  ( 4.850000000000000533, 1.000000000000000000, -1.800000000000000044 ) ) ;
#1699 = DIRECTION ( 'NONE',  ( -1.000000000000000000, 0.000000000000000000, 0.000000000000000000 ) ) ;
#1700 = CARTESIAN_POINT ( 'NONE',  ( 3.950000000000000178, 0.000000000000000000, -3.700000000000000178 ) ) ;
#1701 = EDGE_LOOP ( 'NONE', ( #2091, #7494, #6436, #1816 ) ) ;
#1702 = MECHANICAL_DESIGN_GEOMETRIC_PRESENTATION_REPRESENTATION (  '', ( #5071 ), #936 ) ;
#1703 = EDGE_CURVE ( 'NONE', #1509, #7454, #1669, .T. ) ;
#1704 =( NAMED_UNIT ( * ) SI_UNIT ( $, .STERADIAN. ) SOLID_ANGLE_UNIT ( ) );
#1705 = CIRCLE ( 'NONE', #784, 0.4000000000000001887 ) ;
#1706 = DIRECTION ( 'NONE',  ( 0.000000000000000000, 1.000000000000000000, 0.000000000000000000 ) ) ;
#1707 = ORIENTED_EDGE ( 'NONE', *, *, #13, .F. ) ;
#1708 = MECHANICAL_DESIGN_GEOMETRIC_PRESENTATION_REPRESENTATION (  '', ( #5080 ), #2658 ) ;
#1709 = DIRECTION ( 'NONE',  ( 0.000000000000000000, -1.000000000000000000, 0.000000000000000000 ) ) ;
#1710 = VECTOR ( 'NONE', #3302, 1000.000000000000000 ) ;
#1711 = EDGE_LOOP ( 'NONE', ( #2363, #7181, #123, #4781 ) ) ;
#1712 = DIRECTION ( 'NONE',  ( 0.000000000000000000, 0.000000000000000000, -1.000000000000000000 ) ) ;
#1713 = ORIENTED_EDGE ( 'NONE', *, *, #7442, .F. ) ;
#1714 = EDGE_CURVE ( 'NONE', #464, #5126, #6890, .T. ) ;
#1715 =( NAMED_UNIT ( * ) PLANE_ANGLE_UNIT ( ) SI_UNIT ( $, .RADIAN. ) );
#1716 = EDGE_CURVE ( 'NONE', #5274, #8485, #8322, .T. ) ;
#1717 = AXIS2_PLACEMENT_3D ( 'NONE', #18, #8532, #7795 ) ;
#1718 = VERTEX_POINT ( 'NONE', #6237 ) ;
#1719 = MECHANICAL_DESIGN_GEOMETRIC_PRESENTATION_REPRESENTATION (  '', ( #6463 ), #6905 ) ;
#1720 = EDGE_CURVE ( 'NONE', #1692, #2881, #4802, .T. ) ;
#1721 = ORIENTED_EDGE ( 'NONE', *, *, #8872, .F. ) ;
#1722 = EDGE_LOOP ( 'NONE', ( #1385, #7074, #1904, #4912 ) ) ;
#1723 =( NAMED_UNIT ( * ) PLANE_ANGLE_UNIT ( ) SI_UNIT ( $, .RADIAN. ) );
#1724 = FILL_AREA_STYLE_COLOUR ( '', #2841 ) ;
#1725 = PLANE ( 'NONE',  #4533 ) ;
#1726 = CIRCLE ( 'NONE', #7524, 0.4000000000000001887 ) ;
#1727 =( LENGTH_UNIT ( ) NAMED_UNIT ( * ) SI_UNIT ( .MILLI., .METRE. ) );
#1728 = DIRECTION ( 'NONE',  ( -1.000000000000000000, 0.000000000000000000, 0.000000000000000000 ) ) ;
#1729 = PLANE ( 'NONE',  #4106 ) ;
#1730 = ADVANCED_FACE ( 'NONE', ( #7032 ), #8375, .T. ) ;
#1731 = ORIENTED_EDGE ( 'NONE', *, *, #1716, .F. ) ;
#1732 = ORIENTED_EDGE ( 'NONE', *, *, #7789, .F. ) ;
#1733 = ORIENTED_EDGE ( 'NONE', *, *, #7265, .T. ) ;
#1734 = LINE ( 'NONE', #7616, #2511 ) ;
#1735 =( GEOMETRIC_REPRESENTATION_CONTEXT ( 3 ) GLOBAL_UNCERTAINTY_ASSIGNED_CONTEXT ( ( #6886 ) ) GLOBAL_UNIT_ASSIGNED_CONTEXT ( ( #5266, #8166, #953 ) ) REPRESENTATION_CONTEXT ( 'NONE', 'WORKASPACE' ) );
#1736 = LINE ( 'NONE', #345, #5088 ) ;
#1737 = CARTESIAN_POINT ( 'NONE',  ( -4.850000000000000533, 0.000000000000000000, -4.150000000000000355 ) ) ;
#1738 = LINE ( 'NONE', #7517, #9307 ) ;
#1739 = SURFACE_SIDE_STYLE ('',( #4576 ) ) ;
#1740 = DIRECTION ( 'NONE',  ( 0.000000000000000000, 0.000000000000000000, -1.000000000000000000 ) ) ;
#1741 = DIRECTION ( 'NONE',  ( 1.000000000000000000, 0.000000000000000000, 0.000000000000000000 ) ) ;
#1742 = UNCERTAINTY_MEASURE_WITH_UNIT (LENGTH_MEASURE( 1.000000000000000082E-05 ), #2782, 'distance_accuracy_value', 'NONE');
#1743 = ADVANCED_FACE ( 'NONE', ( #4753 ), #4660, .F. ) ;
#1744 = ORIENTED_EDGE ( 'NONE', *, *, #7495, .F. ) ;
#1745 = ORIENTED_EDGE ( 'NONE', *, *, #8085, .F. ) ;
#1746 = FILL_AREA_STYLE ('',( #8289 ) ) ;
#1747 = FILL_AREA_STYLE_COLOUR ( '', #7363 ) ;
#1748 = FACE_OUTER_BOUND ( 'NONE', #1494, .T. ) ;
#1749 = LINE ( 'NONE', #8991, #495 ) ;
#1750 = CARTESIAN_POINT ( 'NONE',  ( -4.850000000000000533, 0.9799999999999999822, 1.350000000000000089 ) ) ;
#1751 = DIRECTION ( 'NONE',  ( 0.000000000000000000, 0.000000000000000000, 1.000000000000000000 ) ) ;
#1752 = LINE ( 'NONE', #8198, #8364 ) ;
#1753 = ORIENTED_EDGE ( 'NONE', *, *, #8142, .T. ) ;
#1754 = UNCERTAINTY_MEASURE_WITH_UNIT (LENGTH_MEASURE( 1.000000000000000082E-05 ), #7871, 'distance_accuracy_value', 'NONE');
#1755 = COLOUR_RGB ( '',1.000000000000000000, 0.8117647058823529438, 0.5019607843137254832 ) ;
#1756 = DIRECTION ( 'NONE',  ( 1.000000000000000000, 0.000000000000000000, 0.000000000000000000 ) ) ;
#1757 = PRESENTATION_LAYER_ASSIGNMENT (  '', '', ( #5883 ) ) ;
#1758 = ORIENTED_EDGE ( 'NONE', *, *, #8432, .F. ) ;
#1759 = DIRECTION ( 'NONE',  ( 0.000000000000000000, -1.000000000000000000, 0.000000000000000000 ) ) ;
#1760 = ORIENTED_EDGE ( 'NONE', *, *, #5001, .T. ) ;
#1761 = AXIS2_PLACEMENT_3D ( 'NONE', #7133, #3730, #9440 ) ;
#1762 = ORIENTED_EDGE ( 'NONE', *, *, #578, .F. ) ;
#1763 = VECTOR ( 'NONE', #4758, 1000.000000000000000 ) ;
#1764 = ORIENTED_EDGE ( 'NONE', *, *, #9434, .T. ) ;
#1765 = EDGE_LOOP ( 'NONE', ( #7888, #5794, #6081, #4837, #8026, #6831 ) ) ;
#1766 = ORIENTED_EDGE ( 'NONE', *, *, #6758, .T. ) ;
#1767 = DIRECTION ( 'NONE',  ( 0.000000000000000000, 0.000000000000000000, 1.000000000000000000 ) ) ;
#1768 = PRESENTATION_STYLE_ASSIGNMENT (( #1823 ) ) ;
#1769 = EDGE_CURVE ( 'NONE', #3532, #3369, #5746, .T. ) ;
#1770 = ADVANCED_FACE ( 'NONE', ( #6325 ), #7790, .F. ) ;
#1771 = STYLED_ITEM ( 'NONE', ( #701 ), #5248 ) ;
#1772 = CYLINDRICAL_SURFACE ( 'NONE', #6303, 0.2500000000000002220 ) ;
#1773 = LINE ( 'NONE', #8415, #377 ) ;
#1774 = CARTESIAN_POINT ( 'NONE',  ( 4.850000000000000533, 0.000000000000000000, -1.800000000000000044 ) ) ;
#1775 = AXIS2_PLACEMENT_3D ( 'NONE', #7940, #728, #6482 ) ;
#1776 = VECTOR ( 'NONE', #2563, 1000.000000000000000 ) ;
#1777 = ORIENTED_EDGE ( 'NONE', *, *, #1010, .T. ) ;
#1778 = VERTEX_POINT ( 'NONE', #1625 ) ;
#1779 = SURFACE_STYLE_FILL_AREA ( #7653 ) ;
#1780 = AXIS2_PLACEMENT_3D ( 'NONE', #1278, #6352, #600 ) ;
#1781 = CARTESIAN_POINT ( 'NONE',  ( 4.850000000000000533, 0.02000000000000000042, 0.3999999999998999911 ) ) ;
#1782 = PRESENTATION_STYLE_ASSIGNMENT (( #9026 ) ) ;
#1783 = CIRCLE ( 'NONE', #410, 0.4000000000000001887 ) ;
#1784 = DIRECTION ( 'NONE',  ( 1.000000000000000000, 0.000000000000000000, 0.000000000000000000 ) ) ;
#1785 = CARTESIAN_POINT ( 'NONE',  ( 3.479999999999999982, 2.299999999999999822, 3.149999999999999911 ) ) ;
#1786 =( GEOMETRIC_REPRESENTATION_CONTEXT ( 3 ) GLOBAL_UNCERTAINTY_ASSIGNED_CONTEXT ( ( #414 ) ) GLOBAL_UNIT_ASSIGNED_CONTEXT ( ( #7322, #10, #2320 ) ) REPRESENTATION_CONTEXT ( 'NONE', 'WORKASPACE' ) );
#1787 = ADVANCED_FACE ( 'NONE', ( #5261 ), #49, .F. ) ;
#1788 = AXIS2_PLACEMENT_3D ( 'NONE', #96, #1342, #7177 ) ;
#1789 = CARTESIAN_POINT ( 'NONE',  ( 4.850000000000000533, 0.000000000000000000, -3.700000000000000178 ) ) ;
#1790 = DIRECTION ( 'NONE',  ( 0.000000000000000000, 0.000000000000000000, -1.000000000000000000 ) ) ;
#1791 = LINE ( 'NONE', #3909, #8625 ) ;
#1792 = STYLED_ITEM ( 'NONE', ( #675 ), #5828 ) ;
#1793 = VECTOR ( 'NONE', #7709, 1000.000000000000000 ) ;
#1794 = LINE ( 'NONE', #1944, #1948 ) ;
#1795 = SURFACE_SIDE_STYLE ('',( #1209 ) ) ;
#1796 = COLOUR_RGB ( '',1.000000000000000000, 0.8117647058823529438, 0.5019607843137254832 ) ;
#1797 = CIRCLE ( 'NONE', #6068, 0.2500000000000002220 ) ;
#1798 = ORIENTED_EDGE ( 'NONE', *, *, #8083, .F. ) ;
#1799 = CARTESIAN_POINT ( 'NONE',  ( 4.599999999999999645, 0.9799999999999999822, 2.200000000000000178 ) ) ;
#1800 = CARTESIAN_POINT ( 'NONE',  ( 3.950000000000000178, 0.02000000000000000042, 1.800000000000000044 ) ) ;
#1801 = CARTESIAN_POINT ( 'NONE',  ( -3.950000000000000178, 0.000000000000000000, 4.000000000000000000 ) ) ;
#1802 = SURFACE_SIDE_STYLE ('',( #6108 ) ) ;
#1803 = ADVANCED_FACE ( 'NONE', ( #2955 ), #8741, .F. ) ;
#1804 = CARTESIAN_POINT ( 'NONE',  ( 4.850000000000000533, 0.000000000000000000, 5.049999999999999822 ) ) ;
#1805 = PLANE ( 'NONE',  #6834 ) ;
#1806 = CARTESIAN_POINT ( 'NONE',  ( 4.100000000000000533, 2.500000000000000000, -4.250000000000000000 ) ) ;
#1807 = ORIENTED_EDGE ( 'NONE', *, *, #2318, .T. ) ;
#1808 = AXIS2_PLACEMENT_3D ( 'NONE', #3070, #5952, #174 ) ;
#1809 = CARTESIAN_POINT ( 'NONE',  ( -4.120000000000000107, 2.149999999999999911, 4.440000000000000391 ) ) ;
#1810 = PRESENTATION_LAYER_ASSIGNMENT (  '', '', ( #1517 ) ) ;
#1811 = CARTESIAN_POINT ( 'NONE',  ( 4.599999999999999645, 0.9799999999999999822, 3.299999999999999822 ) ) ;
#1812 = ORIENTED_EDGE ( 'NONE', *, *, #8896, .T. ) ;
#1813 =( NAMED_UNIT ( * ) PLANE_ANGLE_UNIT ( ) SI_UNIT ( $, .RADIAN. ) );
#1814 = EDGE_LOOP ( 'NONE', ( #69, #8448, #3154, #199 ) ) ;
#1815 = VECTOR ( 'NONE', #6327, 1000.000000000000000 ) ;
#1816 = ORIENTED_EDGE ( 'NONE', *, *, #6119, .F. ) ;
#1817 = CARTESIAN_POINT ( 'NONE',  ( -3.700000000000000178, 2.986019999999999897, -4.250000000000000000 ) ) ;
#1818 = ORIENTED_EDGE ( 'NONE', *, *, #9316, .F. ) ;
#1819 =( GEOMETRIC_REPRESENTATION_CONTEXT ( 3 ) GLOBAL_UNCERTAINTY_ASSIGNED_CONTEXT ( ( #9108 ) ) GLOBAL_UNIT_ASSIGNED_CONTEXT ( ( #7676, #6873, #8902 ) ) REPRESENTATION_CONTEXT ( 'NONE', 'WORKASPACE' ) );
#1820 = VERTEX_POINT ( 'NONE', #8025 ) ;
#1821 = ORIENTED_EDGE ( 'NONE', *, *, #9015, .F. ) ;
#1822 = FILL_AREA_STYLE_COLOUR ( '', #4037 ) ;
#1823 = SURFACE_STYLE_USAGE ( .BOTH. , #3842 ) ;
#1824 = UNCERTAINTY_MEASURE_WITH_UNIT (LENGTH_MEASURE( 1.000000000000000082E-05 ), #5109, 'distance_accuracy_value', 'NONE');
#1825 = ORIENTED_EDGE ( 'NONE', *, *, #7099, .F. ) ;
#1826 =( NAMED_UNIT ( * ) PLANE_ANGLE_UNIT ( ) SI_UNIT ( $, .RADIAN. ) );
#1827 = LINE ( 'NONE', #8269, #7390 ) ;
#1828 = VECTOR ( 'NONE', #1878, 1000.000000000000000 ) ;
#1829 = ORIENTED_EDGE ( 'NONE', *, *, #6280, .T. ) ;
#1830 = ADVANCED_FACE ( 'NONE', ( #2165 ), #8867, .F. ) ;
#1831 = FACE_OUTER_BOUND ( 'NONE', #6606, .T. ) ;
#1832 = VERTEX_POINT ( 'NONE', #6671 ) ;
#1833 = DIRECTION ( 'NONE',  ( 0.000000000000000000, 0.000000000000000000, -1.000000000000000000 ) ) ;
#1834 = FILL_AREA_STYLE ('',( #9213 ) ) ;
#1835 = FILL_AREA_STYLE_COLOUR ( '', #6362 ) ;
#1836 = DIRECTION ( 'NONE',  ( 0.000000000000000000, -1.000000000000000000, 0.000000000000000000 ) ) ;
#1837 = CARTESIAN_POINT ( 'NONE',  ( 4.850000000000000533, 0.9799999999999999822, -3.050000000000000266 ) ) ;
#1838 = CARTESIAN_POINT ( 'NONE',  ( -4.850000000000000533, 0.02000000000000000042, 0.3999999999998999911 ) ) ;
#1839 = ORIENTED_EDGE ( 'NONE', *, *, #8195, .T. ) ;
#1840 = CYLINDRICAL_SURFACE ( 'NONE', #4693, 0.4000000000000001887 ) ;
#1841 =( NAMED_UNIT ( * ) PLANE_ANGLE_UNIT ( ) SI_UNIT ( $, .RADIAN. ) );
#1842 = ADVANCED_FACE ( 'NONE', ( #3210 ), #6631, .F. ) ;
#1843 = EDGE_CURVE ( 'NONE', #1510, #5962, #5907, .T. ) ;
#1844 = ORIENTED_EDGE ( 'NONE', *, *, #3209, .F. ) ;
#1845 = LINE ( 'NONE', #8948, #9050 ) ;
#1846 = CARTESIAN_POINT ( 'NONE',  ( -4.850000000000000533, 0.000000000000000000, -0.2500000000001000311 ) ) ;
#1847 = FILL_AREA_STYLE_COLOUR ( '', #7132 ) ;
#1848 = CARTESIAN_POINT ( 'NONE',  ( -3.950000000000000178, 0.000000000000000000, -8.673617379884039416E-16 ) ) ;
#1849 = FILL_AREA_STYLE_COLOUR ( '', #3635 ) ;
#1850 = ORIENTED_EDGE ( 'NONE', *, *, #4605, .T. ) ;
#1851 = UNCERTAINTY_MEASURE_WITH_UNIT (LENGTH_MEASURE( 1.000000000000000082E-05 ), #5808, 'distance_accuracy_value', 'NONE');
#1852 = CARTESIAN_POINT ( 'NONE',  ( 4.850000000000000533, 0.02000000000000000042, 4.400000000000000355 ) ) ;
#1853 = EDGE_CURVE ( 'NONE', #5801, #6689, #132, .T. ) ;
#1854 = VECTOR ( 'NONE', #2538, 1000.000000000000000 ) ;
#1855 =( LENGTH_UNIT ( ) NAMED_UNIT ( * ) SI_UNIT ( .MILLI., .METRE. ) );
#1856 = CARTESIAN_POINT ( 'NONE',  ( 3.700000000000000178, 2.986019999999999897, 3.850000000000000089 ) ) ;
#1857 = ORIENTED_EDGE ( 'NONE', *, *, #5182, .T. ) ;
#1858 = PLANE ( 'NONE',  #2901 ) ;
#1859 = ORIENTED_EDGE ( 'NONE', *, *, #8276, .F. ) ;
#1860 = AXIS2_PLACEMENT_3D ( 'NONE', #5196, #8089, #820 ) ;
#1861 = CARTESIAN_POINT ( 'NONE',  ( 1.734723475976809855E-15, 0.9799999999999999822, -8.673617379884039416E-16 ) ) ;
#1862 = AXIS2_PLACEMENT_3D ( 'NONE', #2675, #4906, #4350 ) ;
#1863 = LINE ( 'NONE', #8459, #8342 ) ;
#1864 = ORIENTED_EDGE ( 'NONE', *, *, #2520, .F. ) ;
#1865 = SURFACE_STYLE_FILL_AREA ( #8258 ) ;
#1866 = EDGE_CURVE ( 'NONE', #939, #7399, #2379, .T. ) ;
#1867 = VECTOR ( 'NONE', #8339, 1000.000000000000000 ) ;
#1868 = COLOUR_RGB ( '',1.000000000000000000, 0.8117647058823529438, 0.5019607843137254832 ) ;
#1869 = CARTESIAN_POINT ( 'NONE',  ( 4.599999999999999645, 0.9799999999999999822, -2.200000000000000178 ) ) ;
#1870 = CARTESIAN_POINT ( 'NONE',  ( -3.950000000000000178, 0.000000000000000000, 4.799999999999999822 ) ) ;
#1871 = CARTESIAN_POINT ( 'NONE',  ( -4.270000000000000462, 0.000000000000000000, -4.590000000000000746 ) ) ;
#1872 = CARTESIAN_POINT ( 'NONE',  ( 4.850000000000000533, 0.000000000000000000, -8.673617379884039416E-16 ) ) ;
#1873 = PLANE ( 'NONE',  #4180 ) ;
#1874 = COLOUR_RGB ( '',1.000000000000000000, 0.8117647058823529438, 0.5019607843137254832 ) ;
#1875 = AXIS2_PLACEMENT_3D ( 'NONE', #6341, #2844, #4312 ) ;
#1876 = COLOUR_RGB ( '',1.000000000000000000, 0.8117647058823529438, 0.5019607843137254832 ) ;
#1877 = ORIENTED_EDGE ( 'NONE', *, *, #5965, .F. ) ;
#1878 = DIRECTION ( 'NONE',  ( 0.000000000000000000, 1.000000000000000000, 0.000000000000000000 ) ) ;
#1879 = LINE ( 'NONE', #8569, #1763 ) ;
#1880 = CIRCLE ( 'NONE', #1105, 0.1457007568691540689 ) ;
#1881 = LINE ( 'NONE', #1014, #5551 ) ;
#1882 = LINE ( 'NONE', #7037, #5284 ) ;
#1883 = MECHANICAL_DESIGN_GEOMETRIC_PRESENTATION_REPRESENTATION (  '', ( #2984 ), #3123 ) ;
#1884 = COLOUR_RGB ( '',1.000000000000000000, 0.8117647058823529438, 0.5019607843137254832 ) ;
#1885 = DIRECTION ( 'NONE',  ( -1.000000000000000000, 0.000000000000000000, 0.000000000000000000 ) ) ;
#1886 = EDGE_CURVE ( 'NONE', #4080, #142, #245, .T. ) ;
#1887 =( NAMED_UNIT ( * ) SI_UNIT ( $, .STERADIAN. ) SOLID_ANGLE_UNIT ( ) );
#1888 = DIRECTION ( 'NONE',  ( 0.000000000000000000, 0.000000000000000000, -1.000000000000000000 ) ) ;
#1889 = ORIENTED_EDGE ( 'NONE', *, *, #2623, .T. ) ;
#1890 =( NAMED_UNIT ( * ) PLANE_ANGLE_UNIT ( ) SI_UNIT ( $, .RADIAN. ) );
#1891 = LINE ( 'NONE', #4058, #6166 ) ;
#1892 = EDGE_LOOP ( 'NONE', ( #8758, #5524, #2912, #1360 ) ) ;
#1893 = AXIS2_PLACEMENT_3D ( 'NONE', #3215, #2636, #3353 ) ;
#1894 = MECHANICAL_DESIGN_GEOMETRIC_PRESENTATION_REPRESENTATION (  '', ( #3583 ), #2685 ) ;
#1895 = ORIENTED_EDGE ( 'NONE', *, *, #8644, .T. ) ;
#1896 =( GEOMETRIC_REPRESENTATION_CONTEXT ( 3 ) GLOBAL_UNCERTAINTY_ASSIGNED_CONTEXT ( ( #3836 ) ) GLOBAL_UNIT_ASSIGNED_CONTEXT ( ( #7087, #3523, #4986 ) ) REPRESENTATION_CONTEXT ( 'NONE', 'WORKASPACE' ) );
#1897 =( NAMED_UNIT ( * ) SI_UNIT ( $, .STERADIAN. ) SOLID_ANGLE_UNIT ( ) );
#1898 = FILL_AREA_STYLE ('',( #1217 ) ) ;
#1899 = CARTESIAN_POINT ( 'NONE',  ( 4.850000000000000533, 0.02000000000000000042, -2.899999999999999911 ) ) ;
#1900 = EDGE_CURVE ( 'NONE', #3533, #5565, #7726, .T. ) ;
#1901 = ADVANCED_FACE ( 'NONE', ( #9222 ), #6190, .F. ) ;
#1902 = SURFACE_SIDE_STYLE ('',( #362 ) ) ;
#1903 = PRESENTATION_STYLE_ASSIGNMENT (( #8443 ) ) ;
#1904 = ORIENTED_EDGE ( 'NONE', *, *, #2134, .F. ) ;
#1905 =( LENGTH_UNIT ( ) NAMED_UNIT ( * ) SI_UNIT ( .MILLI., .METRE. ) );
#1906 = UNCERTAINTY_MEASURE_WITH_UNIT (LENGTH_MEASURE( 1.000000000000000082E-05 ), #1976, 'distance_accuracy_value', 'NONE');
#1907 = CARTESIAN_POINT ( 'NONE',  ( 4.850000000000000533, 0.02000000000000000042, -1.350000000000000089 ) ) ;
#1908 = AXIS2_PLACEMENT_3D ( 'NONE', #3305, #9102, #7107 ) ;
#1909 = ORIENTED_EDGE ( 'NONE', *, *, #9001, .F. ) ;
#1910 = DIRECTION ( 'NONE',  ( 1.000000000000000000, 0.000000000000000000, 0.000000000000000000 ) ) ;
#1911 = EDGE_CURVE ( 'NONE', #1718, #6308, #1794, .T. ) ;
#1912 = ORIENTED_EDGE ( 'NONE', *, *, #6732, .T. ) ;
#1913 = DIRECTION ( 'NONE',  ( 1.000000000000000000, 0.000000000000000000, 0.000000000000000000 ) ) ;
#1914 =( NAMED_UNIT ( * ) PLANE_ANGLE_UNIT ( ) SI_UNIT ( $, .RADIAN. ) );
#1915 = ORIENTED_EDGE ( 'NONE', *, *, #2080, .T. ) ;
#1916 =( GEOMETRIC_REPRESENTATION_CONTEXT ( 3 ) GLOBAL_UNCERTAINTY_ASSIGNED_CONTEXT ( ( #517 ) ) GLOBAL_UNIT_ASSIGNED_CONTEXT ( ( #3845, #959, #4523 ) ) REPRESENTATION_CONTEXT ( 'NONE', 'WORKASPACE' ) );
#1917 = DIRECTION ( 'NONE',  ( 0.000000000000000000, -1.000000000000000000, 0.000000000000000000 ) ) ;
#1918 = ORIENTED_EDGE ( 'NONE', *, *, #2405, .F. ) ;
#1919 = PRESENTATION_LAYER_ASSIGNMENT (  '', '', ( #2078 ) ) ;
#1920 = CARTESIAN_POINT ( 'NONE',  ( -3.950000000000000178, 0.000000000000000000, 0.6999999999999010347 ) ) ;
#1921 = LINE ( 'NONE', #5606, #1237 ) ;
#1922 = FILL_AREA_STYLE_COLOUR ( '', #108 ) ;
#1923 = ADVANCED_FACE ( 'NONE', ( #6248 ), #1840, .F. ) ;
#1924 = DIRECTION ( 'NONE',  ( 1.000000000000000000, 0.000000000000000000, 0.000000000000000000 ) ) ;
#1925 = UNCERTAINTY_MEASURE_WITH_UNIT (LENGTH_MEASURE( 1.000000000000000082E-05 ), #2804, 'distance_accuracy_value', 'NONE');
#1926 = CARTESIAN_POINT ( 'NONE',  ( -4.850000000000000533, 1.000000000000000000, -3.299999999999999822 ) ) ;
#1927 = FILL_AREA_STYLE_COLOUR ( '', #183 ) ;
#1928 = CARTESIAN_POINT ( 'NONE',  ( -3.950000000000000178, 0.000000000000000000, 2.600000000000000089 ) ) ;
#1929 =( NAMED_UNIT ( * ) PLANE_ANGLE_UNIT ( ) SI_UNIT ( $, .RADIAN. ) );
#1930 = AXIS2_PLACEMENT_3D ( 'NONE', #5064, #7777, #3450 ) ;
#1931 = VERTEX_POINT ( 'NONE', #4671 ) ;
#1932 = STYLED_ITEM ( 'NONE', ( #2272 ), #8430 ) ;
#1933 = FILL_AREA_STYLE ('',( #7840 ) ) ;
#1934 =( NAMED_UNIT ( * ) PLANE_ANGLE_UNIT ( ) SI_UNIT ( $, .RADIAN. ) );
#1935 = PRESENTATION_LAYER_ASSIGNMENT (  '', '', ( #7408 ) ) ;
#1936 = DIRECTION ( 'NONE',  ( 0.000000000000000000, 1.000000000000000000, 0.000000000000000000 ) ) ;
#1937 = AXIS2_PLACEMENT_3D ( 'NONE', #6945, #402, #3345 ) ;
#1938 = LINE ( 'NONE', #5627, #5824 ) ;
#1939 = VECTOR ( 'NONE', #2366, 1000.000000000000000 ) ;
#1940 = DIRECTION ( 'NONE',  ( 0.000000000000000000, 1.000000000000000000, 0.000000000000000000 ) ) ;
#1941 = DIRECTION ( 'NONE',  ( 0.000000000000000000, 0.000000000000000000, -1.000000000000000000 ) ) ;
#1942 = ORIENTED_EDGE ( 'NONE', *, *, #542, .F. ) ;
#1943 = ORIENTED_EDGE ( 'NONE', *, *, #997, .F. ) ;
#1944 = CARTESIAN_POINT ( 'NONE',  ( -4.850000000000000533, 0.9799999999999999822, -5.049999999999999822 ) ) ;
#1945 = CARTESIAN_POINT ( 'NONE',  ( 4.120000000000000107, 1.050000000000000044, -8.673617379884039416E-16 ) ) ;
#1946 = VECTOR ( 'NONE', #5655, 1000.000000000000000 ) ;
#1947 = VERTEX_POINT ( 'NONE', #7570 ) ;
#1948 = VECTOR ( 'NONE', #3432, 1000.000000000000000 ) ;
#1949 = COLOUR_RGB ( '',1.000000000000000000, 0.8117647058823529438, 0.5019607843137254832 ) ;
#1950 = LINE ( 'NONE', #6252, #6902 ) ;
#1951 =( NAMED_UNIT ( * ) SI_UNIT ( $, .STERADIAN. ) SOLID_ANGLE_UNIT ( ) );
#1952 = FILL_AREA_STYLE_COLOUR ( '', #709 ) ;
#1953 =( GEOMETRIC_REPRESENTATION_CONTEXT ( 3 ) GLOBAL_UNCERTAINTY_ASSIGNED_CONTEXT ( ( #6981 ) ) GLOBAL_UNIT_ASSIGNED_CONTEXT ( ( #4356, #7944, #771 ) ) REPRESENTATION_CONTEXT ( 'NONE', 'WORKASPACE' ) );
#1954 = CARTESIAN_POINT ( 'NONE',  ( -4.850000000000000533, 0.02000000000000000042, 0.6999999999999010347 ) ) ;
#1955 =( GEOMETRIC_REPRESENTATION_CONTEXT ( 3 ) GLOBAL_UNCERTAINTY_ASSIGNED_CONTEXT ( ( #8401 ) ) GLOBAL_UNIT_ASSIGNED_CONTEXT ( ( #1268, #9145, #6297 ) ) REPRESENTATION_CONTEXT ( 'NONE', 'WORKASPACE' ) );
#1956 = SURFACE_STYLE_FILL_AREA ( #3306 ) ;
#1957 = SURFACE_SIDE_STYLE ('',( #2935 ) ) ;
#1958 = SURFACE_STYLE_FILL_AREA ( #2644 ) ;
#1959 = VECTOR ( 'NONE', #1885, 1000.000000000000000 ) ;
#1960 = VECTOR ( 'NONE', #3167, 1000.000000000000000 ) ;
#1961 = DIRECTION ( 'NONE',  ( 0.000000000000000000, 1.000000000000000000, 0.000000000000000000 ) ) ;
#1962 = EDGE_CURVE ( 'NONE', #433, #6078, #1022, .T. ) ;
#1963 = DIRECTION ( 'NONE',  ( 0.000000000000000000, 1.000000000000000000, 0.000000000000000000 ) ) ;
#1965 = VECTOR ( 'NONE', #5657, 1000.000000000000000 ) ;
#1964 = FILL_AREA_STYLE ('',( #2702 ) ) ;
#1966 = ORIENTED_EDGE ( 'NONE', *, *, #2279, .T. ) ;
#1967 = PRESENTATION_STYLE_ASSIGNMENT (( #7015 ) ) ;
#1968 =( NAMED_UNIT ( * ) SI_UNIT ( $, .STERADIAN. ) SOLID_ANGLE_UNIT ( ) );
#1969 = VECTOR ( 'NONE', #3117, 1000.000000000000000 ) ;
#1970 = FACE_OUTER_BOUND ( 'NONE', #2634, .T. ) ;
#1971 = FILL_AREA_STYLE_COLOUR ( '', #2506 ) ;
#1972 = ORIENTED_EDGE ( 'NONE', *, *, #7367, .F. ) ;
#1973 = FILL_AREA_STYLE ('',( #4929 ) ) ;
#1974 = EDGE_CURVE ( 'NONE', #7269, #3252, #6143, .T. ) ;
#1975 = EDGE_CURVE ( 'NONE', #6367, #2158, #8331, .T. ) ;
#1976 =( LENGTH_UNIT ( ) NAMED_UNIT ( * ) SI_UNIT ( .MILLI., .METRE. ) );
#1977 = ORIENTED_EDGE ( 'NONE', *, *, #5653, .F. ) ;
#1978 = CARTESIAN_POINT ( 'NONE',  ( 4.850000000000000533, 0.000000000000000000, 1.800000000000000044 ) ) ;
#1979 = DIRECTION ( 'NONE',  ( 1.000000000000000000, 0.000000000000000000, 0.000000000000000000 ) ) ;
#1980 = DIRECTION ( 'NONE',  ( 0.000000000000000000, 0.000000000000000000, -1.000000000000000000 ) ) ;
#1981 = FILL_AREA_STYLE_COLOUR ( '', #419 ) ;
#1982 = SURFACE_STYLE_USAGE ( .BOTH. , #8012 ) ;
#1983 =( NAMED_UNIT ( * ) SI_UNIT ( $, .STERADIAN. ) SOLID_ANGLE_UNIT ( ) );
#1984 = DIRECTION ( 'NONE',  ( 1.000000000000000000, 0.000000000000000000, 0.000000000000000000 ) ) ;
#1985 = ORIENTED_EDGE ( 'NONE', *, *, #1299, .F. ) ;
#1986 = VERTEX_POINT ( 'NONE', #351 ) ;
#1987 = SURFACE_STYLE_FILL_AREA ( #5618 ) ;
#1988 = STYLED_ITEM ( 'NONE', ( #3455 ), #1387 ) ;
#1989 = EDGE_CURVE ( 'NONE', #5366, #499, #9090, .T. ) ;
#1990 = FILL_AREA_STYLE_COLOUR ( '', #3303 ) ;
#1991 = FACE_OUTER_BOUND ( 'NONE', #6246, .T. ) ;
#1992 = CARTESIAN_POINT ( 'NONE',  ( 1.734723475976809855E-15, 2.449999999999999734, -8.673617379884039416E-16 ) ) ;
#1993 = DIRECTION ( 'NONE',  ( 0.000000000000000000, 1.000000000000000000, 0.000000000000000000 ) ) ;
#1994 = VECTOR ( 'NONE', #4097, 1000.000000000000000 ) ;
#1995 = DIRECTION ( 'NONE',  ( -1.000000000000000000, 0.000000000000000000, 0.000000000000000000 ) ) ;
#1996 = ORIENTED_EDGE ( 'NONE', *, *, #4565, .F. ) ;
#1997 = VERTEX_POINT ( 'NONE', #8711 ) ;
#1998 = LINE ( 'NONE', #668, #2892 ) ;
#1999 = SURFACE_STYLE_FILL_AREA ( #6484 ) ;
#2000 = VERTEX_POINT ( 'NONE', #7900 ) ;
#2001 = EDGE_CURVE ( 'NONE', #6091, #3961, #1998, .T. ) ;
#2002 = ORIENTED_EDGE ( 'NONE', *, *, #1079, .T. ) ;
#2003 = STYLED_ITEM ( 'NONE', ( #1522 ), #1830 ) ;
#2004 = CARTESIAN_POINT ( 'NONE',  ( -4.850000000000000533, 1.000000000000000000, -8.673617379884039416E-16 ) ) ;
#2005 = CARTESIAN_POINT ( 'NONE',  ( 3.479999999999999982, 2.449999999999999734, 3.149999999999999911 ) ) ;
#2006 = DIRECTION ( 'NONE',  ( 0.000000000000000000, 1.000000000000000000, 0.000000000000000000 ) ) ;
#2007 = CARTESIAN_POINT ( 'NONE',  ( -4.850000000000000533, 0.9799999999999999822, 3.299999999999999822 ) ) ;
#2008 = DIRECTION ( 'NONE',  ( -1.000000000000000000, 0.000000000000000000, 0.000000000000000000 ) ) ;
#2009 = CARTESIAN_POINT ( 'NONE',  ( 4.100000000000000533, 2.299999999999999822, 3.850000000000000089 ) ) ;
#2010 = SURFACE_SIDE_STYLE ('',( #5532 ) ) ;
#2011 = FILL_AREA_STYLE ('',( #8141 ) ) ;
#2012 = ORIENTED_EDGE ( 'NONE', *, *, #997, .T. ) ;
#2013 = DIRECTION ( 'NONE',  ( -1.000000000000000000, 0.000000000000000000, 0.000000000000000000 ) ) ;
#2014 =( NAMED_UNIT ( * ) SI_UNIT ( $, .STERADIAN. ) SOLID_ANGLE_UNIT ( ) );
#2015 = UNCERTAINTY_MEASURE_WITH_UNIT (LENGTH_MEASURE( 1.000000000000000082E-05 ), #2385, 'distance_accuracy_value', 'NONE');
#2016 = CARTESIAN_POINT ( 'NONE',  ( 1.734723475976809855E-15, 0.02000000000000000042, 3.700000000000000178 ) ) ;
#2017 = PLANE ( 'NONE',  #2998 ) ;
#2018 = MECHANICAL_DESIGN_GEOMETRIC_PRESENTATION_REPRESENTATION (  '', ( #461 ), #2470 ) ;
#2019 = EDGE_LOOP ( 'NONE', ( #4384, #1745, #5672, #7338, #3137, #2371 ) ) ;
#2020 = CARTESIAN_POINT ( 'NONE',  ( 3.950000000000000178, 0.000000000000000000, 1.500000000000000000 ) ) ;
#2021 = EDGE_CURVE ( 'NONE', #3157, #4330, #2786, .T. ) ;
#2022 = VECTOR ( 'NONE', #8680, 1000.000000000000000 ) ;
#2023 = CARTESIAN_POINT ( 'NONE',  ( -4.850000000000000533, 0.000000000000000000, 0.6999999999999010347 ) ) ;
#2024 =( NAMED_UNIT ( * ) PLANE_ANGLE_UNIT ( ) SI_UNIT ( $, .RADIAN. ) );
#2025 = ORIENTED_EDGE ( 'NONE', *, *, #251, .F. ) ;
#2026 = SURFACE_STYLE_USAGE ( .BOTH. , #6718 ) ;
#2027 = VECTOR ( 'NONE', #3905, 1000.000000000000000 ) ;
#2028 = CARTESIAN_POINT ( 'NONE',  ( 4.850000000000000533, 0.9799999999999999822, 2.200000000000000178 ) ) ;
#2029 = LINE ( 'NONE', #4298, #3051 ) ;
#2030 = ADVANCED_FACE ( 'NONE', ( #7992 ), #5632, .F. ) ;
#2031 = ADVANCED_FACE ( 'NONE', ( #3480 ), #4308, .T. ) ;
#2032 = CARTESIAN_POINT ( 'NONE',  ( 4.850000000000000533, 0.000000000000000000, 4.000000000000000000 ) ) ;
#2033 = VERTEX_POINT ( 'NONE', #2088 ) ;
#2034 = CIRCLE ( 'NONE', #9171, 0.4000000000000001887 ) ;
#2035 = FILL_AREA_STYLE ('',( #4303 ) ) ;
#2036 = SURFACE_STYLE_FILL_AREA ( #1933 ) ;
#2037 = FACE_OUTER_BOUND ( 'NONE', #8349, .T. ) ;
#2038 = FACE_OUTER_BOUND ( 'NONE', #3187, .T. ) ;
#2039 = DIRECTION ( 'NONE',  ( 0.000000000000000000, -1.000000000000000000, 0.000000000000000000 ) ) ;
#2040 = MECHANICAL_DESIGN_GEOMETRIC_PRESENTATION_REPRESENTATION (  '', ( #3714 ), #7963 ) ;
#2041 = VECTOR ( 'NONE', #5107, 1000.000000000000000 ) ;
#2042 = EDGE_CURVE ( 'NONE', #8525, #6329, #9363, .T. ) ;
#2043 = VECTOR ( 'NONE', #6287, 1000.000000000000000 ) ;
#2044 = CARTESIAN_POINT ( 'NONE',  ( -3.950000000000000178, 0.000000000000000000, 1.800000000000000044 ) ) ;
#2045 =( LENGTH_UNIT ( ) NAMED_UNIT ( * ) SI_UNIT ( .MILLI., .METRE. ) );
#2046 = ORIENTED_EDGE ( 'NONE', *, *, #1556, .F. ) ;
#2047 = ORIENTED_EDGE ( 'NONE', *, *, #3897, .T. ) ;
#2048 = ORIENTED_EDGE ( 'NONE', *, *, #3978, .F. ) ;
#2049 = AXIS2_PLACEMENT_3D ( 'NONE', #1593, #7457, #8168 ) ;
#2050 = STYLED_ITEM ( 'NONE', ( #5469 ), #6962 ) ;
#2051 = AXIS2_PLACEMENT_3D ( 'NONE', #950, #7452, #2459 ) ;
#2052 = CARTESIAN_POINT ( 'NONE',  ( 3.950000000000000178, 0.000000000000000000, -2.899999999999999911 ) ) ;
#2053 = DIRECTION ( 'NONE',  ( 0.000000000000000000, 1.000000000000000000, 0.000000000000000000 ) ) ;
#2054 = CARTESIAN_POINT ( 'NONE',  ( 4.850000000000000533, 0.000000000000000000, 4.000000000000000000 ) ) ;
#2055 = ADVANCED_FACE ( 'NONE', ( #7234 ), #8671, .F. ) ;
#2056 = FILL_AREA_STYLE ('',( #8586 ) ) ;
#2057 = PLANE ( 'NONE',  #5864 ) ;
#2058 = PLANE ( 'NONE',  #7715 ) ;
#2059 = AXIS2_PLACEMENT_3D ( 'NONE', #4859, #3567, #7090 ) ;
#2060 = CIRCLE ( 'NONE', #9040, 0.4000000000000001887 ) ;
#2061 = SURFACE_STYLE_FILL_AREA ( #738 ) ;
#2062 = DIRECTION ( 'NONE',  ( 0.000000000000000000, 0.000000000000000000, 1.000000000000000000 ) ) ;
#2063 = SURFACE_STYLE_USAGE ( .BOTH. , #5687 ) ;
#2064 = PLANE ( 'NONE',  #1158 ) ;
#2065 = PRESENTATION_LAYER_ASSIGNMENT (  '', '', ( #6630 ) ) ;
#2066 = UNCERTAINTY_MEASURE_WITH_UNIT (LENGTH_MEASURE( 1.000000000000000082E-05 ), #3808, 'distance_accuracy_value', 'NONE');
#2067 = DIRECTION ( 'NONE',  ( 0.000000000000000000, 0.000000000000000000, -1.000000000000000000 ) ) ;
#2068 = CARTESIAN_POINT ( 'NONE',  ( -4.850000000000000533, 0.000000000000000000, -5.049999999999999822 ) ) ;
#2069 = DIRECTION ( 'NONE',  ( 0.000000000000000000, -1.000000000000000000, 0.000000000000000000 ) ) ;
#2070 = VERTEX_POINT ( 'NONE', #2834 ) ;
#2071 = LINE ( 'NONE', #9395, #8939 ) ;
#2072 = CARTESIAN_POINT ( 'NONE',  ( 4.850000000000000533, 0.02000000000000000042, 5.049999999999999822 ) ) ;
#2073 = CARTESIAN_POINT ( 'NONE',  ( -4.850000000000000533, 0.000000000000000000, -0.7000000000001009859 ) ) ;
#2074 = VERTEX_POINT ( 'NONE', #5938 ) ;
#2075 = AXIS2_PLACEMENT_3D ( 'NONE', #4750, #9206, #5363 ) ;
#2076 = VERTEX_POINT ( 'NONE', #873 ) ;
#2077 = ORIENTED_EDGE ( 'NONE', *, *, #140, .F. ) ;
#2078 = STYLED_ITEM ( 'NONE', ( #8618 ), #83 ) ;
#2079 = LINE ( 'NONE', #5751, #8993 ) ;
#2080 = EDGE_CURVE ( 'NONE', #8484, #5453, #6659, .T. ) ;
#2081 = EDGE_CURVE ( 'NONE', #7258, #4611, #3752, .T. ) ;
#2082 = AXIS2_PLACEMENT_3D ( 'NONE', #3672, #129, #5860 ) ;
#2083 =( NAMED_UNIT ( * ) SI_UNIT ( $, .STERADIAN. ) SOLID_ANGLE_UNIT ( ) );
#2084 = DIRECTION ( 'NONE',  ( 0.000000000000000000, 0.000000000000000000, 1.000000000000000000 ) ) ;
#2085 = STYLED_ITEM ( 'NONE', ( #7933 ), #288 ) ;
#2086 = DIRECTION ( 'NONE',  ( 0.000000000000000000, 1.000000000000000000, 0.000000000000000000 ) ) ;
#2087 = LINE ( 'NONE', #8669, #533 ) ;
#2088 = CARTESIAN_POINT ( 'NONE',  ( -4.450000000000000178, 1.000000000000000000, -2.200000000000000178 ) ) ;
#2089 = AXIS2_PLACEMENT_3D ( 'NONE', #5812, #772, #6536 ) ;
#2090 =( NAMED_UNIT ( * ) PLANE_ANGLE_UNIT ( ) SI_UNIT ( $, .RADIAN. ) );
#2091 = ORIENTED_EDGE ( 'NONE', *, *, #9258, .F. ) ;
#2092 = VERTEX_POINT ( 'NONE', #819 ) ;
#2093 = ORIENTED_EDGE ( 'NONE', *, *, #8444, .T. ) ;
#2094 = VECTOR ( 'NONE', #368, 1000.000000000000000 ) ;
#2095 = CARTESIAN_POINT ( 'NONE',  ( -4.850000000000000533, 0.9799999999999999822, -3.299999999999999822 ) ) ;
#2096 = ADVANCED_FACE ( 'NONE', ( #6797 ), #8840, .F. ) ;
#2097 = STYLED_ITEM ( 'NONE', ( #9327 ), #570 ) ;
#2098 = ADVANCED_FACE ( 'NONE', ( #5322 ), #1597, .F. ) ;
#2099 = PLANE ( 'NONE',  #571 ) ;
#2100 = LINE ( 'NONE', #1266, #5543 ) ;
#2101 = PRESENTATION_STYLE_ASSIGNMENT (( #550 ) ) ;
#2102 = FACE_OUTER_BOUND ( 'NONE', #5877, .T. ) ;
#2103 = COLOUR_RGB ( '',1.000000000000000000, 0.8117647058823529438, 0.5019607843137254832 ) ;
#2104 = SURFACE_SIDE_STYLE ('',( #7950 ) ) ;
#2105 = AXIS2_PLACEMENT_3D ( 'NONE', #5175, #5258, #7259 ) ;
#2106 = DIRECTION ( 'NONE',  ( 0.000000000000000000, 0.000000000000000000, -1.000000000000000000 ) ) ;
#2107 = MECHANICAL_DESIGN_GEOMETRIC_PRESENTATION_REPRESENTATION (  '', ( #9095 ), #6366 ) ;
#2108 = LINE ( 'NONE', #9286, #2932 ) ;
#2109 = AXIS2_PLACEMENT_3D ( 'NONE', #6321, #7786, #5656 ) ;
#2110 = DIRECTION ( 'NONE',  ( 0.000000000000000000, -1.000000000000000000, 0.000000000000000000 ) ) ;
#2111 = ADVANCED_FACE ( 'NONE', ( #2227 ), #67, .F. ) ;
#2112 = CARTESIAN_POINT ( 'NONE',  ( 3.950000000000000178, 0.02000000000000000042, 1.800000000000000044 ) ) ;
#2113 = VECTOR ( 'NONE', #8074, 1000.000000000000000 ) ;
#2114 = DIRECTION ( 'NONE',  ( -1.000000000000000000, 0.000000000000000000, 0.000000000000000000 ) ) ;
#2115 = DIRECTION ( 'NONE',  ( 0.000000000000000000, 0.000000000000000000, 1.000000000000000000 ) ) ;
#2116 =( GEOMETRIC_REPRESENTATION_CONTEXT ( 3 ) GLOBAL_UNCERTAINTY_ASSIGNED_CONTEXT ( ( #6260 ) ) GLOBAL_UNIT_ASSIGNED_CONTEXT ( ( #8756, #3096, #8880 ) ) REPRESENTATION_CONTEXT ( 'NONE', 'WORKASPACE' ) );
#2117 = VECTOR ( 'NONE', #9195, 1000.000000000000000 ) ;
#2118 = SURFACE_SIDE_STYLE ('',( #8648 ) ) ;
#2119 = ORIENTED_EDGE ( 'NONE', *, *, #8516, .T. ) ;
#2120 = STYLED_ITEM ( 'NONE', ( #4169 ), #5840 ) ;
#2121 = MECHANICAL_DESIGN_GEOMETRIC_PRESENTATION_REPRESENTATION (  '', ( #5621 ), #8326 ) ;
#2122 = VECTOR ( 'NONE', #3820, 1000.000000000000000 ) ;
#2123 = ORIENTED_EDGE ( 'NONE', *, *, #3680, .F. ) ;
#2124 = VERTEX_POINT ( 'NONE', #4568 ) ;
#2125 = CARTESIAN_POINT ( 'NONE',  ( 4.850000000000000533, 0.000000000000000000, 1.350000000000000089 ) ) ;
#2126 = SURFACE_SIDE_STYLE ('',( #5789 ) ) ;
#2127 = LINE ( 'NONE', #8899, #3350 ) ;
#2128 =( NAMED_UNIT ( * ) SI_UNIT ( $, .STERADIAN. ) SOLID_ANGLE_UNIT ( ) );
#2129 =( LENGTH_UNIT ( ) NAMED_UNIT ( * ) SI_UNIT ( .MILLI., .METRE. ) );
#2130 = ORIENTED_EDGE ( 'NONE', *, *, #649, .T. ) ;
#2131 = SURFACE_STYLE_FILL_AREA ( #8616 ) ;
#2132 = AXIS2_PLACEMENT_3D ( 'NONE', #5078, #4982, #7030 ) ;
#2133 = DIRECTION ( 'NONE',  ( 0.000000000000000000, -1.000000000000000000, 0.000000000000000000 ) ) ;
#2134 = EDGE_CURVE ( 'NONE', #1820, #4893, #8797, .T. ) ;
#2135 = AXIS2_PLACEMENT_3D ( 'NONE', #279, #3224, #9054 ) ;
#2136 = FILL_AREA_STYLE_COLOUR ( '', #1088 ) ;
#2137 = EDGE_LOOP ( 'NONE', ( #6349, #1589, #8771, #6647, #7002, #906, #151 ) ) ;
#2138 = ORIENTED_EDGE ( 'NONE', *, *, #2213, .F. ) ;
#2139 = CARTESIAN_POINT ( 'NONE',  ( -3.700000000000000178, 2.299999999999999822, 3.850000000000000089 ) ) ;
#2140 = SURFACE_SIDE_STYLE ('',( #8581 ) ) ;
#2141 = DIRECTION ( 'NONE',  ( -1.000000000000000000, 0.000000000000000000, 0.000000000000000000 ) ) ;
#2142 =( NAMED_UNIT ( * ) SI_UNIT ( $, .STERADIAN. ) SOLID_ANGLE_UNIT ( ) );
#2143 = LINE ( 'NONE', #2009, #7352 ) ;
#2144 = FILL_AREA_STYLE ('',( #7162 ) ) ;
#2145 = CARTESIAN_POINT ( 'NONE',  ( 1.734723475976809855E-15, 0.02000000000000000042, -0.4000000000000989986 ) ) ;
#2146 = EDGE_CURVE ( 'NONE', #3323, #9024, #4444, .T. ) ;
#2147 = EDGE_CURVE ( 'NONE', #4423, #5398, #7325, .T. ) ;
#2148 = LINE ( 'NONE', #5059, #3058 ) ;
#2149 = FACE_OUTER_BOUND ( 'NONE', #7554, .T. ) ;
#2150 =( GEOMETRIC_REPRESENTATION_CONTEXT ( 3 ) GLOBAL_UNCERTAINTY_ASSIGNED_CONTEXT ( ( #6917 ) ) GLOBAL_UNIT_ASSIGNED_CONTEXT ( ( #8700, #100, #8828 ) ) REPRESENTATION_CONTEXT ( 'NONE', 'WORKASPACE' ) );
#2151 = DIRECTION ( 'NONE',  ( 1.000000000000000000, 0.000000000000000000, 0.000000000000000000 ) ) ;
#2152 = UNCERTAINTY_MEASURE_WITH_UNIT (LENGTH_MEASURE( 1.000000000000000082E-05 ), #3331, 'distance_accuracy_value', 'NONE');
#2153 = CARTESIAN_POINT ( 'NONE',  ( -3.950000000000000178, 0.02000000000000000042, 3.700000000000000178 ) ) ;
#2154 = DIRECTION ( 'NONE',  ( 0.000000000000000000, -1.000000000000000000, 0.000000000000000000 ) ) ;
#2155 = CARTESIAN_POINT ( 'NONE',  ( -4.850000000000000533, 1.000000000000000000, -6.331740687315349681E-14 ) ) ;
#2156 = ADVANCED_FACE ( 'NONE', ( #6746 ), #3648, .T. ) ;
#2157 = CARTESIAN_POINT ( 'NONE',  ( 1.734723475976809855E-15, 0.02000000000000000042, -8.673617379884039416E-16 ) ) ;
#2158 = VERTEX_POINT ( 'NONE', #9448 ) ;
#2159 = ORIENTED_EDGE ( 'NONE', *, *, #6771, .F. ) ;
#2160 = DIRECTION ( 'NONE',  ( 0.000000000000000000, 0.000000000000000000, -1.000000000000000000 ) ) ;
#2161 =( NAMED_UNIT ( * ) SI_UNIT ( $, .STERADIAN. ) SOLID_ANGLE_UNIT ( ) );
#2162 = DIRECTION ( 'NONE',  ( -1.000000000000000000, 0.000000000000000000, 0.000000000000000000 ) ) ;
#2163 = CARTESIAN_POINT ( 'NONE',  ( -4.850000000000000533, 1.000000000000000000, -8.673617379884039416E-16 ) ) ;
#2164 = EDGE_CURVE ( 'NONE', #226, #8484, #7829, .T. ) ;
#2165 = FACE_OUTER_BOUND ( 'NONE', #7572, .T. ) ;
#2166 = EDGE_LOOP ( 'NONE', ( #2307, #9071, #7903, #8217 ) ) ;
#2167 = VERTEX_POINT ( 'NONE', #6426 ) ;
#2168 = VERTEX_POINT ( 'NONE', #7879 ) ;
#2169 = ORIENTED_EDGE ( 'NONE', *, *, #7160, .F. ) ;
#2170 = UNCERTAINTY_MEASURE_WITH_UNIT (LENGTH_MEASURE( 1.000000000000000082E-05 ), #921, 'distance_accuracy_value', 'NONE');
#2171 = ORIENTED_EDGE ( 'NONE', *, *, #8778, .T. ) ;
#2172 = CARTESIAN_POINT ( 'NONE',  ( 1.734723475976809855E-15, 0.000000000000000000, 0.3999999999998999911 ) ) ;
#2173 = AXIS2_PLACEMENT_3D ( 'NONE', #2931, #8135, #2977 ) ;
#2174 = DIRECTION ( 'NONE',  ( 1.000000000000000000, 0.000000000000000000, 0.000000000000000000 ) ) ;
#2175 = DIRECTION ( 'NONE',  ( 1.000000000000000000, 0.000000000000000000, 0.000000000000000000 ) ) ;
#2176 = SURFACE_SIDE_STYLE ('',( #8796 ) ) ;
#2177 = SURFACE_SIDE_STYLE ('',( #3706 ) ) ;
#2178 =( GEOMETRIC_REPRESENTATION_CONTEXT ( 3 ) GLOBAL_UNCERTAINTY_ASSIGNED_CONTEXT ( ( #7450 ) ) GLOBAL_UNIT_ASSIGNED_CONTEXT ( ( #3470, #6519, #9265 ) ) REPRESENTATION_CONTEXT ( 'NONE', 'WORKASPACE' ) );
#2179 =( GEOMETRIC_REPRESENTATION_CONTEXT ( 3 ) GLOBAL_UNCERTAINTY_ASSIGNED_CONTEXT ( ( #8814 ) ) GLOBAL_UNIT_ASSIGNED_CONTEXT ( ( #480, #4046, #1983 ) ) REPRESENTATION_CONTEXT ( 'NONE', 'WORKASPACE' ) );
#2180 = MECHANICAL_DESIGN_GEOMETRIC_PRESENTATION_REPRESENTATION (  '', ( #486 ), #1095 ) ;
#2181 =( NAMED_UNIT ( * ) SI_UNIT ( $, .STERADIAN. ) SOLID_ANGLE_UNIT ( ) );
#2182 = ORIENTED_EDGE ( 'NONE', *, *, #3382, .F. ) ;
#2183 = ORIENTED_EDGE ( 'NONE', *, *, #6347, .T. ) ;
#2184 = DIRECTION ( 'NONE',  ( 0.000000000000000000, -1.000000000000000000, 0.000000000000000000 ) ) ;
#2185 = ORIENTED_EDGE ( 'NONE', *, *, #9434, .F. ) ;
#2186 = CARTESIAN_POINT ( 'NONE',  ( -4.850000000000000533, 0.000000000000000000, -2.600000000000000089 ) ) ;
#2187 =( LENGTH_UNIT ( ) NAMED_UNIT ( * ) SI_UNIT ( .MILLI., .METRE. ) );
#2188 = EDGE_CURVE ( 'NONE', #8873, #2837, #8109, .T. ) ;
#2189 = CARTESIAN_POINT ( 'NONE',  ( -4.450000000000000178, 1.000000000000000000, 4.400000000000000355 ) ) ;
#2190 = VECTOR ( 'NONE', #9144, 1000.000000000000000 ) ;
#2191 = CARTESIAN_POINT ( 'NONE',  ( 4.270000000000000462, 1.050000000000000044, -8.673617379884039416E-16 ) ) ;
#2192 = CARTESIAN_POINT ( 'NONE',  ( 3.950000000000000178, 0.000000000000000000, -8.673617379884039416E-16 ) ) ;
#2193 = CARTESIAN_POINT ( 'NONE',  ( -4.120000000000000107, 2.149999999999999911, -16.55704800000000176 ) ) ;
#2194 = CARTESIAN_POINT ( 'NONE',  ( -3.700000000000000178, 2.500000000000000000, 3.850000000000000089 ) ) ;
#2195 = PRESENTATION_STYLE_ASSIGNMENT (( #131 ) ) ;
#2196 = ORIENTED_EDGE ( 'NONE', *, *, #8575, .T. ) ;
#2197 = SURFACE_STYLE_FILL_AREA ( #2011 ) ;
#2198 = VECTOR ( 'NONE', #3608, 1000.000000000000000 ) ;
#2199 = FILL_AREA_STYLE ('',( #4366 ) ) ;
#2200 = AXIS2_PLACEMENT_3D ( 'NONE', #4253, #1993, #1201 ) ;
#2201 =( GEOMETRIC_REPRESENTATION_CONTEXT ( 3 ) GLOBAL_UNCERTAINTY_ASSIGNED_CONTEXT ( ( #9382 ) ) GLOBAL_UNIT_ASSIGNED_CONTEXT ( ( #6386, #4207, #7845 ) ) REPRESENTATION_CONTEXT ( 'NONE', 'WORKASPACE' ) );
#2202 = LINE ( 'NONE', #3682, #8870 ) ;
#2203 = EDGE_CURVE ( 'NONE', #5143, #499, #3195, .T. ) ;
#2204 = EDGE_CURVE ( 'NONE', #8485, #7449, #3044, .T. ) ;
#2205 = AXIS2_PLACEMENT_3D ( 'NONE', #2469, #4661, #6804 ) ;
#2206 = COLOUR_RGB ( '',0.5372549019607842924, 0.6235294117647058876, 0.000000000000000000 ) ;
#2207 = CARTESIAN_POINT ( 'NONE',  ( 1.734723475976809855E-15, 1.050000000000000044, 4.440000000000000391 ) ) ;
#2208 = VERTEX_POINT ( 'NONE', #4552 ) ;
#2209 = FACE_OUTER_BOUND ( 'NONE', #8462, .T. ) ;
#2210 = VERTEX_POINT ( 'NONE', #901 ) ;
#2211 = COLOUR_RGB ( '',0.5372549019607842924, 0.6235294117647058876, 0.000000000000000000 ) ;
#2212 = VERTEX_POINT ( 'NONE', #5177 ) ;
#2213 = EDGE_CURVE ( 'NONE', #7873, #8435, #5921, .T. ) ;
#2214 =( NAMED_UNIT ( * ) PLANE_ANGLE_UNIT ( ) SI_UNIT ( $, .RADIAN. ) );
#2215 = DIRECTION ( 'NONE',  ( 1.000000000000000000, 0.000000000000000000, 0.000000000000000000 ) ) ;
#2216 = SURFACE_STYLE_FILL_AREA ( #5881 ) ;
#2217 = CARTESIAN_POINT ( 'NONE',  ( 4.599999999999999645, 0.9799999999999999822, -3.299999999999999822 ) ) ;
#2218 = ORIENTED_EDGE ( 'NONE', *, *, #3144, .F. ) ;
#2219 = ORIENTED_EDGE ( 'NONE', *, *, #2042, .F. ) ;
#2220 = CARTESIAN_POINT ( 'NONE',  ( -3.700000000000000178, 2.299999999999999822, 4.250000000000000000 ) ) ;
#2221 =( NAMED_UNIT ( * ) SI_UNIT ( $, .STERADIAN. ) SOLID_ANGLE_UNIT ( ) );
#2222 = EDGE_CURVE ( 'NONE', #7835, #6091, #6728, .T. ) ;
#2223 = LINE ( 'NONE', #5135, #3116 ) ;
#2224 = FILL_AREA_STYLE ('',( #8752 ) ) ;
#2225 = VECTOR ( 'NONE', #597, 1000.000000000000000 ) ;
#2226 = LINE ( 'NONE', #5231, #2660 ) ;
#2227 = FACE_OUTER_BOUND ( 'NONE', #4930, .T. ) ;
#2228 = ORIENTED_EDGE ( 'NONE', *, *, #9349, .T. ) ;
#2229 = ORIENTED_EDGE ( 'NONE', *, *, #5640, .T. ) ;
#2230 = CARTESIAN_POINT ( 'NONE',  ( -4.850000000000000533, 0.000000000000000000, -1.800000000000000044 ) ) ;
#2231 = LINE ( 'NONE', #5149, #2751 ) ;
#2232 = FILL_AREA_STYLE ('',( #8133 ) ) ;
#2233 = CARTESIAN_POINT ( 'NONE',  ( 1.734723475976809855E-15, 0.02000000000000000042, -0.7000000000001009859 ) ) ;
#2234 = SURFACE_SIDE_STYLE ('',( #3579 ) ) ;
#2235 = MECHANICAL_DESIGN_GEOMETRIC_PRESENTATION_REPRESENTATION (  '', ( #5134 ), #8022 ) ;
#2236 = CYLINDRICAL_SURFACE ( 'NONE', #643, 0.4000000000000001887 ) ;
#2237 = PRESENTATION_LAYER_ASSIGNMENT (  '', '', ( #995 ) ) ;
#2238 = CARTESIAN_POINT ( 'NONE',  ( -3.950000000000000178, 0.000000000000000000, 3.700000000000000178 ) ) ;
#2239 = CARTESIAN_POINT ( 'NONE',  ( 4.850000000000000533, 0.000000000000000000, -1.949999999999999956 ) ) ;
#2240 = UNCERTAINTY_MEASURE_WITH_UNIT (LENGTH_MEASURE( 1.000000000000000082E-05 ), #5202, 'distance_accuracy_value', 'NONE');
#2241 = CIRCLE ( 'NONE', #8787, 0.2500000000000002220 ) ;
#2242 = DIRECTION ( 'NONE',  ( -1.000000000000000000, 0.000000000000000000, 0.000000000000000000 ) ) ;
#2243 = FILL_AREA_STYLE ('',( #3773 ) ) ;
#2244 =( NAMED_UNIT ( * ) PLANE_ANGLE_UNIT ( ) SI_UNIT ( $, .RADIAN. ) );
#2245 =( NAMED_UNIT ( * ) PLANE_ANGLE_UNIT ( ) SI_UNIT ( $, .RADIAN. ) );
#2246 = VECTOR ( 'NONE', #427, 1000.000000000000000 ) ;
#2247 = ORIENTED_EDGE ( 'NONE', *, *, #4383, .T. ) ;
#2248 = EDGE_CURVE ( 'NONE', #7807, #2914, #1165, .T. ) ;
#2249 = SURFACE_SIDE_STYLE ('',( #8772 ) ) ;
#2250 = CIRCLE ( 'NONE', #7882, 0.4000000000000001887 ) ;
#2251 = DIRECTION ( 'NONE',  ( -0.000000000000000000, 1.000000000000000000, 0.000000000000000000 ) ) ;
#2252 = FACE_OUTER_BOUND ( 'NONE', #935, .T. ) ;
#2253 = EDGE_LOOP ( 'NONE', ( #4211, #9140, #5616, #3178 ) ) ;
#2254 = PRESENTATION_LAYER_ASSIGNMENT (  '', '', ( #8661 ) ) ;
#2255 = ORIENTED_EDGE ( 'NONE', *, *, #8738, .T. ) ;
#2256 = MECHANICAL_DESIGN_GEOMETRIC_PRESENTATION_REPRESENTATION (  '', ( #7586 ), #567 ) ;
#2257 =( LENGTH_UNIT ( ) NAMED_UNIT ( * ) SI_UNIT ( .MILLI., .METRE. ) );
#2258 = PRESENTATION_LAYER_ASSIGNMENT (  '', '', ( #3047 ) ) ;
#2259 = SURFACE_STYLE_USAGE ( .BOTH. , #752 ) ;
#2260 = FILL_AREA_STYLE_COLOUR ( '', #451 ) ;
#2261 = EDGE_LOOP ( 'NONE', ( #6485, #9065, #4130, #8374 ) ) ;
#2262 = VECTOR ( 'NONE', #7108, 1000.000000000000000 ) ;
#2263 = EDGE_CURVE ( 'NONE', #9007, #1947, #7489, .T. ) ;
#2264 = EDGE_CURVE ( 'NONE', #7046, #4059, #7306, .T. ) ;
#2265 = VECTOR ( 'NONE', #2437, 1000.000000000000000 ) ;
#2266 = ORIENTED_EDGE ( 'NONE', *, *, #512, .T. ) ;
#2267 = UNCERTAINTY_MEASURE_WITH_UNIT (LENGTH_MEASURE( 1.000000000000000082E-05 ), #6322, 'distance_accuracy_value', 'NONE');
#2268 = EDGE_LOOP ( 'NONE', ( #6799, #6031, #5146, #3653 ) ) ;
#2269 = PRESENTATION_LAYER_ASSIGNMENT (  '', '', ( #8358 ) ) ;
#2270 = ORIENTED_EDGE ( 'NONE', *, *, #724, .F. ) ;
#2271 = FILL_AREA_STYLE ('',( #6608 ) ) ;
#2272 = PRESENTATION_STYLE_ASSIGNMENT (( #8082 ) ) ;
#2273 = UNCERTAINTY_MEASURE_WITH_UNIT (LENGTH_MEASURE( 1.000000000000000082E-05 ), #3046, 'distance_accuracy_value', 'NONE');
#2274 = CARTESIAN_POINT ( 'NONE',  ( 1.734723475976809855E-15, 0.000000000000000000, 0.6999999999999010347 ) ) ;
#2275 = DIRECTION ( 'NONE',  ( 1.000000000000000000, 0.000000000000000000, 0.000000000000000000 ) ) ;
#2276 = DIRECTION ( 'NONE',  ( 0.000000000000000000, 1.000000000000000000, 0.000000000000000000 ) ) ;
#2277 = MECHANICAL_DESIGN_GEOMETRIC_PRESENTATION_REPRESENTATION (  '', ( #4872 ), #4720 ) ;
#2278 = SURFACE_STYLE_FILL_AREA ( #8800 ) ;
#2279 = EDGE_CURVE ( 'NONE', #9155, #3317, #5879, .T. ) ;
#2280 = CARTESIAN_POINT ( 'NONE',  ( 2.479999999999999982, 2.449999999999999734, 3.149999999999999911 ) ) ;
#2281 = VERTEX_POINT ( 'NONE', #6780 ) ;
#2282 = CARTESIAN_POINT ( 'NONE',  ( 4.850000000000000533, 0.02000000000000000042, -2.200000000000000178 ) ) ;
#2283 = FILL_AREA_STYLE ('',( #5279 ) ) ;
#2284 = CARTESIAN_POINT ( 'NONE',  ( -3.743898866310354734, 2.449999999999999734, -3.776662285569029720 ) ) ;
#2285 = DIRECTION ( 'NONE',  ( 1.000000000000000000, 0.000000000000000000, 0.000000000000000000 ) ) ;
#2286 = APPLICATION_PROTOCOL_DEFINITION ( 'draft international standard', 'automotive_design', 1998, #2311 ) ;
#2287 = CIRCLE ( 'NONE', #6090, 0.2500000000000002220 ) ;
#2288 =( NAMED_UNIT ( * ) PLANE_ANGLE_UNIT ( ) SI_UNIT ( $, .RADIAN. ) );
#2289 = CARTESIAN_POINT ( 'NONE',  ( 4.850000000000000533, 1.000000000000000000, 4.400000000000000355 ) ) ;
#2290 = FILL_AREA_STYLE_COLOUR ( '', #1755 ) ;
#2291 = EDGE_CURVE ( 'NONE', #6839, #52, #5306, .T. ) ;
#2292 = PRESENTATION_LAYER_ASSIGNMENT (  '', '', ( #3071 ) ) ;
#2293 = SURFACE_SIDE_STYLE ('',( #6632 ) ) ;
#2294 = DIRECTION ( 'NONE',  ( 0.000000000000000000, 0.000000000000000000, 1.000000000000000000 ) ) ;
#2295 = FACE_OUTER_BOUND ( 'NONE', #7693, .T. ) ;
#2296 = CARTESIAN_POINT ( 'NONE',  ( 4.850000000000000533, 0.02000000000000000042, 1.100000000000000089 ) ) ;
#2297 = VERTEX_POINT ( 'NONE', #3179 ) ;
#2298 =( NAMED_UNIT ( * ) SI_UNIT ( $, .STERADIAN. ) SOLID_ANGLE_UNIT ( ) );
#2299 =( NAMED_UNIT ( * ) PLANE_ANGLE_UNIT ( ) SI_UNIT ( $, .RADIAN. ) );
#2300 = ORIENTED_EDGE ( 'NONE', *, *, #7381, .F. ) ;
#2301 = SURFACE_STYLE_FILL_AREA ( #1532 ) ;
#2302 = DIRECTION ( 'NONE',  ( 0.000000000000000000, -1.000000000000000000, 0.000000000000000000 ) ) ;
#2303 = DIRECTION ( 'NONE',  ( 0.000000000000000000, 0.000000000000000000, 1.000000000000000000 ) ) ;
#2304 = EDGE_CURVE ( 'NONE', #6865, #433, #7392, .T. ) ;
#2305 = ORIENTED_EDGE ( 'NONE', *, *, #6931, .F. ) ;
#2306 =( LENGTH_UNIT ( ) NAMED_UNIT ( * ) SI_UNIT ( .MILLI., .METRE. ) );
#2307 = ORIENTED_EDGE ( 'NONE', *, *, #2382, .F. ) ;
#2308 = ORIENTED_EDGE ( 'NONE', *, *, #898, .F. ) ;
#2309 = UNCERTAINTY_MEASURE_WITH_UNIT (LENGTH_MEASURE( 1.000000000000000082E-05 ), #1905, 'distance_accuracy_value', 'NONE');
#2310 = ORIENTED_EDGE ( 'NONE', *, *, #8143, .T. ) ;
#2311 = APPLICATION_CONTEXT ( 'automotive_design' ) ;
#2312 = VERTEX_POINT ( 'NONE', #6690 ) ;
#2313 = ORIENTED_EDGE ( 'NONE', *, *, #6280, .F. ) ;
#2314 = LINE ( 'NONE', #5229, #3727 ) ;
#2315 =( NAMED_UNIT ( * ) PLANE_ANGLE_UNIT ( ) SI_UNIT ( $, .RADIAN. ) );
#2316 = ORIENTED_EDGE ( 'NONE', *, *, #8720, .F. ) ;
#2317 = CARTESIAN_POINT ( 'NONE',  ( 1.734723475976809855E-15, 0.9799999999999999822, -8.673617379884039416E-16 ) ) ;
#2318 = EDGE_CURVE ( 'NONE', #8224, #6865, #5963, .T. ) ;
#2319 = EDGE_CURVE ( 'NONE', #1433, #4997, #625, .T. ) ;
#2320 =( NAMED_UNIT ( * ) SI_UNIT ( $, .STERADIAN. ) SOLID_ANGLE_UNIT ( ) );
#2321 = CARTESIAN_POINT ( 'NONE',  ( 4.850000000000000533, 0.000000000000000000, 1.500000000000000000 ) ) ;
#2322 = CARTESIAN_POINT ( 'NONE',  ( -4.120000000000000107, 2.149999999999999911, -16.55704800000000176 ) ) ;
#2323 = VECTOR ( 'NONE', #6808, 1000.000000000000000 ) ;
#2324 = PRESENTATION_STYLE_ASSIGNMENT (( #5369 ) ) ;
#2325 = ORIENTED_EDGE ( 'NONE', *, *, #3624, .F. ) ;
#2326 = SURFACE_STYLE_FILL_AREA ( #2232 ) ;
#2327 = DIRECTION ( 'NONE',  ( -1.000000000000000000, 0.000000000000000000, 0.000000000000000000 ) ) ;
#2328 = PLANE ( 'NONE',  #3247 ) ;
#2329 = ADVANCED_FACE ( 'NONE', ( #7698 ), #1147, .T. ) ;
#2330 = CARTESIAN_POINT ( 'NONE',  ( 4.850000000000000533, 0.02000000000000000042, 5.049999999999999822 ) ) ;
#2331 = AXIS2_PLACEMENT_3D ( 'NONE', #5900, #5142, #8042 ) ;
#2332 = VECTOR ( 'NONE', #2086, 1000.000000000000000 ) ;
#2333 = DIRECTION ( 'NONE',  ( 0.000000000000000000, 1.000000000000000000, 0.000000000000000000 ) ) ;
#2334 = PLANE ( 'NONE',  #7971 ) ;
#2335 = FILL_AREA_STYLE ('',( #829 ) ) ;
#2336 = ORIENTED_EDGE ( 'NONE', *, *, #3624, .T. ) ;
#2337 = CARTESIAN_POINT ( 'NONE',  ( 3.700000000000000178, 2.500000000000000000, -3.850000000000000089 ) ) ;
#2338 = UNCERTAINTY_MEASURE_WITH_UNIT (LENGTH_MEASURE( 1.000000000000000082E-05 ), #726, 'distance_accuracy_value', 'NONE');
#2339 = CIRCLE ( 'NONE', #3560, 0.2500000000000002220 ) ;
#2340 = VECTOR ( 'NONE', #7040, 1000.000000000000000 ) ;
#2341 = PLANE ( 'NONE',  #4024 ) ;
#2342 = EDGE_CURVE ( 'NONE', #6936, #4128, #412, .T. ) ;
#2343 =( NAMED_UNIT ( * ) PLANE_ANGLE_UNIT ( ) SI_UNIT ( $, .RADIAN. ) );
#2344 =( GEOMETRIC_REPRESENTATION_CONTEXT ( 3 ) GLOBAL_UNCERTAINTY_ASSIGNED_CONTEXT ( ( #6409 ) ) GLOBAL_UNIT_ASSIGNED_CONTEXT ( ( #1350, #4390, #3012 ) ) REPRESENTATION_CONTEXT ( 'NONE', 'WORKASPACE' ) );
#2345 = PLANE ( 'NONE',  #8201 ) ;
#2346 = FILL_AREA_STYLE ('',( #8854 ) ) ;
#2347 = MECHANICAL_DESIGN_GEOMETRIC_PRESENTATION_REPRESENTATION (  '', ( #9331 ), #5991 ) ;
#2348 = PRESENTATION_STYLE_ASSIGNMENT (( #3170 ) ) ;
#2349 = ORIENTED_EDGE ( 'NONE', *, *, #5526, .F. ) ;
#2350 = DIRECTION ( 'NONE',  ( 1.000000000000000000, 0.000000000000000000, 0.000000000000000000 ) ) ;
#2351 = ORIENTED_EDGE ( 'NONE', *, *, #5405, .T. ) ;
#2352 = PRESENTATION_LAYER_ASSIGNMENT (  '', '', ( #3122 ) ) ;
#2353 =( GEOMETRIC_REPRESENTATION_CONTEXT ( 3 ) GLOBAL_UNCERTAINTY_ASSIGNED_CONTEXT ( ( #3588 ) ) GLOBAL_UNIT_ASSIGNED_CONTEXT ( ( #3101, #5903, #3671 ) ) REPRESENTATION_CONTEXT ( 'NONE', 'WORKASPACE' ) );
#2354 = PRESENTATION_LAYER_ASSIGNMENT (  '', '', ( #510 ) ) ;
#2355 = VERTEX_POINT ( 'NONE', #1397 ) ;
#2356 = DIRECTION ( 'NONE',  ( 0.000000000000000000, 1.000000000000000000, 0.000000000000000000 ) ) ;
#2357 =( NAMED_UNIT ( * ) SI_UNIT ( $, .STERADIAN. ) SOLID_ANGLE_UNIT ( ) );
#2358 =( NAMED_UNIT ( * ) SI_UNIT ( $, .STERADIAN. ) SOLID_ANGLE_UNIT ( ) );
#2359 = ORIENTED_EDGE ( 'NONE', *, *, #2213, .T. ) ;
#2360 = CIRCLE ( 'NONE', #8454, 0.1499999999999999667 ) ;
#2361 = VECTOR ( 'NONE', #7723, 1000.000000000000000 ) ;
#2362 = VERTEX_POINT ( 'NONE', #4346 ) ;
#2363 = ORIENTED_EDGE ( 'NONE', *, *, #6985, .F. ) ;
#2364 = FILL_AREA_STYLE ('',( #6025 ) ) ;
#2365 =( LENGTH_UNIT ( ) NAMED_UNIT ( * ) SI_UNIT ( .MILLI., .METRE. ) );
#2366 = DIRECTION ( 'NONE',  ( 0.000000000000000000, 1.000000000000000000, 0.000000000000000000 ) ) ;
#2367 = UNCERTAINTY_MEASURE_WITH_UNIT (LENGTH_MEASURE( 1.000000000000000082E-05 ), #2257, 'distance_accuracy_value', 'NONE');
#2368 = FACE_OUTER_BOUND ( 'NONE', #1484, .T. ) ;
#2369 = EDGE_CURVE ( 'NONE', #8069, #1167, #2921, .T. ) ;
#2370 = ADVANCED_FACE ( 'NONE', ( #666 ), #7989, .F. ) ;
#2371 = ORIENTED_EDGE ( 'NONE', *, *, #2490, .T. ) ;
#2372 = VERTEX_POINT ( 'NONE', #7831 ) ;
#2373 = FACE_OUTER_BOUND ( 'NONE', #8862, .T. ) ;
#2374 = PRESENTATION_STYLE_ASSIGNMENT (( #823 ) ) ;
#2375 = FILL_AREA_STYLE ('',( #5989 ) ) ;
#2376 = LINE ( 'NONE', #1647, #3253 ) ;
#2377 = PRESENTATION_LAYER_ASSIGNMENT (  '', '', ( #8172 ) ) ;
#2378 =( LENGTH_UNIT ( ) NAMED_UNIT ( * ) SI_UNIT ( .MILLI., .METRE. ) );
#2379 = LINE ( 'NONE', #4578, #4991 ) ;
#2380 = VECTOR ( 'NONE', #1259, 1000.000000000000000 ) ;
#2381 = ADVANCED_FACE ( 'NONE', ( #8521 ), #3374, .F. ) ;
#2382 = EDGE_CURVE ( 'NONE', #9269, #3833, #6275, .T. ) ;
#2383 = ORIENTED_EDGE ( 'NONE', *, *, #7212, .T. ) ;
#2384 = VECTOR ( 'NONE', #6145, 1000.000000000000000 ) ;
#2385 =( LENGTH_UNIT ( ) NAMED_UNIT ( * ) SI_UNIT ( .MILLI., .METRE. ) );
#2386 =( NAMED_UNIT ( * ) PLANE_ANGLE_UNIT ( ) SI_UNIT ( $, .RADIAN. ) );
#2387 = DIRECTION ( 'NONE',  ( 0.000000000000000000, 1.000000000000000000, 0.000000000000000000 ) ) ;
#2388 = VECTOR ( 'NONE', #5096, 1000.000000000000000 ) ;
#2389 = CARTESIAN_POINT ( 'NONE',  ( -4.850000000000000533, 0.000000000000000000, -5.049999999999999822 ) ) ;
#2390 = CARTESIAN_POINT ( 'NONE',  ( 4.850000000000000533, 0.000000000000000000, 0.3999999999998999911 ) ) ;
#2391 = CARTESIAN_POINT ( 'NONE',  ( -3.950000000000000178, 0.02000000000000000042, -0.7000000000001009859 ) ) ;
#2392 = VECTOR ( 'NONE', #7919, 1000.000000000000000 ) ;
#2393 = EDGE_LOOP ( 'NONE', ( #5597, #5427, #3409, #230 ) ) ;
#2394 = DIRECTION ( 'NONE',  ( 0.000000000000000000, 0.000000000000000000, -1.000000000000000000 ) ) ;
#2395 = EDGE_CURVE ( 'NONE', #7079, #2362, #2663, .T. ) ;
#2396 = CARTESIAN_POINT ( 'NONE',  ( -4.850000000000000533, 0.9799999999999999822, -1.500000000000000000 ) ) ;
#2397 = ORIENTED_EDGE ( 'NONE', *, *, #2204, .T. ) ;
#2398 = VERTEX_POINT ( 'NONE', #4139 ) ;
#2399 = DIRECTION ( 'NONE',  ( -1.000000000000000000, 0.000000000000000000, 0.000000000000000000 ) ) ;
#2400 = VECTOR ( 'NONE', #7973, 1000.000000000000000 ) ;
#2401 =( LENGTH_UNIT ( ) NAMED_UNIT ( * ) SI_UNIT ( .MILLI., .METRE. ) );
#2402 = VERTEX_POINT ( 'NONE', #8560 ) ;
#2403 = COLOUR_RGB ( '',1.000000000000000000, 0.8117647058823529438, 0.5019607843137254832 ) ;
#2404 = CARTESIAN_POINT ( 'NONE',  ( -4.850000000000000533, 0.02000000000000000042, -0.7000000000001009859 ) ) ;
#2405 = EDGE_CURVE ( 'NONE', #907, #8287, #2029, .T. ) ;
#2406 =( GEOMETRIC_REPRESENTATION_CONTEXT ( 3 ) GLOBAL_UNCERTAINTY_ASSIGNED_CONTEXT ( ( #1851 ) ) GLOBAL_UNIT_ASSIGNED_CONTEXT ( ( #5808, #4395, #4210 ) ) REPRESENTATION_CONTEXT ( 'NONE', 'WORKASPACE' ) );
#2407 = UNCERTAINTY_MEASURE_WITH_UNIT (LENGTH_MEASURE( 1.000000000000000082E-05 ), #1855, 'distance_accuracy_value', 'NONE');
#2408 = ORIENTED_EDGE ( 'NONE', *, *, #2021, .F. ) ;
#2409 = EDGE_LOOP ( 'NONE', ( #7966, #7389, #7924, #8208 ) ) ;
#2410 = ORIENTED_EDGE ( 'NONE', *, *, #1311, .F. ) ;
#2411 = PLANE ( 'NONE',  #7534 ) ;
#2412 = MECHANICAL_DESIGN_GEOMETRIC_PRESENTATION_REPRESENTATION (  '', ( #2120 ), #3346 ) ;
#2413 = LINE ( 'NONE', #866, #1939 ) ;
#2414 = VECTOR ( 'NONE', #3846, 1000.000000000000000 ) ;
#2415 = CIRCLE ( 'NONE', #7739, 0.4000000000000001887 ) ;
#2416 = DIRECTION ( 'NONE',  ( 0.000000000000000000, 1.000000000000000000, 0.000000000000000000 ) ) ;
#2417 = DIRECTION ( 'NONE',  ( 0.000000000000000000, 0.000000000000000000, 1.000000000000000000 ) ) ;
#2418 = VERTEX_POINT ( 'NONE', #476 ) ;
#2419 = PRESENTATION_LAYER_ASSIGNMENT (  '', '', ( #6542 ) ) ;
#2420 =( NAMED_UNIT ( * ) PLANE_ANGLE_UNIT ( ) SI_UNIT ( $, .RADIAN. ) );
#2421 = LINE ( 'NONE', #6806, #6612 ) ;
#2422 = DIRECTION ( 'NONE',  ( 0.000000000000000000, 0.000000000000000000, -1.000000000000000000 ) ) ;
#2423 = CARTESIAN_POINT ( 'NONE',  ( 4.850000000000000533, 0.000000000000000000, 2.899999999999999911 ) ) ;
#2424 = COLOUR_RGB ( '',1.000000000000000000, 0.8117647058823529438, 0.5019607843137254832 ) ;
#2425 = EDGE_CURVE ( 'NONE', #1179, #52, #8466, .T. ) ;
#2426 =( NAMED_UNIT ( * ) SI_UNIT ( $, .STERADIAN. ) SOLID_ANGLE_UNIT ( ) );
#2427 = PRESENTATION_STYLE_ASSIGNMENT (( #75 ) ) ;
#2428 = DIRECTION ( 'NONE',  ( 0.000000000000000000, -1.000000000000000000, 0.000000000000000000 ) ) ;
#2429 = DIRECTION ( 'NONE',  ( 0.000000000000000000, -1.000000000000000000, 0.000000000000000000 ) ) ;
#2430 = LINE ( 'NONE', #8235, #3753 ) ;
#2431 = ORIENTED_EDGE ( 'NONE', *, *, #7204, .T. ) ;
#2432 = DIRECTION ( 'NONE',  ( 1.000000000000000000, 0.000000000000000000, 0.000000000000000000 ) ) ;
#2433 = CARTESIAN_POINT ( 'NONE',  ( 3.950000000000000178, 0.000000000000000000, -1.800000000000000044 ) ) ;
#2434 = CARTESIAN_POINT ( 'NONE',  ( 4.850000000000000533, 0.000000000000000000, 4.400000000000000355 ) ) ;
#2435 = CARTESIAN_POINT ( 'NONE',  ( 3.950000000000000178, 0.02000000000000000042, -3.700000000000000178 ) ) ;
#2436 = DIRECTION ( 'NONE',  ( 0.000000000000000000, 0.000000000000000000, -1.000000000000000000 ) ) ;
#2437 = DIRECTION ( 'NONE',  ( 0.000000000000000000, 0.000000000000000000, -1.000000000000000000 ) ) ;
#2438 = EDGE_CURVE ( 'NONE', #2602, #5599, #723, .T. ) ;
#2439 = ADVANCED_FACE ( 'NONE', ( #1294 ), #5609, .F. ) ;
#2440 = CARTESIAN_POINT ( 'NONE',  ( 4.850000000000000533, 1.000000000000000000, -6.331740687315349681E-14 ) ) ;
#2441 = LINE ( 'NONE', #7974, #5774 ) ;
#2442 = SURFACE_STYLE_USAGE ( .BOTH. , #3873 ) ;
#2443 =( NAMED_UNIT ( * ) PLANE_ANGLE_UNIT ( ) SI_UNIT ( $, .RADIAN. ) );
#2444 = ORIENTED_EDGE ( 'NONE', *, *, #6546, .T. ) ;
#2445 = CARTESIAN_POINT ( 'NONE',  ( 4.850000000000000533, 0.9799999999999999822, -0.8500000000000499378 ) ) ;
#2446 = ORIENTED_EDGE ( 'NONE', *, *, #3593, .F. ) ;
#2447 = ORIENTED_EDGE ( 'NONE', *, *, #8531, .F. ) ;
#2448 = CARTESIAN_POINT ( 'NONE',  ( -4.100000000000000533, 2.449999999999999734, -3.850000000000000089 ) ) ;
#2449 = SURFACE_SIDE_STYLE ('',( #8302 ) ) ;
#2450 = STYLED_ITEM ( 'NONE', ( #3947 ), #1743 ) ;
#2451 = DIRECTION ( 'NONE',  ( 0.000000000000000000, 1.000000000000000000, 0.000000000000000000 ) ) ;
#2452 = ADVANCED_FACE ( 'NONE', ( #3598 ), #8023, .F. ) ;
#2453 = EDGE_LOOP ( 'NONE', ( #5442, #6815, #830, #5131 ) ) ;
#2454 = CARTESIAN_POINT ( 'NONE',  ( -4.850000000000000533, 0.02000000000000000042, -5.049999999999999822 ) ) ;
#2455 = EDGE_LOOP ( 'NONE', ( #7982, #7780, #4388, #8320, #3238, #4854 ) ) ;
#2456 = PRESENTATION_STYLE_ASSIGNMENT (( #237 ) ) ;
#2457 = MECHANICAL_DESIGN_GEOMETRIC_PRESENTATION_REPRESENTATION (  '', ( #5344 ), #4899 ) ;
#2458 = ORIENTED_EDGE ( 'NONE', *, *, #1013, .T. ) ;
#2459 = DIRECTION ( 'NONE',  ( 1.000000000000000000, 0.000000000000000000, 0.000000000000000000 ) ) ;
#2460 = ORIENTED_EDGE ( 'NONE', *, *, #4257, .T. ) ;
#2461 = SURFACE_STYLE_FILL_AREA ( #1964 ) ;
#2462 = EDGE_CURVE ( 'NONE', #4636, #7902, #1498, .T. ) ;
#2463 = CARTESIAN_POINT ( 'NONE',  ( 3.950000000000000178, 0.02000000000000000042, -2.600000000000000089 ) ) ;
#2464 = DIRECTION ( 'NONE',  ( 1.000000000000000000, 0.000000000000000000, 0.000000000000000000 ) ) ;
#2465 = LINE ( 'NONE', #206, #4236 ) ;
#2466 = SURFACE_STYLE_FILL_AREA ( #5364 ) ;
#2467 = VERTEX_POINT ( 'NONE', #1437 ) ;
#2468 = ORIENTED_EDGE ( 'NONE', *, *, #2438, .F. ) ;
#2469 = CARTESIAN_POINT ( 'NONE',  ( -4.850000000000000533, 0.9799999999999999822, -4.400000000000000355 ) ) ;
#2470 =( GEOMETRIC_REPRESENTATION_CONTEXT ( 3 ) GLOBAL_UNCERTAINTY_ASSIGNED_CONTEXT ( ( #5354 ) ) GLOBAL_UNIT_ASSIGNED_CONTEXT ( ( #2571, #1929, #5413 ) ) REPRESENTATION_CONTEXT ( 'NONE', 'WORKASPACE' ) );
#2471 = LINE ( 'NONE', #169, #2487 ) ;
#2472 = CARTESIAN_POINT ( 'NONE',  ( 3.950000000000000178, 0.000000000000000000, 4.000000000000000000 ) ) ;
#2473 = CARTESIAN_POINT ( 'NONE',  ( 4.120000000000000107, 2.299999999999999822, -4.290000000000000036 ) ) ;
#2474 = DIRECTION ( 'NONE',  ( 0.000000000000000000, 0.000000000000000000, 1.000000000000000000 ) ) ;
#2475 = ORIENTED_EDGE ( 'NONE', *, *, #8096, .F. ) ;
#2476 = VECTOR ( 'NONE', #4566, 1000.000000000000000 ) ;
#2477 = CARTESIAN_POINT ( 'NONE',  ( -4.850000000000000533, 1.000000000000000000, -1.100000000000000089 ) ) ;
#2478 = ORIENTED_EDGE ( 'NONE', *, *, #5588, .T. ) ;
#2479 = LINE ( 'NONE', #7475, #3729 ) ;
#2480 = CARTESIAN_POINT ( 'NONE',  ( -3.743898866310354734, 2.449999999999999734, -4.068063799307338968 ) ) ;
#2481 = VECTOR ( 'NONE', #4137, 1000.000000000000000 ) ;
#2482 = SURFACE_STYLE_FILL_AREA ( #6106 ) ;
#2483 = DIRECTION ( 'NONE',  ( 0.000000000000000000, -1.000000000000000000, 0.000000000000000000 ) ) ;
#2484 = DIRECTION ( 'NONE',  ( 1.000000000000000000, 0.000000000000000000, 0.000000000000000000 ) ) ;
#2485 = CARTESIAN_POINT ( 'NONE',  ( 4.850000000000000533, 0.9799999999999999822, -0.4000000000000820122 ) ) ;
#2486 = CARTESIAN_POINT ( 'NONE',  ( 4.850000000000000533, 0.9799999999999999822, 2.899999999999999911 ) ) ;
#2487 = VECTOR ( 'NONE', #9202, 1000.000000000000000 ) ;
#2488 = CARTESIAN_POINT ( 'NONE',  ( 4.120000000000000107, 0.000000000000000000, 4.290000000000000036 ) ) ;
#2489 = VECTOR ( 'NONE', #2528, 1000.000000000000000 ) ;
#2490 = EDGE_CURVE ( 'NONE', #7541, #3329, #1610, .T. ) ;
#2491 = SURFACE_SIDE_STYLE ('',( #3315 ) ) ;
#2492 = EDGE_CURVE ( 'NONE', #7595, #2656, #3557, .T. ) ;
#2493 = ORIENTED_EDGE ( 'NONE', *, *, #3783, .F. ) ;
#2494 =( GEOMETRIC_REPRESENTATION_CONTEXT ( 3 ) GLOBAL_UNCERTAINTY_ASSIGNED_CONTEXT ( ( #4226 ) ) GLOBAL_UNIT_ASSIGNED_CONTEXT ( ( #834, #81, #8144 ) ) REPRESENTATION_CONTEXT ( 'NONE', 'WORKASPACE' ) );
#2495 = CARTESIAN_POINT ( 'NONE',  ( -4.120000000000000107, 1.050000000000000044, -8.673617379884039416E-16 ) ) ;
#2496 = MECHANICAL_DESIGN_GEOMETRIC_PRESENTATION_REPRESENTATION (  '', ( #7507 ), #4032 ) ;
#2497 =( GEOMETRIC_REPRESENTATION_CONTEXT ( 3 ) GLOBAL_UNCERTAINTY_ASSIGNED_CONTEXT ( ( #8894 ) ) GLOBAL_UNIT_ASSIGNED_CONTEXT ( ( #586, #7187, #3571 ) ) REPRESENTATION_CONTEXT ( 'NONE', 'WORKASPACE' ) );
#2498 = VERTEX_POINT ( 'NONE', #8952 ) ;
#2499 = CARTESIAN_POINT ( 'NONE',  ( 4.850000000000000533, 0.000000000000000000, 1.100000000000000089 ) ) ;
#2500 = EDGE_LOOP ( 'NONE', ( #6213, #3827, #6854, #3513, #3434, #1664, #5024, #862 ) ) ;
#2501 = DIRECTION ( 'NONE',  ( -0.000000000000000000, 1.000000000000000000, 0.000000000000000000 ) ) ;
#2502 = PRESENTATION_LAYER_ASSIGNMENT (  '', '', ( #4347 ) ) ;
#2503 =( GEOMETRIC_REPRESENTATION_CONTEXT ( 3 ) GLOBAL_UNCERTAINTY_ASSIGNED_CONTEXT ( ( #1283 ) ) GLOBAL_UNIT_ASSIGNED_CONTEXT ( ( #7333, #1599, #5943 ) ) REPRESENTATION_CONTEXT ( 'NONE', 'WORKASPACE' ) );
#2504 = ORIENTED_EDGE ( 'NONE', *, *, #202, .F. ) ;
#2505 = EDGE_CURVE ( 'NONE', #5799, #8503, #891, .T. ) ;
#2506 = COLOUR_RGB ( '',1.000000000000000000, 0.8117647058823529438, 0.5019607843137254832 ) ;
#2507 = ORIENTED_EDGE ( 'NONE', *, *, #2318, .F. ) ;
#2508 = SURFACE_STYLE_USAGE ( .BOTH. , #6082 ) ;
#2509 =( NAMED_UNIT ( * ) SI_UNIT ( $, .STERADIAN. ) SOLID_ANGLE_UNIT ( ) );
#2510 = FACE_OUTER_BOUND ( 'NONE', #8470, .T. ) ;
#2511 = VECTOR ( 'NONE', #5371, 1000.000000000000000 ) ;
#2512 = COLOUR_RGB ( '',1.000000000000000000, 0.8117647058823529438, 0.5019607843137254832 ) ;
#2513 = FILL_AREA_STYLE_COLOUR ( '', #1868 ) ;
#2514 = CARTESIAN_POINT ( 'NONE',  ( 4.850000000000000533, 0.02000000000000000042, 1.350000000000000089 ) ) ;
#2515 = DIRECTION ( 'NONE',  ( 1.000000000000000000, 0.000000000000000000, 0.000000000000000000 ) ) ;
#2516 = SURFACE_STYLE_FILL_AREA ( #3237 ) ;
#2517 = ORIENTED_EDGE ( 'NONE', *, *, #6214, .T. ) ;
#2518 = ORIENTED_EDGE ( 'NONE', *, *, #782, .F. ) ;
#2519 =( NAMED_UNIT ( * ) SI_UNIT ( $, .STERADIAN. ) SOLID_ANGLE_UNIT ( ) );
#2520 = EDGE_CURVE ( 'NONE', #1139, #3467, #2441, .T. ) ;
#2521 =( NAMED_UNIT ( * ) PLANE_ANGLE_UNIT ( ) SI_UNIT ( $, .RADIAN. ) );
#2522 = MECHANICAL_DESIGN_GEOMETRIC_PRESENTATION_REPRESENTATION (  '', ( #6630 ), #515 ) ;
#2523 = ORIENTED_EDGE ( 'NONE', *, *, #3382, .T. ) ;
#2524 = CARTESIAN_POINT ( 'NONE',  ( 4.850000000000000533, 0.9799999999999999822, -2.200000000000000178 ) ) ;
#2525 = STYLED_ITEM ( 'NONE', ( #3894 ), #6412 ) ;
#2526 = DIRECTION ( 'NONE',  ( 0.000000000000000000, -1.000000000000000000, 0.000000000000000000 ) ) ;
#2527 = DIRECTION ( 'NONE',  ( 1.000000000000000000, 0.000000000000000000, 0.000000000000000000 ) ) ;
#2528 = DIRECTION ( 'NONE',  ( 0.000000000000000000, -1.000000000000000000, 0.000000000000000000 ) ) ;
#2529 =( NAMED_UNIT ( * ) SI_UNIT ( $, .STERADIAN. ) SOLID_ANGLE_UNIT ( ) );
#2530 = SURFACE_STYLE_USAGE ( .BOTH. , #1067 ) ;
#2531 = ORIENTED_EDGE ( 'NONE', *, *, #2567, .F. ) ;
#2532 = DIRECTION ( 'NONE',  ( 1.000000000000000000, 0.000000000000000000, 0.000000000000000000 ) ) ;
#2533 = DIRECTION ( 'NONE',  ( 0.000000000000000000, -1.000000000000000000, 0.000000000000000000 ) ) ;
#2534 = ORIENTED_EDGE ( 'NONE', *, *, #7170, .F. ) ;
#2535 = CYLINDRICAL_SURFACE ( 'NONE', #7230, 0.2500000000000002220 ) ;
#2536 = LINE ( 'NONE', #5429, #4777 ) ;
#2537 = CYLINDRICAL_SURFACE ( 'NONE', #494, 0.2500000000000002220 ) ;
#2538 = DIRECTION ( 'NONE',  ( 0.000000000000000000, 0.000000000000000000, -1.000000000000000000 ) ) ;
#2539 =( NAMED_UNIT ( * ) PLANE_ANGLE_UNIT ( ) SI_UNIT ( $, .RADIAN. ) );
#2540 = STYLED_ITEM ( 'NONE', ( #4271 ), #9338 ) ;
#2541 = PLANE ( 'NONE',  #581 ) ;
#2542 = ORIENTED_EDGE ( 'NONE', *, *, #4215, .F. ) ;
#2543 = UNCERTAINTY_MEASURE_WITH_UNIT (LENGTH_MEASURE( 1.000000000000000082E-05 ), #478, 'distance_accuracy_value', 'NONE');
#2544 = PLANE ( 'NONE',  #4233 ) ;
#2545 = VECTOR ( 'NONE', #8372, 1000.000000000000000 ) ;
#2546 = DIRECTION ( 'NONE',  ( -1.000000000000000000, 0.000000000000000000, 0.000000000000000000 ) ) ;
#2547 = EDGE_LOOP ( 'NONE', ( #8277, #9200, #6101, #6517 ) ) ;
#2548 = SURFACE_STYLE_FILL_AREA ( #8456 ) ;
#2549 = VERTEX_POINT ( 'NONE', #3651 ) ;
#2550 = EDGE_CURVE ( 'NONE', #3099, #8212, #6721, .T. ) ;
#2551 = CARTESIAN_POINT ( 'NONE',  ( -4.850000000000000533, 0.000000000000000000, 5.049999999999999822 ) ) ;
#2552 = AXIS2_PLACEMENT_3D ( 'NONE', #2296, #5612, #840 ) ;
#2553 = ORIENTED_EDGE ( 'NONE', *, *, #470, .F. ) ;
#2554 =( NAMED_UNIT ( * ) SI_UNIT ( $, .STERADIAN. ) SOLID_ANGLE_UNIT ( ) );
#2555 = CARTESIAN_POINT ( 'NONE',  ( -4.850000000000000533, 0.000000000000000000, -5.049999999999999822 ) ) ;
#2556 = STYLED_ITEM ( 'NONE', ( #4818 ), #4949 ) ;
#2557 = VECTOR ( 'NONE', #6346, 1000.000000000000000 ) ;
#2558 = VERTEX_POINT ( 'NONE', #6007 ) ;
#2559 = ORIENTED_EDGE ( 'NONE', *, *, #2864, .T. ) ;
#2560 = STYLED_ITEM ( 'NONE', ( #3148 ), #8260 ) ;
#2561 = SURFACE_STYLE_USAGE ( .BOTH. , #7687 ) ;
#2562 = ORIENTED_EDGE ( 'NONE', *, *, #4565, .T. ) ;
#2563 = DIRECTION ( 'NONE',  ( -1.000000000000000000, 0.000000000000000000, 0.000000000000000000 ) ) ;
#2564 =( NAMED_UNIT ( * ) SI_UNIT ( $, .STERADIAN. ) SOLID_ANGLE_UNIT ( ) );
#2565 = COLOUR_RGB ( '',1.000000000000000000, 0.8117647058823529438, 0.5019607843137254832 ) ;
#2566 = EDGE_CURVE ( 'NONE', #6638, #4423, #2127, .T. ) ;
#2567 = EDGE_CURVE ( 'NONE', #5003, #5236, #2951, .T. ) ;
#2568 = LINE ( 'NONE', #1872, #9367 ) ;
#2569 = CARTESIAN_POINT ( 'NONE',  ( 4.850000000000000533, 0.02000000000000000042, -2.449999999999999734 ) ) ;
#2570 =( LENGTH_UNIT ( ) NAMED_UNIT ( * ) SI_UNIT ( .MILLI., .METRE. ) );
#2571 =( LENGTH_UNIT ( ) NAMED_UNIT ( * ) SI_UNIT ( .MILLI., .METRE. ) );
#2572 = VECTOR ( 'NONE', #8657, 1000.000000000000000 ) ;
#2573 = VERTEX_POINT ( 'NONE', #7928 ) ;
#2574 = AXIS2_PLACEMENT_3D ( 'NONE', #5446, #4744, #6360 ) ;
#2575 = SURFACE_STYLE_USAGE ( .BOTH. , #9080 ) ;
#2576 = ORIENTED_EDGE ( 'NONE', *, *, #5299, .T. ) ;
#2577 = DIRECTION ( 'NONE',  ( 0.000000000000000000, -1.000000000000000000, 0.000000000000000000 ) ) ;
#2578 = FACE_OUTER_BOUND ( 'NONE', #6726, .T. ) ;
#2579 = STYLED_ITEM ( 'NONE', ( #8088 ), #2156 ) ;
#2580 = MECHANICAL_DESIGN_GEOMETRIC_PRESENTATION_REPRESENTATION (  '', ( #6059 ), #5005 ) ;
#2581 = EDGE_CURVE ( 'NONE', #4080, #287, #1658, .T. ) ;
#2582 = LINE ( 'NONE', #5376, #9324 ) ;
#2583 = CARTESIAN_POINT ( 'NONE',  ( -4.850000000000000533, 0.02000000000000000042, -5.049999999999999822 ) ) ;
#2584 = CARTESIAN_POINT ( 'NONE',  ( -4.850000000000000533, 0.02000000000000000042, 1.350000000000000089 ) ) ;
#2585 =( GEOMETRIC_REPRESENTATION_CONTEXT ( 3 ) GLOBAL_UNCERTAINTY_ASSIGNED_CONTEXT ( ( #8594 ) ) GLOBAL_UNIT_ASSIGNED_CONTEXT ( ( #4149, #1248, #5224 ) ) REPRESENTATION_CONTEXT ( 'NONE', 'WORKASPACE' ) );
#2586 = CARTESIAN_POINT ( 'NONE',  ( -4.120000000000000107, 2.299999999999999822, -8.673617379884039416E-16 ) ) ;
#2587 = AXIS2_PLACEMENT_3D ( 'NONE', #6465, #7434, #4335 ) ;
#2588 = VECTOR ( 'NONE', #5295, 1000.000000000000000 ) ;
#2589 = VERTEX_POINT ( 'NONE', #6514 ) ;
#2590 = ORIENTED_EDGE ( 'NONE', *, *, #4257, .F. ) ;
#2591 = DIRECTION ( 'NONE',  ( 0.000000000000000000, -1.000000000000000000, 0.000000000000000000 ) ) ;
#2592 = SURFACE_STYLE_FILL_AREA ( #4675 ) ;
#2593 = STYLED_ITEM ( 'NONE', ( #744 ), #5980 ) ;
#2594 = CARTESIAN_POINT ( 'NONE',  ( 1.734723475976809855E-15, 0.000000000000000000, 0.3999999999998999911 ) ) ;
#2595 = FACE_OUTER_BOUND ( 'NONE', #5291, .T. ) ;
#2596 =( NAMED_UNIT ( * ) SI_UNIT ( $, .STERADIAN. ) SOLID_ANGLE_UNIT ( ) );
#2597 = EDGE_CURVE ( 'NONE', #1138, #3485, #8805, .T. ) ;
#2598 = ORIENTED_EDGE ( 'NONE', *, *, #4909, .F. ) ;
#2599 = MECHANICAL_DESIGN_GEOMETRIC_PRESENTATION_REPRESENTATION (  '', ( #6691 ), #1505 ) ;
#2600 = CARTESIAN_POINT ( 'NONE',  ( -4.100000000000000533, 2.500000000000000000, 3.850000000000000089 ) ) ;
#2601 = CIRCLE ( 'NONE', #4880, 0.4000000000000001887 ) ;
#2602 = VERTEX_POINT ( 'NONE', #2485 ) ;
#2603 = SURFACE_STYLE_USAGE ( .BOTH. , #9247 ) ;
#2604 = EDGE_LOOP ( 'NONE', ( #2266, #8893, #7482, #6776, #6715, #5926, #8868 ) ) ;
#2605 = VECTOR ( 'NONE', #2394, 1000.000000000000000 ) ;
#2606 =( LENGTH_UNIT ( ) NAMED_UNIT ( * ) SI_UNIT ( .MILLI., .METRE. ) );
#2607 = FACE_OUTER_BOUND ( 'NONE', #4489, .T. ) ;
#2608 = ORIENTED_EDGE ( 'NONE', *, *, #7099, .T. ) ;
#2609 = DIRECTION ( 'NONE',  ( 1.000000000000000000, 0.000000000000000000, 0.000000000000000000 ) ) ;
#2610 = ORIENTED_EDGE ( 'NONE', *, *, #392, .T. ) ;
#2611 = EDGE_CURVE ( 'NONE', #5277, #5841, #8492, .T. ) ;
#2612 = EDGE_LOOP ( 'NONE', ( #8046, #193, #3062, #7192 ) ) ;
#2613 = FILL_AREA_STYLE ('',( #1822 ) ) ;
#2614 = SURFACE_STYLE_USAGE ( .BOTH. , #6932 ) ;
#2615 = UNCERTAINTY_MEASURE_WITH_UNIT (LENGTH_MEASURE( 1.000000000000000082E-05 ), #3520, 'distance_accuracy_value', 'NONE');
#2616 = DIRECTION ( 'NONE',  ( 1.000000000000000000, 0.000000000000000000, 0.000000000000000000 ) ) ;
#2617 = DIRECTION ( 'NONE',  ( 0.000000000000000000, -1.000000000000000000, 0.000000000000000000 ) ) ;
#2618 = PRESENTATION_LAYER_ASSIGNMENT (  '', '', ( #2003 ) ) ;
#2619 =( NAMED_UNIT ( * ) PLANE_ANGLE_UNIT ( ) SI_UNIT ( $, .RADIAN. ) );
#2620 = ORIENTED_EDGE ( 'NONE', *, *, #5086, .T. ) ;
#2621 = SURFACE_STYLE_USAGE ( .BOTH. , #2669 ) ;
#2622 = SURFACE_SIDE_STYLE ('',( #1198 ) ) ;
#2623 = EDGE_CURVE ( 'NONE', #9057, #261, #7295, .T. ) ;
#2624 = FILL_AREA_STYLE ('',( #8568 ) ) ;
#2625 = EDGE_CURVE ( 'NONE', #5971, #3823, #411, .T. ) ;
#2626 = CARTESIAN_POINT ( 'NONE',  ( 4.850000000000000533, 0.000000000000000000, -1.500000000000000000 ) ) ;
#2627 = PLANE ( 'NONE',  #7710 ) ;
#2628 = DIRECTION ( 'NONE',  ( 0.000000000000000000, -1.000000000000000000, 0.000000000000000000 ) ) ;
#2629 = CARTESIAN_POINT ( 'NONE',  ( -4.450000000000000178, 0.9799999999999999822, 4.400000000000000355 ) ) ;
#2630 = CARTESIAN_POINT ( 'NONE',  ( 4.850000000000000533, 0.02000000000000000042, 5.049999999999999822 ) ) ;
#2631 = ORIENTED_EDGE ( 'NONE', *, *, #5608, .F. ) ;
#2632 = SURFACE_STYLE_FILL_AREA ( #3248 ) ;
#2633 = FILL_AREA_STYLE_COLOUR ( '', #2687 ) ;
#2634 = EDGE_LOOP ( 'NONE', ( #6074, #8047, #7724, #9345, #3933, #2336, #8163, #6272, #8742, #1128, #2620, #641 ) ) ;
#2635 = VERTEX_POINT ( 'NONE', #276 ) ;
#2636 = DIRECTION ( 'NONE',  ( 0.000000000000000000, 0.000000000000000000, 1.000000000000000000 ) ) ;
#2637 = EDGE_CURVE ( 'NONE', #7802, #5158, #6154, .T. ) ;
#2638 = LINE ( 'NONE', #2688, #1413 ) ;
#2639 = CARTESIAN_POINT ( 'NONE',  ( 4.850000000000000533, 0.000000000000000000, -2.600000000000000089 ) ) ;
#2640 = CARTESIAN_POINT ( 'NONE',  ( -3.743898866310354734, 2.500000000000000000, -3.776662285569029720 ) ) ;
#2641 = FILL_AREA_STYLE ('',( #8634 ) ) ;
#2642 =( NAMED_UNIT ( * ) PLANE_ANGLE_UNIT ( ) SI_UNIT ( $, .RADIAN. ) );
#2643 = CARTESIAN_POINT ( 'NONE',  ( 4.599999999999999645, 0.000000000000000000, 3.299999999999999822 ) ) ;
#2644 = FILL_AREA_STYLE ('',( #1849 ) ) ;
#2645 = ORIENTED_EDGE ( 'NONE', *, *, #3723, .T. ) ;
#2646 = UNCERTAINTY_MEASURE_WITH_UNIT (LENGTH_MEASURE( 1.000000000000000082E-05 ), #4068, 'distance_accuracy_value', 'NONE');
#2647 = STYLED_ITEM ( 'NONE', ( #2101 ), #3517 ) ;
#2648 = ADVANCED_FACE ( 'NONE', ( #6112 ), #1805, .F. ) ;
#2649 = CARTESIAN_POINT ( 'NONE',  ( -3.950000000000000178, 0.000000000000000000, 0.6999999999999010347 ) ) ;
#2650 = VERTEX_POINT ( 'NONE', #7536 ) ;
#2651 = EDGE_LOOP ( 'NONE', ( #9111, #1542, #93, #7652, #1313, #9402 ) ) ;
#2652 = AXIS2_PLACEMENT_3D ( 'NONE', #8280, #1017, #6755 ) ;
#2653 = CARTESIAN_POINT ( 'NONE',  ( 4.120000000000000107, 1.050000000000000044, 4.590000000000000746 ) ) ;
#2654 = AXIS2_PLACEMENT_3D ( 'NONE', #4055, #6943, #7565 ) ;
#2655 = LINE ( 'NONE', #6969, #3779 ) ;
#2656 = VERTEX_POINT ( 'NONE', #4733 ) ;
#2657 = CARTESIAN_POINT ( 'NONE',  ( 1.734723475976809855E-15, 0.02000000000000000042, -8.673617379884039416E-16 ) ) ;
#2658 =( GEOMETRIC_REPRESENTATION_CONTEXT ( 3 ) GLOBAL_UNCERTAINTY_ASSIGNED_CONTEXT ( ( #4881 ) ) GLOBAL_UNIT_ASSIGNED_CONTEXT ( ( #5777, #5867, #31 ) ) REPRESENTATION_CONTEXT ( 'NONE', 'WORKASPACE' ) );
#2659 = ORIENTED_EDGE ( 'NONE', *, *, #1299, .T. ) ;
#2660 = VECTOR ( 'NONE', #3057, 1000.000000000000000 ) ;
#2661 =( NAMED_UNIT ( * ) SI_UNIT ( $, .STERADIAN. ) SOLID_ANGLE_UNIT ( ) );
#2662 = CARTESIAN_POINT ( 'NONE',  ( 4.850000000000000533, 1.000000000000000000, -3.299999999999999822 ) ) ;
#2663 = LINE ( 'NONE', #5557, #1965 ) ;
#2664 = PRESENTATION_LAYER_ASSIGNMENT (  '', '', ( #8116 ) ) ;
#2665 = AXIS2_PLACEMENT_3D ( 'NONE', #594, #5676, #8678 ) ;
#2666 = DIRECTION ( 'NONE',  ( 0.000000000000000000, -1.000000000000000000, 0.000000000000000000 ) ) ;
#2667 = ORIENTED_EDGE ( 'NONE', *, *, #4703, .T. ) ;
#2668 = ORIENTED_EDGE ( 'NONE', *, *, #4442, .T. ) ;
#2669 = SURFACE_SIDE_STYLE ('',( #9127 ) ) ;
#2670 = SURFACE_SIDE_STYLE ('',( #9172 ) ) ;
#2671 = FILL_AREA_STYLE ('',( #439 ) ) ;
#2672 =( NAMED_UNIT ( * ) PLANE_ANGLE_UNIT ( ) SI_UNIT ( $, .RADIAN. ) );
#2673 = STYLED_ITEM ( 'NONE', ( #9267 ), #6975 ) ;
#2674 = AXIS2_PLACEMENT_3D ( 'NONE', #2657, #1917, #7021 ) ;
#2675 = CARTESIAN_POINT ( 'NONE',  ( 4.120000000000000107, 2.149999999999999911, 16.55704800000000176 ) ) ;
#2676 = CARTESIAN_POINT ( 'NONE',  ( -4.850000000000000533, 0.000000000000000000, 2.899999999999999911 ) ) ;
#2677 = LINE ( 'NONE', #7898, #7862 ) ;
#2678 = ORIENTED_EDGE ( 'NONE', *, *, #1541, .F. ) ;
#2679 = ORIENTED_EDGE ( 'NONE', *, *, #4342, .F. ) ;
#2680 = EDGE_CURVE ( 'NONE', #3449, #3323, #3919, .T. ) ;
#2681 = ADVANCED_FACE ( 'NONE', ( #1077 ), #4022, .F. ) ;
#2682 = DIRECTION ( 'NONE',  ( -0.000000000000000000, 1.000000000000000000, 0.000000000000000000 ) ) ;
#2683 = ORIENTED_EDGE ( 'NONE', *, *, #5870, .T. ) ;
#2684 = VECTOR ( 'NONE', #2577, 1000.000000000000000 ) ;
#2685 =( GEOMETRIC_REPRESENTATION_CONTEXT ( 3 ) GLOBAL_UNCERTAINTY_ASSIGNED_CONTEXT ( ( #7650 ) ) GLOBAL_UNIT_ASSIGNED_CONTEXT ( ( #601, #2386, #2986 ) ) REPRESENTATION_CONTEXT ( 'NONE', 'WORKASPACE' ) );
#2686 = ORIENTED_EDGE ( 'NONE', *, *, #5359, .F. ) ;
#2687 = COLOUR_RGB ( '',1.000000000000000000, 0.8117647058823529438, 0.5019607843137254832 ) ;
#2688 = CARTESIAN_POINT ( 'NONE',  ( 3.950000000000000178, 0.000000000000000000, -8.673617379884039416E-16 ) ) ;
#2689 = SURFACE_SIDE_STYLE ('',( #9185 ) ) ;
#2690 = LINE ( 'NONE', #5724, #8566 ) ;
#2691 = SURFACE_STYLE_FILL_AREA ( #596 ) ;
#2692 = CARTESIAN_POINT ( 'NONE',  ( -4.120000000000000107, 0.000000000000000000, -4.440000000000000391 ) ) ;
#2693 = FILL_AREA_STYLE_COLOUR ( '', #8355 ) ;
#2694 =( NAMED_UNIT ( * ) PLANE_ANGLE_UNIT ( ) SI_UNIT ( $, .RADIAN. ) );
#2695 = EDGE_CURVE ( 'NONE', #6689, #2821, #3442, .T. ) ;
#2696 = ADVANCED_FACE ( 'NONE', ( #3537 ), #2753, .F. ) ;
#2697 = LINE ( 'NONE', #5639, #8686 ) ;
#2698 = ORIENTED_EDGE ( 'NONE', *, *, #5074, .F. ) ;
#2699 = CARTESIAN_POINT ( 'NONE',  ( -4.850000000000000533, 1.000000000000000000, -1.500000000000000000 ) ) ;
#2700 = UNCERTAINTY_MEASURE_WITH_UNIT (LENGTH_MEASURE( 1.000000000000000082E-05 ), #4934, 'distance_accuracy_value', 'NONE');
#2701 = DIRECTION ( 'NONE',  ( 0.000000000000000000, -1.000000000000000000, 0.000000000000000000 ) ) ;
#2702 = FILL_AREA_STYLE_COLOUR ( '', #7833 ) ;
#2703 = CIRCLE ( 'NONE', #1908, 0.1499999999999999667 ) ;
#2704 = ORIENTED_EDGE ( 'NONE', *, *, #8328, .T. ) ;
#2705 = SURFACE_STYLE_USAGE ( .BOTH. , #7640 ) ;
#2706 = SURFACE_STYLE_FILL_AREA ( #9251 ) ;
#2707 = AXIS2_PLACEMENT_3D ( 'NONE', #4723, #3208, #260 ) ;
#2708 = DIRECTION ( 'NONE',  ( 0.000000000000000000, 0.000000000000000000, -1.000000000000000000 ) ) ;
#2709 = EDGE_CURVE ( 'NONE', #1433, #2210, #7197, .T. ) ;
#2710 = ORIENTED_EDGE ( 'NONE', *, *, #6034, .T. ) ;
#2711 = LINE ( 'NONE', #6421, #8971 ) ;
#2712 = CIRCLE ( 'NONE', #8011, 0.4000000000000001887 ) ;
#2713 = VERTEX_POINT ( 'NONE', #6344 ) ;
#2714 = CARTESIAN_POINT ( 'NONE',  ( 4.850000000000000533, 0.02000000000000000042, 5.049999999999999822 ) ) ;
#2715 = DIRECTION ( 'NONE',  ( 0.000000000000000000, -1.000000000000000000, 0.000000000000000000 ) ) ;
#2716 = DIRECTION ( 'NONE',  ( 1.000000000000000000, 0.000000000000000000, 0.000000000000000000 ) ) ;
#2717 = PRESENTATION_LAYER_ASSIGNMENT (  '', '', ( #8773 ) ) ;
#2718 = DIRECTION ( 'NONE',  ( 0.000000000000000000, -1.000000000000000000, 0.000000000000000000 ) ) ;
#2719 = UNCERTAINTY_MEASURE_WITH_UNIT (LENGTH_MEASURE( 1.000000000000000082E-05 ), #3397, 'distance_accuracy_value', 'NONE');
#2720 = ORIENTED_EDGE ( 'NONE', *, *, #8467, .T. ) ;
#2721 = EDGE_CURVE ( 'NONE', #7595, #4561, #4877, .T. ) ;
#2722 = DIRECTION ( 'NONE',  ( -1.000000000000000000, 0.000000000000000000, 0.000000000000000000 ) ) ;
#2723 = SURFACE_STYLE_USAGE ( .BOTH. , #9208 ) ;
#2724 = MECHANICAL_DESIGN_GEOMETRIC_PRESENTATION_REPRESENTATION (  '', ( #8021 ), #4527 ) ;
#2725 = ORIENTED_EDGE ( 'NONE', *, *, #4654, .F. ) ;
#2726 = DIRECTION ( 'NONE',  ( 0.000000000000000000, -1.000000000000000000, 0.000000000000000000 ) ) ;
#2727 = FILL_AREA_STYLE_COLOUR ( '', #806 ) ;
#2728 =( GEOMETRIC_REPRESENTATION_CONTEXT ( 3 ) GLOBAL_UNCERTAINTY_ASSIGNED_CONTEXT ( ( #8921 ) ) GLOBAL_UNIT_ASSIGNED_CONTEXT ( ( #536, #2672, #1145 ) ) REPRESENTATION_CONTEXT ( 'NONE', 'WORKASPACE' ) );
#2729 = PLANE ( 'NONE',  #3538 ) ;
#2730 =( NAMED_UNIT ( * ) PLANE_ANGLE_UNIT ( ) SI_UNIT ( $, .RADIAN. ) );
#2731 = SURFACE_STYLE_FILL_AREA ( #1834 ) ;
#2732 = DIRECTION ( 'NONE',  ( 0.000000000000000000, -1.000000000000000000, 0.000000000000000000 ) ) ;
#2733 = COLOUR_RGB ( '',1.000000000000000000, 0.8117647058823529438, 0.5019607843137254832 ) ;
#2734 = CARTESIAN_POINT ( 'NONE',  ( -4.850000000000000533, 1.000000000000000000, 0.6999999999999999556 ) ) ;
#2735 = LINE ( 'NONE', #8622, #5235 ) ;
#2736 = PRESENTATION_LAYER_ASSIGNMENT (  '', '', ( #4255 ) ) ;
#2737 = CARTESIAN_POINT ( 'NONE',  ( 4.850000000000000533, 1.000000000000000000, -8.673617379884039416E-16 ) ) ;
#2738 = PLANE ( 'NONE',  #5426 ) ;
#2739 = EDGE_LOOP ( 'NONE', ( #5323, #3965, #546, #7354, #544, #8202, #187, #1661, #5834, #5184, #6520, #289, #7272, #3019, #2610, #8106, #7014, #9275, #1537, #4641, #1829, #8259, #3698, #5960, #1857, #8672, #3565, #5365, #6790, #1130, #5887, #6395, #5467, #3335, #5495, #6289, #3386, #2785, #1312, #6136, #4038, #7904, #8391, #2704, #3945, #8822, #4086, #6840, #5215 ) ) ;
#2740 = FILL_AREA_STYLE ('',( #3387 ) ) ;
#2741 = CARTESIAN_POINT ( 'NONE',  ( 3.479999999999999982, 2.449999999999999734, 3.149999999999999911 ) ) ;
#2742 = ORIENTED_EDGE ( 'NONE', *, *, #3740, .T. ) ;
#2743 = AXIS2_PLACEMENT_3D ( 'NONE', #5539, #3831, #7493 ) ;
#2744 = AXIS2_PLACEMENT_3D ( 'NONE', #1033, #5340, #1076 ) ;
#2745 = ORIENTED_EDGE ( 'NONE', *, *, #8380, .F. ) ;
#2746 = PRESENTATION_LAYER_ASSIGNMENT (  '', '', ( #4860 ) ) ;
#2747 =( NAMED_UNIT ( * ) PLANE_ANGLE_UNIT ( ) SI_UNIT ( $, .RADIAN. ) );
#2748 = EDGE_CURVE ( 'NONE', #3128, #2372, #1410, .T. ) ;
#2749 = CARTESIAN_POINT ( 'NONE',  ( -4.850000000000000533, 0.9799999999999999822, -0.8500000000000499378 ) ) ;
#2750 = SURFACE_SIDE_STYLE ('',( #9282 ) ) ;
#2751 = VECTOR ( 'NONE', #5047, 1000.000000000000000 ) ;
#2752 = FACE_OUTER_BOUND ( 'NONE', #3422, .T. ) ;
#2753 = PLANE ( 'NONE',  #6394 ) ;
#2754 = DIRECTION ( 'NONE',  ( -1.000000000000000000, 0.000000000000000000, 0.000000000000000000 ) ) ;
#2755 = STYLED_ITEM ( 'NONE', ( #4820 ), #2681 ) ;
#2756 =( GEOMETRIC_REPRESENTATION_CONTEXT ( 3 ) GLOBAL_UNCERTAINTY_ASSIGNED_CONTEXT ( ( #7321 ) ) GLOBAL_UNIT_ASSIGNED_CONTEXT ( ( #1227, #5647, #6589 ) ) REPRESENTATION_CONTEXT ( 'NONE', 'WORKASPACE' ) );
#2757 = CARTESIAN_POINT ( 'NONE',  ( 4.850000000000000533, 0.000000000000000000, -1.100000000000000089 ) ) ;
#2758 = CARTESIAN_POINT ( 'NONE',  ( 4.850000000000000533, 0.9799999999999999822, 0.2499999999999179823 ) ) ;
#2759 = LINE ( 'NONE', #1326, #3336 ) ;
#2761 = VECTOR ( 'NONE', #3581, 1000.000000000000000 ) ;
#2760 = LINE ( 'NONE', #5689, #8296 ) ;
#2762 = EDGE_CURVE ( 'NONE', #8525, #4743, #7856, .T. ) ;
#2763 = EDGE_CURVE ( 'NONE', #3412, #6229, #5011, .T. ) ;
#2764 = UNCERTAINTY_MEASURE_WITH_UNIT (LENGTH_MEASURE( 1.000000000000000082E-05 ), #2187, 'distance_accuracy_value', 'NONE');
#2765 = ORIENTED_EDGE ( 'NONE', *, *, #6921, .F. ) ;
#2766 =( GEOMETRIC_REPRESENTATION_CONTEXT ( 3 ) GLOBAL_UNCERTAINTY_ASSIGNED_CONTEXT ( ( #9164 ) ) GLOBAL_UNIT_ASSIGNED_CONTEXT ( ( #4325, #2244, #6636 ) ) REPRESENTATION_CONTEXT ( 'NONE', 'WORKASPACE' ) );
#2767 = PRESENTATION_STYLE_ASSIGNMENT (( #1331 ) ) ;
#2768 = DIRECTION ( 'NONE',  ( -0.000000000000000000, 1.000000000000000000, 0.000000000000000000 ) ) ;
#2769 = CARTESIAN_POINT ( 'NONE',  ( -4.850000000000000533, 1.000000000000000000, 1.100000000000000089 ) ) ;
#2770 =( NAMED_UNIT ( * ) PLANE_ANGLE_UNIT ( ) SI_UNIT ( $, .RADIAN. ) );
#2771 = EDGE_CURVE ( 'NONE', #2212, #6629, #9429, .T. ) ;
#2772 = CARTESIAN_POINT ( 'NONE',  ( 4.850000000000000533, 0.02000000000000000042, 0.2499999999999179823 ) ) ;
#2773 = DIRECTION ( 'NONE',  ( 0.000000000000000000, -1.000000000000000000, 0.000000000000000000 ) ) ;
#2774 = CARTESIAN_POINT ( 'NONE',  ( -4.850000000000000533, 1.000000000000000000, 4.400000000000000355 ) ) ;
#2775 = VERTEX_POINT ( 'NONE', #5773 ) ;
#2776 = ORIENTED_EDGE ( 'NONE', *, *, #4412, .T. ) ;
#2777 = DIRECTION ( 'NONE',  ( 0.000000000000000000, 1.000000000000000000, 0.000000000000000000 ) ) ;
#2778 = EDGE_CURVE ( 'NONE', #4128, #4557, #2143, .T. ) ;
#2779 = DIRECTION ( 'NONE',  ( 0.000000000000000000, 1.000000000000000000, 0.000000000000000000 ) ) ;
#2780 = DIRECTION ( 'NONE',  ( 0.000000000000000000, -1.000000000000000000, 0.000000000000000000 ) ) ;
#2781 =( NAMED_UNIT ( * ) PLANE_ANGLE_UNIT ( ) SI_UNIT ( $, .RADIAN. ) );
#2782 =( LENGTH_UNIT ( ) NAMED_UNIT ( * ) SI_UNIT ( .MILLI., .METRE. ) );
#2783 = SURFACE_STYLE_USAGE ( .BOTH. , #5853 ) ;
#2784 = ORIENTED_EDGE ( 'NONE', *, *, #6399, .F. ) ;
#2785 = ORIENTED_EDGE ( 'NONE', *, *, #3093, .T. ) ;
#2786 = LINE ( 'NONE', #7150, #3186 ) ;
#2787 = DIRECTION ( 'NONE',  ( 0.000000000000000000, 1.000000000000000000, 0.000000000000000000 ) ) ;
#2788 = DIRECTION ( 'NONE',  ( 0.000000000000000000, 0.000000000000000000, 1.000000000000000000 ) ) ;
#2789 = ORIENTED_EDGE ( 'NONE', *, *, #95, .F. ) ;
#2790 = EDGE_LOOP ( 'NONE', ( #53, #6779, #3988, #5262 ) ) ;
#2791 = EDGE_LOOP ( 'NONE', ( #1309, #4479, #8149, #7716 ) ) ;
#2792 = CARTESIAN_POINT ( 'NONE',  ( -4.850000000000000533, 1.000000000000000000, 2.200000000000000178 ) ) ;
#2793 = DIRECTION ( 'NONE',  ( -1.000000000000000000, 0.000000000000000000, 0.000000000000000000 ) ) ;
#2794 = CARTESIAN_POINT ( 'NONE',  ( -4.850000000000000533, 1.000000000000000000, -4.000000000000000000 ) ) ;
#2795 = DIRECTION ( 'NONE',  ( 0.000000000000000000, 0.000000000000000000, 1.000000000000000000 ) ) ;
#2796 = CYLINDRICAL_SURFACE ( 'NONE', #30, 0.4000000000000001887 ) ;
#2797 = DIRECTION ( 'NONE',  ( 0.000000000000000000, -1.000000000000000000, 0.000000000000000000 ) ) ;
#2798 = LINE ( 'NONE', #640, #94 ) ;
#2799 = UNCERTAINTY_MEASURE_WITH_UNIT (LENGTH_MEASURE( 1.000000000000000082E-05 ), #1335, 'distance_accuracy_value', 'NONE');
#2800 = CARTESIAN_POINT ( 'NONE',  ( -4.120000000000000107, 2.299999999999999822, -4.290000000000000036 ) ) ;
#2801 = SURFACE_STYLE_USAGE ( .BOTH. , #1279 ) ;
#2802 = CARTESIAN_POINT ( 'NONE',  ( 4.850000000000000533, 0.02000000000000000042, 4.799999999999999822 ) ) ;
#2803 = CARTESIAN_POINT ( 'NONE',  ( -3.950000000000000178, 0.02000000000000000042, -1.500000000000000000 ) ) ;
#2804 =( LENGTH_UNIT ( ) NAMED_UNIT ( * ) SI_UNIT ( .MILLI., .METRE. ) );
#2805 = DIRECTION ( 'NONE',  ( 0.000000000000000000, -1.000000000000000000, 0.000000000000000000 ) ) ;
#2806 = PRESENTATION_LAYER_ASSIGNMENT (  '', '', ( #6126 ) ) ;
#2807 = EDGE_CURVE ( 'NONE', #6724, #6044, #1705, .T. ) ;
#2808 = EDGE_CURVE ( 'NONE', #7260, #6880, #2848, .T. ) ;
#2809 =( NAMED_UNIT ( * ) SI_UNIT ( $, .STERADIAN. ) SOLID_ANGLE_UNIT ( ) );
#2810 = FILL_AREA_STYLE ('',( #7127 ) ) ;
#2811 = VERTEX_POINT ( 'NONE', #3497 ) ;
#2812 = FACE_OUTER_BOUND ( 'NONE', #1454, .T. ) ;
#2813 = VECTOR ( 'NONE', #4398, 1000.000000000000000 ) ;
#2814 = CARTESIAN_POINT ( 'NONE',  ( -4.850000000000000533, 0.9799999999999999822, -5.049999999999999822 ) ) ;
#2815 =( NAMED_UNIT ( * ) SI_UNIT ( $, .STERADIAN. ) SOLID_ANGLE_UNIT ( ) );
#2816 =( NAMED_UNIT ( * ) PLANE_ANGLE_UNIT ( ) SI_UNIT ( $, .RADIAN. ) );
#2817 = CARTESIAN_POINT ( 'NONE',  ( -3.950000000000000178, 0.000000000000000000, -8.673617379884039416E-16 ) ) ;
#2818 = LINE ( 'NONE', #579, #4293 ) ;
#2819 = ADVANCED_FACE ( 'NONE', ( #6403 ), #2796, .F. ) ;
#2820 = ORIENTED_EDGE ( 'NONE', *, *, #7580, .F. ) ;
#2821 = VERTEX_POINT ( 'NONE', #3721 ) ;
#2822 = MECHANICAL_DESIGN_GEOMETRIC_PRESENTATION_REPRESENTATION (  '', ( #3865 ), #7355 ) ;
#2823 = DIRECTION ( 'NONE',  ( -1.000000000000000000, 0.000000000000000000, 0.000000000000000000 ) ) ;
#2824 =( LENGTH_UNIT ( ) NAMED_UNIT ( * ) SI_UNIT ( .MILLI., .METRE. ) );
#2825 = PRESENTATION_STYLE_ASSIGNMENT (( #535 ) ) ;
#2826 = CARTESIAN_POINT ( 'NONE',  ( -3.950000000000000178, 0.000000000000000000, -0.7000000000001009859 ) ) ;
#2827 = PRESENTATION_LAYER_ASSIGNMENT (  '', '', ( #4499 ) ) ;
#2828 = AXIS2_PLACEMENT_3D ( 'NONE', #2434, #7004, #3391 ) ;
#2829 = MANIFOLD_SOLID_BREP ( 'NONE', #5273 ) ;
#2830 = CIRCLE ( 'NONE', #7817, 0.4000000000000001887 ) ;
#2831 = LINE ( 'NONE', #5717, #2332 ) ;
#2832 = FILL_AREA_STYLE ('',( #6434 ) ) ;
#2833 = LINE ( 'NONE', #627, #3466 ) ;
#2834 = CARTESIAN_POINT ( 'NONE',  ( 4.850000000000000533, 0.000000000000000000, 5.049999999999999822 ) ) ;
#2835 = EDGE_CURVE ( 'NONE', #3157, #8460, #4529, .T. ) ;
#2836 =( NAMED_UNIT ( * ) SI_UNIT ( $, .STERADIAN. ) SOLID_ANGLE_UNIT ( ) );
#2837 = VERTEX_POINT ( 'NONE', #5283 ) ;
#2838 = ORIENTED_EDGE ( 'NONE', *, *, #2222, .T. ) ;
#2839 = EDGE_LOOP ( 'NONE', ( #1101, #2745, #1864, #3997, #3125, #4034, #6121, #8747, #207, #971, #3936, #7137, #3038, #1321, #2182, #5317, #3479, #541, #3655, #371, #7200, #1054, #2903, #6925, #5575, #580, #8694, #1226, #590, #1440, #6462, #7603, #191, #6069, #1617, #7308, #2679, #1683, #1531, #6598, #7646, #1540, #68, #6803, #340, #6245, #4194, #152, #8165, #2077, #1094, #3142, #7175, #1818, #7692, #4506, #944, #5313, #4111, #7353, #1629, #2408, #5929, #7386, #3159, #3573, #768, #8065, #4176, #5101, #2169, #4060, #2909, #323, #8626, #4645 ) ) ;
#2840 = ORIENTED_EDGE ( 'NONE', *, *, #8826, .F. ) ;
#2841 = COLOUR_RGB ( '',1.000000000000000000, 0.8117647058823529438, 0.5019607843137254832 ) ;
#2842 = MECHANICAL_DESIGN_GEOMETRIC_PRESENTATION_REPRESENTATION (  '', ( #2050 ), #947 ) ;
#2843 = COLOUR_RGB ( '',1.000000000000000000, 0.8117647058823529438, 0.5019607843137254832 ) ;
#2844 = DIRECTION ( 'NONE',  ( -0.000000000000000000, 1.000000000000000000, 0.000000000000000000 ) ) ;
#2845 = CARTESIAN_POINT ( 'NONE',  ( -3.950000000000000178, 0.02000000000000000042, -8.673617379884039416E-16 ) ) ;
#2846 = LINE ( 'NONE', #9232, #572 ) ;
#2847 = DIRECTION ( 'NONE',  ( 1.000000000000000000, 0.000000000000000000, 0.000000000000000000 ) ) ;
#2848 = LINE ( 'NONE', #4220, #8265 ) ;
#2849 = FACE_OUTER_BOUND ( 'NONE', #659, .T. ) ;
#2850 = VECTOR ( 'NONE', #2591, 1000.000000000000000 ) ;
#2851 = VECTOR ( 'NONE', #7957, 1000.000000000000000 ) ;
#2852 = CARTESIAN_POINT ( 'NONE',  ( -4.850000000000000533, 0.000000000000000000, -0.8500000000001020073 ) ) ;
#2853 = DIRECTION ( 'NONE',  ( 1.000000000000000000, 0.000000000000000000, 0.000000000000000000 ) ) ;
#2854 = CARTESIAN_POINT ( 'NONE',  ( 1.734723475976809855E-15, 2.299999999999999822, -4.290000000000000036 ) ) ;
#2855 = VECTOR ( 'NONE', #6893, 1000.000000000000000 ) ;
#2856 = UNCERTAINTY_MEASURE_WITH_UNIT (LENGTH_MEASURE( 1.000000000000000082E-05 ), #9088, 'distance_accuracy_value', 'NONE');
#2857 = PRESENTATION_STYLE_ASSIGNMENT (( #4504 ) ) ;
#2858 = FACE_OUTER_BOUND ( 'NONE', #6435, .T. ) ;
#2859 = ORIENTED_EDGE ( 'NONE', *, *, #670, .F. ) ;
#2860 = DIRECTION ( 'NONE',  ( 0.000000000000000000, -1.000000000000000000, 0.000000000000000000 ) ) ;
#2861 = ORIENTED_EDGE ( 'NONE', *, *, #7613, .F. ) ;
#2862 =( LENGTH_UNIT ( ) NAMED_UNIT ( * ) SI_UNIT ( .MILLI., .METRE. ) );
#2863 = CARTESIAN_POINT ( 'NONE',  ( 1.734723475976809855E-15, 0.9799999999999999822, -8.673617379884039416E-16 ) ) ;
#2864 = EDGE_CURVE ( 'NONE', #1153, #8073, #882, .T. ) ;
#2865 = STYLED_ITEM ( 'NONE', ( #5286 ), #595 ) ;
#2866 = CARTESIAN_POINT ( 'NONE',  ( 4.599999999999999645, 0.000000000000000000, -3.299999999999999822 ) ) ;
#2867 =( GEOMETRIC_REPRESENTATION_CONTEXT ( 3 ) GLOBAL_UNCERTAINTY_ASSIGNED_CONTEXT ( ( #5779 ) ) GLOBAL_UNIT_ASSIGNED_CONTEXT ( ( #9362, #3662, #4952 ) ) REPRESENTATION_CONTEXT ( 'NONE', 'WORKASPACE' ) );
#2868 = SURFACE_STYLE_USAGE ( .BOTH. , #1245 ) ;
#2869 = ORIENTED_EDGE ( 'NONE', *, *, #5015, .T. ) ;
#2870 = DIRECTION ( 'NONE',  ( 1.000000000000000000, 0.000000000000000000, 0.000000000000000000 ) ) ;
#2871 = ORIENTED_EDGE ( 'NONE', *, *, #2748, .T. ) ;
#2872 = DIRECTION ( 'NONE',  ( 0.000000000000000000, 1.000000000000000000, 0.000000000000000000 ) ) ;
#2873 = VECTOR ( 'NONE', #1612, 1000.000000000000000 ) ;
#2874 = DIRECTION ( 'NONE',  ( 1.000000000000000000, 0.000000000000000000, 0.000000000000000000 ) ) ;
#2875 = LINE ( 'NONE', #1447, #3181 ) ;
#2876 = ADVANCED_FACE ( 'NONE', ( #7470 ), #3812, .T. ) ;
#2877 = ADVANCED_FACE ( 'NONE', ( #1463 ), #8054, .F. ) ;
#2878 = COLOUR_RGB ( '',1.000000000000000000, 0.8117647058823529438, 0.5019607843137254832 ) ;
#2879 = SURFACE_STYLE_FILL_AREA ( #496 ) ;
#2880 = SURFACE_STYLE_FILL_AREA ( #6573 ) ;
#2881 = VERTEX_POINT ( 'NONE', #1019 ) ;
#2882 = ORIENTED_EDGE ( 'NONE', *, *, #9446, .F. ) ;
#2883 = AXIS2_PLACEMENT_3D ( 'NONE', #5207, #883, #7421 ) ;
#2884 = FILL_AREA_STYLE_COLOUR ( '', #8434 ) ;
#2885 =( NAMED_UNIT ( * ) SI_UNIT ( $, .STERADIAN. ) SOLID_ANGLE_UNIT ( ) );
#2886 = EDGE_CURVE ( 'NONE', #4745, #5301, #9035, .T. ) ;
#2887 =( GEOMETRIC_REPRESENTATION_CONTEXT ( 3 ) GLOBAL_UNCERTAINTY_ASSIGNED_CONTEXT ( ( #5979 ) ) GLOBAL_UNIT_ASSIGNED_CONTEXT ( ( #9163, #4138, #8412 ) ) REPRESENTATION_CONTEXT ( 'NONE', 'WORKASPACE' ) );
#2888 = DIRECTION ( 'NONE',  ( 0.000000000000000000, 0.000000000000000000, -1.000000000000000000 ) ) ;
#2889 = CARTESIAN_POINT ( 'NONE',  ( -4.850000000000000533, 0.000000000000000000, 3.050000000000000266 ) ) ;
#2890 = FILL_AREA_STYLE ('',( #2934 ) ) ;
#2891 = CARTESIAN_POINT ( 'NONE',  ( -4.850000000000000533, 1.000000000000000000, 2.899999999999999911 ) ) ;
#2892 = VECTOR ( 'NONE', #3664, 1000.000000000000000 ) ;
#2893 = VECTOR ( 'NONE', #7393, 1000.000000000000000 ) ;
#2894 = FACE_OUTER_BOUND ( 'NONE', #6167, .T. ) ;
#2895 = DIRECTION ( 'NONE',  ( 0.000000000000000000, 1.000000000000000000, 0.000000000000000000 ) ) ;
#2896 = AXIS2_PLACEMENT_3D ( 'NONE', #1287, #2768, #4234 ) ;
#2897 = PRESENTATION_STYLE_ASSIGNMENT (( #2938 ) ) ;
#2898 =( GEOMETRIC_REPRESENTATION_CONTEXT ( 3 ) GLOBAL_UNCERTAINTY_ASSIGNED_CONTEXT ( ( #4967 ) ) GLOBAL_UNIT_ASSIGNED_CONTEXT ( ( #4088, #6978, #2661 ) ) REPRESENTATION_CONTEXT ( 'NONE', 'WORKASPACE' ) );
#2899 = EDGE_CURVE ( 'NONE', #2656, #631, #2034, .T. ) ;
#2900 = SURFACE_STYLE_FILL_AREA ( #3506 ) ;
#2901 = AXIS2_PLACEMENT_3D ( 'NONE', #4323, #6453, #7298 ) ;
#2902 = CARTESIAN_POINT ( 'NONE',  ( 4.850000000000000533, 0.02000000000000000042, -0.2500000000000809908 ) ) ;
#2903 = ORIENTED_EDGE ( 'NONE', *, *, #37, .F. ) ;
#2904 = COLOUR_RGB ( '',1.000000000000000000, 0.8117647058823529438, 0.5019607843137254832 ) ;
#2905 = FACE_OUTER_BOUND ( 'NONE', #8927, .T. ) ;
#2906 = VECTOR ( 'NONE', #6258, 1000.000000000000000 ) ;
#2907 = DIRECTION ( 'NONE',  ( 1.000000000000000000, 0.000000000000000000, 0.000000000000000000 ) ) ;
#2908 = ORIENTED_EDGE ( 'NONE', *, *, #9132, .F. ) ;
#2909 = ORIENTED_EDGE ( 'NONE', *, *, #7689, .F. ) ;
#2910 = CARTESIAN_POINT ( 'NONE',  ( 4.850000000000000533, 0.000000000000000000, 5.049999999999999822 ) ) ;
#2911 =( LENGTH_UNIT ( ) NAMED_UNIT ( * ) SI_UNIT ( .MILLI., .METRE. ) );
#2912 = ORIENTED_EDGE ( 'NONE', *, *, #3435, .T. ) ;
#2913 = EDGE_CURVE ( 'NONE', #7602, #6971, #4005, .T. ) ;
#2914 = VERTEX_POINT ( 'NONE', #3385 ) ;
#2915 = DIRECTION ( 'NONE',  ( -0.000000000000000000, 1.000000000000000000, 0.000000000000000000 ) ) ;
#2916 = ORIENTED_EDGE ( 'NONE', *, *, #602, .T. ) ;
#2917 = CARTESIAN_POINT ( 'NONE',  ( -4.850000000000000533, 0.9799999999999999822, 4.000000000000000000 ) ) ;
#2918 =( NAMED_UNIT ( * ) PLANE_ANGLE_UNIT ( ) SI_UNIT ( $, .RADIAN. ) );
#2919 = CARTESIAN_POINT ( 'NONE',  ( 4.850000000000000533, 0.000000000000000000, 5.049999999999999822 ) ) ;
#2920 =( NAMED_UNIT ( * ) PLANE_ANGLE_UNIT ( ) SI_UNIT ( $, .RADIAN. ) );
#2921 = LINE ( 'NONE', #5894, #6829 ) ;
#2922 = CARTESIAN_POINT ( 'NONE',  ( -4.450000000000000178, 1.000000000000000000, -4.400000000000000355 ) ) ;
#2923 = SURFACE_STYLE_USAGE ( .BOTH. , #9417 ) ;
#2924 = CIRCLE ( 'NONE', #8215, 0.2500000000000002220 ) ;
#2925 = SURFACE_SIDE_STYLE ('',( #9419 ) ) ;
#2926 = ORIENTED_EDGE ( 'NONE', *, *, #8906, .F. ) ;
#2927 = ADVANCED_FACE ( 'NONE', ( #6859 ), #6811, .F. ) ;
#2928 = EDGE_CURVE ( 'NONE', #9024, #3744, #1065, .T. ) ;
#2929 = ORIENTED_EDGE ( 'NONE', *, *, #7930, .T. ) ;
#2930 = DIRECTION ( 'NONE',  ( 0.000000000000000000, -1.000000000000000000, 0.000000000000000000 ) ) ;
#2931 = CARTESIAN_POINT ( 'NONE',  ( -4.850000000000000533, 0.000000000000000000, -2.600000000000000089 ) ) ;
#2932 = VECTOR ( 'NONE', #6261, 1000.000000000000000 ) ;
#2933 = CARTESIAN_POINT ( 'NONE',  ( 4.850000000000000533, 0.02000000000000000042, 5.049999999999999822 ) ) ;
#2934 = FILL_AREA_STYLE_COLOUR ( '', #6757 ) ;
#2935 = SURFACE_STYLE_FILL_AREA ( #3627 ) ;
#2936 = EDGE_CURVE ( 'NONE', #4161, #8200, #5421, .T. ) ;
#2937 = CARTESIAN_POINT ( 'NONE',  ( 4.850000000000000533, 1.000000000000000000, -1.500000000000000000 ) ) ;
#2938 = SURFACE_STYLE_USAGE ( .BOTH. , #6353 ) ;
#2939 = DIRECTION ( 'NONE',  ( 0.000000000000000000, 1.000000000000000000, 0.000000000000000000 ) ) ;
#2940 = FILL_AREA_STYLE ('',( #695 ) ) ;
#2941 = SURFACE_STYLE_FILL_AREA ( #7299 ) ;
#2942 =( NAMED_UNIT ( * ) PLANE_ANGLE_UNIT ( ) SI_UNIT ( $, .RADIAN. ) );
#2943 = EDGE_CURVE ( 'NONE', #6880, #1339, #4721, .T. ) ;
#2944 = AXIS2_PLACEMENT_3D ( 'NONE', #3337, #3425, #4714 ) ;
#2945 = LINE ( 'NONE', #7302, #833 ) ;
#2946 = ORIENTED_EDGE ( 'NONE', *, *, #4321, .F. ) ;
#2947 = DIRECTION ( 'NONE',  ( 1.000000000000000000, 0.000000000000000000, 0.000000000000000000 ) ) ;
#2948 = ORIENTED_EDGE ( 'NONE', *, *, #8502, .T. ) ;
#2949 = CARTESIAN_POINT ( 'NONE',  ( 4.850000000000000533, 0.000000000000000000, 5.049999999999999822 ) ) ;
#2950 = DIRECTION ( 'NONE',  ( 1.000000000000000000, 0.000000000000000000, 0.000000000000000000 ) ) ;
#2951 = LINE ( 'NONE', #2390, #3499 ) ;
#2952 = ORIENTED_EDGE ( 'NONE', *, *, #3440, .F. ) ;
#2953 = CIRCLE ( 'NONE', #5535, 0.4000000000000001887 ) ;
#2954 = PLANE ( 'NONE',  #4546 ) ;
#2955 = FACE_OUTER_BOUND ( 'NONE', #1711, .T. ) ;
#2956 = VERTEX_POINT ( 'NONE', #1109 ) ;
#2957 = ORIENTED_EDGE ( 'NONE', *, *, #5181, .F. ) ;
#2958 = UNCERTAINTY_MEASURE_WITH_UNIT (LENGTH_MEASURE( 1.000000000000000082E-05 ), #981, 'distance_accuracy_value', 'NONE');
#2959 = ORIENTED_EDGE ( 'NONE', *, *, #9361, .F. ) ;
#2960 = FACE_OUTER_BOUND ( 'NONE', #4013, .T. ) ;
#2961 = CARTESIAN_POINT ( 'NONE',  ( 4.850000000000000533, 0.000000000000000000, -0.8500000000001020073 ) ) ;
#2962 =( NAMED_UNIT ( * ) PLANE_ANGLE_UNIT ( ) SI_UNIT ( $, .RADIAN. ) );
#2963 =( LENGTH_UNIT ( ) NAMED_UNIT ( * ) SI_UNIT ( .MILLI., .METRE. ) );
#2964 = DIRECTION ( 'NONE',  ( 1.000000000000000000, 0.000000000000000000, 0.000000000000000000 ) ) ;
#2965 = PRODUCT_DEFINITION_CONTEXT ( 'detailed design', #2311, 'design' ) ;
#2966 = LINE ( 'NONE', #6658, #4608 ) ;
#2967 = SURFACE_STYLE_FILL_AREA ( #5806 ) ;
#2968 = AXIS2_PLACEMENT_3D ( 'NONE', #8722, #1320, #2106 ) ;
#2969 = FILL_AREA_STYLE ('',( #5234 ) ) ;
#2970 = VECTOR ( 'NONE', #7619, 1000.000000000000000 ) ;
#2971 = ORIENTED_EDGE ( 'NONE', *, *, #6241, .T. ) ;
#2972 = ORIENTED_EDGE ( 'NONE', *, *, #9092, .T. ) ;
#2973 = FILL_AREA_STYLE_COLOUR ( '', #5394 ) ;
#2974 = VECTOR ( 'NONE', #6674, 1000.000000000000000 ) ;
#2975 = CARTESIAN_POINT ( 'NONE',  ( -4.850000000000000533, 0.02000000000000000042, -5.049999999999999822 ) ) ;
#2976 = DIRECTION ( 'NONE',  ( 0.000000000000000000, -1.000000000000000000, 0.000000000000000000 ) ) ;
#2977 = DIRECTION ( 'NONE',  ( 0.000000000000000000, -1.000000000000000000, 0.000000000000000000 ) ) ;
#2978 = MECHANICAL_DESIGN_GEOMETRIC_PRESENTATION_REPRESENTATION (  '', ( #7969 ), #9184 ) ;
#2979 = VECTOR ( 'NONE', #8395, 1000.000000000000000 ) ;
#2980 = DIRECTION ( 'NONE',  ( 0.000000000000000000, 0.000000000000000000, 1.000000000000000000 ) ) ;
#2981 =( NAMED_UNIT ( * ) SI_UNIT ( $, .STERADIAN. ) SOLID_ANGLE_UNIT ( ) );
#2982 = EDGE_CURVE ( 'NONE', #7787, #7526, #5073, .T. ) ;
#2983 = SURFACE_STYLE_USAGE ( .BOTH. , #1957 ) ;
#2984 = STYLED_ITEM ( 'NONE', ( #8716 ), #6871 ) ;
#2985 = AXIS2_PLACEMENT_3D ( 'NONE', #6333, #9218, #1995 ) ;
#2986 =( NAMED_UNIT ( * ) SI_UNIT ( $, .STERADIAN. ) SOLID_ANGLE_UNIT ( ) );
#2987 = FACE_OUTER_BOUND ( 'NONE', #7860, .T. ) ;
#2988 = EDGE_CURVE ( 'NONE', #433, #4551, #8385, .T. ) ;
#2989 = VECTOR ( 'NONE', #5803, 1000.000000000000000 ) ;
#2990 = EDGE_CURVE ( 'NONE', #6971, #8080, #4026, .T. ) ;
#2991 = CIRCLE ( 'NONE', #8447, 0.4000000000000001887 ) ;
#2992 = SURFACE_SIDE_STYLE ('',( #5826 ) ) ;
#2993 = VERTEX_POINT ( 'NONE', #2472 ) ;
#2994 = FILL_AREA_STYLE ('',( #3688 ) ) ;
#2995 = CARTESIAN_POINT ( 'NONE',  ( 4.850000000000000533, 0.02000000000000000042, 4.400000000000000355 ) ) ;
#2996 = AXIS2_PLACEMENT_3D ( 'NONE', #5987, #8325, #1103 ) ;
#2997 = ORIENTED_EDGE ( 'NONE', *, *, #149, .F. ) ;
#2998 = AXIS2_PLACEMENT_3D ( 'NONE', #3768, #32, #220 ) ;
#2999 = EDGE_LOOP ( 'NONE', ( #6950, #5117, #4120, #4498, #1045 ) ) ;
#3000 = DIRECTION ( 'NONE',  ( 0.000000000000000000, -1.000000000000000000, 0.000000000000000000 ) ) ;
#3001 = EDGE_CURVE ( 'NONE', #1339, #3788, #2582, .T. ) ;
#3002 =( NAMED_UNIT ( * ) PLANE_ANGLE_UNIT ( ) SI_UNIT ( $, .RADIAN. ) );
#3003 = FILL_AREA_STYLE_COLOUR ( '', #7469 ) ;
#3004 = VERTEX_POINT ( 'NONE', #2044 ) ;
#3005 = FILL_AREA_STYLE_COLOUR ( '', #8370 ) ;
#3006 = ORIENTED_EDGE ( 'NONE', *, *, #8195, .F. ) ;
#3007 = VERTEX_POINT ( 'NONE', #9310 ) ;
#3008 = EDGE_LOOP ( 'NONE', ( #3596, #8363, #6487, #5079 ) ) ;
#3009 = ORIENTED_EDGE ( 'NONE', *, *, #6214, .F. ) ;
#3010 = ORIENTED_EDGE ( 'NONE', *, *, #8103, .T. ) ;
#3011 = DIRECTION ( 'NONE',  ( 0.000000000000000000, 1.000000000000000000, 0.000000000000000000 ) ) ;
#3012 =( NAMED_UNIT ( * ) SI_UNIT ( $, .STERADIAN. ) SOLID_ANGLE_UNIT ( ) );
#3013 = EDGE_CURVE ( 'NONE', #3369, #3265, #2735, .T. ) ;
#3014 = MECHANICAL_DESIGN_GEOMETRIC_PRESENTATION_REPRESENTATION (  '', ( #6814 ), #8490 ) ;
#3015 = SURFACE_STYLE_USAGE ( .BOTH. , #5570 ) ;
#3016 = CARTESIAN_POINT ( 'NONE',  ( 3.950000000000000178, 0.02000000000000000042, -3.700000000000000178 ) ) ;
#3017 = MECHANICAL_DESIGN_GEOMETRIC_PRESENTATION_REPRESENTATION (  '', ( #7105 ), #8311 ) ;
#3018 =( NAMED_UNIT ( * ) PLANE_ANGLE_UNIT ( ) SI_UNIT ( $, .RADIAN. ) );
#3019 = ORIENTED_EDGE ( 'NONE', *, *, #6271, .T. ) ;
#3020 = SURFACE_STYLE_USAGE ( .BOTH. , #6710 ) ;
#3021 = FACE_OUTER_BOUND ( 'NONE', #2612, .T. ) ;
#3022 = DIRECTION ( 'NONE',  ( 1.000000000000000000, 0.000000000000000000, 0.000000000000000000 ) ) ;
#3023 = AXIS2_PLACEMENT_3D ( 'NONE', #7439, #698, #8776 ) ;
#3024 =( NAMED_UNIT ( * ) SI_UNIT ( $, .STERADIAN. ) SOLID_ANGLE_UNIT ( ) );
#3025 = CARTESIAN_POINT ( 'NONE',  ( 4.419999999999999929, 1.050000000000000044, -4.590000000000000746 ) ) ;
#3026 = DIRECTION ( 'NONE',  ( 0.000000000000000000, 1.000000000000000000, 0.000000000000000000 ) ) ;
#3027 = VECTOR ( 'NONE', #6430, 1000.000000000000000 ) ;
#3028 = MECHANICAL_DESIGN_GEOMETRIC_PRESENTATION_REPRESENTATION (  '', ( #6357 ), #389 ) ;
#3029 = ADVANCED_FACE ( 'NONE', ( #5668 ), #1398, .T. ) ;
#3030 = AXIS2_PLACEMENT_3D ( 'NONE', #7658, #7467, #6895 ) ;
#3031 = FILL_AREA_STYLE ('',( #740 ) ) ;
#3032 = DIRECTION ( 'NONE',  ( 0.000000000000000000, 0.000000000000000000, -1.000000000000000000 ) ) ;
#3033 = LINE ( 'NONE', #2032, #7116 ) ;
#3034 = EDGE_LOOP ( 'NONE', ( #4602, #2929, #3459, #4473 ) ) ;
#3035 = FILL_AREA_STYLE_COLOUR ( '', #9433 ) ;
#3036 = STYLED_ITEM ( 'NONE', ( #4471 ), #5652 ) ;
#3037 = EDGE_CURVE ( 'NONE', #6971, #6169, #8478, .T. ) ;
#3038 = ORIENTED_EDGE ( 'NONE', *, *, #1720, .F. ) ;
#3039 = EDGE_CURVE ( 'NONE', #7085, #1778, #2831, .T. ) ;
#3040 =( NAMED_UNIT ( * ) SI_UNIT ( $, .STERADIAN. ) SOLID_ANGLE_UNIT ( ) );
#3041 = AXIS2_PLACEMENT_3D ( 'NONE', #5140, #7412, #163 ) ;
#3042 = ORIENTED_EDGE ( 'NONE', *, *, #3769, .T. ) ;
#3043 = CIRCLE ( 'NONE', #8348, 0.4000000000000001887 ) ;
#3044 = LINE ( 'NONE', #6016, #566 ) ;
#3045 = CIRCLE ( 'NONE', #7740, 0.2999999999999999334 ) ;
#3046 =( LENGTH_UNIT ( ) NAMED_UNIT ( * ) SI_UNIT ( .MILLI., .METRE. ) );
#3047 = STYLED_ITEM ( 'NONE', ( #5705 ), #5776 ) ;
#3048 =( GEOMETRIC_REPRESENTATION_CONTEXT ( 3 ) GLOBAL_UNCERTAINTY_ASSIGNED_CONTEXT ( ( #1223 ) ) GLOBAL_UNIT_ASSIGNED_CONTEXT ( ( #4314, #5529, #7052 ) ) REPRESENTATION_CONTEXT ( 'NONE', 'WORKASPACE' ) );
#3049 = SURFACE_SIDE_STYLE ('',( #802 ) ) ;
#3050 = ORIENTED_EDGE ( 'NONE', *, *, #1989, .T. ) ;
#3051 = VECTOR ( 'NONE', #9204, 1000.000000000000000 ) ;
#3052 = ORIENTED_EDGE ( 'NONE', *, *, #1079, .F. ) ;
#3053 = ADVANCED_FACE ( 'NONE', ( #4992 ), #6286, .F. ) ;
#3054 = VERTEX_POINT ( 'NONE', #5572 ) ;
#3055 = DIRECTION ( 'NONE',  ( 0.000000000000000000, 1.000000000000000000, 0.000000000000000000 ) ) ;
#3056 =( NAMED_UNIT ( * ) PLANE_ANGLE_UNIT ( ) SI_UNIT ( $, .RADIAN. ) );
#3057 = DIRECTION ( 'NONE',  ( 0.000000000000000000, -1.000000000000000000, 0.000000000000000000 ) ) ;
#3058 = VECTOR ( 'NONE', #7955, 1000.000000000000000 ) ;
#3059 = DIRECTION ( 'NONE',  ( 0.000000000000000000, 1.000000000000000000, 0.000000000000000000 ) ) ;
#3060 = VECTOR ( 'NONE', #4512, 1000.000000000000000 ) ;
#3061 = EDGE_CURVE ( 'NONE', #5143, #3823, #1938, .T. ) ;
#3062 = ORIENTED_EDGE ( 'NONE', *, *, #9306, .T. ) ;
#3063 = ORIENTED_EDGE ( 'NONE', *, *, #7442, .T. ) ;
#3064 = LINE ( 'NONE', #71, #5738 ) ;
#3065 = CARTESIAN_POINT ( 'NONE',  ( -4.850000000000000533, 0.9799999999999999822, -5.049999999999999822 ) ) ;
#3066 = CARTESIAN_POINT ( 'NONE',  ( -3.950000000000000178, 0.000000000000000000, -4.799999999999999822 ) ) ;
#3067 = VECTOR ( 'NONE', #364, 1000.000000000000000 ) ;
#3068 = FILL_AREA_STYLE ('',( #2290 ) ) ;
#3069 = ORIENTED_EDGE ( 'NONE', *, *, #6416, .T. ) ;
#3070 = CARTESIAN_POINT ( 'NONE',  ( -3.950000000000000178, 0.000000000000000000, -2.899999999999999911 ) ) ;
#3071 = STYLED_ITEM ( 'NONE', ( #893 ), #1431 ) ;
#3072 = CARTESIAN_POINT ( 'NONE',  ( -4.850000000000000533, 0.000000000000000000, -5.049999999999999822 ) ) ;
#3073 = DIRECTION ( 'NONE',  ( 1.000000000000000000, 0.000000000000000000, 0.000000000000000000 ) ) ;
#3074 = CARTESIAN_POINT ( 'NONE',  ( -4.850000000000000533, 1.000000000000000000, -8.673617379884039416E-16 ) ) ;
#3075 = CIRCLE ( 'NONE', #4306, 0.2500000000000002220 ) ;
#3076 = CARTESIAN_POINT ( 'NONE',  ( -4.850000000000000533, 0.000000000000000000, -5.049999999999999822 ) ) ;
#3077 = ORIENTED_EDGE ( 'NONE', *, *, #5486, .F. ) ;
#3078 = ORIENTED_EDGE ( 'NONE', *, *, #3175, .T. ) ;
#3079 = EDGE_LOOP ( 'NONE', ( #2002, #7792, #6876, #545, #5986, #8917 ) ) ;
#3080 = DIRECTION ( 'NONE',  ( 0.000000000000000000, 0.000000000000000000, -1.000000000000000000 ) ) ;
#3081 = ORIENTED_EDGE ( 'NONE', *, *, #5347, .F. ) ;
#3082 = ADVANCED_FACE ( 'NONE', ( #4863 ), #626, .F. ) ;
#3083 = EDGE_CURVE ( 'NONE', #7526, #6013, #2226, .T. ) ;
#3084 = CARTESIAN_POINT ( 'NONE',  ( -4.450000000000000178, 1.000000000000000000, 2.200000000000000178 ) ) ;
#3085 = ORIENTED_EDGE ( 'NONE', *, *, #5086, .F. ) ;
#3086 = ORIENTED_EDGE ( 'NONE', *, *, #7789, .T. ) ;
#3087 = UNCERTAINTY_MEASURE_WITH_UNIT (LENGTH_MEASURE( 1.000000000000000082E-05 ), #1151, 'distance_accuracy_value', 'NONE');
#3088 = ORIENTED_EDGE ( 'NONE', *, *, #2835, .F. ) ;
#3089 = ORIENTED_EDGE ( 'NONE', *, *, #555, .F. ) ;
#3090 = CARTESIAN_POINT ( 'NONE',  ( -4.419999999999999929, 1.050000000000000044, -4.290000000000000036 ) ) ;
#3091 = DIRECTION ( 'NONE',  ( 0.000000000000000000, -1.000000000000000000, 0.000000000000000000 ) ) ;
#3092 = EDGE_CURVE ( 'NONE', #4983, #1138, #3661, .T. ) ;
#3093 = EDGE_CURVE ( 'NONE', #7007, #8786, #2953, .T. ) ;
#3094 = CARTESIAN_POINT ( 'NONE',  ( -3.950000000000000178, 0.02000000000000000042, -8.673617379884039416E-16 ) ) ;
#3095 =( NAMED_UNIT ( * ) PLANE_ANGLE_UNIT ( ) SI_UNIT ( $, .RADIAN. ) );
#3096 =( NAMED_UNIT ( * ) PLANE_ANGLE_UNIT ( ) SI_UNIT ( $, .RADIAN. ) );
#3097 = SURFACE_SIDE_STYLE ('',( #5060 ) ) ;
#3098 = AXIS2_PLACEMENT_3D ( 'NONE', #9046, #5431, #4771 ) ;
#3099 = VERTEX_POINT ( 'NONE', #7281 ) ;
#3100 = DIRECTION ( 'NONE',  ( 1.000000000000000000, 0.000000000000000000, 0.000000000000000000 ) ) ;
#3101 =( LENGTH_UNIT ( ) NAMED_UNIT ( * ) SI_UNIT ( .MILLI., .METRE. ) );
#3102 = CARTESIAN_POINT ( 'NONE',  ( 4.599999999999999645, 0.02000000000000000042, -4.400000000000000355 ) ) ;
#3103 = DIRECTION ( 'NONE',  ( 0.000000000000000000, 1.000000000000000000, 0.000000000000000000 ) ) ;
#3104 = VECTOR ( 'NONE', #8588, 1000.000000000000000 ) ;
#3105 =( GEOMETRIC_REPRESENTATION_CONTEXT ( 3 ) GLOBAL_UNCERTAINTY_ASSIGNED_CONTEXT ( ( #2170 ) ) GLOBAL_UNIT_ASSIGNED_CONTEXT ( ( #921, #2288, #3024 ) ) REPRESENTATION_CONTEXT ( 'NONE', 'WORKASPACE' ) );
#3106 = EDGE_CURVE ( 'NONE', #8873, #7369, #7059, .T. ) ;
#3107 = SURFACE_SIDE_STYLE ('',( #170 ) ) ;
#3108 =( NAMED_UNIT ( * ) SI_UNIT ( $, .STERADIAN. ) SOLID_ANGLE_UNIT ( ) );
#3109 =( NAMED_UNIT ( * ) SI_UNIT ( $, .STERADIAN. ) SOLID_ANGLE_UNIT ( ) );
#3110 =( NAMED_UNIT ( * ) PLANE_ANGLE_UNIT ( ) SI_UNIT ( $, .RADIAN. ) );
#3111 = ORIENTED_EDGE ( 'NONE', *, *, #443, .T. ) ;
#3112 = VECTOR ( 'NONE', #9098, 1000.000000000000000 ) ;
#3113 = SURFACE_STYLE_USAGE ( .BOTH. , #6425 ) ;
#3114 = DIRECTION ( 'NONE',  ( -1.000000000000000000, 0.000000000000000000, 0.000000000000000000 ) ) ;
#3115 = DIRECTION ( 'NONE',  ( 0.000000000000000000, 0.000000000000000000, 1.000000000000000000 ) ) ;
#3116 = VECTOR ( 'NONE', #6521, 1000.000000000000000 ) ;
#3117 = DIRECTION ( 'NONE',  ( 0.000000000000000000, 0.000000000000000000, 1.000000000000000000 ) ) ;
#3118 =( NAMED_UNIT ( * ) PLANE_ANGLE_UNIT ( ) SI_UNIT ( $, .RADIAN. ) );
#3119 = ORIENTED_EDGE ( 'NONE', *, *, #5074, .T. ) ;
#3120 = DIRECTION ( 'NONE',  ( -1.000000000000000000, 0.000000000000000000, 0.000000000000000000 ) ) ;
#3121 = ORIENTED_EDGE ( 'NONE', *, *, #2625, .F. ) ;
#3122 = STYLED_ITEM ( 'NONE', ( #9161 ), #4667 ) ;
#3123 =( GEOMETRIC_REPRESENTATION_CONTEXT ( 3 ) GLOBAL_UNCERTAINTY_ASSIGNED_CONTEXT ( ( #2764 ) ) GLOBAL_UNIT_ASSIGNED_CONTEXT ( ( #2187, #9031, #3339 ) ) REPRESENTATION_CONTEXT ( 'NONE', 'WORKASPACE' ) );
#3124 = VECTOR ( 'NONE', #4151, 1000.000000000000000 ) ;
#3125 = ORIENTED_EDGE ( 'NONE', *, *, #4290, .F. ) ;
#3126 = CARTESIAN_POINT ( 'NONE',  ( 4.850000000000000533, 0.9799999999999999822, 5.049999999999999822 ) ) ;
#3127 = SURFACE_STYLE_USAGE ( .BOTH. , #2449 ) ;
#3128 = VERTEX_POINT ( 'NONE', #6572 ) ;
#3129 = SURFACE_SIDE_STYLE ('',( #3183 ) ) ;
#3130 = VERTEX_POINT ( 'NONE', #11 ) ;
#3131 = AXIS2_PLACEMENT_3D ( 'NONE', #1404, #3100, #9423 ) ;
#3132 = DIRECTION ( 'NONE',  ( 0.000000000000000000, 1.000000000000000000, 0.000000000000000000 ) ) ;
#3133 = STYLED_ITEM ( 'NONE', ( #5358 ), #6413 ) ;
#3134 = ORIENTED_EDGE ( 'NONE', *, *, #8250, .T. ) ;
#3135 = ORIENTED_EDGE ( 'NONE', *, *, #9180, .F. ) ;
#3136 = EDGE_CURVE ( 'NONE', #4330, #8433, #161, .T. ) ;
#3137 = ORIENTED_EDGE ( 'NONE', *, *, #578, .T. ) ;
#3138 = CARTESIAN_POINT ( 'NONE',  ( 3.950000000000000178, 0.000000000000000000, -4.000000000000000000 ) ) ;
#3139 =( NAMED_UNIT ( * ) SI_UNIT ( $, .STERADIAN. ) SOLID_ANGLE_UNIT ( ) );
#3140 = SURFACE_STYLE_FILL_AREA ( #7550 ) ;
#3141 = SURFACE_STYLE_FILL_AREA ( #2969 ) ;
#3142 = ORIENTED_EDGE ( 'NONE', *, *, #5414, .F. ) ;
#3143 = DIRECTION ( 'NONE',  ( -1.000000000000000000, 0.000000000000000000, 0.000000000000000000 ) ) ;
#3144 = EDGE_CURVE ( 'NONE', #4511, #7943, #5089, .T. ) ;
#3145 = ORIENTED_EDGE ( 'NONE', *, *, #1866, .F. ) ;
#3146 = EDGE_CURVE ( 'NONE', #5316, #9007, #3613, .T. ) ;
#3147 = VECTOR ( 'NONE', #361, 1000.000000000000000 ) ;
#3148 = PRESENTATION_STYLE_ASSIGNMENT (( #3904 ) ) ;
#3149 = CARTESIAN_POINT ( 'NONE',  ( -4.850000000000000533, 0.02000000000000000042, -2.449999999999999734 ) ) ;
#3150 = EDGE_CURVE ( 'NONE', #3467, #3793, #7324, .T. ) ;
#3151 =( GEOMETRIC_REPRESENTATION_CONTEXT ( 3 ) GLOBAL_UNCERTAINTY_ASSIGNED_CONTEXT ( ( #1628 ) ) GLOBAL_UNIT_ASSIGNED_CONTEXT ( ( #4150, #2521, #9079 ) ) REPRESENTATION_CONTEXT ( 'NONE', 'WORKASPACE' ) );
#3152 = CARTESIAN_POINT ( 'NONE',  ( 4.850000000000000533, 0.000000000000000000, 1.500000000000000000 ) ) ;
#3153 = FILL_AREA_STYLE ('',( #4530 ) ) ;
#3154 = ORIENTED_EDGE ( 'NONE', *, *, #658, .F. ) ;
#3155 = DIRECTION ( 'NONE',  ( 1.000000000000000000, 0.000000000000000000, 0.000000000000000000 ) ) ;
#3156 = ORIENTED_EDGE ( 'NONE', *, *, #5402, .T. ) ;
#3157 = VERTEX_POINT ( 'NONE', #2321 ) ;
#3159 = ORIENTED_EDGE ( 'NONE', *, *, #8685, .F. ) ;
#3158 = VECTOR ( 'NONE', #5874, 1000.000000000000000 ) ;
#3160 = DIRECTION ( 'NONE',  ( 0.000000000000000000, 1.000000000000000000, 0.000000000000000000 ) ) ;
#3161 = ADVANCED_FACE ( 'NONE', ( #1503 ), #6527, .F. ) ;
#3162 = SURFACE_SIDE_STYLE ('',( #3967 ) ) ;
#3163 = DIRECTION ( 'NONE',  ( 0.000000000000000000, 1.000000000000000000, 0.000000000000000000 ) ) ;
#3164 = CARTESIAN_POINT ( 'NONE',  ( 4.850000000000000533, 0.9799999999999999822, 5.049999999999999822 ) ) ;
#3165 = SURFACE_STYLE_FILL_AREA ( #8341 ) ;
#3166 = CIRCLE ( 'NONE', #2552, 0.2500000000000002220 ) ;
#3167 = DIRECTION ( 'NONE',  ( -1.000000000000000000, 0.000000000000000000, 0.000000000000000000 ) ) ;
#3168 = LINE ( 'NONE', #934, #5922 ) ;
#3169 = PRESENTATION_LAYER_ASSIGNMENT (  '', '', ( #6357 ) ) ;
#3170 = SURFACE_STYLE_USAGE ( .BOTH. , #6723 ) ;
#3171 = ORIENTED_EDGE ( 'NONE', *, *, #2625, .T. ) ;
#3172 = PRESENTATION_LAYER_ASSIGNMENT (  '', '', ( #1932 ) ) ;
#3173 = VECTOR ( 'NONE', #8636, 1000.000000000000000 ) ;
#3174 = ORIENTED_EDGE ( 'NONE', *, *, #4198, .F. ) ;
#3175 = EDGE_CURVE ( 'NONE', #7085, #2713, #2966, .T. ) ;
#3176 = CARTESIAN_POINT ( 'NONE',  ( 1.734723475976809855E-15, 2.449999999999999734, -4.290000000000000036 ) ) ;
#3177 = VECTOR ( 'NONE', #7012, 1000.000000000000000 ) ;
#3178 = ORIENTED_EDGE ( 'NONE', *, *, #6787, .F. ) ;
#3179 = CARTESIAN_POINT ( 'NONE',  ( 4.120000000000000107, 1.050000000000000044, -4.590000000000000746 ) ) ;
#3180 = DIRECTION ( 'NONE',  ( 0.000000000000000000, 1.000000000000000000, 0.000000000000000000 ) ) ;
#3181 = VECTOR ( 'NONE', #5040, 1000.000000000000000 ) ;
#3182 = CARTESIAN_POINT ( 'NONE',  ( 3.950000000000000178, 0.02000000000000000042, 0.6999999999999010347 ) ) ;
#3183 = SURFACE_STYLE_FILL_AREA ( #9006 ) ;
#3184 = VERTEX_POINT ( 'NONE', #4441 ) ;
#3185 =( GEOMETRIC_REPRESENTATION_CONTEXT ( 3 ) GLOBAL_UNCERTAINTY_ASSIGNED_CONTEXT ( ( #2700 ) ) GLOBAL_UNIT_ASSIGNED_CONTEXT ( ( #4934, #6002, #655 ) ) REPRESENTATION_CONTEXT ( 'NONE', 'WORKASPACE' ) );
#3186 = VECTOR ( 'NONE', #7189, 1000.000000000000000 ) ;
#3187 = EDGE_LOOP ( 'NONE', ( #757, #5415, #6652, #8737 ) ) ;
#3188 = MECHANICAL_DESIGN_GEOMETRIC_PRESENTATION_REPRESENTATION (  '', ( #9249 ), #413 ) ;
#3189 = VERTEX_POINT ( 'NONE', #4522 ) ;
#3190 = CARTESIAN_POINT ( 'NONE',  ( 1.734723475976809855E-15, 0.02000000000000000042, -8.673617379884039416E-16 ) ) ;
#3191 = DIRECTION ( 'NONE',  ( 0.000000000000000000, -1.000000000000000000, 0.000000000000000000 ) ) ;
#3192 = COLOUR_RGB ( '',0.5372549019607842924, 0.6235294117647058876, 0.000000000000000000 ) ;
#3193 = CARTESIAN_POINT ( 'NONE',  ( -4.850000000000000533, 0.000000000000000000, -5.049999999999999822 ) ) ;
#3194 = COLOUR_RGB ( '',1.000000000000000000, 0.8117647058823529438, 0.5019607843137254832 ) ;
#3195 = CIRCLE ( 'NONE', #5160, 0.1499999999999999667 ) ;
#3196 = DIRECTION ( 'NONE',  ( 0.000000000000000000, 1.000000000000000000, 0.000000000000000000 ) ) ;
#3197 = SURFACE_SIDE_STYLE ('',( #6796 ) ) ;
#3198 = ORIENTED_EDGE ( 'NONE', *, *, #5392, .T. ) ;
#3199 = ORIENTED_EDGE ( 'NONE', *, *, #8365, .F. ) ;
#3200 = SURFACE_STYLE_FILL_AREA ( #2199 ) ;
#3201 = AXIS2_PLACEMENT_3D ( 'NONE', #4462, #5782, #3592 ) ;
#3202 = AXIS2_PLACEMENT_3D ( 'NONE', #5505, #3518, #1924 ) ;
#3203 = ORIENTED_EDGE ( 'NONE', *, *, #8803, .T. ) ;
#3204 = DIRECTION ( 'NONE',  ( 0.000000000000000000, -1.000000000000000000, 0.000000000000000000 ) ) ;
#3205 = CARTESIAN_POINT ( 'NONE',  ( 4.120000000000000107, 0.000000000000000000, 4.290000000000000036 ) ) ;
#3206 = PLANE ( 'NONE',  #9379 ) ;
#3207 = LINE ( 'NONE', #4191, #619 ) ;
#3208 = DIRECTION ( 'NONE',  ( 0.000000000000000000, 1.000000000000000000, 0.000000000000000000 ) ) ;
#3209 = EDGE_CURVE ( 'NONE', #4467, #287, #1258, .T. ) ;
#3210 = FACE_OUTER_BOUND ( 'NONE', #2253, .T. ) ;
#3211 = PRESENTATION_STYLE_ASSIGNMENT (( #4195 ) ) ;
#3212 = EDGE_CURVE ( 'NONE', #88, #631, #7991, .T. ) ;
#3213 = VERTEX_POINT ( 'NONE', #8879 ) ;
#3214 = ORIENTED_EDGE ( 'NONE', *, *, #4300, .F. ) ;
#3215 = CARTESIAN_POINT ( 'NONE',  ( 4.120000000000000107, 0.000000000000000000, -4.290000000000000036 ) ) ;
#3216 = DIRECTION ( 'NONE',  ( 0.000000000000000000, 1.000000000000000000, 0.000000000000000000 ) ) ;
#3217 = CARTESIAN_POINT ( 'NONE',  ( 4.419999999999999929, 0.000000000000000000, -4.290000000000000036 ) ) ;
#3218 = SURFACE_STYLE_FILL_AREA ( #274 ) ;
#3219 =( NAMED_UNIT ( * ) SI_UNIT ( $, .STERADIAN. ) SOLID_ANGLE_UNIT ( ) );
#3220 = LINE ( 'NONE', #1806, #6079 ) ;
#3221 = ADVANCED_FACE ( 'NONE', ( #2368 ), #1637, .F. ) ;
#3222 = ORIENTED_EDGE ( 'NONE', *, *, #2188, .T. ) ;
#3223 = UNCERTAINTY_MEASURE_WITH_UNIT (LENGTH_MEASURE( 1.000000000000000082E-05 ), #6277, 'distance_accuracy_value', 'NONE');
#3224 = DIRECTION ( 'NONE',  ( 1.000000000000000000, 0.000000000000000000, 0.000000000000000000 ) ) ;
#3225 = MECHANICAL_DESIGN_GEOMETRIC_PRESENTATION_REPRESENTATION (  '', ( #3071 ), #5329 ) ;
#3226 = EDGE_LOOP ( 'NONE', ( #6334, #4279 ) ) ;
#3227 = CARTESIAN_POINT ( 'NONE',  ( -4.850000000000000533, 1.000000000000000000, -1.100000000000000089 ) ) ;
#3228 = STYLED_ITEM ( 'NONE', ( #9150 ), #1665 ) ;
#3229 = ORIENTED_EDGE ( 'NONE', *, *, #6471, .F. ) ;
#3230 = LINE ( 'NONE', #5968, #1475 ) ;
#3231 = ADVANCED_FACE ( 'NONE', ( #6086 ), #1772, .F. ) ;
#3232 = ORIENTED_EDGE ( 'NONE', *, *, #9235, .F. ) ;
#3233 = ORIENTED_EDGE ( 'NONE', *, *, #8790, .F. ) ;
#3234 = ORIENTED_EDGE ( 'NONE', *, *, #2721, .F. ) ;
#3235 = SURFACE_STYLE_FILL_AREA ( #2364 ) ;
#3236 = CARTESIAN_POINT ( 'NONE',  ( -4.100000000000000533, 2.299999999999999822, -3.850000000000000089 ) ) ;
#3237 = FILL_AREA_STYLE ('',( #9074 ) ) ;
#3238 = ORIENTED_EDGE ( 'NONE', *, *, #3769, .F. ) ;
#3239 = ORIENTED_EDGE ( 'NONE', *, *, #5786, .F. ) ;
#3240 = SURFACE_SIDE_STYLE ('',( #1779 ) ) ;
#3241 = ORIENTED_EDGE ( 'NONE', *, *, #5289, .F. ) ;
#3242 = CARTESIAN_POINT ( 'NONE',  ( 2.979999999999999982, 2.299999999999999822, 3.149999999999999911 ) ) ;
#3243 = CARTESIAN_POINT ( 'NONE',  ( -4.850000000000000533, 0.000000000000000000, -4.799999999999999822 ) ) ;
#3244 = CARTESIAN_POINT ( 'NONE',  ( 4.850000000000000533, 0.02000000000000000042, -1.500000000000000000 ) ) ;
#3245 = DIRECTION ( 'NONE',  ( 0.000000000000000000, -1.000000000000000000, 0.000000000000000000 ) ) ;
#3246 = LINE ( 'NONE', #3958, #8903 ) ;
#3247 = AXIS2_PLACEMENT_3D ( 'NONE', #6857, #4573, #9033 ) ;
#3248 = FILL_AREA_STYLE ('',( #7044 ) ) ;
#3249 =( LENGTH_UNIT ( ) NAMED_UNIT ( * ) SI_UNIT ( .MILLI., .METRE. ) );
#3250 = ORIENTED_EDGE ( 'NONE', *, *, #8432, .T. ) ;
#3251 = ORIENTED_EDGE ( 'NONE', *, *, #3320, .T. ) ;
#3252 = VERTEX_POINT ( 'NONE', #386 ) ;
#3253 = VECTOR ( 'NONE', #5281, 1000.000000000000000 ) ;
#3254 =( NAMED_UNIT ( * ) PLANE_ANGLE_UNIT ( ) SI_UNIT ( $, .RADIAN. ) );
#3255 = ADVANCED_FACE ( 'NONE', ( #3282 ), #6177, .F. ) ;
#3256 = LINE ( 'NONE', #8340, #3850 ) ;
#3257 = FILL_AREA_STYLE ('',( #8241 ) ) ;
#3258 = DIRECTION ( 'NONE',  ( 0.000000000000000000, 1.000000000000000000, 0.000000000000000000 ) ) ;
#3259 = CARTESIAN_POINT ( 'NONE',  ( 4.850000000000000533, 0.9799999999999999822, 4.799999999999999822 ) ) ;
#3260 = AXIS2_PLACEMENT_3D ( 'NONE', #3530, #2682, #3482 ) ;
#3261 = SURFACE_STYLE_FILL_AREA ( #1040 ) ;
#3262 = PRESENTATION_LAYER_ASSIGNMENT (  '', '', ( #1567 ) ) ;
#3263 = EDGE_CURVE ( 'NONE', #7269, #6176, #3844, .T. ) ;
#3264 = EDGE_CURVE ( 'NONE', #7634, #3377, #6954, .T. ) ;
#3265 = VERTEX_POINT ( 'NONE', #8949 ) ;
#3266 = VECTOR ( 'NONE', #6544, 1000.000000000000000 ) ;
#3267 = VECTOR ( 'NONE', #4730, 1000.000000000000000 ) ;
#3268 = MECHANICAL_DESIGN_GEOMETRIC_PRESENTATION_REPRESENTATION (  '', ( #4193 ), #5852 ) ;
#3269 = ORIENTED_EDGE ( 'NONE', *, *, #6634, .F. ) ;
#3270 = PLANE ( 'NONE',  #4536 ) ;
#3271 = ORIENTED_EDGE ( 'NONE', *, *, #312, .F. ) ;
#3272 = SURFACE_SIDE_STYLE ('',( #1865 ) ) ;
#3273 = MECHANICAL_DESIGN_GEOMETRIC_PRESENTATION_REPRESENTATION (  '', ( #642 ), #8735 ) ;
#3274 = EDGE_LOOP ( 'NONE', ( #7511, #9117, #3405, #856, #1521 ) ) ;
#3275 = PRESENTATION_LAYER_ASSIGNMENT (  '', '', ( #6619 ) ) ;
#3276 = VERTEX_POINT ( 'NONE', #2640 ) ;
#3277 = EDGE_CURVE ( 'NONE', #3881, #3213, #8729, .T. ) ;
#3278 = DIRECTION ( 'NONE',  ( 0.000000000000000000, 1.000000000000000000, 0.000000000000000000 ) ) ;
#3279 = FILL_AREA_STYLE_COLOUR ( '', #6821 ) ;
#3280 = UNCERTAINTY_MEASURE_WITH_UNIT (LENGTH_MEASURE( 1.000000000000000082E-05 ), #4887, 'distance_accuracy_value', 'NONE');
#3281 = PRESENTATION_LAYER_ASSIGNMENT (  '', '', ( #653 ) ) ;
#3282 = FACE_OUTER_BOUND ( 'NONE', #5259, .T. ) ;
#3283 = DIRECTION ( 'NONE',  ( 0.000000000000000000, 0.000000000000000000, -1.000000000000000000 ) ) ;
#3284 = CARTESIAN_POINT ( 'NONE',  ( 4.120000000000000107, 2.149999999999999911, 4.290000000000000036 ) ) ;
#3285 = VERTEX_POINT ( 'NONE', #8191 ) ;
#3286 =( NAMED_UNIT ( * ) SI_UNIT ( $, .STERADIAN. ) SOLID_ANGLE_UNIT ( ) );
#3287 = MECHANICAL_DESIGN_GEOMETRIC_PRESENTATION_REPRESENTATION (  '', ( #8140 ), #1280 ) ;
#3288 = ORIENTED_EDGE ( 'NONE', *, *, #2081, .F. ) ;
#3289 = FILL_AREA_STYLE ('',( #343 ) ) ;
#3290 = EDGE_CURVE ( 'NONE', #5274, #1139, #1749, .T. ) ;
#3291 = SURFACE_STYLE_USAGE ( .BOTH. , #5623 ) ;
#3292 = PLANE ( 'NONE',  #3879 ) ;
#3293 = FACE_OUTER_BOUND ( 'NONE', #972, .T. ) ;
#3294 = CARTESIAN_POINT ( 'NONE',  ( -4.270000000000000462, 0.000000000000000000, -4.290000000000000036 ) ) ;
#3295 = SURFACE_STYLE_USAGE ( .BOTH. , #7041 ) ;
#3296 =( NAMED_UNIT ( * ) PLANE_ANGLE_UNIT ( ) SI_UNIT ( $, .RADIAN. ) );
#3297 = ORIENTED_EDGE ( 'NONE', *, *, #8775, .F. ) ;
#3298 = FILL_AREA_STYLE ('',( #355 ) ) ;
#3299 = ORIENTED_EDGE ( 'NONE', *, *, #6525, .F. ) ;
#3300 = CARTESIAN_POINT ( 'NONE',  ( 4.850000000000000533, 0.9799999999999999822, 4.150000000000000355 ) ) ;
#3301 = SURFACE_STYLE_FILL_AREA ( #8291 ) ;
#3302 = DIRECTION ( 'NONE',  ( 0.000000000000000000, 0.000000000000000000, -1.000000000000000000 ) ) ;
#3303 = COLOUR_RGB ( '',1.000000000000000000, 0.8117647058823529438, 0.5019607843137254832 ) ;
#3304 = LINE ( 'NONE', #7531, #8344 ) ;
#3305 = CARTESIAN_POINT ( 'NONE',  ( -4.120000000000000107, 2.149999999999999911, -4.290000000000000036 ) ) ;
#3306 = FILL_AREA_STYLE ('',( #7584 ) ) ;
#3307 = VECTOR ( 'NONE', #5412, 1000.000000000000000 ) ;
#3308 = CYLINDRICAL_SURFACE ( 'NONE', #6538, 0.2500000000000002220 ) ;
#3309 = ORIENTED_EDGE ( 'NONE', *, *, #5536, .T. ) ;
#3310 = UNCERTAINTY_MEASURE_WITH_UNIT (LENGTH_MEASURE( 1.000000000000000082E-05 ), #7423, 'distance_accuracy_value', 'NONE');
#3311 = EDGE_CURVE ( 'NONE', #7541, #3798, #4063, .T. ) ;
#3312 = CARTESIAN_POINT ( 'NONE',  ( -4.850000000000000533, 0.9799999999999999822, 3.700000000000000178 ) ) ;
#3313 = VECTOR ( 'NONE', #4027, 1000.000000000000000 ) ;
#3314 =( GEOMETRIC_REPRESENTATION_CONTEXT ( 3 ) GLOBAL_UNCERTAINTY_ASSIGNED_CONTEXT ( ( #3223 ) ) GLOBAL_UNIT_ASSIGNED_CONTEXT ( ( #6277, #2619, #9020 ) ) REPRESENTATION_CONTEXT ( 'NONE', 'WORKASPACE' ) );
#3315 = SURFACE_STYLE_FILL_AREA ( #6207 ) ;
#3316 = CIRCLE ( 'NONE', #8638, 0.2500000000000002220 ) ;
#3317 = VERTEX_POINT ( 'NONE', #1075 ) ;
#3318 = CIRCLE ( 'NONE', #6648, 0.4000000000000001887 ) ;
#3319 = ORIENTED_EDGE ( 'NONE', *, *, #4070, .T. ) ;
#3320 = EDGE_CURVE ( 'NONE', #6766, #8090, #409, .T. ) ;
#3321 = DIRECTION ( 'NONE',  ( 0.000000000000000000, 1.000000000000000000, 0.000000000000000000 ) ) ;
#3322 = EDGE_CURVE ( 'NONE', #2312, #6044, #6867, .T. ) ;
#3323 = VERTEX_POINT ( 'NONE', #2435 ) ;
#3324 = MECHANICAL_DESIGN_GEOMETRIC_PRESENTATION_REPRESENTATION (  '', ( #242 ), #8641 ) ;
#3325 = CARTESIAN_POINT ( 'NONE',  ( -3.743898866310354734, 2.500000000000000000, -4.068063799307338968 ) ) ;
#3326 = LINE ( 'NONE', #383, #1473 ) ;
#3327 = SURFACE_SIDE_STYLE ('',( #428 ) ) ;
#3328 = VECTOR ( 'NONE', #7543, 1000.000000000000000 ) ;
#3329 = VERTEX_POINT ( 'NONE', #4017 ) ;
#3330 = CARTESIAN_POINT ( 'NONE',  ( -4.419999999999999929, 0.000000000000000000, -4.290000000000000036 ) ) ;
#3331 =( LENGTH_UNIT ( ) NAMED_UNIT ( * ) SI_UNIT ( .MILLI., .METRE. ) );
#3332 = DIRECTION ( 'NONE',  ( 0.000000000000000000, 1.000000000000000000, 0.000000000000000000 ) ) ;
#3333 = EDGE_CURVE ( 'NONE', #2589, #2402, #3968, .T. ) ;
#3334 = PRESENTATION_LAYER_ASSIGNMENT (  '', '', ( #8649 ) ) ;
#3335 = ORIENTED_EDGE ( 'NONE', *, *, #5696, .T. ) ;
#3336 = VECTOR ( 'NONE', #4283, 1000.000000000000000 ) ;
#3337 = CARTESIAN_POINT ( 'NONE',  ( -4.850000000000000533, 0.000000000000000000, -2.200000000000000178 ) ) ;
#3338 = SURFACE_STYLE_USAGE ( .BOTH. , #4250 ) ;
#3339 =( NAMED_UNIT ( * ) SI_UNIT ( $, .STERADIAN. ) SOLID_ANGLE_UNIT ( ) );
#3340 = VECTOR ( 'NONE', #6600, 1000.000000000000000 ) ;
#3341 = DIRECTION ( 'NONE',  ( 0.000000000000000000, 0.000000000000000000, 1.000000000000000000 ) ) ;
#3342 = PRESENTATION_LAYER_ASSIGNMENT (  '', '', ( #7425 ) ) ;
#3343 = CARTESIAN_POINT ( 'NONE',  ( 4.850000000000000533, 1.000000000000000000, 3.299999999999999822 ) ) ;
#3344 = PRESENTATION_STYLE_ASSIGNMENT (( #3295 ) ) ;
#3345 = DIRECTION ( 'NONE',  ( -1.000000000000000000, 0.000000000000000000, 0.000000000000000000 ) ) ;
#3346 =( GEOMETRIC_REPRESENTATION_CONTEXT ( 3 ) GLOBAL_UNCERTAINTY_ASSIGNED_CONTEXT ( ( #477 ) ) GLOBAL_UNIT_ASSIGNED_CONTEXT ( ( #9284, #1272, #3443 ) ) REPRESENTATION_CONTEXT ( 'NONE', 'WORKASPACE' ) );
#3347 = VECTOR ( 'NONE', #1318, 1000.000000000000000 ) ;
#3348 = EDGE_CURVE ( 'NONE', #4767, #3128, #359, .T. ) ;
#3349 = ORIENTED_EDGE ( 'NONE', *, *, #908, .F. ) ;
#3350 = VECTOR ( 'NONE', #7480, 1000.000000000000000 ) ;
#3351 = EDGE_LOOP ( 'NONE', ( #1386, #8254, #7303, #9077, #8856, #4953, #3606, #8675, #7065, #8405, #1807, #9081 ) ) ;
#3352 = ORIENTED_EDGE ( 'NONE', *, *, #7331, .T. ) ;
#3353 = DIRECTION ( 'NONE',  ( 1.000000000000000000, 0.000000000000000000, 0.000000000000000000 ) ) ;
#3354 = FILL_AREA_STYLE_COLOUR ( '', #815 ) ;
#3355 = DIRECTION ( 'NONE',  ( 0.000000000000000000, 1.000000000000000000, 0.000000000000000000 ) ) ;
#3356 =( NAMED_UNIT ( * ) PLANE_ANGLE_UNIT ( ) SI_UNIT ( $, .RADIAN. ) );
#3357 = PRESENTATION_STYLE_ASSIGNMENT (( #1218 ) ) ;
#3358 = ORIENTED_EDGE ( 'NONE', *, *, #3668, .T. ) ;
#3359 = CARTESIAN_POINT ( 'NONE',  ( -4.450000000000000178, 1.000000000000000000, -3.299999999999999822 ) ) ;
#3360 = UNCERTAINTY_MEASURE_WITH_UNIT (LENGTH_MEASURE( 1.000000000000000082E-05 ), #3379, 'distance_accuracy_value', 'NONE');
#3361 = CARTESIAN_POINT ( 'NONE',  ( -4.850000000000000533, 0.02000000000000000042, -5.049999999999999822 ) ) ;
#3362 = ORIENTED_EDGE ( 'NONE', *, *, #7385, .T. ) ;
#3363 = FACE_OUTER_BOUND ( 'NONE', #8273, .T. ) ;
#3364 = PLANE ( 'NONE',  #3201 ) ;
#3365 = ORIENTED_EDGE ( 'NONE', *, *, #2807, .T. ) ;
#3366 = PRESENTATION_STYLE_ASSIGNMENT (( #6218 ) ) ;
#3367 = PLANE ( 'NONE',  #2674 ) ;
#3368 = AXIS2_PLACEMENT_3D ( 'NONE', #434, #9169, #8527 ) ;
#3369 = VERTEX_POINT ( 'NONE', #9100 ) ;
#3370 = DIRECTION ( 'NONE',  ( 0.000000000000000000, 0.000000000000000000, -1.000000000000000000 ) ) ;
#3371 = CARTESIAN_POINT ( 'NONE',  ( -4.120000000000000107, 2.149999999999999911, 4.290000000000000036 ) ) ;
#3372 = EDGE_CURVE ( 'NONE', #8578, #2208, #4585, .T. ) ;
#3373 = EDGE_CURVE ( 'NONE', #481, #7643, #5339, .T. ) ;
#3374 = CYLINDRICAL_SURFACE ( 'NONE', #6230, 0.4000000000000001887 ) ;
#3375 = UNCERTAINTY_MEASURE_WITH_UNIT (LENGTH_MEASURE( 1.000000000000000082E-05 ), #7596, 'distance_accuracy_value', 'NONE');
#3376 = CARTESIAN_POINT ( 'NONE',  ( -4.850000000000000533, 0.000000000000000000, 4.400000000000000355 ) ) ;
#3377 = VERTEX_POINT ( 'NONE', #931 ) ;
#3378 =( NAMED_UNIT ( * ) SI_UNIT ( $, .STERADIAN. ) SOLID_ANGLE_UNIT ( ) );
#3379 =( LENGTH_UNIT ( ) NAMED_UNIT ( * ) SI_UNIT ( .MILLI., .METRE. ) );
#3380 = DIRECTION ( 'NONE',  ( 1.000000000000000000, 0.000000000000000000, 0.000000000000000000 ) ) ;
#3381 = CARTESIAN_POINT ( 'NONE',  ( 4.850000000000000533, 0.000000000000000000, -1.500000000000000000 ) ) ;
#3382 = EDGE_CURVE ( 'NONE', #5490, #375, #3256, .T. ) ;
#3383 = EDGE_CURVE ( 'NONE', #7700, #1139, #3869, .T. ) ;
#3384 = SURFACE_STYLE_FILL_AREA ( #441 ) ;
#3385 = CARTESIAN_POINT ( 'NONE',  ( 4.850000000000000533, 1.000000000000000000, 4.000000000000000000 ) ) ;
#3386 = ORIENTED_EDGE ( 'NONE', *, *, #1541, .T. ) ;
#3387 = FILL_AREA_STYLE_COLOUR ( '', #405 ) ;
#3388 = VECTOR ( 'NONE', #2823, 1000.000000000000000 ) ;
#3389 = ORIENTED_EDGE ( 'NONE', *, *, #6861, .T. ) ;
#3390 = EDGE_LOOP ( 'NONE', ( #9393, #1909, #6784, #1798 ) ) ;
#3391 = DIRECTION ( 'NONE',  ( -1.000000000000000000, 0.000000000000000000, 0.000000000000000000 ) ) ;
#3392 = DIRECTION ( 'NONE',  ( 0.000000000000000000, 1.000000000000000000, 0.000000000000000000 ) ) ;
#3393 = EDGE_CURVE ( 'NONE', #6308, #1026, #1118, .T. ) ;
#3394 = CARTESIAN_POINT ( 'NONE',  ( -4.850000000000000533, 0.9799999999999999822, 1.100000000000000089 ) ) ;
#3395 = PRESENTATION_LAYER_ASSIGNMENT (  '', '', ( #1232 ) ) ;
#3396 = DIRECTION ( 'NONE',  ( -1.000000000000000000, 0.000000000000000000, 0.000000000000000000 ) ) ;
#3397 =( LENGTH_UNIT ( ) NAMED_UNIT ( * ) SI_UNIT ( .MILLI., .METRE. ) );
#3398 = ORIENTED_EDGE ( 'NONE', *, *, #2001, .T. ) ;
#3399 = UNCERTAINTY_MEASURE_WITH_UNIT (LENGTH_MEASURE( 1.000000000000000082E-05 ), #6998, 'distance_accuracy_value', 'NONE');
#3400 = AXIS2_PLACEMENT_3D ( 'NONE', #773, #7948, #3022 ) ;
#3401 = DIRECTION ( 'NONE',  ( 1.000000000000000000, 0.000000000000000000, 0.000000000000000000 ) ) ;
#3402 = LINE ( 'NONE', #4319, #3177 ) ;
#3403 = DIRECTION ( 'NONE',  ( 0.000000000000000000, 0.000000000000000000, -1.000000000000000000 ) ) ;
#3404 = EDGE_CURVE ( 'NONE', #7526, #4649, #1696, .T. ) ;
#3405 = ORIENTED_EDGE ( 'NONE', *, *, #9001, .T. ) ;
#3406 = PLANE ( 'NONE',  #4865 ) ;
#3407 = VECTOR ( 'NONE', #6898, 1000.000000000000000 ) ;
#3408 = PRESENTATION_STYLE_ASSIGNMENT (( #7071 ) ) ;
#3409 = ORIENTED_EDGE ( 'NONE', *, *, #9146, .T. ) ;
#3410 = SURFACE_SIDE_STYLE ('',( #7209 ) ) ;
#3411 = SURFACE_STYLE_USAGE ( .BOTH. , #4840 ) ;
#3412 = VERTEX_POINT ( 'NONE', #7530 ) ;
#3413 = COLOUR_RGB ( '',1.000000000000000000, 0.8117647058823529438, 0.5019607843137254832 ) ;
#3414 = ORIENTED_EDGE ( 'NONE', *, *, #4020, .F. ) ;
#3415 = VECTOR ( 'NONE', #5386, 1000.000000000000000 ) ;
#3416 = DIRECTION ( 'NONE',  ( 0.000000000000000000, 0.000000000000000000, 1.000000000000000000 ) ) ;
#3417 = LINE ( 'NONE', #4847, #2323 ) ;
#3418 =( NAMED_UNIT ( * ) SI_UNIT ( $, .STERADIAN. ) SOLID_ANGLE_UNIT ( ) );
#3419 = LINE ( 'NONE', #4710, #2545 ) ;
#3420 = STYLED_ITEM ( 'NONE', ( #128 ), #6820 ) ;
#3421 = LINE ( 'NONE', #7886, #1815 ) ;
#3422 = EDGE_LOOP ( 'NONE', ( #5127, #4975, #8214, #2840 ) ) ;
#3423 = CARTESIAN_POINT ( 'NONE',  ( -4.850000000000000533, 0.000000000000000000, -5.049999999999999822 ) ) ;
#3424 = EDGE_CURVE ( 'NONE', #1087, #963, #976, .T. ) ;
#3425 = DIRECTION ( 'NONE',  ( 0.000000000000000000, -1.000000000000000000, 0.000000000000000000 ) ) ;
#3426 = CARTESIAN_POINT ( 'NONE',  ( 4.850000000000000533, 0.000000000000000000, 5.049999999999999822 ) ) ;
#3427 = FACE_OUTER_BOUND ( 'NONE', #3864, .T. ) ;
#3428 = AXIS2_PLACEMENT_3D ( 'NONE', #2524, #4571, #1644 ) ;
#3429 = MECHANICAL_DESIGN_GEOMETRIC_PRESENTATION_REPRESENTATION (  '', ( #5858 ), #7222 ) ;
#3430 = DIRECTION ( 'NONE',  ( 0.000000000000000000, 0.000000000000000000, -1.000000000000000000 ) ) ;
#3431 = EDGE_LOOP ( 'NONE', ( #6312, #6694, #9194, #6486 ) ) ;
#3432 = DIRECTION ( 'NONE',  ( 0.000000000000000000, 0.000000000000000000, -1.000000000000000000 ) ) ;
#3433 = FACE_OUTER_BOUND ( 'NONE', #8913, .T. ) ;
#3434 = ORIENTED_EDGE ( 'NONE', *, *, #2342, .F. ) ;
#3435 = EDGE_CURVE ( 'NONE', #1528, #381, #6152, .T. ) ;
#3436 = EDGE_CURVE ( 'NONE', #9246, #5213, #4731, .T. ) ;
#3437 = VECTOR ( 'NONE', #8813, 1000.000000000000000 ) ;
#3438 = ORIENTED_EDGE ( 'NONE', *, *, #2886, .F. ) ;
#3439 = LINE ( 'NONE', #7048, #946 ) ;
#3440 = EDGE_CURVE ( 'NONE', #4061, #4074, #7196, .T. ) ;
#3441 = DIRECTION ( 'NONE',  ( 0.000000000000000000, -1.000000000000000000, 0.000000000000000000 ) ) ;
#3442 = LINE ( 'NONE', #680, #2262 ) ;
#3443 =( NAMED_UNIT ( * ) SI_UNIT ( $, .STERADIAN. ) SOLID_ANGLE_UNIT ( ) );
#3444 = EDGE_CURVE ( 'NONE', #1673, #7787, #9280, .T. ) ;
#3445 =( NAMED_UNIT ( * ) PLANE_ANGLE_UNIT ( ) SI_UNIT ( $, .RADIAN. ) );
#3446 = UNCERTAINTY_MEASURE_WITH_UNIT (LENGTH_MEASURE( 1.000000000000000082E-05 ), #7362, 'distance_accuracy_value', 'NONE');
#3447 = CARTESIAN_POINT ( 'NONE',  ( 1.734723475976809855E-15, 0.000000000000000000, -1.500000000000000000 ) ) ;
#3448 = STYLED_ITEM ( 'NONE', ( #7243 ), #9407 ) ;
#3449 = VERTEX_POINT ( 'NONE', #453 ) ;
#3450 = DIRECTION ( 'NONE',  ( -1.000000000000000000, 0.000000000000000000, 0.000000000000000000 ) ) ;
#3451 = VERTEX_POINT ( 'NONE', #2794 ) ;
#3452 =( LENGTH_UNIT ( ) NAMED_UNIT ( * ) SI_UNIT ( .MILLI., .METRE. ) );
#3453 =( GEOMETRIC_REPRESENTATION_CONTEXT ( 3 ) GLOBAL_UNCERTAINTY_ASSIGNED_CONTEXT ( ( #859 ) ) GLOBAL_UNIT_ASSIGNED_CONTEXT ( ( #5246, #779, #3109 ) ) REPRESENTATION_CONTEXT ( 'NONE', 'WORKASPACE' ) );
#3454 = DIRECTION ( 'NONE',  ( 1.000000000000000000, 0.000000000000000000, 0.000000000000000000 ) ) ;
#3455 = PRESENTATION_STYLE_ASSIGNMENT (( #6363 ) ) ;
#3456 = EDGE_CURVE ( 'NONE', #7153, #4743, #2690, .T. ) ;
#3457 = STYLED_ITEM ( 'NONE', ( #1504 ), #7788 ) ;
#3458 = SURFACE_SIDE_STYLE ('',( #522 ) ) ;
#3459 = ORIENTED_EDGE ( 'NONE', *, *, #3600, .F. ) ;
#3460 = EDGE_LOOP ( 'NONE', ( #3121, #7314, #2493, #6986 ) ) ;
#3461 = DIRECTION ( 'NONE',  ( 0.000000000000000000, 1.000000000000000000, 0.000000000000000000 ) ) ;
#3462 = ORIENTED_EDGE ( 'NONE', *, *, #4844, .T. ) ;
#3463 = SURFACE_STYLE_FILL_AREA ( #7023 ) ;
#3464 = VECTOR ( 'NONE', #3465, 1000.000000000000000 ) ;
#3465 = DIRECTION ( 'NONE',  ( 0.000000000000000000, 1.000000000000000000, 0.000000000000000000 ) ) ;
#3466 = VECTOR ( 'NONE', #5718, 1000.000000000000000 ) ;
#3467 = VERTEX_POINT ( 'NONE', #5636 ) ;
#3468 = EDGE_LOOP ( 'NONE', ( #2720, #8092, #3086, #5602, #3063, #3483, #9107, #3089 ) ) ;
#3469 = VECTOR ( 'NONE', #8313, 1000.000000000000000 ) ;
#3470 =( LENGTH_UNIT ( ) NAMED_UNIT ( * ) SI_UNIT ( .MILLI., .METRE. ) );
#3471 = DIRECTION ( 'NONE',  ( 0.000000000000000000, 1.000000000000000000, 0.000000000000000000 ) ) ;
#3472 = FACE_BOUND ( 'NONE', #8830, .T. ) ;
#3473 = DIRECTION ( 'NONE',  ( -1.000000000000000000, 0.000000000000000000, 0.000000000000000000 ) ) ;
#3474 =( NAMED_UNIT ( * ) SI_UNIT ( $, .STERADIAN. ) SOLID_ANGLE_UNIT ( ) );
#3475 = AXIS2_PLACEMENT_3D ( 'NONE', #3371, #4242, #4848 ) ;
#3476 = SURFACE_STYLE_USAGE ( .BOTH. , #7188 ) ;
#3477 = FACE_OUTER_BOUND ( 'NONE', #3892, .T. ) ;
#3478 = ORIENTED_EDGE ( 'NONE', *, *, #837, .T. ) ;
#3479 = ORIENTED_EDGE ( 'NONE', *, *, #6033, .F. ) ;
#3480 = FACE_OUTER_BOUND ( 'NONE', #5315, .T. ) ;
#3481 = LINE ( 'NONE', #9091, #213 ) ;
#3482 = DIRECTION ( 'NONE',  ( 1.000000000000000000, 0.000000000000000000, 0.000000000000000000 ) ) ;
#3483 = ORIENTED_EDGE ( 'NONE', *, *, #4815, .T. ) ;
#3484 = MECHANICAL_DESIGN_GEOMETRIC_PRESENTATION_REPRESENTATION (  '', ( #5157 ), #5610 ) ;
#3485 = VERTEX_POINT ( 'NONE', #2749 ) ;
#3486 = VECTOR ( 'NONE', #8609, 1000.000000000000000 ) ;
#3487 = VECTOR ( 'NONE', #1044, 1000.000000000000000 ) ;
#3488 = DIRECTION ( 'NONE',  ( 0.000000000000000000, 1.000000000000000000, 0.000000000000000000 ) ) ;
#3489 = CYLINDRICAL_SURFACE ( 'NONE', #3726, 0.4000000000000001887 ) ;
#3490 = CARTESIAN_POINT ( 'NONE',  ( -4.850000000000000533, 0.000000000000000000, 1.800000000000000044 ) ) ;
#3491 = CARTESIAN_POINT ( 'NONE',  ( 4.850000000000000533, 0.9799999999999999822, 5.049999999999999822 ) ) ;
#3492 = AXIS2_PLACEMENT_3D ( 'NONE', #4928, #8553, #9339 ) ;
#3493 = LINE ( 'NONE', #7998, #7545 ) ;
#3494 = EDGE_CURVE ( 'NONE', #1423, #3377, #5519, .T. ) ;
#3495 = STYLED_ITEM ( 'NONE', ( #454 ), #4999 ) ;
#3496 = EDGE_CURVE ( 'NONE', #1092, #4767, #1364, .T. ) ;
#3497 = CARTESIAN_POINT ( 'NONE',  ( 4.850000000000000533, 0.000000000000000000, 2.600000000000000089 ) ) ;
#3498 = FACE_OUTER_BOUND ( 'NONE', #5370, .T. ) ;
#3499 = VECTOR ( 'NONE', #5296, 1000.000000000000000 ) ;
#3500 = FILL_AREA_STYLE_COLOUR ( '', #9287 ) ;
#3501 = FILL_AREA_STYLE_COLOUR ( '', #4824 ) ;
#3502 = LINE ( 'NONE', #3447, #5905 ) ;
#3504 = VECTOR ( 'NONE', #5054, 1000.000000000000000 ) ;
#3503 = LINE ( 'NONE', #563, #4950 ) ;
#3505 = UNCERTAINTY_MEASURE_WITH_UNIT (LENGTH_MEASURE( 1.000000000000000082E-05 ), #3626, 'distance_accuracy_value', 'NONE');
#3506 = FILL_AREA_STYLE ('',( #8598 ) ) ;
#3507 = LINE ( 'NONE', #1420, #4977 ) ;
#3508 = EDGE_CURVE ( 'NONE', #3004, #1092, #6296, .T. ) ;
#3509 = MECHANICAL_DESIGN_GEOMETRIC_PRESENTATION_REPRESENTATION (  '', ( #8059 ), #2766 ) ;
#3510 = SURFACE_STYLE_FILL_AREA ( #9157 ) ;
#3511 =( NAMED_UNIT ( * ) SI_UNIT ( $, .STERADIAN. ) SOLID_ANGLE_UNIT ( ) );
#3512 = DIRECTION ( 'NONE',  ( 0.000000000000000000, 1.000000000000000000, 0.000000000000000000 ) ) ;
#3513 = ORIENTED_EDGE ( 'NONE', *, *, #2778, .F. ) ;
#3514 =( NAMED_UNIT ( * ) PLANE_ANGLE_UNIT ( ) SI_UNIT ( $, .RADIAN. ) );
#3515 = DIRECTION ( 'NONE',  ( 0.000000000000000000, -1.000000000000000000, 0.000000000000000000 ) ) ;
#3516 = CARTESIAN_POINT ( 'NONE',  ( -4.850000000000000533, 1.000000000000000000, 5.049999999999999822 ) ) ;
#3517 = ADVANCED_FACE ( 'NONE', ( #7906 ), #9231, .F. ) ;
#3518 = DIRECTION ( 'NONE',  ( 0.000000000000000000, 1.000000000000000000, 0.000000000000000000 ) ) ;
#3519 = ORIENTED_EDGE ( 'NONE', *, *, #1126, .T. ) ;
#3520 =( LENGTH_UNIT ( ) NAMED_UNIT ( * ) SI_UNIT ( .MILLI., .METRE. ) );
#3521 = FACE_OUTER_BOUND ( 'NONE', #3351, .T. ) ;
#3522 = VERTEX_POINT ( 'NONE', #4268 ) ;
#3523 =( NAMED_UNIT ( * ) PLANE_ANGLE_UNIT ( ) SI_UNIT ( $, .RADIAN. ) );
#3524 = CARTESIAN_POINT ( 'NONE',  ( 1.734723475976809855E-15, 0.9799999999999999822, -8.673617379884039416E-16 ) ) ;
#3525 = DIRECTION ( 'NONE',  ( 0.000000000000000000, -1.000000000000000000, 0.000000000000000000 ) ) ;
#3526 = FILL_AREA_STYLE ('',( #7755 ) ) ;
#3527 = LINE ( 'NONE', #3381, #5899 ) ;
#3528 = CARTESIAN_POINT ( 'NONE',  ( 3.950000000000000178, 0.000000000000000000, -8.673617379884039416E-16 ) ) ;
#3529 = DIRECTION ( 'NONE',  ( 1.000000000000000000, 0.000000000000000000, 0.000000000000000000 ) ) ;
#3530 = CARTESIAN_POINT ( 'NONE',  ( 1.734723475976809855E-15, 1.050000000000000044, -8.673617379884039416E-16 ) ) ;
#3531 = ORIENTED_EDGE ( 'NONE', *, *, #4844, .F. ) ;
#3532 = VERTEX_POINT ( 'NONE', #8582 ) ;
#3533 = VERTEX_POINT ( 'NONE', #1162 ) ;
#3534 = DIRECTION ( 'NONE',  ( 1.000000000000000000, 0.000000000000000000, 0.000000000000000000 ) ) ;
#3535 = SURFACE_SIDE_STYLE ('',( #7104 ) ) ;
#3536 = CARTESIAN_POINT ( 'NONE',  ( -4.850000000000000533, 0.02000000000000000042, -0.4000000000000989986 ) ) ;
#3537 = FACE_OUTER_BOUND ( 'NONE', #2453, .T. ) ;
#3538 = AXIS2_PLACEMENT_3D ( 'NONE', #3605, #2915, #7140 ) ;
#3539 =( NAMED_UNIT ( * ) PLANE_ANGLE_UNIT ( ) SI_UNIT ( $, .RADIAN. ) );
#3540 = CARTESIAN_POINT ( 'NONE',  ( -4.850000000000000533, 0.02000000000000000042, 1.100000000000000089 ) ) ;
#3541 = EDGE_CURVE ( 'NONE', #3276, #4639, #4171, .T. ) ;
#3542 = DIRECTION ( 'NONE',  ( -0.000000000000000000, 1.000000000000000000, 0.000000000000000000 ) ) ;
#3543 = CARTESIAN_POINT ( 'NONE',  ( 1.734723475976809855E-15, 0.000000000000000000, -2.899999999999999911 ) ) ;
#3544 = SURFACE_STYLE_FILL_AREA ( #8549 ) ;
#3545 = CARTESIAN_POINT ( 'NONE',  ( 4.850000000000000533, 0.9799999999999999822, 0.8499999999999509059 ) ) ;
#3546 = SURFACE_STYLE_USAGE ( .BOTH. , #6968 ) ;
#3547 = MECHANICAL_DESIGN_GEOMETRIC_PRESENTATION_REPRESENTATION (  '', ( #2647 ), #5829 ) ;
#3548 = DIRECTION ( 'NONE',  ( 0.000000000000000000, 1.000000000000000000, 0.000000000000000000 ) ) ;
#3549 = EDGE_CURVE ( 'NONE', #2549, #1675, #635, .T. ) ;
#3550 = EDGE_CURVE ( 'NONE', #8970, #3265, #8543, .T. ) ;
#3551 = PLANE ( 'NONE',  #2105 ) ;
#3552 = ORIENTED_EDGE ( 'NONE', *, *, #7170, .T. ) ;
#3553 = LINE ( 'NONE', #2125, #4700 ) ;
#3554 = PRODUCT_DEFINITION ( 'UNKNOWN', '', #5144, #2965 ) ;
#3555 = COLOUR_RGB ( '',1.000000000000000000, 0.8117647058823529438, 0.5019607843137254832 ) ;
#3556 = MECHANICAL_DESIGN_GEOMETRIC_PRESENTATION_REPRESENTATION (  '', ( #1567 ), #3105 ) ;
#3557 = LINE ( 'NONE', #2163, #4558 ) ;
#3558 = CARTESIAN_POINT ( 'NONE',  ( -15.94382399999999933, 2.149999999999999911, 4.590000000000000746 ) ) ;
#3559 = ORIENTED_EDGE ( 'NONE', *, *, #1453, .T. ) ;
#3560 = AXIS2_PLACEMENT_3D ( 'NONE', #3867, #5482, #7426 ) ;
#3561 = AXIS2_PLACEMENT_3D ( 'NONE', #6933, #3196, #2464 ) ;
#3562 = ADVANCED_FACE ( 'NONE', ( #6489 ), #8438, .F. ) ;
#3563 = PRESENTATION_STYLE_ASSIGNMENT (( #436 ) ) ;
#3564 = CARTESIAN_POINT ( 'NONE',  ( -4.850000000000000533, 0.000000000000000000, -4.400000000000000355 ) ) ;
#3565 = ORIENTED_EDGE ( 'NONE', *, *, #9015, .T. ) ;
#3566 = CARTESIAN_POINT ( 'NONE',  ( 4.120000000000000107, 2.149999999999999911, -4.290000000000000036 ) ) ;
#3567 = DIRECTION ( 'NONE',  ( 0.000000000000000000, 1.000000000000000000, 0.000000000000000000 ) ) ;
#3568 = LINE ( 'NONE', #665, #559 ) ;
#3569 = VECTOR ( 'NONE', #6663, 1000.000000000000000 ) ;
#3570 = VECTOR ( 'NONE', #1066, 1000.000000000000000 ) ;
#3571 =( NAMED_UNIT ( * ) SI_UNIT ( $, .STERADIAN. ) SOLID_ANGLE_UNIT ( ) );
#3572 = CARTESIAN_POINT ( 'NONE',  ( -4.850000000000000533, 0.02000000000000000042, -5.049999999999999822 ) ) ;
#3573 = ORIENTED_EDGE ( 'NONE', *, *, #556, .F. ) ;
#3574 = EDGE_CURVE ( 'NONE', #7731, #3646, #72, .T. ) ;
#3575 = AXIS2_PLACEMENT_3D ( 'NONE', #7504, #112, #6083 ) ;
#3576 = PRESENTATION_LAYER_ASSIGNMENT (  '', '', ( #5858 ) ) ;
#3577 = DIRECTION ( 'NONE',  ( -1.000000000000000000, 0.000000000000000000, 0.000000000000000000 ) ) ;
#3578 = CARTESIAN_POINT ( 'NONE',  ( 4.850000000000000533, 0.9799999999999999822, -3.299999999999999822 ) ) ;
#3579 = SURFACE_STYLE_FILL_AREA ( #679 ) ;
#3580 =( NAMED_UNIT ( * ) SI_UNIT ( $, .STERADIAN. ) SOLID_ANGLE_UNIT ( ) );
#3581 = DIRECTION ( 'NONE',  ( 0.000000000000000000, 0.000000000000000000, -1.000000000000000000 ) ) ;
#3582 =( GEOMETRIC_REPRESENTATION_CONTEXT ( 3 ) GLOBAL_UNCERTAINTY_ASSIGNED_CONTEXT ( ( #8645 ) ) GLOBAL_UNIT_ASSIGNED_CONTEXT ( ( #5712, #2781, #2083 ) ) REPRESENTATION_CONTEXT ( 'NONE', 'WORKASPACE' ) );
#3583 = STYLED_ITEM ( 'NONE', ( #8596 ), #6576 ) ;
#3584 = DIRECTION ( 'NONE',  ( 0.000000000000000000, 0.000000000000000000, 1.000000000000000000 ) ) ;
#3585 = PRESENTATION_LAYER_ASSIGNMENT (  '', '', ( #4205 ) ) ;
#3586 = CARTESIAN_POINT ( 'NONE',  ( 3.700000000000000178, 2.449999999999999734, -4.250000000000000000 ) ) ;
#3587 = DIRECTION ( 'NONE',  ( 0.000000000000000000, -1.000000000000000000, 0.000000000000000000 ) ) ;
#3588 = UNCERTAINTY_MEASURE_WITH_UNIT (LENGTH_MEASURE( 1.000000000000000082E-05 ), #3101, 'distance_accuracy_value', 'NONE');
#3589 = LINE ( 'NONE', #3638, #3641 ) ;
#3590 = CARTESIAN_POINT ( 'NONE',  ( 4.850000000000000533, 0.000000000000000000, -2.449999999999999734 ) ) ;
#3591 = ORIENTED_EDGE ( 'NONE', *, *, #7431, .F. ) ;
#3592 = DIRECTION ( 'NONE',  ( 0.000000000000000000, 0.000000000000000000, -1.000000000000000000 ) ) ;
#3593 = EDGE_CURVE ( 'NONE', #2297, #3646, #5151, .T. ) ;
#3594 = DIRECTION ( 'NONE',  ( 1.000000000000000000, 0.000000000000000000, 0.000000000000000000 ) ) ;
#3595 = ORIENTED_EDGE ( 'NONE', *, *, #1041, .T. ) ;
#3596 = ORIENTED_EDGE ( 'NONE', *, *, #5052, .F. ) ;
#3597 = LINE ( 'NONE', #615, #2572 ) ;
#3598 = FACE_OUTER_BOUND ( 'NONE', #3826, .T. ) ;
#3599 = EDGE_CURVE ( 'NONE', #7191, #104, #825, .T. ) ;
#3600 = EDGE_CURVE ( 'NONE', #236, #8539, #8851, .T. ) ;
#3601 = ORIENTED_EDGE ( 'NONE', *, *, #4200, .T. ) ;
#3602 = LINE ( 'NONE', #5619, #3027 ) ;
#3603 = CIRCLE ( 'NONE', #7254, 0.2500000000000002220 ) ;
#3604 = ORIENTED_EDGE ( 'NONE', *, *, #1853, .T. ) ;
#3605 = CARTESIAN_POINT ( 'NONE',  ( 1.734723475976809855E-15, 0.9799999999999999822, -8.673617379884039416E-16 ) ) ;
#3606 = ORIENTED_EDGE ( 'NONE', *, *, #6673, .T. ) ;
#3607 =( NAMED_UNIT ( * ) PLANE_ANGLE_UNIT ( ) SI_UNIT ( $, .RADIAN. ) );
#3608 = DIRECTION ( 'NONE',  ( 0.000000000000000000, 0.000000000000000000, 1.000000000000000000 ) ) ;
#3609 = CARTESIAN_POINT ( 'NONE',  ( -4.850000000000000533, 0.000000000000000000, 3.700000000000000178 ) ) ;
#3610 = DIRECTION ( 'NONE',  ( 0.000000000000000000, 0.000000000000000000, -1.000000000000000000 ) ) ;
#3611 = AXIS2_PLACEMENT_3D ( 'NONE', #7759, #7233, #9219 ) ;
#3612 = ADVANCED_FACE ( 'NONE', ( #4451 ), #733, .F. ) ;
#3613 = LINE ( 'NONE', #3094, #7509 ) ;
#3614 = PLANE ( 'NONE',  #8437 ) ;
#3615 = DIRECTION ( 'NONE',  ( 0.000000000000000000, 0.000000000000000000, 1.000000000000000000 ) ) ;
#3616 = SURFACE_SIDE_STYLE ('',( #5042 ) ) ;
#3617 = VECTOR ( 'NONE', #4164, 1000.000000000000000 ) ;
#3618 =( GEOMETRIC_REPRESENTATION_CONTEXT ( 3 ) GLOBAL_UNCERTAINTY_ASSIGNED_CONTEXT ( ( #1906 ) ) GLOBAL_UNIT_ASSIGNED_CONTEXT ( ( #1976, #6317, #4549 ) ) REPRESENTATION_CONTEXT ( 'NONE', 'WORKASPACE' ) );
#3619 =( NAMED_UNIT ( * ) SI_UNIT ( $, .STERADIAN. ) SOLID_ANGLE_UNIT ( ) );
#3620 = VECTOR ( 'NONE', #8937, 1000.000000000000000 ) ;
#3621 = CARTESIAN_POINT ( 'NONE',  ( 4.270000000000000462, 2.149999999999999911, 4.290000000000000036 ) ) ;
#3622 = CYLINDRICAL_SURFACE ( 'NONE', #3030, 0.2500000000000002220 ) ;
#3623 = FILL_AREA_STYLE_COLOUR ( '', #1448 ) ;
#3624 = EDGE_CURVE ( 'NONE', #6329, #4893, #3757, .T. ) ;
#3625 = CARTESIAN_POINT ( 'NONE',  ( -4.850000000000000533, 0.000000000000000000, 2.600000000000000089 ) ) ;
#3626 =( LENGTH_UNIT ( ) NAMED_UNIT ( * ) SI_UNIT ( .MILLI., .METRE. ) );
#3627 = FILL_AREA_STYLE ('',( #682 ) ) ;
#3628 = PRESENTATION_LAYER_ASSIGNMENT (  '', '', ( #9101 ) ) ;
#3629 = ORIENTED_EDGE ( 'NONE', *, *, #9053, .T. ) ;
#3630 = CARTESIAN_POINT ( 'NONE',  ( -4.450000000000000178, 1.000000000000000000, 1.100000000000000089 ) ) ;
#3631 = VECTOR ( 'NONE', #302, 1000.000000000000000 ) ;
#3632 = DIRECTION ( 'NONE',  ( -1.000000000000000000, 0.000000000000000000, 0.000000000000000000 ) ) ;
#3633 = CIRCLE ( 'NONE', #1788, 0.2500000000000002220 ) ;
#3634 = DIRECTION ( 'NONE',  ( 0.000000000000000000, 0.000000000000000000, 1.000000000000000000 ) ) ;
#3635 = COLOUR_RGB ( '',1.000000000000000000, 0.8117647058823529438, 0.5019607843137254832 ) ;
#3636 = LINE ( 'NONE', #4367, #7679 ) ;
#3637 = VECTOR ( 'NONE', #8696, 1000.000000000000000 ) ;
#3638 = CARTESIAN_POINT ( 'NONE',  ( 4.850000000000000533, 0.000000000000000000, 4.799999999999999822 ) ) ;
#3639 = VECTOR ( 'NONE', #799, 1000.000000000000000 ) ;
#3640 = DIRECTION ( 'NONE',  ( 0.000000000000000000, 0.000000000000000000, 1.000000000000000000 ) ) ;
#3641 = VECTOR ( 'NONE', #9437, 1000.000000000000000 ) ;
#3642 = PLANE ( 'NONE',  #8912 ) ;
#3643 = DIRECTION ( 'NONE',  ( 0.000000000000000000, 0.000000000000000000, 1.000000000000000000 ) ) ;
#3644 = CARTESIAN_POINT ( 'NONE',  ( 4.120000000000000107, 2.149999999999999911, 4.290000000000000036 ) ) ;
#3645 = ORIENTED_EDGE ( 'NONE', *, *, #6432, .F. ) ;
#3646 = VERTEX_POINT ( 'NONE', #5049 ) ;
#3647 = CARTESIAN_POINT ( 'NONE',  ( 1.734723475976809855E-15, 0.9799999999999999822, -8.673617379884039416E-16 ) ) ;
#3648 = PLANE ( 'NONE',  #4701 ) ;
#3649 = STYLED_ITEM ( 'NONE', ( #8245 ), #6110 ) ;
#3650 = DIRECTION ( 'NONE',  ( -0.000000000000000000, 1.000000000000000000, 0.000000000000000000 ) ) ;
#3651 = CARTESIAN_POINT ( 'NONE',  ( 4.850000000000000533, 0.9799999999999999822, 1.350000000000000089 ) ) ;
#3652 = ORIENTED_EDGE ( 'NONE', *, *, #7899, .F. ) ;
#3653 = ORIENTED_EDGE ( 'NONE', *, *, #4021, .F. ) ;
#3654 = VERTEX_POINT ( 'NONE', #3673 ) ;
#3655 = ORIENTED_EDGE ( 'NONE', *, *, #6686, .F. ) ;
#3656 = FACE_OUTER_BOUND ( 'NONE', #3460, .T. ) ;
#3657 = ADVANCED_FACE ( 'NONE', ( #1407 ), #2328, .F. ) ;
#3658 =( GEOMETRIC_REPRESENTATION_CONTEXT ( 3 ) GLOBAL_UNCERTAINTY_ASSIGNED_CONTEXT ( ( #9189 ) ) GLOBAL_UNIT_ASSIGNED_CONTEXT ( ( #2129, #4900, #528 ) ) REPRESENTATION_CONTEXT ( 'NONE', 'WORKASPACE' ) );
#3659 = CARTESIAN_POINT ( 'NONE',  ( 4.850000000000000533, 1.000000000000000000, 1.100000000000000089 ) ) ;
#3660 = FILL_AREA_STYLE ('',( #722 ) ) ;
#3661 = LINE ( 'NONE', #8798, #2476 ) ;
#3662 =( NAMED_UNIT ( * ) PLANE_ANGLE_UNIT ( ) SI_UNIT ( $, .RADIAN. ) );
#3663 = AXIS2_PLACEMENT_3D ( 'NONE', #7387, #8818, #8015 ) ;
#3664 = DIRECTION ( 'NONE',  ( 0.000000000000000000, -1.000000000000000000, 0.000000000000000000 ) ) ;
#3665 = CARTESIAN_POINT ( 'NONE',  ( -4.850000000000000533, 1.000000000000000000, -4.400000000000000355 ) ) ;
#3666 = VERTEX_POINT ( 'NONE', #8181 ) ;
#3667 = CARTESIAN_POINT ( 'NONE',  ( -4.850000000000000533, 0.9799999999999999822, -0.7000000000000490274 ) ) ;
#3668 = EDGE_CURVE ( 'NONE', #5349, #8455, #3417, .T. ) ;
#3669 = LINE ( 'NONE', #7239, #4948 ) ;
#3670 = EDGE_CURVE ( 'NONE', #3928, #5801, #7562, .T. ) ;
#3671 =( NAMED_UNIT ( * ) SI_UNIT ( $, .STERADIAN. ) SOLID_ANGLE_UNIT ( ) );
#3672 = CARTESIAN_POINT ( 'NONE',  ( -4.120000000000000107, 2.149999999999999911, 4.290000000000000036 ) ) ;
#3673 = CARTESIAN_POINT ( 'NONE',  ( 4.850000000000000533, 0.02000000000000000042, -0.7000000000001009859 ) ) ;
#3674 = PRESENTATION_LAYER_ASSIGNMENT (  '', '', ( #7313 ) ) ;
#3675 = SURFACE_SIDE_STYLE ('',( #6759 ) ) ;
#3676 = SURFACE_STYLE_FILL_AREA ( #736 ) ;
#3677 = FACE_OUTER_BOUND ( 'NONE', #8536, .T. ) ;
#3678 = SURFACE_SIDE_STYLE ('',( #2197 ) ) ;
#3679 = STYLED_ITEM ( 'NONE', ( #8160 ), #1803 ) ;
#3680 = EDGE_CURVE ( 'NONE', #654, #1510, #3207, .T. ) ;
#3681 = FILL_AREA_STYLE ('',( #4415 ) ) ;
#3682 = CARTESIAN_POINT ( 'NONE',  ( 4.850000000000000533, 0.000000000000000000, 2.600000000000000089 ) ) ;
#3683 = DIRECTION ( 'NONE',  ( 0.000000000000000000, -1.000000000000000000, 0.000000000000000000 ) ) ;
#3684 = CARTESIAN_POINT ( 'NONE',  ( -4.850000000000000533, 0.9799999999999999822, -1.949999999999999956 ) ) ;
#3685 = DIRECTION ( 'NONE',  ( 0.000000000000000000, -1.000000000000000000, 0.000000000000000000 ) ) ;
#3686 = FILL_AREA_STYLE_COLOUR ( '', #4979 ) ;
#3687 = ORIENTED_EDGE ( 'NONE', *, *, #6654, .T. ) ;
#3688 = FILL_AREA_STYLE_COLOUR ( '', #7172 ) ;
#3689 = VECTOR ( 'NONE', #4387, 1000.000000000000000 ) ;
#3690 = SURFACE_SIDE_STYLE ('',( #1576 ) ) ;
#3691 = CARTESIAN_POINT ( 'NONE',  ( -3.950000000000000178, 0.02000000000000000042, -8.673617379884039416E-16 ) ) ;
#3692 = EDGE_LOOP ( 'NONE', ( #148, #1071, #3269, #6645 ) ) ;
#3693 = ADVANCED_FACE ( 'NONE', ( #258 ), #7741, .F. ) ;
#3694 = ORIENTED_EDGE ( 'NONE', *, *, #5272, .T. ) ;
#3695 = CARTESIAN_POINT ( 'NONE',  ( -4.120000000000000107, 2.149999999999999911, -4.290000000000000036 ) ) ;
#3696 =( NAMED_UNIT ( * ) PLANE_ANGLE_UNIT ( ) SI_UNIT ( $, .RADIAN. ) );
#3697 = ORIENTED_EDGE ( 'NONE', *, *, #3949, .F. ) ;
#3698 = ORIENTED_EDGE ( 'NONE', *, *, #2899, .T. ) ;
#3699 = VERTEX_POINT ( 'NONE', #3149 ) ;
#3700 = CARTESIAN_POINT ( 'NONE',  ( 4.850000000000000533, 0.9799999999999999822, -1.350000000000000089 ) ) ;
#3701 = ORIENTED_EDGE ( 'NONE', *, *, #4041, .T. ) ;
#3702 = DIRECTION ( 'NONE',  ( 0.000000000000000000, 0.000000000000000000, 1.000000000000000000 ) ) ;
#3703 = UNCERTAINTY_MEASURE_WITH_UNIT (LENGTH_MEASURE( 1.000000000000000082E-05 ), #4598, 'distance_accuracy_value', 'NONE');
#3704 = DIRECTION ( 'NONE',  ( 0.000000000000000000, 1.000000000000000000, 0.000000000000000000 ) ) ;
#3705 = DIRECTION ( 'NONE',  ( 1.000000000000000000, 0.000000000000000000, 0.000000000000000000 ) ) ;
#3706 = SURFACE_STYLE_FILL_AREA ( #8709 ) ;
#3707 =( LENGTH_UNIT ( ) NAMED_UNIT ( * ) SI_UNIT ( .MILLI., .METRE. ) );
#3708 = ADVANCED_FACE ( 'NONE', ( #1687 ), #4617, .T. ) ;
#3709 = CARTESIAN_POINT ( 'NONE',  ( -4.850000000000000533, 0.9799999999999999822, 1.100000000000000089 ) ) ;
#3710 = DIRECTION ( 'NONE',  ( 0.000000000000000000, -1.000000000000000000, 0.000000000000000000 ) ) ;
#3711 = VERTEX_POINT ( 'NONE', #8464 ) ;
#3712 = VERTEX_POINT ( 'NONE', #4895 ) ;
#3713 = SURFACE_SIDE_STYLE ('',( #1405 ) ) ;
#3714 = STYLED_ITEM ( 'NONE', ( #9364 ), #4072 ) ;
#3715 = CARTESIAN_POINT ( 'NONE',  ( 4.850000000000000533, 0.9799999999999999822, 2.200000000000000178 ) ) ;
#3716 = PRESENTATION_LAYER_ASSIGNMENT (  '', '', ( #6147 ) ) ;
#3717 = MECHANICAL_DESIGN_GEOMETRIC_PRESENTATION_REPRESENTATION (  '', ( #36 ), #2497 ) ;
#3718 =( LENGTH_UNIT ( ) NAMED_UNIT ( * ) SI_UNIT ( .MILLI., .METRE. ) );
#3719 = COLOUR_RGB ( '',1.000000000000000000, 0.8117647058823529438, 0.5019607843137254832 ) ;
#3720 = SHAPE_DEFINITION_REPRESENTATION ( #5866, #5108 ) ;
#3721 = CARTESIAN_POINT ( 'NONE',  ( 4.850000000000000533, 0.000000000000000000, -2.899999999999999911 ) ) ;
#3722 = SURFACE_STYLE_FILL_AREA ( #2335 ) ;
#3723 = EDGE_CURVE ( 'NONE', #5213, #7634, #1738, .T. ) ;
#3724 =( NAMED_UNIT ( * ) PLANE_ANGLE_UNIT ( ) SI_UNIT ( $, .RADIAN. ) );
#3725 = EDGE_CURVE ( 'NONE', #2208, #7807, #1921, .T. ) ;
#3726 = AXIS2_PLACEMENT_3D ( 'NONE', #1513, #8094, #1458 ) ;
#3727 = VECTOR ( 'NONE', #5189, 1000.000000000000000 ) ;
#3728 = LINE ( 'NONE', #8190, #4623 ) ;
#3729 = VECTOR ( 'NONE', #8945, 1000.000000000000000 ) ;
#3730 = DIRECTION ( 'NONE',  ( 0.000000000000000000, 1.000000000000000000, 0.000000000000000000 ) ) ;
#3731 = EDGE_CURVE ( 'NONE', #2881, #3004, #7468, .T. ) ;
#3732 = ORIENTED_EDGE ( 'NONE', *, *, #4488, .T. ) ;
#3733 = CARTESIAN_POINT ( 'NONE',  ( -4.850000000000000533, 0.9799999999999999822, -0.2500000000000809908 ) ) ;
#3734 = DIRECTION ( 'NONE',  ( 0.000000000000000000, 0.000000000000000000, -1.000000000000000000 ) ) ;
#3735 = ORIENTED_EDGE ( 'NONE', *, *, #4681, .F. ) ;
#3736 = ORIENTED_EDGE ( 'NONE', *, *, #2763, .T. ) ;
#3737 = DIRECTION ( 'NONE',  ( 1.000000000000000000, 0.000000000000000000, 0.000000000000000000 ) ) ;
#3738 = FILL_AREA_STYLE ('',( #800 ) ) ;
#3739 = SURFACE_STYLE_USAGE ( .BOTH. , #992 ) ;
#3740 = EDGE_CURVE ( 'NONE', #4639, #3276, #5218, .T. ) ;
#3741 = ORIENTED_EDGE ( 'NONE', *, *, #6771, .T. ) ;
#3742 = ORIENTED_EDGE ( 'NONE', *, *, #2505, .T. ) ;
#3743 = DIRECTION ( 'NONE',  ( 1.000000000000000000, 0.000000000000000000, 0.000000000000000000 ) ) ;
#3744 = VERTEX_POINT ( 'NONE', #4665 ) ;
#3745 = ORIENTED_EDGE ( 'NONE', *, *, #9373, .T. ) ;
#3746 =( NAMED_UNIT ( * ) PLANE_ANGLE_UNIT ( ) SI_UNIT ( $, .RADIAN. ) );
#3747 = DIRECTION ( 'NONE',  ( 0.000000000000000000, -1.000000000000000000, 0.000000000000000000 ) ) ;
#3748 = FACE_OUTER_BOUND ( 'NONE', #3274, .T. ) ;
#3749 = PRESENTATION_LAYER_ASSIGNMENT (  '', '', ( #2540 ) ) ;
#3750 = DIRECTION ( 'NONE',  ( 1.000000000000000000, 0.000000000000000000, 0.000000000000000000 ) ) ;
#3751 = FILL_AREA_STYLE_COLOUR ( '', #4821 ) ;
#3752 = LINE ( 'NONE', #6615, #8335 ) ;
#3753 = VECTOR ( 'NONE', #7525, 1000.000000000000000 ) ;
#3754 = FACE_OUTER_BOUND ( 'NONE', #8429, .T. ) ;
#3755 = CYLINDRICAL_SURFACE ( 'NONE', #8445, 0.2500000000000002220 ) ;
#3756 = DIRECTION ( 'NONE',  ( 0.000000000000000000, 0.000000000000000000, -1.000000000000000000 ) ) ;
#3757 = LINE ( 'NONE', #3065, #2022 ) ;
#3758 = DIRECTION ( 'NONE',  ( 1.000000000000000000, 0.000000000000000000, 0.000000000000000000 ) ) ;
#3759 = SURFACE_STYLE_USAGE ( .BOTH. , #3675 ) ;
#3760 = VECTOR ( 'NONE', #7374, 1000.000000000000000 ) ;
#3761 =( NAMED_UNIT ( * ) PLANE_ANGLE_UNIT ( ) SI_UNIT ( $, .RADIAN. ) );
#3762 = DIRECTION ( 'NONE',  ( 0.000000000000000000, 1.000000000000000000, 0.000000000000000000 ) ) ;
#3763 = UNCERTAINTY_MEASURE_WITH_UNIT (LENGTH_MEASURE( 1.000000000000000082E-05 ), #4217, 'distance_accuracy_value', 'NONE');
#3764 = CYLINDRICAL_SURFACE ( 'NONE', #7500, 0.4000000000000001887 ) ;
#3765 = VECTOR ( 'NONE', #4196, 1000.000000000000000 ) ;
#3766 = VECTOR ( 'NONE', #7896, 1000.000000000000000 ) ;
#3767 = LINE ( 'NONE', #3586, #2974 ) ;
#3768 = CARTESIAN_POINT ( 'NONE',  ( -4.850000000000000533, 0.000000000000000000, 5.049999999999999822 ) ) ;
#3769 = EDGE_CURVE ( 'NONE', #1497, #3881, #2471, .T. ) ;
#3770 = EDGE_CURVE ( 'NONE', #3852, #3930, #9010, .T. ) ;
#3771 = CIRCLE ( 'NONE', #6364, 0.2500000000000002220 ) ;
#3772 = CARTESIAN_POINT ( 'NONE',  ( -4.850000000000000533, 0.9799999999999999822, -5.049999999999999822 ) ) ;
#3773 = FILL_AREA_STYLE_COLOUR ( '', #2843 ) ;
#3774 = CARTESIAN_POINT ( 'NONE',  ( 3.950000000000000178, 0.000000000000000000, 0.6999999999999010347 ) ) ;
#3775 = AXIS2_PLACEMENT_3D ( 'NONE', #2337, #8233, #3815 ) ;
#3776 = MECHANICAL_DESIGN_GEOMETRIC_PRESENTATION_REPRESENTATION (  '', ( #7877 ), #2887 ) ;
#3777 = ORIENTED_EDGE ( 'NONE', *, *, #7624, .T. ) ;
#3778 = SURFACE_STYLE_USAGE ( .BOTH. , #3825 ) ;
#3779 = VECTOR ( 'NONE', #6268, 1000.000000000000000 ) ;
#3780 = MECHANICAL_DESIGN_GEOMETRIC_PRESENTATION_REPRESENTATION (  '', ( #699 ), #5906 ) ;
#3781 = VERTEX_POINT ( 'NONE', #3244 ) ;
#3782 = EDGE_CURVE ( 'NONE', #6367, #5353, #8934, .T. ) ;
#3783 = EDGE_CURVE ( 'NONE', #5143, #1590, #920, .T. ) ;
#3784 = AXIS2_PLACEMENT_3D ( 'NONE', #2020, #5494, #4031 ) ;
#3785 = ORIENTED_EDGE ( 'NONE', *, *, #7495, .T. ) ;
#3786 = DIRECTION ( 'NONE',  ( -1.000000000000000000, 0.000000000000000000, 0.000000000000000000 ) ) ;
#3787 = VECTOR ( 'NONE', #5839, 1000.000000000000000 ) ;
#3788 = VERTEX_POINT ( 'NONE', #474 ) ;
#3789 = PRESENTATION_LAYER_ASSIGNMENT (  '', '', ( #5621 ) ) ;
#3790 = SURFACE_STYLE_FILL_AREA ( #7396 ) ;
#3791 = ORIENTED_EDGE ( 'NONE', *, *, #8673, .T. ) ;
#3792 = VECTOR ( 'NONE', #3115, 1000.000000000000000 ) ;
#3793 = VERTEX_POINT ( 'NONE', #8889 ) ;
#3794 = FILL_AREA_STYLE ('',( #857 ) ) ;
#3795 = ORIENTED_EDGE ( 'NONE', *, *, #140, .T. ) ;
#3796 = PRESENTATION_LAYER_ASSIGNMENT (  '', '', ( #2593 ) ) ;
#3797 = EDGE_LOOP ( 'NONE', ( #5720, #284, #3174, #4768 ) ) ;
#3798 = VERTEX_POINT ( 'NONE', #967 ) ;
#3799 = EDGE_CURVE ( 'NONE', #5967, #5553, #2376, .T. ) ;
#3800 = CARTESIAN_POINT ( 'NONE',  ( -4.850000000000000533, 0.9799999999999999822, -4.400000000000000355 ) ) ;
#3801 = UNCERTAINTY_MEASURE_WITH_UNIT (LENGTH_MEASURE( 1.000000000000000082E-05 ), #5892, 'distance_accuracy_value', 'NONE');
#3802 = CARTESIAN_POINT ( 'NONE',  ( 4.419999999999999929, 0.000000000000000000, 4.590000000000000746 ) ) ;
#3803 = DIRECTION ( 'NONE',  ( -1.000000000000000000, 0.000000000000000000, 0.000000000000000000 ) ) ;
#3804 = SURFACE_SIDE_STYLE ('',( #8127 ) ) ;
#3805 = PRESENTATION_LAYER_ASSIGNMENT (  '', '', ( #6691 ) ) ;
#3806 = CARTESIAN_POINT ( 'NONE',  ( 4.850000000000000533, 0.000000000000000000, -4.400000000000000355 ) ) ;
#3807 = COLOUR_RGB ( '',1.000000000000000000, 0.8117647058823529438, 0.5019607843137254832 ) ;
#3808 =( LENGTH_UNIT ( ) NAMED_UNIT ( * ) SI_UNIT ( .MILLI., .METRE. ) );
#3809 = CARTESIAN_POINT ( 'NONE',  ( 4.850000000000000533, 0.02000000000000000042, -2.200000000000000178 ) ) ;
#3810 = CARTESIAN_POINT ( 'NONE',  ( 4.120000000000000107, 2.449999999999999734, -8.673617379884039416E-16 ) ) ;
#3811 =( LENGTH_UNIT ( ) NAMED_UNIT ( * ) SI_UNIT ( .MILLI., .METRE. ) );
#3812 = CYLINDRICAL_SURFACE ( 'NONE', #9013, 0.2999999999999999334 ) ;
#3813 = FACE_OUTER_BOUND ( 'NONE', #8757, .T. ) ;
#3814 = DIRECTION ( 'NONE',  ( 0.000000000000000000, -1.000000000000000000, 0.000000000000000000 ) ) ;
#3815 = DIRECTION ( 'NONE',  ( -1.000000000000000000, 0.000000000000000000, 0.000000000000000000 ) ) ;
#3816 = PRESENTATION_LAYER_ASSIGNMENT (  '', '', ( #3228 ) ) ;
#3817 = SURFACE_STYLE_USAGE ( .BOTH. , #4626 ) ;
#3818 = FACE_OUTER_BOUND ( 'NONE', #5884, .T. ) ;
#3819 = DIRECTION ( 'NONE',  ( 0.000000000000000000, 1.000000000000000000, 0.000000000000000000 ) ) ;
#3820 = DIRECTION ( 'NONE',  ( 0.000000000000000000, -1.000000000000000000, 0.000000000000000000 ) ) ;
#3821 = FILL_AREA_STYLE_COLOUR ( '', #7751 ) ;
#3822 = MECHANICAL_DESIGN_GEOMETRIC_PRESENTATION_REPRESENTATION (  '', ( #2003 ), #8505 ) ;
#3823 = VERTEX_POINT ( 'NONE', #212 ) ;
#3824 = EDGE_CURVE ( 'NONE', #2775, #2713, #3855, .T. ) ;
#3825 = SURFACE_SIDE_STYLE ('',( #39 ) ) ;
#3826 = EDGE_LOOP ( 'NONE', ( #6102, #1430, #3795, #4822 ) ) ;
#3827 = ORIENTED_EDGE ( 'NONE', *, *, #9351, .F. ) ;
#3828 = DIRECTION ( 'NONE',  ( 0.000000000000000000, 0.000000000000000000, 1.000000000000000000 ) ) ;
#3829 = PLANE ( 'NONE',  #9394 ) ;
#3830 = ORIENTED_EDGE ( 'NONE', *, *, #2425, .F. ) ;
#3831 = DIRECTION ( 'NONE',  ( 0.000000000000000000, 0.000000000000000000, -1.000000000000000000 ) ) ;
#3832 = SURFACE_STYLE_USAGE ( .BOTH. , #1439 ) ;
#3833 = VERTEX_POINT ( 'NONE', #6045 ) ;
#3834 = ADVANCED_FACE ( 'NONE', ( #5908 ), #3764, .F. ) ;
#3835 = EDGE_CURVE ( 'NONE', #3485, #4913, #5684, .T. ) ;
#3836 = UNCERTAINTY_MEASURE_WITH_UNIT (LENGTH_MEASURE( 1.000000000000000082E-05 ), #7087, 'distance_accuracy_value', 'NONE');
#3837 = ORIENTED_EDGE ( 'NONE', *, *, #3549, .T. ) ;
#3838 = CARTESIAN_POINT ( 'NONE',  ( -4.850000000000000533, 0.9799999999999999822, -3.299999999999999822 ) ) ;
#3839 = ORIENTED_EDGE ( 'NONE', *, *, #5766, .F. ) ;
#3840 = ORIENTED_EDGE ( 'NONE', *, *, #3311, .F. ) ;
#3841 = LINE ( 'NONE', #3236, #6913 ) ;
#3842 = SURFACE_SIDE_STYLE ('',( #4563 ) ) ;
#3843 = DIRECTION ( 'NONE',  ( 1.000000000000000000, 0.000000000000000000, 0.000000000000000000 ) ) ;
#3844 = LINE ( 'NONE', #6743, #2190 ) ;
#3845 =( LENGTH_UNIT ( ) NAMED_UNIT ( * ) SI_UNIT ( .MILLI., .METRE. ) );
#3846 = DIRECTION ( 'NONE',  ( -1.000000000000000000, 0.000000000000000000, 0.000000000000000000 ) ) ;
#3847 = ADVANCED_FACE ( 'NONE', ( #4916 ), #1371, .T. ) ;
#3848 = EDGE_LOOP ( 'NONE', ( #90, #5238, #4011, #6889, #809 ) ) ;
#3849 = FILL_AREA_STYLE_COLOUR ( '', #7920 ) ;
#3850 = VECTOR ( 'NONE', #221, 1000.000000000000000 ) ;
#3851 = SURFACE_STYLE_FILL_AREA ( #7464 ) ;
#3852 = VERTEX_POINT ( 'NONE', #7163 ) ;
#3853 =( LENGTH_UNIT ( ) NAMED_UNIT ( * ) SI_UNIT ( .MILLI., .METRE. ) );
#3854 = DIRECTION ( 'NONE',  ( 0.000000000000000000, -1.000000000000000000, 0.000000000000000000 ) ) ;
#3855 = LINE ( 'NONE', #2423, #2027 ) ;
#3856 = VECTOR ( 'NONE', #2715, 1000.000000000000000 ) ;
#3857 =( GEOMETRIC_REPRESENTATION_CONTEXT ( 3 ) GLOBAL_UNCERTAINTY_ASSIGNED_CONTEXT ( ( #1491 ) ) GLOBAL_UNIT_ASSIGNED_CONTEXT ( ( #4575, #8762, #2426 ) ) REPRESENTATION_CONTEXT ( 'NONE', 'WORKASPACE' ) );
#3858 = CARTESIAN_POINT ( 'NONE',  ( 4.850000000000000533, 1.000000000000000000, -2.200000000000000178 ) ) ;
#3859 = FACE_OUTER_BOUND ( 'NONE', #6266, .T. ) ;
#3860 = LINE ( 'NONE', #6714, #531 ) ;
#3861 = CARTESIAN_POINT ( 'NONE',  ( -4.850000000000000533, 0.9799999999999999822, -5.049999999999999822 ) ) ;
#3862 = EDGE_CURVE ( 'NONE', #963, #916, #628, .T. ) ;
#3863 = VERTEX_POINT ( 'NONE', #2891 ) ;
#3864 = EDGE_LOOP ( 'NONE', ( #7750, #2300, #5517, #2952 ) ) ;
#3865 = STYLED_ITEM ( 'NONE', ( #4868 ), #4098 ) ;
#3866 = AXIS2_PLACEMENT_3D ( 'NONE', #3330, #6233, #2616 ) ;
#3867 = CARTESIAN_POINT ( 'NONE',  ( 4.850000000000000533, 0.02000000000000000042, -6.331740687315349681E-14 ) ) ;
#3868 = DIRECTION ( 'NONE',  ( 0.000000000000000000, 1.000000000000000000, 0.000000000000000000 ) ) ;
#3869 = LINE ( 'NONE', #1801, #1552 ) ;
#3870 = DIRECTION ( 'NONE',  ( 1.000000000000000000, 0.000000000000000000, 0.000000000000000000 ) ) ;
#3871 = CARTESIAN_POINT ( 'NONE',  ( 4.850000000000000533, 0.9799999999999999822, 5.049999999999999822 ) ) ;
#3872 = COLOUR_RGB ( '',0.5372549019607842924, 0.6235294117647058876, 0.000000000000000000 ) ;
#3873 = SURFACE_SIDE_STYLE ('',( #7481 ) ) ;
#3874 = FACE_OUTER_BOUND ( 'NONE', #4023, .T. ) ;
#3875 = AXIS2_PLACEMENT_3D ( 'NONE', #2676, #8427, #401 ) ;
#3876 = EDGE_LOOP ( 'NONE', ( #5264, #7398, #7327, #780, #8997, #998, #2316 ) ) ;
#3877 = ORIENTED_EDGE ( 'NONE', *, *, #5918, .T. ) ;
#3878 = DIRECTION ( 'NONE',  ( 1.000000000000000000, 0.000000000000000000, 0.000000000000000000 ) ) ;
#3879 = AXIS2_PLACEMENT_3D ( 'NONE', #3205, #8382, #6753 ) ;
#3880 =( GEOMETRIC_REPRESENTATION_CONTEXT ( 3 ) GLOBAL_UNCERTAINTY_ASSIGNED_CONTEXT ( ( #4897 ) ) GLOBAL_UNIT_ASSIGNED_CONTEXT ( ( #4078, #1288, #1051 ) ) REPRESENTATION_CONTEXT ( 'NONE', 'WORKASPACE' ) );
#3881 = VERTEX_POINT ( 'NONE', #7915 ) ;
#3882 = DIRECTION ( 'NONE',  ( -1.000000000000000000, 0.000000000000000000, 0.000000000000000000 ) ) ;
#3883 = CARTESIAN_POINT ( 'NONE',  ( -4.850000000000000533, 0.000000000000000000, 3.550000000000000266 ) ) ;
#3884 = ADVANCED_FACE ( 'NONE', ( #4317 ), #1873, .T. ) ;
#3885 = FILL_AREA_STYLE_COLOUR ( '', #6387 ) ;
#3886 = CARTESIAN_POINT ( 'NONE',  ( 4.850000000000000533, 1.000000000000000000, -8.673617379884039416E-16 ) ) ;
#3887 = ORIENTED_EDGE ( 'NONE', *, *, #3333, .T. ) ;
#3888 = PRESENTATION_LAYER_ASSIGNMENT (  '', '', ( #6164 ) ) ;
#3889 = FILL_AREA_STYLE_COLOUR ( '', #7446 ) ;
#3890 = CIRCLE ( 'NONE', #5715, 0.2999999999999999334 ) ;
#3891 = PRESENTATION_LAYER_ASSIGNMENT (  '', '', ( #7990 ) ) ;
#3892 = EDGE_LOOP ( 'NONE', ( #6144, #3042, #6355, #6474 ) ) ;
#3893 = VERTEX_POINT ( 'NONE', #2569 ) ;
#3894 = PRESENTATION_STYLE_ASSIGNMENT (( #2508 ) ) ;
#3895 = SURFACE_STYLE_USAGE ( .BOTH. , #5319 ) ;
#3896 = EDGE_CURVE ( 'NONE', #4711, #7455, #335, .T. ) ;
#3897 = EDGE_CURVE ( 'NONE', #6437, #1433, #5507, .T. ) ;
#3898 = LINE ( 'NONE', #6795, #6891 ) ;
#3899 = ORIENTED_EDGE ( 'NONE', *, *, #5191, .F. ) ;
#3900 = ORIENTED_EDGE ( 'NONE', *, *, #3496, .T. ) ;
#3901 = FACE_OUTER_BOUND ( 'NONE', #1630, .T. ) ;
#3902 = ORIENTED_EDGE ( 'NONE', *, *, #2304, .T. ) ;
#3903 = FILL_AREA_STYLE ('',( #8227 ) ) ;
#3904 = SURFACE_STYLE_USAGE ( .BOTH. , #9032 ) ;
#3905 = DIRECTION ( 'NONE',  ( 0.000000000000000000, -1.000000000000000000, 0.000000000000000000 ) ) ;
#3906 = EDGE_CURVE ( 'NONE', #154, #5490, #4440, .T. ) ;
#3907 = MECHANICAL_DESIGN_GEOMETRIC_PRESENTATION_REPRESENTATION (  '', ( #2865 ), #4064 ) ;
#3908 = CARTESIAN_POINT ( 'NONE',  ( 4.850000000000000533, 1.000000000000000000, 2.899999999999999911 ) ) ;
#3909 = CARTESIAN_POINT ( 'NONE',  ( 4.850000000000000533, 0.02000000000000000042, 5.049999999999999822 ) ) ;
#3910 = ORIENTED_EDGE ( 'NONE', *, *, #8249, .F. ) ;
#3911 = ORIENTED_EDGE ( 'NONE', *, *, #2899, .F. ) ;
#3912 = ORIENTED_EDGE ( 'NONE', *, *, #7624, .F. ) ;
#3913 = CARTESIAN_POINT ( 'NONE',  ( 3.950000000000000178, 0.000000000000000000, 1.500000000000000000 ) ) ;
#3914 = DIRECTION ( 'NONE',  ( 0.000000000000000000, 1.000000000000000000, 0.000000000000000000 ) ) ;
#3915 = EDGE_CURVE ( 'NONE', #2650, #6367, #8878, .T. ) ;
#3916 = MECHANICAL_DESIGN_GEOMETRIC_PRESENTATION_REPRESENTATION (  '', ( #5276 ), #235 ) ;
#3917 = PLANE ( 'NONE',  #224 ) ;
#3918 =( NAMED_UNIT ( * ) PLANE_ANGLE_UNIT ( ) SI_UNIT ( $, .RADIAN. ) );
#3919 = LINE ( 'NONE', #6869, #9110 ) ;
#3920 = CARTESIAN_POINT ( 'NONE',  ( 4.599999999999999645, 0.02000000000000000042, 2.200000000000000178 ) ) ;
#3921 = ORIENTED_EDGE ( 'NONE', *, *, #3494, .F. ) ;
#3922 = PLANE ( 'NONE',  #2135 ) ;
#3923 = AXIS2_PLACEMENT_3D ( 'NONE', #22, #9372, #1365 ) ;
#3924 = MECHANICAL_DESIGN_GEOMETRIC_PRESENTATION_REPRESENTATION (  '', ( #9383 ), #3618 ) ;
#3925 = ORIENTED_EDGE ( 'NONE', *, *, #1254, .F. ) ;
#3926 = VECTOR ( 'NONE', #6762, 1000.000000000000000 ) ;
#3927 =( GEOMETRIC_REPRESENTATION_CONTEXT ( 3 ) GLOBAL_UNCERTAINTY_ASSIGNED_CONTEXT ( ( #8170 ) ) GLOBAL_UNIT_ASSIGNED_CONTEXT ( ( #6847, #6793, #3991 ) ) REPRESENTATION_CONTEXT ( 'NONE', 'WORKASPACE' ) );
#3928 = VERTEX_POINT ( 'NONE', #2463 ) ;
#3929 = LINE ( 'NONE', #5311, #8659 ) ;
#3930 = VERTEX_POINT ( 'NONE', #1636 ) ;
#3931 = VECTOR ( 'NONE', #6450, 1000.000000000000000 ) ;
#3932 =( NAMED_UNIT ( * ) SI_UNIT ( $, .STERADIAN. ) SOLID_ANGLE_UNIT ( ) );
#3933 = ORIENTED_EDGE ( 'NONE', *, *, #2042, .T. ) ;
#3934 = COLOUR_RGB ( '',1.000000000000000000, 0.8117647058823529438, 0.5019607843137254832 ) ;
#3935 = ORIENTED_EDGE ( 'NONE', *, *, #1714, .T. ) ;
#3936 = ORIENTED_EDGE ( 'NONE', *, *, #3508, .F. ) ;
#3937 = LINE ( 'NONE', #5408, #6923 ) ;
#3938 = SURFACE_STYLE_FILL_AREA ( #4651 ) ;
#3939 =( GEOMETRIC_REPRESENTATION_CONTEXT ( 3 ) GLOBAL_UNCERTAINTY_ASSIGNED_CONTEXT ( ( #6323 ) ) GLOBAL_UNIT_ASSIGNED_CONTEXT ( ( #2911, #3002, #6561 ) ) REPRESENTATION_CONTEXT ( 'NONE', 'WORKASPACE' ) );
#3940 = FACE_OUTER_BOUND ( 'NONE', #2455, .T. ) ;
#3941 = AXIS2_PLACEMENT_3D ( 'NONE', #7837, #660, #582 ) ;
#3942 = MECHANICAL_DESIGN_GEOMETRIC_PRESENTATION_REPRESENTATION (  '', ( #4707 ), #6383 ) ;
#3943 = LINE ( 'NONE', #9165, #9212 ) ;
#3944 = CARTESIAN_POINT ( 'NONE',  ( 4.850000000000000533, 0.000000000000000000, -4.400000000000000355 ) ) ;
#3945 = ORIENTED_EDGE ( 'NONE', *, *, #7115, .T. ) ;
#3946 = ORIENTED_EDGE ( 'NONE', *, *, #37, .T. ) ;
#3947 = PRESENTATION_STYLE_ASSIGNMENT (( #1007 ) ) ;
#3948 = COLOUR_RGB ( '',1.000000000000000000, 0.8117647058823529438, 0.5019607843137254832 ) ;
#3949 = EDGE_CURVE ( 'NONE', #8460, #4185, #5935, .T. ) ;
#3950 = VECTOR ( 'NONE', #7055, 1000.000000000000000 ) ;
#3951 = ORIENTED_EDGE ( 'NONE', *, *, #943, .F. ) ;
#3952 = PLANE ( 'NONE',  #7533 ) ;
#3953 = CARTESIAN_POINT ( 'NONE',  ( 4.850000000000000533, 0.02000000000000000042, 3.299999999999999822 ) ) ;
#3954 = CARTESIAN_POINT ( 'NONE',  ( 1.734723475976809855E-15, 0.000000000000000000, 1.800000000000000044 ) ) ;
#3955 = PRESENTATION_LAYER_ASSIGNMENT (  '', '', ( #3649 ) ) ;
#3956 = CARTESIAN_POINT ( 'NONE',  ( -4.850000000000000533, 1.000000000000000000, -4.400000000000000355 ) ) ;
#3957 = CARTESIAN_POINT ( 'NONE',  ( -4.120000000000000107, 2.149999999999999911, -4.440000000000000391 ) ) ;
#3958 = CARTESIAN_POINT ( 'NONE',  ( 3.950000000000000178, 0.02000000000000000042, -1.500000000000000000 ) ) ;
#3959 = ORIENTED_EDGE ( 'NONE', *, *, #3264, .T. ) ;
#3960 = CARTESIAN_POINT ( 'NONE',  ( -3.950000000000000178, 0.02000000000000000042, -8.673617379884039416E-16 ) ) ;
#3961 = VERTEX_POINT ( 'NONE', #8221 ) ;
#3962 = EDGE_CURVE ( 'NONE', #7962, #5174, #1595, .T. ) ;
#3963 = ADVANCED_FACE ( 'NONE', ( #816 ), #7409, .T. ) ;
#3964 = CARTESIAN_POINT ( 'NONE',  ( -4.850000000000000533, 0.9799999999999999822, 4.799999999999999822 ) ) ;
#3965 = ORIENTED_EDGE ( 'NONE', *, *, #3725, .T. ) ;
#3966 = LINE ( 'NONE', #4625, #7987 ) ;
#3967 = SURFACE_STYLE_FILL_AREA ( #3681 ) ;
#3968 = LINE ( 'NONE', #6909, #8272 ) ;
#3969 = PRESENTATION_LAYER_ASSIGNMENT (  '', '', ( #5932 ) ) ;
#3970 =( LENGTH_UNIT ( ) NAMED_UNIT ( * ) SI_UNIT ( .MILLI., .METRE. ) );
#3971 = SURFACE_SIDE_STYLE ('',( #5530 ) ) ;
#3972 = DIRECTION ( 'NONE',  ( 0.000000000000000000, 0.000000000000000000, -1.000000000000000000 ) ) ;
#3973 = PRESENTATION_STYLE_ASSIGNMENT (( #8148 ) ) ;
#3974 = VERTEX_POINT ( 'NONE', #957 ) ;
#3975 = UNCERTAINTY_MEASURE_WITH_UNIT (LENGTH_MEASURE( 1.000000000000000082E-05 ), #5510, 'distance_accuracy_value', 'NONE');
#3976 = PRESENTATION_STYLE_ASSIGNMENT (( #7635 ) ) ;
#3977 = VECTOR ( 'NONE', #184, 1000.000000000000000 ) ;
#3978 = EDGE_CURVE ( 'NONE', #4596, #4160, #3898, .T. ) ;
#3979 = CARTESIAN_POINT ( 'NONE',  ( -4.850000000000000533, 0.000000000000000000, 0.6999999999999010347 ) ) ;
#3980 = CARTESIAN_POINT ( 'NONE',  ( -4.450000000000000178, 1.000000000000000000, -3.299999999999999822 ) ) ;
#3981 = ORIENTED_EDGE ( 'NONE', *, *, #7236, .F. ) ;
#3982 = LINE ( 'NONE', #2495, #117 ) ;
#3983 = ORIENTED_EDGE ( 'NONE', *, *, #3150, .F. ) ;
#3984 = ORIENTED_EDGE ( 'NONE', *, *, #8315, .F. ) ;
#3985 = LINE ( 'NONE', #2555, #8819 ) ;
#3986 = EDGE_CURVE ( 'NONE', #5479, #5301, #5361, .T. ) ;
#3987 = ORIENTED_EDGE ( 'NONE', *, *, #7798, .T. ) ;
#3988 = ORIENTED_EDGE ( 'NONE', *, *, #1041, .F. ) ;
#3989 = VERTEX_POINT ( 'NONE', #3182 ) ;
#3990 = CARTESIAN_POINT ( 'NONE',  ( 4.599999999999999645, 0.02000000000000000042, 1.100000000000000089 ) ) ;
#3991 =( NAMED_UNIT ( * ) SI_UNIT ( $, .STERADIAN. ) SOLID_ANGLE_UNIT ( ) );
#3992 = ORIENTED_EDGE ( 'NONE', *, *, #9316, .T. ) ;
#3993 = FILL_AREA_STYLE ('',( #2513 ) ) ;
#3994 = CARTESIAN_POINT ( 'NONE',  ( -4.850000000000000533, 1.000000000000000000, 3.299999999999999822 ) ) ;
#3995 = CARTESIAN_POINT ( 'NONE',  ( -4.850000000000000533, 0.000000000000000000, -2.449999999999999734 ) ) ;
#3996 = DIRECTION ( 'NONE',  ( 0.000000000000000000, 0.000000000000000000, 1.000000000000000000 ) ) ;
#3997 = ORIENTED_EDGE ( 'NONE', *, *, #3290, .F. ) ;
#3998 = ORIENTED_EDGE ( 'NONE', *, *, #684, .F. ) ;
#3999 = FILL_AREA_STYLE ('',( #1990 ) ) ;
#4000 = ORIENTED_EDGE ( 'NONE', *, *, #5472, .T. ) ;
#4001 = DIRECTION ( 'NONE',  ( 0.000000000000000000, 1.000000000000000000, 0.000000000000000000 ) ) ;
#4002 = DIRECTION ( 'NONE',  ( 0.000000000000000000, 1.000000000000000000, 0.000000000000000000 ) ) ;
#4003 =( LENGTH_UNIT ( ) NAMED_UNIT ( * ) SI_UNIT ( .MILLI., .METRE. ) );
#4004 = EDGE_CURVE ( 'NONE', #6638, #155, #763, .T. ) ;
#4005 = LINE ( 'NONE', #8231, #2970 ) ;
#4006 = CARTESIAN_POINT ( 'NONE',  ( 4.850000000000000533, 0.02000000000000000042, 5.049999999999999822 ) ) ;
#4007 = CARTESIAN_POINT ( 'NONE',  ( -4.850000000000000533, 0.9799999999999999822, -5.049999999999999822 ) ) ;
#4008 = AXIS2_PLACEMENT_3D ( 'NONE', #5555, #1187, #1236 ) ;
#4009 = SURFACE_SIDE_STYLE ('',( #9139 ) ) ;
#4010 = LINE ( 'NONE', #7702, #6774 ) ;
#4011 = ORIENTED_EDGE ( 'NONE', *, *, #8152, .T. ) ;
#4012 = ORIENTED_EDGE ( 'NONE', *, *, #392, .F. ) ;
#4013 = EDGE_LOOP ( 'NONE', ( #2159, #1859, #1575, #7680 ) ) ;
#4014 = DIRECTION ( 'NONE',  ( 0.000000000000000000, -1.000000000000000000, 0.000000000000000000 ) ) ;
#4015 = DIRECTION ( 'NONE',  ( 1.000000000000000000, 0.000000000000000000, 0.000000000000000000 ) ) ;
#4016 = DIRECTION ( 'NONE',  ( 0.000000000000000000, -1.000000000000000000, 0.000000000000000000 ) ) ;
#4017 = CARTESIAN_POINT ( 'NONE',  ( -3.950000000000000178, 0.02000000000000000042, 0.3999999999998999911 ) ) ;
#4018 = DIRECTION ( 'NONE',  ( 1.000000000000000000, 0.000000000000000000, 0.000000000000000000 ) ) ;
#4019 = LINE ( 'NONE', #6911, #3147 ) ;
#4020 = EDGE_CURVE ( 'NONE', #499, #98, #4486, .T. ) ;
#4021 = EDGE_CURVE ( 'NONE', #631, #3451, #5527, .T. ) ;
#4022 = PLANE ( 'NONE',  #4275 ) ;
#4023 = EDGE_LOOP ( 'NONE', ( #5355, #8310, #6916, #6011 ) ) ;
#4024 = AXIS2_PLACEMENT_3D ( 'NONE', #2238, #3634, #5911 ) ;
#4025 = LINE ( 'NONE', #6777, #3067 ) ;
#4026 = CIRCLE ( 'NONE', #6455, 0.4000000000000001887 ) ;
#4027 = DIRECTION ( 'NONE',  ( 0.000000000000000000, 1.000000000000000000, 0.000000000000000000 ) ) ;
#4028 = LINE ( 'NONE', #6920, #6209 ) ;
#4029 = EDGE_LOOP ( 'NONE', ( #7848, #3288, #7462, #3297 ) ) ;
#4030 =( GEOMETRIC_REPRESENTATION_CONTEXT ( 3 ) GLOBAL_UNCERTAINTY_ASSIGNED_CONTEXT ( ( #6964 ) ) GLOBAL_UNIT_ASSIGNED_CONTEXT ( ( #4478, #2962, #663 ) ) REPRESENTATION_CONTEXT ( 'NONE', 'WORKASPACE' ) );
#4031 = DIRECTION ( 'NONE',  ( 0.000000000000000000, 0.000000000000000000, 1.000000000000000000 ) ) ;
#4032 =( GEOMETRIC_REPRESENTATION_CONTEXT ( 3 ) GLOBAL_UNCERTAINTY_ASSIGNED_CONTEXT ( ( #7775 ) ) GLOBAL_UNIT_ASSIGNED_CONTEXT ( ( #307, #3254, #1897 ) ) REPRESENTATION_CONTEXT ( 'NONE', 'WORKASPACE' ) );
#4033 = ADVANCED_FACE ( 'NONE', ( #120 ), #7368, .F. ) ;
#4034 = ORIENTED_EDGE ( 'NONE', *, *, #6577, .F. ) ;
#4035 = SURFACE_STYLE_USAGE ( .BOTH. , #4696 ) ;
#4036 = ORIENTED_EDGE ( 'NONE', *, *, #1900, .F. ) ;
#4037 = COLOUR_RGB ( '',1.000000000000000000, 0.8117647058823529438, 0.5019607843137254832 ) ;
#4038 = ORIENTED_EDGE ( 'NONE', *, *, #4437, .T. ) ;
#4039 = ORIENTED_EDGE ( 'NONE', *, *, #4488, .F. ) ;
#4040 = CARTESIAN_POINT ( 'NONE',  ( 4.850000000000000533, 0.9799999999999999822, -2.449999999999999734 ) ) ;
#4041 = EDGE_CURVE ( 'NONE', #9126, #3881, #7235, .T. ) ;
#4042 = DIRECTION ( 'NONE',  ( 0.000000000000000000, 0.000000000000000000, -1.000000000000000000 ) ) ;
#4043 = UNCERTAINTY_MEASURE_WITH_UNIT (LENGTH_MEASURE( 1.000000000000000082E-05 ), #5913, 'distance_accuracy_value', 'NONE');
#4044 = VECTOR ( 'NONE', #912, 1000.000000000000000 ) ;
#4045 =( NAMED_UNIT ( * ) SI_UNIT ( $, .STERADIAN. ) SOLID_ANGLE_UNIT ( ) );
#4046 =( NAMED_UNIT ( * ) PLANE_ANGLE_UNIT ( ) SI_UNIT ( $, .RADIAN. ) );
#4047 = PRESENTATION_STYLE_ASSIGNMENT (( #6235 ) ) ;
#4048 = VERTEX_POINT ( 'NONE', #7326 ) ;
#4049 = CARTESIAN_POINT ( 'NONE',  ( 3.950000000000000178, 0.02000000000000000042, 4.000000000000000000 ) ) ;
#4050 = FILL_AREA_STYLE_COLOUR ( '', #165 ) ;
#4051 = ORIENTED_EDGE ( 'NONE', *, *, #7381, .T. ) ;
#4052 = CARTESIAN_POINT ( 'NONE',  ( 3.950000000000000178, 0.000000000000000000, -2.600000000000000089 ) ) ;
#4053 = PLANE ( 'NONE',  #43 ) ;
#4054 = SURFACE_SIDE_STYLE ('',( #6807 ) ) ;
#4055 = CARTESIAN_POINT ( 'NONE',  ( 4.850000000000000533, 0.000000000000000000, 2.600000000000000089 ) ) ;
#4056 = LINE ( 'NONE', #4907, #7068 ) ;
#4057 = LINE ( 'NONE', #350, #694 ) ;
#4058 = CARTESIAN_POINT ( 'NONE',  ( -3.950000000000000178, 0.02000000000000000042, -0.7000000000001009859 ) ) ;
#4059 = VERTEX_POINT ( 'NONE', #8801 ) ;
#4060 = ORIENTED_EDGE ( 'NONE', *, *, #6878, .F. ) ;
#4061 = VERTEX_POINT ( 'NONE', #2280 ) ;
#4062 = FILL_AREA_STYLE_COLOUR ( '', #5844 ) ;
#4063 = LINE ( 'NONE', #272, #5845 ) ;
#4064 =( GEOMETRIC_REPRESENTATION_CONTEXT ( 3 ) GLOBAL_UNCERTAINTY_ASSIGNED_CONTEXT ( ( #196 ) ) GLOBAL_UNIT_ASSIGNED_CONTEXT ( ( #2378, #4577, #8001 ) ) REPRESENTATION_CONTEXT ( 'NONE', 'WORKASPACE' ) );
#4065 = CYLINDRICAL_SURFACE ( 'NONE', #2744, 0.2500000000000002220 ) ;
#4066 = SURFACE_STYLE_USAGE ( .BOTH. , #3971 ) ;
#4067 = UNCERTAINTY_MEASURE_WITH_UNIT (LENGTH_MEASURE( 1.000000000000000082E-05 ), #1435, 'distance_accuracy_value', 'NONE');
#4068 =( LENGTH_UNIT ( ) NAMED_UNIT ( * ) SI_UNIT ( .MILLI., .METRE. ) );
#4069 = MECHANICAL_DESIGN_GEOMETRIC_PRESENTATION_REPRESENTATION (  '', ( #2078 ), #8911 ) ;
#4070 = EDGE_CURVE ( 'NONE', #8080, #7191, #7654, .T. ) ;
#4071 = DIRECTION ( 'NONE',  ( 0.000000000000000000, 0.000000000000000000, 1.000000000000000000 ) ) ;
#4072 = ADVANCED_FACE ( 'NONE', ( #3754 ), #4353, .T. ) ;
#4073 = VECTOR ( 'NONE', #2722, 1000.000000000000000 ) ;
#4074 = VERTEX_POINT ( 'NONE', #2741 ) ;
#4075 = ORIENTED_EDGE ( 'NONE', *, *, #7039, .F. ) ;
#4076 = FACE_OUTER_BOUND ( 'NONE', #5417, .T. ) ;
#4077 = CARTESIAN_POINT ( 'NONE',  ( -4.850000000000000533, 0.9799999999999999822, 4.400000000000000355 ) ) ;
#4078 =( LENGTH_UNIT ( ) NAMED_UNIT ( * ) SI_UNIT ( .MILLI., .METRE. ) );
#4079 = COLOUR_RGB ( '',1.000000000000000000, 0.8117647058823529438, 0.5019607843137254832 ) ;
#4080 = VERTEX_POINT ( 'NONE', #8483 ) ;
#4081 =( NAMED_UNIT ( * ) PLANE_ANGLE_UNIT ( ) SI_UNIT ( $, .RADIAN. ) );
#4082 = AXIS2_PLACEMENT_3D ( 'NONE', #2095, #1361, #6488 ) ;
#4083 = EDGE_CURVE ( 'NONE', #5941, #6300, #9274, .T. ) ;
#4084 = ADVANCED_FACE ( 'NONE', ( #9179 ), #5633, .F. ) ;
#4085 =( GEOMETRIC_REPRESENTATION_CONTEXT ( 3 ) GLOBAL_UNCERTAINTY_ASSIGNED_CONTEXT ( ( #3087 ) ) GLOBAL_UNIT_ASSIGNED_CONTEXT ( ( #1151, #4808, #7522 ) ) REPRESENTATION_CONTEXT ( 'NONE', 'WORKASPACE' ) );
#4086 = ORIENTED_EDGE ( 'NONE', *, *, #622, .T. ) ;
#4087 = MECHANICAL_DESIGN_GEOMETRIC_PRESENTATION_REPRESENTATION (  '', ( #4993 ), #8799 ) ;
#4088 =( LENGTH_UNIT ( ) NAMED_UNIT ( * ) SI_UNIT ( .MILLI., .METRE. ) );
#4089 = ORIENTED_EDGE ( 'NONE', *, *, #3013, .F. ) ;
#4090 = DIRECTION ( 'NONE',  ( 0.000000000000000000, -1.000000000000000000, 0.000000000000000000 ) ) ;
#4091 =( NAMED_UNIT ( * ) PLANE_ANGLE_UNIT ( ) SI_UNIT ( $, .RADIAN. ) );
#4092 = AXIS2_PLACEMENT_3D ( 'NONE', #2499, #8113, #7394 ) ;
#4093 = VERTEX_POINT ( 'NONE', #9314 ) ;
#4094 = FILL_AREA_STYLE ('',( #7691 ) ) ;
#4095 = AXIS2_PLACEMENT_3D ( 'NONE', #3227, #3180, #8206 ) ;
#4096 = EDGE_LOOP ( 'NONE', ( #606, #2012, #8714, #4263 ) ) ;
#4097 = DIRECTION ( 'NONE',  ( 0.000000000000000000, 0.000000000000000000, 1.000000000000000000 ) ) ;
#4098 = ADVANCED_FACE ( 'NONE', ( #3433 ), #7805, .F. ) ;
#4099 = FILL_AREA_STYLE ('',( #4050 ) ) ;
#4100 = VECTOR ( 'NONE', #3461, 1000.000000000000000 ) ;
#4101 =( NAMED_UNIT ( * ) SI_UNIT ( $, .STERADIAN. ) SOLID_ANGLE_UNIT ( ) );
#4102 = LINE ( 'NONE', #2626, #8914 ) ;
#4103 = LINE ( 'NONE', #6332, #4798 ) ;
#4104 = PRESENTATION_LAYER_ASSIGNMENT (  '', '', ( #2579 ) ) ;
#4105 = DIRECTION ( 'NONE',  ( 0.000000000000000000, -1.000000000000000000, 0.000000000000000000 ) ) ;
#4106 = AXIS2_PLACEMENT_3D ( 'NONE', #8318, #6851, #9124 ) ;
#4107 = LINE ( 'NONE', #2737, #2043 ) ;
#4108 = COLOUR_RGB ( '',1.000000000000000000, 0.8117647058823529438, 0.5019607843137254832 ) ;
#4109 = ORIENTED_EDGE ( 'NONE', *, *, #7124, .F. ) ;
#4110 = CARTESIAN_POINT ( 'NONE',  ( -4.850000000000000533, 1.000000000000000000, -3.299999999999999822 ) ) ;
#4111 = ORIENTED_EDGE ( 'NONE', *, *, #9288, .F. ) ;
#4112 = VECTOR ( 'NONE', #5531, 1000.000000000000000 ) ;
#4113 = EDGE_CURVE ( 'NONE', #2398, #7962, #7901, .T. ) ;
#4114 = EDGE_LOOP ( 'NONE', ( #5186, #6642, #7975, #5654 ) ) ;
#4115 = CARTESIAN_POINT ( 'NONE',  ( 1.734723475976809855E-15, 0.9799999999999999822, -8.673617379884039416E-16 ) ) ;
#4116 = AXIS2_PLACEMENT_3D ( 'NONE', #1700, #6008, #4734 ) ;
#4117 = DIRECTION ( 'NONE',  ( 0.000000000000000000, -1.000000000000000000, 0.000000000000000000 ) ) ;
#4118 = LINE ( 'NONE', #3491, #1793 ) ;
#4119 = LINE ( 'NONE', #1848, #8003 ) ;
#4120 = ORIENTED_EDGE ( 'NONE', *, *, #8635, .T. ) ;
#4121 = LINE ( 'NONE', #6826, #134 ) ;
#4122 = CARTESIAN_POINT ( 'NONE',  ( -4.120000000000000107, 1.050000000000000044, -8.673617379884039416E-16 ) ) ;
#4123 = DIRECTION ( 'NONE',  ( -1.000000000000000000, 0.000000000000000000, 0.000000000000000000 ) ) ;
#4124 = AXIS2_PLACEMENT_3D ( 'NONE', #3376, #4940, #7135 ) ;
#4125 = UNCERTAINTY_MEASURE_WITH_UNIT (LENGTH_MEASURE( 1.000000000000000082E-05 ), #6597, 'distance_accuracy_value', 'NONE');
#4126 = DIRECTION ( 'NONE',  ( -0.000000000000000000, 1.000000000000000000, 0.000000000000000000 ) ) ;
#4127 = LINE ( 'NONE', #4827, #2361 ) ;
#4128 = VERTEX_POINT ( 'NONE', #7847 ) ;
#4129 = SURFACE_SIDE_STYLE ('',( #7725 ) ) ;
#4130 = ORIENTED_EDGE ( 'NONE', *, *, #3915, .T. ) ;
#4131 = PRESENTATION_STYLE_ASSIGNMENT (( #1229 ) ) ;
#4132 = EDGE_CURVE ( 'NONE', #4913, #4983, #8110, .T. ) ;
#4133 = PRESENTATION_LAYER_ASSIGNMENT (  '', '', ( #6559 ) ) ;
#4134 = EDGE_LOOP ( 'NONE', ( #1113, #5846, #7437, #3239 ) ) ;
#4135 = AXIS2_PLACEMENT_3D ( 'NONE', #5325, #7201, #3584 ) ;
#4136 = CARTESIAN_POINT ( 'NONE',  ( 3.950000000000000178, 0.000000000000000000, 0.3999999999998999911 ) ) ;
#4137 = DIRECTION ( 'NONE',  ( 1.000000000000000000, 0.000000000000000000, 0.000000000000000000 ) ) ;
#4138 =( NAMED_UNIT ( * ) PLANE_ANGLE_UNIT ( ) SI_UNIT ( $, .RADIAN. ) );
#4139 = CARTESIAN_POINT ( 'NONE',  ( -4.850000000000000533, 0.02000000000000000042, -1.949999999999999956 ) ) ;
#4140 = UNCERTAINTY_MEASURE_WITH_UNIT (LENGTH_MEASURE( 1.000000000000000082E-05 ), #8611, 'distance_accuracy_value', 'NONE');
#4141 = ADVANCED_FACE ( 'NONE', ( #5719 ), #2341, .F. ) ;
#4142 = EDGE_CURVE ( 'NONE', #8485, #7700, #9435, .T. ) ;
#4143 = FILL_AREA_STYLE ('',( #1389 ) ) ;
#4144 = CYLINDRICAL_SURFACE ( 'NONE', #6644, 0.2500000000000002220 ) ;
#4145 = SURFACE_SIDE_STYLE ('',( #9073 ) ) ;
#4146 = AXIS2_PLACEMENT_3D ( 'NONE', #3994, #7931, #5659 ) ;
#4147 = ORIENTED_EDGE ( 'NONE', *, *, #6732, .F. ) ;
#4148 = FILL_AREA_STYLE_COLOUR ( '', #9439 ) ;
#4149 =( LENGTH_UNIT ( ) NAMED_UNIT ( * ) SI_UNIT ( .MILLI., .METRE. ) );
#4150 =( LENGTH_UNIT ( ) NAMED_UNIT ( * ) SI_UNIT ( .MILLI., .METRE. ) );
#4151 = DIRECTION ( 'NONE',  ( 0.000000000000000000, 0.000000000000000000, 1.000000000000000000 ) ) ;
#4152 = CARTESIAN_POINT ( 'NONE',  ( 4.850000000000000533, 0.9799999999999999822, -3.550000000000000266 ) ) ;
#4153 = CARTESIAN_POINT ( 'NONE',  ( 1.734723475976809855E-15, 0.000000000000000000, 4.799999999999999822 ) ) ;
#4154 = EDGE_CURVE ( 'NONE', #3744, #6638, #785, .T. ) ;
#4155 = CARTESIAN_POINT ( 'NONE',  ( 4.419999999999999929, 2.149999999999999911, -4.290000000000000036 ) ) ;
#4156 = ORIENTED_EDGE ( 'NONE', *, *, #6062, .T. ) ;
#4157 =( NAMED_UNIT ( * ) SI_UNIT ( $, .STERADIAN. ) SOLID_ANGLE_UNIT ( ) );
#4158 = MECHANICAL_DESIGN_GEOMETRIC_PRESENTATION_REPRESENTATION (  '', ( #1222 ), #2178 ) ;
#4159 =( NAMED_UNIT ( * ) SI_UNIT ( $, .STERADIAN. ) SOLID_ANGLE_UNIT ( ) );
#4160 = VERTEX_POINT ( 'NONE', #1469 ) ;
#4161 = VERTEX_POINT ( 'NONE', #5249 ) ;
#4162 = CARTESIAN_POINT ( 'NONE',  ( 4.850000000000000533, 0.02000000000000000042, -4.000000000000000000 ) ) ;
#4163 = DIRECTION ( 'NONE',  ( 0.000000000000000000, 1.000000000000000000, 0.000000000000000000 ) ) ;
#4164 = DIRECTION ( 'NONE',  ( 0.000000000000000000, 0.000000000000000000, -1.000000000000000000 ) ) ;
#4165 =( GEOMETRIC_REPRESENTATION_CONTEXT ( 3 ) GLOBAL_UNCERTAINTY_ASSIGNED_CONTEXT ( ( #2338 ) ) GLOBAL_UNIT_ASSIGNED_CONTEXT ( ( #726, #1826, #4045 ) ) REPRESENTATION_CONTEXT ( 'NONE', 'WORKASPACE' ) );
#4166 = ADVANCED_FACE ( 'NONE', ( #8061 ), #5209, .T. ) ;
#4167 = DIRECTION ( 'NONE',  ( 0.000000000000000000, 0.000000000000000000, 1.000000000000000000 ) ) ;
#4168 =( NAMED_UNIT ( * ) SI_UNIT ( $, .STERADIAN. ) SOLID_ANGLE_UNIT ( ) );
#4169 = PRESENTATION_STYLE_ASSIGNMENT (( #7859 ) ) ;
#4170 = FILL_AREA_STYLE ('',( #3500 ) ) ;
#4171 = CIRCLE ( 'NONE', #6883, 0.1457007568691540689 ) ;
#4172 = DIRECTION ( 'NONE',  ( 0.000000000000000000, -1.000000000000000000, 0.000000000000000000 ) ) ;
#4173 = DIRECTION ( 'NONE',  ( 0.000000000000000000, 0.000000000000000000, -1.000000000000000000 ) ) ;
#4174 = DIRECTION ( 'NONE',  ( 0.000000000000000000, -1.000000000000000000, 0.000000000000000000 ) ) ;
#4175 = UNCERTAINTY_MEASURE_WITH_UNIT (LENGTH_MEASURE( 1.000000000000000082E-05 ), #4497, 'distance_accuracy_value', 'NONE');
#4176 = ORIENTED_EDGE ( 'NONE', *, *, #9349, .F. ) ;
#4177 = PRESENTATION_STYLE_ASSIGNMENT (( #2705 ) ) ;
#4178 =( LENGTH_UNIT ( ) NAMED_UNIT ( * ) SI_UNIT ( .MILLI., .METRE. ) );
#4179 = ORIENTED_EDGE ( 'NONE', *, *, #6457, .F. ) ;
#4180 = AXIS2_PLACEMENT_3D ( 'NONE', #1244, #527, #2515 ) ;
#4181 = DIRECTION ( 'NONE',  ( 1.000000000000000000, 0.000000000000000000, 0.000000000000000000 ) ) ;
#4182 = COLOUR_RGB ( '',1.000000000000000000, 0.8117647058823529438, 0.5019607843137254832 ) ;
#4183 = SURFACE_STYLE_FILL_AREA ( #4888 ) ;
#4184 = DIRECTION ( 'NONE',  ( 0.000000000000000000, -1.000000000000000000, 0.000000000000000000 ) ) ;
#4185 = VERTEX_POINT ( 'NONE', #7382 ) ;
#4186 = STYLED_ITEM ( 'NONE', ( #306 ), #4225 ) ;
#4187 = STYLED_ITEM ( 'NONE', ( #5483 ), #6698 ) ;
#4188 = ORIENTED_EDGE ( 'NONE', *, *, #3393, .F. ) ;
#4189 = VECTOR ( 'NONE', #4677, 1000.000000000000000 ) ;
#4190 = CARTESIAN_POINT ( 'NONE',  ( -4.850000000000000533, 0.000000000000000000, -0.7000000000001009859 ) ) ;
#4191 = CARTESIAN_POINT ( 'NONE',  ( -4.850000000000000533, 0.000000000000000000, 3.700000000000000178 ) ) ;
#4192 = PRESENTATION_STYLE_ASSIGNMENT (( #6427 ) ) ;
#4193 = STYLED_ITEM ( 'NONE', ( #2427 ), #7552 ) ;
#4194 = ORIENTED_EDGE ( 'NONE', *, *, #2695, .F. ) ;
#4195 = SURFACE_STYLE_USAGE ( .BOTH. , #4903 ) ;
#4196 = DIRECTION ( 'NONE',  ( 0.000000000000000000, 1.000000000000000000, 0.000000000000000000 ) ) ;
#4197 = CARTESIAN_POINT ( 'NONE',  ( 3.950000000000000178, 0.000000000000000000, -2.600000000000000089 ) ) ;
#4198 = EDGE_CURVE ( 'NONE', #3533, #2956, #3767, .T. ) ;
#4199 =( LENGTH_UNIT ( ) NAMED_UNIT ( * ) SI_UNIT ( .MILLI., .METRE. ) );
#4200 = EDGE_CURVE ( 'NONE', #5445, #2167, #4484, .T. ) ;
#4201 = FACE_OUTER_BOUND ( 'NONE', #8733, .T. ) ;
#4202 = SURFACE_STYLE_FILL_AREA ( #4946 ) ;
#4203 = CIRCLE ( 'NONE', #9039, 0.5000000000000000000 ) ;
#4204 =( GEOMETRIC_REPRESENTATION_CONTEXT ( 3 ) GLOBAL_UNCERTAINTY_ASSIGNED_CONTEXT ( ( #7080 ) ) GLOBAL_UNIT_ASSIGNED_CONTEXT ( ( #58, #3607, #5083 ) ) REPRESENTATION_CONTEXT ( 'NONE', 'WORKASPACE' ) );
#4205 = STYLED_ITEM ( 'NONE', ( #3211 ), #968 ) ;
#4206 = FILL_AREA_STYLE_COLOUR ( '', #7655 ) ;
#4207 =( NAMED_UNIT ( * ) PLANE_ANGLE_UNIT ( ) SI_UNIT ( $, .RADIAN. ) );
#4208 = ORIENTED_EDGE ( 'NONE', *, *, #6940, .T. ) ;
#4209 = EDGE_LOOP ( 'NONE', ( #390, #9285, #7076, #146 ) ) ;
#4210 =( NAMED_UNIT ( * ) SI_UNIT ( $, .STERADIAN. ) SOLID_ANGLE_UNIT ( ) );
#4211 = ORIENTED_EDGE ( 'NONE', *, *, #725, .F. ) ;
#4212 =( GEOMETRIC_REPRESENTATION_CONTEXT ( 3 ) GLOBAL_UNCERTAINTY_ASSIGNED_CONTEXT ( ( #3505 ) ) GLOBAL_UNIT_ASSIGNED_CONTEXT ( ( #3626, #3539, #1519 ) ) REPRESENTATION_CONTEXT ( 'NONE', 'WORKASPACE' ) );
#4213 = CIRCLE ( 'NONE', #805, 0.2500000000000002220 ) ;
#4214 = VERTEX_POINT ( 'NONE', #1416 ) ;
#4215 = EDGE_CURVE ( 'NONE', #4093, #6318, #7249, .T. ) ;
#4216 = DIRECTION ( 'NONE',  ( 0.000000000000000000, -1.000000000000000000, 0.000000000000000000 ) ) ;
#4217 =( LENGTH_UNIT ( ) NAMED_UNIT ( * ) SI_UNIT ( .MILLI., .METRE. ) );
#4218 = CARTESIAN_POINT ( 'NONE',  ( 4.850000000000000533, 0.9799999999999999822, -4.400000000000000355 ) ) ;
#4219 = CARTESIAN_POINT ( 'NONE',  ( 1.734723475976809855E-15, 0.9799999999999999822, -8.673617379884039416E-16 ) ) ;
#4220 = CARTESIAN_POINT ( 'NONE',  ( 1.734723475976809855E-15, 0.000000000000000000, -2.600000000000000089 ) ) ;
#4221 = CARTESIAN_POINT ( 'NONE',  ( -4.850000000000000533, 0.000000000000000000, -1.500000000000000000 ) ) ;
#4222 = VERTEX_POINT ( 'NONE', #2937 ) ;
#4223 = DIRECTION ( 'NONE',  ( 1.000000000000000000, 0.000000000000000000, 0.000000000000000000 ) ) ;
#4224 = FILL_AREA_STYLE ('',( #5439 ) ) ;
#4225 = ADVANCED_FACE ( 'NONE', ( #8723 ), #5106, .F. ) ;
#4226 = UNCERTAINTY_MEASURE_WITH_UNIT (LENGTH_MEASURE( 1.000000000000000082E-05 ), #834, 'distance_accuracy_value', 'NONE');
#4227 = CARTESIAN_POINT ( 'NONE',  ( 3.950000000000000178, 0.02000000000000000042, -4.000000000000000000 ) ) ;
#4228 =( NAMED_UNIT ( * ) PLANE_ANGLE_UNIT ( ) SI_UNIT ( $, .RADIAN. ) );
#4229 = MECHANICAL_DESIGN_GEOMETRIC_PRESENTATION_REPRESENTATION (  '', ( #4375 ), #8308 ) ;
#4230 = VERTEX_POINT ( 'NONE', #3300 ) ;
#4231 = PLANE ( 'NONE',  #3784 ) ;
#4232 = VERTEX_POINT ( 'NONE', #2433 ) ;
#4233 = AXIS2_PLACEMENT_3D ( 'NONE', #5641, #4071, #4919 ) ;
#4234 = DIRECTION ( 'NONE',  ( 1.000000000000000000, 0.000000000000000000, 0.000000000000000000 ) ) ;
#4235 = SURFACE_STYLE_USAGE ( .BOTH. , #3410 ) ;
#4236 = VECTOR ( 'NONE', #872, 1000.000000000000000 ) ;
#4237 = PRESENTATION_STYLE_ASSIGNMENT (( #7782 ) ) ;
#4238 = VERTEX_POINT ( 'NONE', #2480 ) ;
#4239 = VERTEX_POINT ( 'NONE', #1074 ) ;
#4240 = AXIS2_PLACEMENT_3D ( 'NONE', #9214, #1104, #2732 ) ;
#4241 = SURFACE_STYLE_FILL_AREA ( #704 ) ;
#4242 = DIRECTION ( 'NONE',  ( 0.000000000000000000, 0.000000000000000000, -1.000000000000000000 ) ) ;
#4243 = SURFACE_STYLE_FILL_AREA ( #5745 ) ;
#4244 = CARTESIAN_POINT ( 'NONE',  ( -3.950000000000000178, 0.02000000000000000042, 1.800000000000000044 ) ) ;
#4245 = AXIS2_PLACEMENT_3D ( 'NONE', #7735, #6314, #3734 ) ;
#4246 =( GEOMETRIC_REPRESENTATION_CONTEXT ( 3 ) GLOBAL_UNCERTAINTY_ASSIGNED_CONTEXT ( ( #8969 ) ) GLOBAL_UNIT_ASSIGNED_CONTEXT ( ( #5082, #8749, #2221 ) ) REPRESENTATION_CONTEXT ( 'NONE', 'WORKASPACE' ) );
#4247 = ORIENTED_EDGE ( 'NONE', *, *, #6483, .F. ) ;
#4248 = VECTOR ( 'NONE', #1016, 1000.000000000000000 ) ;
#4249 =( NAMED_UNIT ( * ) PLANE_ANGLE_UNIT ( ) SI_UNIT ( $, .RADIAN. ) );
#4250 = SURFACE_SIDE_STYLE ('',( #4944 ) ) ;
#4251 = PLANE ( 'NONE',  #4684 ) ;
#4252 = MECHANICAL_DESIGN_GEOMETRIC_PRESENTATION_REPRESENTATION (  '', ( #7408 ), #4989 ) ;
#4253 = CARTESIAN_POINT ( 'NONE',  ( 2.979999999999999982, 2.449999999999999734, 3.149999999999999911 ) ) ;
#4254 = SURFACE_SIDE_STYLE ('',( #1353 ) ) ;
#4255 = STYLED_ITEM ( 'NONE', ( #6703 ), #8556 ) ;
#4256 = CARTESIAN_POINT ( 'NONE',  ( -4.850000000000000533, 1.000000000000000000, -1.100000000000000089 ) ) ;
#4257 = EDGE_CURVE ( 'NONE', #5973, #1053, #2339, .T. ) ;
#4258 = DIRECTION ( 'NONE',  ( 0.000000000000000000, 1.000000000000000000, 0.000000000000000000 ) ) ;
#4259 = CARTESIAN_POINT ( 'NONE',  ( 4.850000000000000533, 0.000000000000000000, -5.049999999999999822 ) ) ;
#4260 = ORIENTED_EDGE ( 'NONE', *, *, #6459, .T. ) ;
#4261 = VECTOR ( 'NONE', #1670, 1000.000000000000000 ) ;
#4262 = AXIS2_PLACEMENT_3D ( 'NONE', #3647, #5070, #4295 ) ;
#4263 = ORIENTED_EDGE ( 'NONE', *, *, #7064, .F. ) ;
#4264 = ORIENTED_EDGE ( 'NONE', *, *, #5116, .T. ) ;
#4265 = LINE ( 'NONE', #9319, #7714 ) ;
#4266 = VECTOR ( 'NONE', #4509, 1000.000000000000000 ) ;
#4267 = DIRECTION ( 'NONE',  ( 0.000000000000000000, 1.000000000000000000, 0.000000000000000000 ) ) ;
#4268 = CARTESIAN_POINT ( 'NONE',  ( 4.850000000000000533, 0.02000000000000000042, -4.799999999999999822 ) ) ;
#4269 = FACE_OUTER_BOUND ( 'NONE', #6165, .T. ) ;
#4270 = MECHANICAL_DESIGN_GEOMETRIC_PRESENTATION_REPRESENTATION (  '', ( #8184 ), #6222 ) ;
#4271 = PRESENTATION_STYLE_ASSIGNMENT (( #637 ) ) ;
#4272 = STYLED_ITEM ( 'NONE', ( #9354 ), #5105 ) ;
#4273 = DIRECTION ( 'NONE',  ( 1.000000000000000000, 0.000000000000000000, 0.000000000000000000 ) ) ;
#4274 = FACE_OUTER_BOUND ( 'NONE', #7876, .T. ) ;
#4275 = AXIS2_PLACEMENT_3D ( 'NONE', #6299, #9188, #5638 ) ;
#4276 = EDGE_CURVE ( 'NONE', #6697, #8861, #7628, .T. ) ;
#4277 = EDGE_CURVE ( 'NONE', #9225, #7223, #2536, .T. ) ;
#4278 = AXIS2_PLACEMENT_3D ( 'NONE', #1657, #3073, #4680 ) ;
#4279 = ORIENTED_EDGE ( 'NONE', *, *, #3740, .F. ) ;
#4280 = CARTESIAN_POINT ( 'NONE',  ( 3.950000000000000178, 0.000000000000000000, -8.673617379884039416E-16 ) ) ;
#4281 = AXIS2_PLACEMENT_3D ( 'NONE', #6018, #2451, #6782 ) ;
#4282 = DIRECTION ( 'NONE',  ( -1.000000000000000000, 0.000000000000000000, 0.000000000000000000 ) ) ;
#4283 = DIRECTION ( 'NONE',  ( 0.000000000000000000, -1.000000000000000000, 0.000000000000000000 ) ) ;
#4284 = SURFACE_STYLE_FILL_AREA ( #7820 ) ;
#4285 = UNCERTAINTY_MEASURE_WITH_UNIT (LENGTH_MEASURE( 1.000000000000000082E-05 ), #7084, 'distance_accuracy_value', 'NONE');
#4286 = CARTESIAN_POINT ( 'NONE',  ( -3.950000000000000178, 0.02000000000000000042, -4.799999999999999822 ) ) ;
#4287 = SURFACE_SIDE_STYLE ('',( #5781 ) ) ;
#4288 = VECTOR ( 'NONE', #8234, 1000.000000000000000 ) ;
#4289 = FILL_AREA_STYLE_COLOUR ( '', #3192 ) ;
#4290 = EDGE_CURVE ( 'NONE', #8526, #5274, #7528, .T. ) ;
#4291 = ORIENTED_EDGE ( 'NONE', *, *, #4290, .T. ) ;
#4292 = CARTESIAN_POINT ( 'NONE',  ( 4.850000000000000533, 0.000000000000000000, 4.799999999999999822 ) ) ;
#4293 = VECTOR ( 'NONE', #1984, 1000.000000000000000 ) ;
#4294 = VERTEX_POINT ( 'NONE', #1652 ) ;
#4295 = DIRECTION ( 'NONE',  ( 1.000000000000000000, 0.000000000000000000, 0.000000000000000000 ) ) ;
#4296 = DIRECTION ( 'NONE',  ( 0.000000000000000000, 1.000000000000000000, 0.000000000000000000 ) ) ;
#4297 = VECTOR ( 'NONE', #7438, 1000.000000000000000 ) ;
#4298 = CARTESIAN_POINT ( 'NONE',  ( 4.850000000000000533, 1.000000000000000000, -8.673617379884039416E-16 ) ) ;
#4299 = FILL_AREA_STYLE_COLOUR ( '', #1164 ) ;
#4300 = EDGE_CURVE ( 'NONE', #2281, #3128, #4729, .T. ) ;
#4301 = ORIENTED_EDGE ( 'NONE', *, *, #8954, .F. ) ;
#4302 = FILL_AREA_STYLE_COLOUR ( '', #4981 ) ;
#4303 = FILL_AREA_STYLE_COLOUR ( '', #9168 ) ;
#4304 = CYLINDRICAL_SURFACE ( 'NONE', #2059, 0.4000000000000001887 ) ;
#4305 = PRESENTATION_STYLE_ASSIGNMENT (( #9216 ) ) ;
#4306 = AXIS2_PLACEMENT_3D ( 'NONE', #3540, #1961, #2013 ) ;
#4307 = FACE_OUTER_BOUND ( 'NONE', #8378, .T. ) ;
#4308 = PLANE ( 'NONE',  #9392 ) ;
#4309 = EDGE_LOOP ( 'NONE', ( #3299, #7100, #4402, #3900 ) ) ;
#4310 = EDGE_LOOP ( 'NONE', ( #3052, #6335, #4790, #4374 ) ) ;
#4311 = ORIENTED_EDGE ( 'NONE', *, *, #3150, .T. ) ;
#4312 = DIRECTION ( 'NONE',  ( 1.000000000000000000, 0.000000000000000000, 0.000000000000000000 ) ) ;
#4313 = EDGE_CURVE ( 'NONE', #5406, #3285, #4583, .T. ) ;
#4314 =( LENGTH_UNIT ( ) NAMED_UNIT ( * ) SI_UNIT ( .MILLI., .METRE. ) );
#4315 =( LENGTH_UNIT ( ) NAMED_UNIT ( * ) SI_UNIT ( .MILLI., .METRE. ) );
#4316 = FILL_AREA_STYLE_COLOUR ( '', #9085 ) ;
#4317 = FACE_OUTER_BOUND ( 'NONE', #2739, .T. ) ;
#4318 =( NAMED_UNIT ( * ) PLANE_ANGLE_UNIT ( ) SI_UNIT ( $, .RADIAN. ) );
#4319 = CARTESIAN_POINT ( 'NONE',  ( -4.850000000000000533, 0.02000000000000000042, -5.049999999999999822 ) ) ;
#4320 = DIRECTION ( 'NONE',  ( 0.000000000000000000, -1.000000000000000000, 0.000000000000000000 ) ) ;
#4321 = EDGE_CURVE ( 'NONE', #6865, #4983, #6768, .T. ) ;
#4322 = EDGE_CURVE ( 'NONE', #5973, #5949, #5336, .T. ) ;
#4323 = CARTESIAN_POINT ( 'NONE',  ( 1.734723475976809855E-15, 0.9799999999999999822, -8.673617379884039416E-16 ) ) ;
#4324 = ORIENTED_EDGE ( 'NONE', *, *, #489, .T. ) ;
#4325 =( LENGTH_UNIT ( ) NAMED_UNIT ( * ) SI_UNIT ( .MILLI., .METRE. ) );
#4326 = PLANE ( 'NONE',  #3492 ) ;
#4327 = VECTOR ( 'NONE', #5484, 1000.000000000000000 ) ;
#4328 = DIRECTION ( 'NONE',  ( 0.000000000000000000, 0.000000000000000000, -1.000000000000000000 ) ) ;
#4329 = VERTEX_POINT ( 'NONE', #974 ) ;
#4330 = VERTEX_POINT ( 'NONE', #3913 ) ;
#4331 = ADVANCED_FACE ( 'NONE', ( #6906 ), #886, .T. ) ;
#4332 = FILL_AREA_STYLE_COLOUR ( '', #8185 ) ;
#4333 = VECTOR ( 'NONE', #6179, 1000.000000000000000 ) ;
#4334 = CARTESIAN_POINT ( 'NONE',  ( 3.950000000000000178, 0.000000000000000000, 3.700000000000000178 ) ) ;
#4335 = DIRECTION ( 'NONE',  ( 1.000000000000000000, 0.000000000000000000, 0.000000000000000000 ) ) ;
#4336 =( NAMED_UNIT ( * ) PLANE_ANGLE_UNIT ( ) SI_UNIT ( $, .RADIAN. ) );
#4337 = ORIENTED_EDGE ( 'NONE', *, *, #3404, .F. ) ;
#4338 = PRESENTATION_LAYER_ASSIGNMENT (  '', '', ( #5080 ) ) ;
#4339 = COLOUR_RGB ( '',1.000000000000000000, 0.8117647058823529438, 0.5019607843137254832 ) ;
#4340 = ORIENTED_EDGE ( 'NONE', *, *, #1703, .T. ) ;
#4341 = DIRECTION ( 'NONE',  ( 1.000000000000000000, 0.000000000000000000, 0.000000000000000000 ) ) ;
#4342 = EDGE_CURVE ( 'NONE', #4561, #8252, #1950, .T. ) ;
#4343 = FACE_OUTER_BOUND ( 'NONE', #7328, .T. ) ;
#4344 = DIRECTION ( 'NONE',  ( 0.000000000000000000, -1.000000000000000000, 0.000000000000000000 ) ) ;
#4345 = LINE ( 'NONE', #7229, #6052 ) ;
#4346 = CARTESIAN_POINT ( 'NONE',  ( 4.850000000000000533, 0.9799999999999999822, 2.600000000000000089 ) ) ;
#4347 = STYLED_ITEM ( 'NONE', ( #6792 ), #4538 ) ;
#4348 = AXIS2_PLACEMENT_3D ( 'NONE', #5769, #4163, #2793 ) ;
#4349 = COLOUR_RGB ( '',1.000000000000000000, 0.8117647058823529438, 0.5019607843137254832 ) ;
#4350 = DIRECTION ( 'NONE',  ( 0.000000000000000000, 1.000000000000000000, 0.000000000000000000 ) ) ;
#4351 = CYLINDRICAL_SURFACE ( 'NONE', #8154, 0.4000000000000001887 ) ;
#4352 = SURFACE_STYLE_USAGE ( .BOTH. , #9313 ) ;
#4353 = PLANE ( 'NONE',  #6454 ) ;
#4354 = ORIENTED_EDGE ( 'NONE', *, *, #5423, .T. ) ;
#4355 = AXIS2_PLACEMENT_3D ( 'NONE', #1544, #3011, #5888 ) ;
#4356 =( LENGTH_UNIT ( ) NAMED_UNIT ( * ) SI_UNIT ( .MILLI., .METRE. ) );
#4357 = PRESENTATION_STYLE_ASSIGNMENT (( #5723 ) ) ;
#4358 = LINE ( 'NONE', #2054, #3173 ) ;
#4359 = SURFACE_SIDE_STYLE ('',( #7244 ) ) ;
#4360 = PRESENTATION_STYLE_ASSIGNMENT (( #778 ) ) ;
#4361 = FACE_OUTER_BOUND ( 'NONE', #1585, .T. ) ;
#4362 = EDGE_LOOP ( 'NONE', ( #268, #4264, #182, #2869 ) ) ;
#4363 = AXIS2_PLACEMENT_3D ( 'NONE', #2282, #5942, #8093 ) ;
#4364 = ORIENTED_EDGE ( 'NONE', *, *, #8906, .T. ) ;
#4365 = LINE ( 'NONE', #3630, #4288 ) ;
#4366 = FILL_AREA_STYLE_COLOUR ( '', #903 ) ;
#4367 = CARTESIAN_POINT ( 'NONE',  ( 4.850000000000000533, 0.000000000000000000, -2.600000000000000089 ) ) ;
#4368 = UNCERTAINTY_MEASURE_WITH_UNIT (LENGTH_MEASURE( 1.000000000000000082E-05 ), #6251, 'distance_accuracy_value', 'NONE');
#4369 = LINE ( 'NONE', #6547, #4709 ) ;
#4370 = FILL_AREA_STYLE ('',( #35 ) ) ;
#4371 = EDGE_CURVE ( 'NONE', #4649, #7995, #5087, .T. ) ;
#4372 = DIRECTION ( 'NONE',  ( 0.000000000000000000, 0.000000000000000000, 1.000000000000000000 ) ) ;
#4373 = EDGE_CURVE ( 'NONE', #4431, #8578, #7003, .T. ) ;
#4374 = ORIENTED_EDGE ( 'NONE', *, *, #3962, .F. ) ;
#4375 = STYLED_ITEM ( 'NONE', ( #6255 ), #9236 ) ;
#4376 = ORIENTED_EDGE ( 'NONE', *, *, #5052, .T. ) ;
#4377 = VECTOR ( 'NONE', #8387, 1000.000000000000000 ) ;
#4378 = DIRECTION ( 'NONE',  ( 0.000000000000000000, 0.000000000000000000, 1.000000000000000000 ) ) ;
#4379 = PRESENTATION_STYLE_ASSIGNMENT (( #3832 ) ) ;
#4380 = STYLED_ITEM ( 'NONE', ( #1306 ), #7718 ) ;
#4381 = ORIENTED_EDGE ( 'NONE', *, *, #1911, .T. ) ;
#4382 = EDGE_CURVE ( 'NONE', #155, #7269, #2638, .T. ) ;
#4383 = EDGE_CURVE ( 'NONE', #3893, #5801, #593, .T. ) ;
#4384 = ORIENTED_EDGE ( 'NONE', *, *, #8938, .T. ) ;
#4385 =( GEOMETRIC_REPRESENTATION_CONTEXT ( 3 ) GLOBAL_UNCERTAINTY_ASSIGNED_CONTEXT ( ( #2407 ) ) GLOBAL_UNIT_ASSIGNED_CONTEXT ( ( #1855, #896, #7592 ) ) REPRESENTATION_CONTEXT ( 'NONE', 'WORKASPACE' ) );
#4386 = ORIENTED_EDGE ( 'NONE', *, *, #1962, .T. ) ;
#4387 = DIRECTION ( 'NONE',  ( 0.000000000000000000, -1.000000000000000000, 0.000000000000000000 ) ) ;
#4388 = ORIENTED_EDGE ( 'NONE', *, *, #7367, .T. ) ;
#4389 = COLOUR_RGB ( '',1.000000000000000000, 0.8117647058823529438, 0.5019607843137254832 ) ;
#4390 =( NAMED_UNIT ( * ) PLANE_ANGLE_UNIT ( ) SI_UNIT ( $, .RADIAN. ) );
#4391 = ORIENTED_EDGE ( 'NONE', *, *, #3348, .F. ) ;
#4392 = DIRECTION ( 'NONE',  ( 1.000000000000000000, 0.000000000000000000, 0.000000000000000000 ) ) ;
#4393 = CIRCLE ( 'NONE', #1304, 0.2500000000000002220 ) ;
#4394 = FILL_AREA_STYLE_COLOUR ( '', #1876 ) ;
#4395 =( NAMED_UNIT ( * ) PLANE_ANGLE_UNIT ( ) SI_UNIT ( $, .RADIAN. ) );
#4396 = EDGE_CURVE ( 'NONE', #529, #1820, #1115, .T. ) ;
#4397 = PRESENTATION_LAYER_ASSIGNMENT (  '', '', ( #2560 ) ) ;
#4398 = DIRECTION ( 'NONE',  ( 1.000000000000000000, 0.000000000000000000, 0.000000000000000000 ) ) ;
#4399 = COLOUR_RGB ( '',1.000000000000000000, 0.8117647058823529438, 0.5019607843137254832 ) ;
#4400 = ORIENTED_EDGE ( 'NONE', *, *, #8143, .F. ) ;
#4401 = MECHANICAL_DESIGN_GEOMETRIC_PRESENTATION_REPRESENTATION (  '', ( #1771 ), #8922 ) ;
#4402 = ORIENTED_EDGE ( 'NONE', *, *, #3508, .T. ) ;
#4403 = COLOUR_RGB ( '',1.000000000000000000, 0.8117647058823529438, 0.5019607843137254832 ) ;
#4404 = CARTESIAN_POINT ( 'NONE',  ( -4.850000000000000533, 0.02000000000000000042, 1.500000000000000000 ) ) ;
#4405 = DIRECTION ( 'NONE',  ( 0.000000000000000000, 1.000000000000000000, 0.000000000000000000 ) ) ;
#4406 = MECHANICAL_DESIGN_GEOMETRIC_PRESENTATION_REPRESENTATION (  '', ( #8649 ), #3927 ) ;
#4407 =( LENGTH_UNIT ( ) NAMED_UNIT ( * ) SI_UNIT ( .MILLI., .METRE. ) );
#4408 = DIRECTION ( 'NONE',  ( 0.000000000000000000, 0.000000000000000000, 1.000000000000000000 ) ) ;
#4409 = VECTOR ( 'NONE', #904, 1000.000000000000000 ) ;
#4410 = ORIENTED_EDGE ( 'NONE', *, *, #6062, .F. ) ;
#4411 = COLOUR_RGB ( '',1.000000000000000000, 0.8117647058823529438, 0.5019607843137254832 ) ;
#4412 = EDGE_CURVE ( 'NONE', #5453, #6564, #506, .T. ) ;
#4413 = PRESENTATION_STYLE_ASSIGNMENT (( #9328 ) ) ;
#4414 = VECTOR ( 'NONE', #7445, 1000.000000000000000 ) ;
#4415 = FILL_AREA_STYLE_COLOUR ( '', #8270 ) ;
#4416 = DIRECTION ( 'NONE',  ( 0.000000000000000000, 0.000000000000000000, 1.000000000000000000 ) ) ;
#4417 = COLOUR_RGB ( '',0.5372549019607842924, 0.6235294117647058876, 0.000000000000000000 ) ;
#4418 = VECTOR ( 'NONE', #3870, 1000.000000000000000 ) ;
#4419 = CARTESIAN_POINT ( 'NONE',  ( -4.850000000000000533, 0.02000000000000000042, -4.799999999999999822 ) ) ;
#4420 = ORIENTED_EDGE ( 'NONE', *, *, #5204, .T. ) ;
#4421 = DIRECTION ( 'NONE',  ( 0.000000000000000000, -1.000000000000000000, 0.000000000000000000 ) ) ;
#4422 =( GEOMETRIC_REPRESENTATION_CONTEXT ( 3 ) GLOBAL_UNCERTAINTY_ASSIGNED_CONTEXT ( ( #2958 ) ) GLOBAL_UNIT_ASSIGNED_CONTEXT ( ( #981, #7671, #7713 ) ) REPRESENTATION_CONTEXT ( 'NONE', 'WORKASPACE' ) );
#4423 = VERTEX_POINT ( 'NONE', #4162 ) ;
#4424 = EDGE_LOOP ( 'NONE', ( #3365, #8204, #1122, #5345, #7560 ) ) ;
#4425 = FACE_OUTER_BOUND ( 'NONE', #9027, .T. ) ;
#4426 = EDGE_CURVE ( 'NONE', #916, #6707, #3439, .T. ) ;
#4427 = DIRECTION ( 'NONE',  ( 1.000000000000000000, 0.000000000000000000, 0.000000000000000000 ) ) ;
#4428 = ORIENTED_EDGE ( 'NONE', *, *, #4739, .F. ) ;
#4429 = VERTEX_POINT ( 'NONE', #6340 ) ;
#4430 = PLANE ( 'NONE',  #6408 ) ;
#4431 = VERTEX_POINT ( 'NONE', #9229 ) ;
#4432 = ORIENTED_EDGE ( 'NONE', *, *, #7798, .F. ) ;
#4433 = MECHANICAL_DESIGN_GEOMETRIC_PRESENTATION_REPRESENTATION (  '', ( #7761 ), #6853 ) ;
#4434 = ORIENTED_EDGE ( 'NONE', *, *, #8446, .T. ) ;
#4435 = DIRECTION ( 'NONE',  ( -1.000000000000000000, 0.000000000000000000, 0.000000000000000000 ) ) ;
#4436 = SURFACE_STYLE_USAGE ( .BOTH. , #9415 ) ;
#4437 = EDGE_CURVE ( 'NONE', #4743, #5553, #796, .T. ) ;
#4438 = EDGE_CURVE ( 'NONE', #6926, #7598, #6439, .T. ) ;
#4439 = PRESENTATION_STYLE_ASSIGNMENT (( #3015 ) ) ;
#4440 = LINE ( 'NONE', #2274, #4925 ) ;
#4441 = CARTESIAN_POINT ( 'NONE',  ( -4.450000000000000178, 0.9799999999999999822, -3.299999999999999822 ) ) ;
#4442 = EDGE_CURVE ( 'NONE', #6318, #5277, #4491, .T. ) ;
#4443 = MECHANICAL_DESIGN_GEOMETRIC_PRESENTATION_REPRESENTATION (  '', ( #894 ), #4738 ) ;
#4444 = LINE ( 'NONE', #3016, #8513 ) ;
#4445 = DIRECTION ( 'NONE',  ( -1.000000000000000000, 0.000000000000000000, 0.000000000000000000 ) ) ;
#4446 = VERTEX_POINT ( 'NONE', #5512 ) ;
#4447 = VERTEX_POINT ( 'NONE', #9173 ) ;
#4448 = FACE_OUTER_BOUND ( 'NONE', #8306, .T. ) ;
#4449 = DIRECTION ( 'NONE',  ( 0.000000000000000000, 0.000000000000000000, 1.000000000000000000 ) ) ;
#4450 = LINE ( 'NONE', #1558, #5592 ) ;
#4451 = FACE_OUTER_BOUND ( 'NONE', #1892, .T. ) ;
#4452 = MECHANICAL_DESIGN_GEOMETRIC_PRESENTATION_REPRESENTATION (  '', ( #8546 ), #6422 ) ;
#4453 = SURFACE_STYLE_USAGE ( .BOTH. , #2234 ) ;
#4454 = ADVANCED_FACE ( 'NONE', ( #490 ), #8473, .T. ) ;
#4455 = DIRECTION ( 'NONE',  ( 0.000000000000000000, 1.000000000000000000, 0.000000000000000000 ) ) ;
#4456 = ORIENTED_EDGE ( 'NONE', *, *, #8720, .T. ) ;
#4457 = PLANE ( 'NONE',  #9075 ) ;
#4458 = DIRECTION ( 'NONE',  ( 0.000000000000000000, -1.000000000000000000, 0.000000000000000000 ) ) ;
#4459 = ADVANCED_FACE ( 'NONE', ( #5666 ), #5891, .F. ) ;
#4460 = UNCERTAINTY_MEASURE_WITH_UNIT (LENGTH_MEASURE( 1.000000000000000082E-05 ), #1274, 'distance_accuracy_value', 'NONE');
#4461 = DIRECTION ( 'NONE',  ( 0.000000000000000000, -1.000000000000000000, 0.000000000000000000 ) ) ;
#4462 = CARTESIAN_POINT ( 'NONE',  ( 1.734723475976809855E-15, 0.02000000000000000042, -8.673617379884039416E-16 ) ) ;
#4463 = LINE ( 'NONE', #9261, #3464 ) ;
#4464 = EDGE_LOOP ( 'NONE', ( #683, #5188, #8115, #5969 ) ) ;
#4465 = DIRECTION ( 'NONE',  ( 0.000000000000000000, -1.000000000000000000, 0.000000000000000000 ) ) ;
#4466 = ORIENTED_EDGE ( 'NONE', *, *, #8314, .F. ) ;
#4467 = VERTEX_POINT ( 'NONE', #5084 ) ;
#4468 = LINE ( 'NONE', #4334, #9106 ) ;
#4469 = PRESENTATION_STYLE_ASSIGNMENT (( #5122 ) ) ;
#4470 = AXIS2_PLACEMENT_3D ( 'NONE', #3578, #2006, #5584 ) ;
#4471 = PRESENTATION_STYLE_ASSIGNMENT (( #3739 ) ) ;
#4472 = ORIENTED_EDGE ( 'NONE', *, *, #4728, .T. ) ;
#4473 = ORIENTED_EDGE ( 'NONE', *, *, #793, .F. ) ;
#4474 = ORIENTED_EDGE ( 'NONE', *, *, #7737, .T. ) ;
#4475 = PRESENTATION_LAYER_ASSIGNMENT (  '', '', ( #324 ) ) ;
#4476 = ORIENTED_EDGE ( 'NONE', *, *, #3862, .F. ) ;
#4477 = DIRECTION ( 'NONE',  ( 0.000000000000000000, -1.000000000000000000, 0.000000000000000000 ) ) ;
#4478 =( LENGTH_UNIT ( ) NAMED_UNIT ( * ) SI_UNIT ( .MILLI., .METRE. ) );
#4479 = ORIENTED_EDGE ( 'NONE', *, *, #3311, .T. ) ;
#4480 = SURFACE_STYLE_FILL_AREA ( #1202 ) ;
#4481 = UNCERTAINTY_MEASURE_WITH_UNIT (LENGTH_MEASURE( 1.000000000000000082E-05 ), #6298, 'distance_accuracy_value', 'NONE');
#4482 = DIRECTION ( 'NONE',  ( 0.000000000000000000, 1.000000000000000000, 0.000000000000000000 ) ) ;
#4483 = SURFACE_STYLE_USAGE ( .BOTH. , #3197 ) ;
#4484 = CIRCLE ( 'NONE', #5534, 0.4000000000000001887 ) ;
#4485 = VECTOR ( 'NONE', #24, 1000.000000000000000 ) ;
#4486 = LINE ( 'NONE', #1550, #2813 ) ;
#4487 = EDGE_CURVE ( 'NONE', #7602, #236, #7894, .T. ) ;
#4488 = EDGE_CURVE ( 'NONE', #4238, #8162, #8279, .T. ) ;
#4489 = EDGE_LOOP ( 'NONE', ( #319, #5027, #9178, #6748 ) ) ;
#4490 = DIRECTION ( 'NONE',  ( 0.000000000000000000, 1.000000000000000000, 0.000000000000000000 ) ) ;
#4491 = CIRCLE ( 'NONE', #1717, 0.2500000000000002220 ) ;
#4492 = SURFACE_STYLE_FILL_AREA ( #2283 ) ;
#4493 = CARTESIAN_POINT ( 'NONE',  ( -4.850000000000000533, 0.9799999999999999822, -0.4000000000000640266 ) ) ;
#4494 = LINE ( 'NONE', #5861, #7429 ) ;
#4495 = MECHANICAL_DESIGN_GEOMETRIC_PRESENTATION_REPRESENTATION (  '', ( #198 ), #338 ) ;
#4496 =( NAMED_UNIT ( * ) SI_UNIT ( $, .STERADIAN. ) SOLID_ANGLE_UNIT ( ) );
#4497 =( LENGTH_UNIT ( ) NAMED_UNIT ( * ) SI_UNIT ( .MILLI., .METRE. ) );
#4498 = ORIENTED_EDGE ( 'NONE', *, *, #8872, .T. ) ;
#4499 = STYLED_ITEM ( 'NONE', ( #6283 ), #4454 ) ;
#4500 = PRESENTATION_LAYER_ASSIGNMENT (  '', '', ( #8599 ) ) ;
#4501 = EDGE_CURVE ( 'NONE', #6562, #4871, #2223, .T. ) ;
#4502 = VECTOR ( 'NONE', #4582, 1000.000000000000000 ) ;
#4503 = VECTOR ( 'NONE', #1225, 1000.000000000000000 ) ;
#4504 = SURFACE_STYLE_USAGE ( .BOTH. , #2992 ) ;
#4505 = DIRECTION ( 'NONE',  ( 0.000000000000000000, 0.000000000000000000, -1.000000000000000000 ) ) ;
#4506 = ORIENTED_EDGE ( 'NONE', *, *, #1975, .F. ) ;
#4507 = EDGE_CURVE ( 'NONE', #8212, #1692, #9357, .T. ) ;
#4508 = ORIENTED_EDGE ( 'NONE', *, *, #1427, .F. ) ;
#4509 = DIRECTION ( 'NONE',  ( 0.000000000000000000, 0.000000000000000000, 1.000000000000000000 ) ) ;
#4510 = FACE_OUTER_BOUND ( 'NONE', #3034, .T. ) ;
#4511 = VERTEX_POINT ( 'NONE', #7184 ) ;
#4512 = DIRECTION ( 'NONE',  ( 0.000000000000000000, -1.000000000000000000, 0.000000000000000000 ) ) ;
#4513 = VERTEX_POINT ( 'NONE', #1496 ) ;
#4514 = UNCERTAINTY_MEASURE_WITH_UNIT (LENGTH_MEASURE( 1.000000000000000082E-05 ), #4178, 'distance_accuracy_value', 'NONE');
#4515 = ORIENTED_EDGE ( 'NONE', *, *, #9120, .F. ) ;
#4516 = FILL_AREA_STYLE ('',( #7193 ) ) ;
#4517 = ORIENTED_EDGE ( 'NONE', *, *, #7236, .T. ) ;
#4518 = PRESENTATION_LAYER_ASSIGNMENT (  '', '', ( #8471 ) ) ;
#4519 = CARTESIAN_POINT ( 'NONE',  ( 4.120000000000000107, 2.149999999999999911, 4.590000000000000746 ) ) ;
#4520 = CARTESIAN_POINT ( 'NONE',  ( 4.850000000000000533, 0.000000000000000000, -0.4000000000000989986 ) ) ;
#4521 = LINE ( 'NONE', #1499, #4845 ) ;
#4522 = CARTESIAN_POINT ( 'NONE',  ( -4.450000000000000178, 1.000000000000000000, 3.299999999999999822 ) ) ;
#4523 =( NAMED_UNIT ( * ) SI_UNIT ( $, .STERADIAN. ) SOLID_ANGLE_UNIT ( ) );
#4524 = CIRCLE ( 'NONE', #384, 0.4000000000000001887 ) ;
#4525 = CARTESIAN_POINT ( 'NONE',  ( 3.950000000000000178, 0.000000000000000000, -3.700000000000000178 ) ) ;
#4526 = DIRECTION ( 'NONE',  ( 0.000000000000000000, 0.000000000000000000, 1.000000000000000000 ) ) ;
#4527 =( GEOMETRIC_REPRESENTATION_CONTEXT ( 3 ) GLOBAL_UNCERTAINTY_ASSIGNED_CONTEXT ( ( #4603 ) ) GLOBAL_UNIT_ASSIGNED_CONTEXT ( ( #396, #1934, #9130 ) ) REPRESENTATION_CONTEXT ( 'NONE', 'WORKASPACE' ) );
#4528 = ADVANCED_FACE ( 'NONE', ( #7318 ), #7276, .F. ) ;
#4529 = LINE ( 'NONE', #3152, #7051 ) ;
#4530 = FILL_AREA_STYLE_COLOUR ( '', #3719 ) ;
#4531 = UNCERTAINTY_MEASURE_WITH_UNIT (LENGTH_MEASURE( 1.000000000000000082E-05 ), #1688, 'distance_accuracy_value', 'NONE');
#4532 = AXIS2_PLACEMENT_3D ( 'NONE', #1856, #8960, #5731 ) ;
#4533 = AXIS2_PLACEMENT_3D ( 'NONE', #3193, #201, #4706 ) ;
#4534 = CARTESIAN_POINT ( 'NONE',  ( -4.850000000000000533, 0.000000000000000000, -5.049999999999999822 ) ) ;
#4535 = DIRECTION ( 'NONE',  ( -1.000000000000000000, 0.000000000000000000, 0.000000000000000000 ) ) ;
#4536 = AXIS2_PLACEMENT_3D ( 'NONE', #9196, #2708, #5598 ) ;
#4537 = CARTESIAN_POINT ( 'NONE',  ( 4.419999999999999929, 0.000000000000000000, -4.440000000000000391 ) ) ;
#4538 = ADVANCED_FACE ( 'NONE', ( #4343 ), #9411, .T. ) ;
#4539 = EDGE_CURVE ( 'NONE', #1587, #4467, #8442, .T. ) ;
#4540 = LINE ( 'NONE', #138, #6987 ) ;
#4541 = AXIS2_PLACEMENT_3D ( 'NONE', #884, #5950, #8849 ) ;
#4542 = CARTESIAN_POINT ( 'NONE',  ( 4.850000000000000533, 0.9799999999999999822, 5.049999999999999822 ) ) ;
#4543 = AXIS2_PLACEMENT_3D ( 'NONE', #3800, #1679, #4652 ) ;
#4544 = ORIENTED_EDGE ( 'NONE', *, *, #3444, .F. ) ;
#4545 = LINE ( 'NONE', #7964, #4297 ) ;
#4546 = AXIS2_PLACEMENT_3D ( 'NONE', #9398, #9303, #5792 ) ;
#4547 = STYLED_ITEM ( 'NONE', ( #8192 ), #4892 ) ;
#4548 = ORIENTED_EDGE ( 'NONE', *, *, #6003, .F. ) ;
#4549 =( NAMED_UNIT ( * ) SI_UNIT ( $, .STERADIAN. ) SOLID_ANGLE_UNIT ( ) );
#4550 = PRESENTATION_LAYER_ASSIGNMENT (  '', '', ( #6059 ) ) ;
#4551 = VERTEX_POINT ( 'NONE', #8219 ) ;
#4552 = CARTESIAN_POINT ( 'NONE',  ( 4.850000000000000533, 1.000000000000000000, 5.049999999999999822 ) ) ;
#4553 = CARTESIAN_POINT ( 'NONE',  ( 4.850000000000000533, 0.9799999999999999822, 5.049999999999999822 ) ) ;
#4554 = EDGE_CURVE ( 'NONE', #6707, #1087, #4792, .T. ) ;
#4555 = STYLED_ITEM ( 'NONE', ( #1903 ), #5869 ) ;
#4556 = FACE_OUTER_BOUND ( 'NONE', #5410, .T. ) ;
#4557 = VERTEX_POINT ( 'NONE', #8974 ) ;
#4558 = VECTOR ( 'NONE', #5342, 1000.000000000000000 ) ;
#4559 = ORIENTED_EDGE ( 'NONE', *, *, #365, .F. ) ;
#4560 = MECHANICAL_DESIGN_GEOMETRIC_PRESENTATION_REPRESENTATION (  '', ( #5170 ), #881 ) ;
#4561 = VERTEX_POINT ( 'NONE', #954 ) ;
#4562 = LINE ( 'NONE', #5976, #1418 ) ;
#4563 = SURFACE_STYLE_FILL_AREA ( #1633 ) ;
#4564 = UNCERTAINTY_MEASURE_WITH_UNIT (LENGTH_MEASURE( 1.000000000000000082E-05 ), #1001, 'distance_accuracy_value', 'NONE');
#4565 = EDGE_CURVE ( 'NONE', #907, #2602, #5267, .T. ) ;
#4566 = DIRECTION ( 'NONE',  ( 0.000000000000000000, 1.000000000000000000, 0.000000000000000000 ) ) ;
#4567 = PRESENTATION_STYLE_ASSIGNMENT (( #8839 ) ) ;
#4568 = CARTESIAN_POINT ( 'NONE',  ( 3.950000000000000178, 0.02000000000000000042, 2.600000000000000089 ) ) ;
#4569 = ORIENTED_EDGE ( 'NONE', *, *, #13, .T. ) ;
#4570 = MECHANICAL_DESIGN_GEOMETRIC_PRESENTATION_REPRESENTATION (  '', ( #5932 ), #3658 ) ;
#4571 = DIRECTION ( 'NONE',  ( 0.000000000000000000, 1.000000000000000000, 0.000000000000000000 ) ) ;
#4572 = FILL_AREA_STYLE_COLOUR ( '', #8271 ) ;
#4573 = DIRECTION ( 'NONE',  ( -0.000000000000000000, 1.000000000000000000, 0.000000000000000000 ) ) ;
#4574 = COLOUR_RGB ( '',1.000000000000000000, 0.8117647058823529438, 0.5019607843137254832 ) ;
#4575 =( LENGTH_UNIT ( ) NAMED_UNIT ( * ) SI_UNIT ( .MILLI., .METRE. ) );
#4576 = SURFACE_STYLE_FILL_AREA ( #3153 ) ;
#4577 =( NAMED_UNIT ( * ) PLANE_ANGLE_UNIT ( ) SI_UNIT ( $, .RADIAN. ) );
#4578 = CARTESIAN_POINT ( 'NONE',  ( 3.950000000000000178, 0.000000000000000000, -1.500000000000000000 ) ) ;
#4579 = VERTEX_POINT ( 'NONE', #8267 ) ;
#4580 = EDGE_CURVE ( 'NONE', #2837, #6223, #3841, .T. ) ;
#4581 = ORIENTED_EDGE ( 'NONE', *, *, #6586, .T. ) ;
#4582 = DIRECTION ( 'NONE',  ( 1.000000000000000000, 0.000000000000000000, 0.000000000000000000 ) ) ;
#4583 = LINE ( 'NONE', #1800, #7208 ) ;
#4584 = DIRECTION ( 'NONE',  ( -1.000000000000000000, 0.000000000000000000, 0.000000000000000000 ) ) ;
#4585 = LINE ( 'NONE', #7578, #6605 ) ;
#4586 = PLANE ( 'NONE',  #4862 ) ;
#4587 = SURFACE_STYLE_FILL_AREA ( #8197 ) ;
#4588 = DIRECTION ( 'NONE',  ( 0.000000000000000000, 0.000000000000000000, 1.000000000000000000 ) ) ;
#4589 = STYLED_ITEM ( 'NONE', ( #4379 ), #1787 ) ;
#4590 = LINE ( 'NONE', #4542, #2873 ) ;
#4591 = ORIENTED_EDGE ( 'NONE', *, *, #7124, .T. ) ;
#4592 = DIRECTION ( 'NONE',  ( 0.000000000000000000, 1.000000000000000000, 0.000000000000000000 ) ) ;
#4593 = ADVANCED_FACE ( 'NONE', ( #811 ), #5409, .T. ) ;
#4594 = EDGE_LOOP ( 'NONE', ( #6555, #3134, #8604, #5480 ) ) ;
#4595 = EDGE_CURVE ( 'NONE', #8162, #4238, #1880, .T. ) ;
#4596 = VERTEX_POINT ( 'NONE', #3090 ) ;
#4597 = DIRECTION ( 'NONE',  ( 0.000000000000000000, -1.000000000000000000, 0.000000000000000000 ) ) ;
#4598 =( LENGTH_UNIT ( ) NAMED_UNIT ( * ) SI_UNIT ( .MILLI., .METRE. ) );
#4599 = CARTESIAN_POINT ( 'NONE',  ( -3.950000000000000178, 0.02000000000000000042, -4.000000000000000000 ) ) ;
#4600 = ORIENTED_EDGE ( 'NONE', *, *, #8314, .T. ) ;
#4601 = DIRECTION ( 'NONE',  ( 0.000000000000000000, -1.000000000000000000, 0.000000000000000000 ) ) ;
#4602 = ORIENTED_EDGE ( 'NONE', *, *, #1703, .F. ) ;
#4603 = UNCERTAINTY_MEASURE_WITH_UNIT (LENGTH_MEASURE( 1.000000000000000082E-05 ), #396, 'distance_accuracy_value', 'NONE');
#4604 = ORIENTED_EDGE ( 'NONE', *, *, #4501, .T. ) ;
#4605 = EDGE_CURVE ( 'NONE', #1092, #2372, #4562, .T. ) ;
#4606 = ORIENTED_EDGE ( 'NONE', *, *, #2382, .T. ) ;
#4607 = LINE ( 'NONE', #8266, #964 ) ;
#4608 = VECTOR ( 'NONE', #8126, 1000.000000000000000 ) ;
#4609 = CARTESIAN_POINT ( 'NONE',  ( -4.850000000000000533, 1.000000000000000000, 1.500000000000000000 ) ) ;
#4610 = FILL_AREA_STYLE ('',( #5193 ) ) ;
#4611 = VERTEX_POINT ( 'NONE', #9201 ) ;
#4612 =( LENGTH_UNIT ( ) NAMED_UNIT ( * ) SI_UNIT ( .MILLI., .METRE. ) );
#4613 = MECHANICAL_DESIGN_GEOMETRIC_PRESENTATION_REPRESENTATION (  '', ( #6126 ), #8255 ) ;
#4614 = EDGE_CURVE ( 'NONE', #3833, #5490, #524, .T. ) ;
#4615 = ORIENTED_EDGE ( 'NONE', *, *, #1310, .F. ) ;
#4616 = PLANE ( 'NONE',  #5438 ) ;
#4617 = PLANE ( 'NONE',  #4008 ) ;
#4618 =( GEOMETRIC_REPRESENTATION_CONTEXT ( 3 ) GLOBAL_UNCERTAINTY_ASSIGNED_CONTEXT ( ( #4460 ) ) GLOBAL_UNIT_ASSIGNED_CONTEXT ( ( #1274, #4965, #557 ) ) REPRESENTATION_CONTEXT ( 'NONE', 'WORKASPACE' ) );
#4619 = MECHANICAL_DESIGN_GEOMETRIC_PRESENTATION_REPRESENTATION (  '', ( #6739 ), #5697 ) ;
#4620 = DIRECTION ( 'NONE',  ( 1.000000000000000000, 0.000000000000000000, 0.000000000000000000 ) ) ;
#4621 = CARTESIAN_POINT ( 'NONE',  ( -4.850000000000000533, 0.02000000000000000042, -3.299999999999999822 ) ) ;
#4622 = PRESENTATION_LAYER_ASSIGNMENT (  '', '', ( #8580 ) ) ;
#4623 = VECTOR ( 'NONE', #2294, 1000.000000000000000 ) ;
#4624 = AXIS2_PLACEMENT_3D ( 'NONE', #6769, #6054, #3355 ) ;
#4625 = CARTESIAN_POINT ( 'NONE',  ( -4.419999999999999929, 1.050000000000000044, -4.290000000000000036 ) ) ;
#4626 = SURFACE_SIDE_STYLE ('',( #2592 ) ) ;
#4627 =( NAMED_UNIT ( * ) PLANE_ANGLE_UNIT ( ) SI_UNIT ( $, .RADIAN. ) );
#4628 = CARTESIAN_POINT ( 'NONE',  ( 4.850000000000000533, 1.000000000000000000, -8.673617379884039416E-16 ) ) ;
#4629 = CARTESIAN_POINT ( 'NONE',  ( -4.850000000000000533, 1.000000000000000000, -2.200000000000000178 ) ) ;
#4630 = LINE ( 'NONE', #8193, #4418 ) ;
#4631 = SURFACE_STYLE_USAGE ( .BOTH. , #8658 ) ;
#4632 = AXIS2_PLACEMENT_3D ( 'NONE', #8706, #3702, #5850 ) ;
#4633 = LINE ( 'NONE', #6156, #6844 ) ;
#4634 = CIRCLE ( 'NONE', #5851, 0.2500000000000002220 ) ;
#4635 = PRESENTATION_LAYER_ASSIGNMENT (  '', '', ( #198 ) ) ;
#4636 = VERTEX_POINT ( 'NONE', #3990 ) ;
#4637 = CARTESIAN_POINT ( 'NONE',  ( -4.120000000000000107, 1.050000000000000044, -4.590000000000000746 ) ) ;
#4638 = CARTESIAN_POINT ( 'NONE',  ( -4.850000000000000533, 0.000000000000000000, -3.700000000000000178 ) ) ;
#4639 = VERTEX_POINT ( 'NONE', #3325 ) ;
#4640 = FACE_OUTER_BOUND ( 'NONE', #8973, .T. ) ;
#4641 = ORIENTED_EDGE ( 'NONE', *, *, #555, .T. ) ;
#4642 = FILL_AREA_STYLE ('',( #3885 ) ) ;
#4643 = EDGE_CURVE ( 'NONE', #8076, #4431, #1580, .T. ) ;
#4644 = LINE ( 'NONE', #8827, #4261 ) ;
#4645 = ORIENTED_EDGE ( 'NONE', *, *, #7158, .F. ) ;
#4646 = PRESENTATION_LAYER_ASSIGNMENT (  '', '', ( #9350 ) ) ;
#4647 = SURFACE_STYLE_FILL_AREA ( #6842 ) ;
#4648 = CIRCLE ( 'NONE', #516, 0.2500000000000002220 ) ;
#4649 = VERTEX_POINT ( 'NONE', #7647 ) ;
#4650 = PLANE ( 'NONE',  #9343 ) ;
#4651 = FILL_AREA_STYLE ('',( #1724 ) ) ;
#4652 = DIRECTION ( 'NONE',  ( 1.000000000000000000, 0.000000000000000000, 0.000000000000000000 ) ) ;
#4653 = EDGE_CURVE ( 'NONE', #3654, #5069, #6273, .T. ) ;
#4654 = EDGE_CURVE ( 'NONE', #8407, #2650, #1186, .T. ) ;
#4655 = SURFACE_STYLE_FILL_AREA ( #3993 ) ;
#4656 = CARTESIAN_POINT ( 'NONE',  ( -3.950000000000000178, 0.02000000000000000042, -3.700000000000000178 ) ) ;
#4657 = DIRECTION ( 'NONE',  ( -1.000000000000000000, 0.000000000000000000, 0.000000000000000000 ) ) ;
#4658 = ORIENTED_EDGE ( 'NONE', *, *, #1255, .T. ) ;
#4659 = ORIENTED_EDGE ( 'NONE', *, *, #1010, .F. ) ;
#4660 = CYLINDRICAL_SURFACE ( 'NONE', #4146, 0.4000000000000001887 ) ;
#4661 = DIRECTION ( 'NONE',  ( 0.000000000000000000, -1.000000000000000000, 0.000000000000000000 ) ) ;
#4662 = MECHANICAL_DESIGN_GEOMETRIC_PRESENTATION_REPRESENTATION (  '', ( #3448 ), #4838 ) ;
#4663 = SURFACE_STYLE_FILL_AREA ( #3903 ) ;
#4664 =( NAMED_UNIT ( * ) SI_UNIT ( $, .STERADIAN. ) SOLID_ANGLE_UNIT ( ) );
#4665 = CARTESIAN_POINT ( 'NONE',  ( 4.850000000000000533, 0.000000000000000000, -3.700000000000000178 ) ) ;
#4666 = VECTOR ( 'NONE', #6813, 1000.000000000000000 ) ;
#4667 = ADVANCED_FACE ( 'NONE', ( #6221 ), #5554, .F. ) ;
#4668 = DIRECTION ( 'NONE',  ( 0.000000000000000000, 1.000000000000000000, 0.000000000000000000 ) ) ;
#4669 =( NAMED_UNIT ( * ) PLANE_ANGLE_UNIT ( ) SI_UNIT ( $, .RADIAN. ) );
#4670 = DIRECTION ( 'NONE',  ( -1.000000000000000000, 0.000000000000000000, 0.000000000000000000 ) ) ;
#4671 = CARTESIAN_POINT ( 'NONE',  ( -4.450000000000000178, 1.000000000000000000, -6.331740687315349681E-14 ) ) ;
#4672 = COLOUR_RGB ( '',1.000000000000000000, 0.8117647058823529438, 0.5019607843137254832 ) ;
#4673 = DIRECTION ( 'NONE',  ( 0.000000000000000000, -1.000000000000000000, 0.000000000000000000 ) ) ;
#4674 = ORIENTED_EDGE ( 'NONE', *, *, #6361, .F. ) ;
#4675 = FILL_AREA_STYLE ('',( #1747 ) ) ;
#4676 = PLANE ( 'NONE',  #1875 ) ;
#4677 = DIRECTION ( 'NONE',  ( -1.000000000000000000, 0.000000000000000000, 0.000000000000000000 ) ) ;
#4678 = DIRECTION ( 'NONE',  ( 1.000000000000000000, 0.000000000000000000, 0.000000000000000000 ) ) ;
#4679 = CIRCLE ( 'NONE', #1761, 0.2500000000000002220 ) ;
#4680 = DIRECTION ( 'NONE',  ( 0.000000000000000000, 1.000000000000000000, 0.000000000000000000 ) ) ;
#4681 = EDGE_CURVE ( 'NONE', #6376, #5169, #5605, .T. ) ;
#4682 = DIRECTION ( 'NONE',  ( 0.000000000000000000, -1.000000000000000000, 0.000000000000000000 ) ) ;
#4683 = CIRCLE ( 'NONE', #846, 0.2500000000000002220 ) ;
#4684 = AXIS2_PLACEMENT_3D ( 'NONE', #1992, #4905, #4803 ) ;
#4685 = VERTEX_POINT ( 'NONE', #2772 ) ;
#4686 = MECHANICAL_DESIGN_GEOMETRIC_PRESENTATION_REPRESENTATION (  '', ( #2560 ), #7566 ) ;
#4687 = VECTOR ( 'NONE', #2888, 1000.000000000000000 ) ;
#4688 = PRESENTATION_STYLE_ASSIGNMENT (( #8958 ) ) ;
#4689 = DIRECTION ( 'NONE',  ( 0.000000000000000000, 1.000000000000000000, 0.000000000000000000 ) ) ;
#4690 = COLOUR_RGB ( '',1.000000000000000000, 0.8117647058823529438, 0.5019607843137254832 ) ;
#4691 = ORIENTED_EDGE ( 'NONE', *, *, #4984, .T. ) ;
#4692 = LINE ( 'NONE', #8824, #6528 ) ;
#4693 = AXIS2_PLACEMENT_3D ( 'NONE', #1154, #8284, #1741 ) ;
#4694 =( GEOMETRIC_REPRESENTATION_CONTEXT ( 3 ) GLOBAL_UNCERTAINTY_ASSIGNED_CONTEXT ( ( #159 ) ) GLOBAL_UNIT_ASSIGNED_CONTEXT ( ( #294, #6884, #8268 ) ) REPRESENTATION_CONTEXT ( 'NONE', 'WORKASPACE' ) );
#4695 = ORIENTED_EDGE ( 'NONE', *, *, #84, .F. ) ;
#4696 = SURFACE_SIDE_STYLE ('',( #4183 ) ) ;
#4697 = EDGE_LOOP ( 'NONE', ( #4735, #5460, #2255, #8077, #1072 ) ) ;
#4698 = COLOUR_RGB ( '',1.000000000000000000, 0.8117647058823529438, 0.5019607843137254832 ) ;
#4699 = CARTESIAN_POINT ( 'NONE',  ( 4.850000000000000533, 0.000000000000000000, 0.6999999999999010347 ) ) ;
#4700 = VECTOR ( 'NONE', #8606, 1000.000000000000000 ) ;
#4701 = AXIS2_PLACEMENT_3D ( 'NONE', #6557, #5119, #5029 ) ;
#4702 = ORIENTED_EDGE ( 'NONE', *, *, #8276, .T. ) ;
#4703 = EDGE_CURVE ( 'NONE', #3285, #9182, #6319, .T. ) ;
#4704 = ORIENTED_EDGE ( 'NONE', *, *, #8562, .F. ) ;
#4705 = CARTESIAN_POINT ( 'NONE',  ( -4.850000000000000533, 0.9799999999999999822, -5.049999999999999822 ) ) ;
#4706 = DIRECTION ( 'NONE',  ( 0.000000000000000000, 0.000000000000000000, 1.000000000000000000 ) ) ;
#4707 = STYLED_ITEM ( 'NONE', ( #4192 ), #2439 ) ;
#4708 = DIRECTION ( 'NONE',  ( 0.000000000000000000, -1.000000000000000000, 0.000000000000000000 ) ) ;
#4709 = VECTOR ( 'NONE', #2115, 1000.000000000000000 ) ;
#4710 = CARTESIAN_POINT ( 'NONE',  ( 3.950000000000000178, 0.000000000000000000, -0.7000000000001009859 ) ) ;
#4711 = VERTEX_POINT ( 'NONE', #1869 ) ;
#4712 = VERTEX_POINT ( 'NONE', #330 ) ;
#4713 = MECHANICAL_DESIGN_GEOMETRIC_PRESENTATION_REPRESENTATION (  '', ( #9405 ), #1031 ) ;
#4714 = DIRECTION ( 'NONE',  ( -1.000000000000000000, 0.000000000000000000, 0.000000000000000000 ) ) ;
#4715 = EDGE_CURVE ( 'NONE', #327, #1931, #4894, .T. ) ;
#4716 = DIRECTION ( 'NONE',  ( 0.000000000000000000, -1.000000000000000000, 0.000000000000000000 ) ) ;
#4717 = EDGE_CURVE ( 'NONE', #4579, #6616, #6369, .T. ) ;
#4718 = DIRECTION ( 'NONE',  ( 0.000000000000000000, 0.000000000000000000, -1.000000000000000000 ) ) ;
#4719 = CARTESIAN_POINT ( 'NONE',  ( 4.850000000000000533, 0.9799999999999999822, 0.6999999999999499956 ) ) ;
#4720 =( GEOMETRIC_REPRESENTATION_CONTEXT ( 3 ) GLOBAL_UNCERTAINTY_ASSIGNED_CONTEXT ( ( #5558 ) ) GLOBAL_UNIT_ASSIGNED_CONTEXT ( ( #8996, #6058, #5389 ) ) REPRESENTATION_CONTEXT ( 'NONE', 'WORKASPACE' ) );
#4721 = LINE ( 'NONE', #8983, #3407 ) ;
#4722 = DIRECTION ( 'NONE',  ( 0.000000000000000000, 0.000000000000000000, 1.000000000000000000 ) ) ;
#4723 = CARTESIAN_POINT ( 'NONE',  ( 3.700000000000000178, 2.299999999999999822, -3.850000000000000089 ) ) ;
#4724 = CARTESIAN_POINT ( 'NONE',  ( 1.734723475976809855E-15, 0.000000000000000000, -0.4000000000000989986 ) ) ;
#4725 = LINE ( 'NONE', #1945, #7376 ) ;
#4726 = ORIENTED_EDGE ( 'NONE', *, *, #908, .T. ) ;
#4727 = CARTESIAN_POINT ( 'NONE',  ( 4.120000000000000107, 2.299999999999999822, -8.673617379884039416E-16 ) ) ;
#4728 = EDGE_CURVE ( 'NONE', #2635, #4931, #8558, .T. ) ;
#4729 = LINE ( 'NONE', #5384, #1867 ) ;
#4730 = DIRECTION ( 'NONE',  ( 0.000000000000000000, 0.000000000000000000, -1.000000000000000000 ) ) ;
#4731 = LINE ( 'NONE', #7630, #4327 ) ;
#4732 = VECTOR ( 'NONE', #4746, 1000.000000000000000 ) ;
#4733 = CARTESIAN_POINT ( 'NONE',  ( -4.850000000000000533, 1.000000000000000000, -4.799999999999999822 ) ) ;
#4734 = DIRECTION ( 'NONE',  ( 0.000000000000000000, -1.000000000000000000, 0.000000000000000000 ) ) ;
#4735 = ORIENTED_EDGE ( 'NONE', *, *, #470, .T. ) ;
#4736 = UNCERTAINTY_MEASURE_WITH_UNIT (LENGTH_MEASURE( 1.000000000000000082E-05 ), #1208, 'distance_accuracy_value', 'NONE');
#4737 = FACE_OUTER_BOUND ( 'NONE', #6122, .T. ) ;
#4738 =( GEOMETRIC_REPRESENTATION_CONTEXT ( 3 ) GLOBAL_UNCERTAINTY_ASSIGNED_CONTEXT ( ( #2646 ) ) GLOBAL_UNIT_ASSIGNED_CONTEXT ( ( #4068, #5393, #1704 ) ) REPRESENTATION_CONTEXT ( 'NONE', 'WORKASPACE' ) );
#4739 = EDGE_CURVE ( 'NONE', #6223, #1543, #9067, .T. ) ;
#4740 = CARTESIAN_POINT ( 'NONE',  ( -4.270000000000000462, 1.050000000000000044, -4.290000000000000036 ) ) ;
#4741 = EDGE_LOOP ( 'NONE', ( #6845, #3732 ) ) ;
#4742 =( NAMED_UNIT ( * ) SI_UNIT ( $, .STERADIAN. ) SOLID_ANGLE_UNIT ( ) );
#4743 = VERTEX_POINT ( 'NONE', #6175 ) ;
#4744 = DIRECTION ( 'NONE',  ( 0.000000000000000000, 0.000000000000000000, -1.000000000000000000 ) ) ;
#4745 = VERTEX_POINT ( 'NONE', #4748 ) ;
#4746 = DIRECTION ( 'NONE',  ( 0.000000000000000000, -1.000000000000000000, 0.000000000000000000 ) ) ;
#4747 = VERTEX_POINT ( 'NONE', #4040 ) ;
#4748 = CARTESIAN_POINT ( 'NONE',  ( -4.270000000000000462, 2.149999999999999911, -4.290000000000000036 ) ) ;
#4749 = DIRECTION ( 'NONE',  ( 0.000000000000000000, 1.000000000000000000, 0.000000000000000000 ) ) ;
#4750 = CARTESIAN_POINT ( 'NONE',  ( 4.850000000000000533, 0.9799999999999999822, 3.299999999999999822 ) ) ;
#4751 =( NAMED_UNIT ( * ) PLANE_ANGLE_UNIT ( ) SI_UNIT ( $, .RADIAN. ) );
#4752 = EDGE_LOOP ( 'NONE', ( #1479, #7440, #592, #5033, #3362, #9177, #6 ) ) ;
#4753 = FACE_OUTER_BOUND ( 'NONE', #1477, .T. ) ;
#4754 = CARTESIAN_POINT ( 'NONE',  ( -4.850000000000000533, 0.000000000000000000, 1.949999999999999956 ) ) ;
#4755 = PRESENTATION_STYLE_ASSIGNMENT (( #2575 ) ) ;
#4756 = ORIENTED_EDGE ( 'NONE', *, *, #1182, .F. ) ;
#4757 = LINE ( 'NONE', #8379, #61 ) ;
#4758 = DIRECTION ( 'NONE',  ( 0.000000000000000000, 0.000000000000000000, 1.000000000000000000 ) ) ;
#4759 =( LENGTH_UNIT ( ) NAMED_UNIT ( * ) SI_UNIT ( .MILLI., .METRE. ) );
#4760 = FILL_AREA_STYLE ('',( #1835 ) ) ;
#4761 = SURFACE_STYLE_FILL_AREA ( #1148 ) ;
#4762 = FACE_OUTER_BOUND ( 'NONE', #3390, .T. ) ;
#4763 = CARTESIAN_POINT ( 'NONE',  ( 1.734723475976809855E-15, 1.050000000000000044, -4.290000000000000036 ) ) ;
#4764 = ADVANCED_FACE ( 'NONE', ( #4425 ), #6509, .T. ) ;
#4765 = SURFACE_STYLE_USAGE ( .BOTH. , #4009 ) ;
#4766 = EDGE_CURVE ( 'NONE', #7902, #2549, #3553, .T. ) ;
#4767 = VERTEX_POINT ( 'NONE', #7430 ) ;
#4768 = ORIENTED_EDGE ( 'NONE', *, *, #1900, .T. ) ;
#4769 =( NAMED_UNIT ( * ) SI_UNIT ( $, .STERADIAN. ) SOLID_ANGLE_UNIT ( ) );
#4770 = MECHANICAL_DESIGN_GEOMETRIC_PRESENTATION_REPRESENTATION (  '', ( #5375 ), #6135 ) ;
#4771 = DIRECTION ( 'NONE',  ( 1.000000000000000000, 0.000000000000000000, 0.000000000000000000 ) ) ;
#4772 = COLOUR_RGB ( '',1.000000000000000000, 0.8117647058823529438, 0.5019607843137254832 ) ;
#4773 = SURFACE_STYLE_USAGE ( .BOTH. , #1802 ) ;
#4774 = EDGE_CURVE ( 'NONE', #2158, #4447, #9346, .T. ) ;
#4775 = EDGE_CURVE ( 'NONE', #1631, #7153, #6556, .T. ) ;
#4776 = ORIENTED_EDGE ( 'NONE', *, *, #8220, .F. ) ;
#4777 = VECTOR ( 'NONE', #6716, 1000.000000000000000 ) ;
#4778 = LINE ( 'NONE', #1123, #2605 ) ;
#4779 =( GEOMETRIC_REPRESENTATION_CONTEXT ( 3 ) GLOBAL_UNCERTAINTY_ASSIGNED_CONTEXT ( ( #1742 ) ) GLOBAL_UNIT_ASSIGNED_CONTEXT ( ( #2782, #6481, #9217 ) ) REPRESENTATION_CONTEXT ( 'NONE', 'WORKASPACE' ) );
#4780 = UNCERTAINTY_MEASURE_WITH_UNIT (LENGTH_MEASURE( 1.000000000000000082E-05 ), #7874, 'distance_accuracy_value', 'NONE');
#4781 = ORIENTED_EDGE ( 'NONE', *, *, #8129, .F. ) ;
#4782 = AXIS2_PLACEMENT_3D ( 'NONE', #2792, #1316, #3534 ) ;
#4783 = FILL_AREA_STYLE_COLOUR ( '', #1949 ) ;
#4784 = AXIS2_PLACEMENT_3D ( 'NONE', #6151, #3216, #5385 ) ;
#4785 = VECTOR ( 'NONE', #1940, 1000.000000000000000 ) ;
#4786 = EDGE_LOOP ( 'NONE', ( #1626, #8336, #3921, #750 ) ) ;
#4787 = FACE_OUTER_BOUND ( 'NONE', #2137, .T. ) ;
#4788 = LINE ( 'NONE', #2551, #4998 ) ;
#4789 = EDGE_CURVE ( 'NONE', #6562, #8435, #2071, .T. ) ;
#4790 = ORIENTED_EDGE ( 'NONE', *, *, #7719, .T. ) ;
#4791 = SURFACE_SIDE_STYLE ('',( #4647 ) ) ;
#4792 = CIRCLE ( 'NONE', #3575, 0.2500000000000002220 ) ;
#4793 = ORIENTED_EDGE ( 'NONE', *, *, #2771, .F. ) ;
#4794 = DIRECTION ( 'NONE',  ( 1.000000000000000000, 0.000000000000000000, 0.000000000000000000 ) ) ;
#4795 = DIRECTION ( 'NONE',  ( -1.000000000000000000, 0.000000000000000000, 0.000000000000000000 ) ) ;
#4796 = DIRECTION ( 'NONE',  ( 0.000000000000000000, 1.000000000000000000, 0.000000000000000000 ) ) ;
#4797 = UNCERTAINTY_MEASURE_WITH_UNIT (LENGTH_MEASURE( 1.000000000000000082E-05 ), #452, 'distance_accuracy_value', 'NONE');
#4798 = VECTOR ( 'NONE', #6991, 1000.000000000000000 ) ;
#4799 = PRESENTATION_LAYER_ASSIGNMENT (  '', '', ( #3583 ) ) ;
#4800 = DIRECTION ( 'NONE',  ( 1.000000000000000000, 0.000000000000000000, 0.000000000000000000 ) ) ;
#4801 = EDGE_LOOP ( 'NONE', ( #4591, #6219, #5901, #2048 ) ) ;
#4802 = LINE ( 'NONE', #3423, #1994 ) ;
#4803 = DIRECTION ( 'NONE',  ( 1.000000000000000000, 0.000000000000000000, 0.000000000000000000 ) ) ;
#4804 = SURFACE_STYLE_USAGE ( .BOTH. , #6239 ) ;
#4805 = FILL_AREA_STYLE_COLOUR ( '', #9087 ) ;
#4806 = SURFACE_STYLE_USAGE ( .BOTH. , #7661 ) ;
#4807 = DIRECTION ( 'NONE',  ( -1.000000000000000000, 0.000000000000000000, 0.000000000000000000 ) ) ;
#4808 =( NAMED_UNIT ( * ) PLANE_ANGLE_UNIT ( ) SI_UNIT ( $, .RADIAN. ) );
#4809 = ORIENTED_EDGE ( 'NONE', *, *, #2597, .F. ) ;
#4810 = SURFACE_SIDE_STYLE ('',( #2632 ) ) ;
#4811 = DIRECTION ( 'NONE',  ( 0.000000000000000000, 1.000000000000000000, 0.000000000000000000 ) ) ;
#4812 = ORIENTED_EDGE ( 'NONE', *, *, #4132, .F. ) ;
#4813 = ORIENTED_EDGE ( 'NONE', *, *, #7659, .T. ) ;
#4814 = CARTESIAN_POINT ( 'NONE',  ( -4.850000000000000533, 0.02000000000000000042, 0.2499999999999179823 ) ) ;
#4815 = EDGE_CURVE ( 'NONE', #3252, #5674, #7972, .T. ) ;
#4816 = SURFACE_STYLE_FILL_AREA ( #1898 ) ;
#4817 = PRESENTATION_LAYER_ASSIGNMENT (  '', '', ( #6515 ) ) ;
#4818 = PRESENTATION_STYLE_ASSIGNMENT (( #7006 ) ) ;
#4819 =( LENGTH_UNIT ( ) NAMED_UNIT ( * ) SI_UNIT ( .MILLI., .METRE. ) );
#4820 = PRESENTATION_STYLE_ASSIGNMENT (( #5489 ) ) ;
#4821 = COLOUR_RGB ( '',1.000000000000000000, 0.8117647058823529438, 0.5019607843137254832 ) ;
#4822 = ORIENTED_EDGE ( 'NONE', *, *, #7737, .F. ) ;
#4823 = UNCERTAINTY_MEASURE_WITH_UNIT (LENGTH_MEASURE( 1.000000000000000082E-05 ), #5220, 'distance_accuracy_value', 'NONE');
#4824 = COLOUR_RGB ( '',1.000000000000000000, 0.8117647058823529438, 0.5019607843137254832 ) ;
#4825 = CARTESIAN_POINT ( 'NONE',  ( 4.850000000000000533, 1.000000000000000000, -4.799999999999999822 ) ) ;
#4826 = DIRECTION ( 'NONE',  ( 1.000000000000000000, 0.000000000000000000, 0.000000000000000000 ) ) ;
#4827 = CARTESIAN_POINT ( 'NONE',  ( -4.450000000000000178, 1.000000000000000000, -2.200000000000000178 ) ) ;
#4828 = ADVANCED_FACE ( 'NONE', ( #2812 ), #1291, .F. ) ;
#4829 = EDGE_CURVE ( 'NONE', #5126, #1620, #4857, .T. ) ;
#4830 = ORIENTED_EDGE ( 'NONE', *, *, #7510, .F. ) ;
#4831 = PRESENTATION_STYLE_ASSIGNMENT (( #2603 ) ) ;
#4832 = VECTOR ( 'NONE', #2154, 1000.000000000000000 ) ;
#4833 = ADVANCED_FACE ( 'NONE', ( #1119 ), #4065, .F. ) ;
#4834 = ORIENTED_EDGE ( 'NONE', *, *, #3263, .F. ) ;
#4835 = FILL_AREA_STYLE_COLOUR ( '', #8189 ) ;
#4836 = SURFACE_SIDE_STYLE ('',( #7684 ) ) ;
#4837 = ORIENTED_EDGE ( 'NONE', *, *, #8693, .F. ) ;
#4838 =( GEOMETRIC_REPRESENTATION_CONTEXT ( 3 ) GLOBAL_UNCERTAINTY_ASSIGNED_CONTEXT ( ( #6653 ) ) GLOBAL_UNIT_ASSIGNED_CONTEXT ( ( #4315, #6442, #2981 ) ) REPRESENTATION_CONTEXT ( 'NONE', 'WORKASPACE' ) );
#4839 = DIRECTION ( 'NONE',  ( -1.000000000000000000, 0.000000000000000000, 0.000000000000000000 ) ) ;
#4840 = SURFACE_SIDE_STYLE ('',( #6365 ) ) ;
#4841 = VECTOR ( 'NONE', #1740, 1000.000000000000000 ) ;
#4842 = FACE_OUTER_BOUND ( 'NONE', #1157, .T. ) ;
#4843 = EDGE_LOOP ( 'NONE', ( #5500, #8410, #1027, #6278 ) ) ;
#4844 = EDGE_CURVE ( 'NONE', #7548, #4446, #6955, .T. ) ;
#4845 = VECTOR ( 'NONE', #8035, 1000.000000000000000 ) ;
#4846 = CARTESIAN_POINT ( 'NONE',  ( -4.850000000000000533, 1.000000000000000000, 4.400000000000000355 ) ) ;
#4847 = CARTESIAN_POINT ( 'NONE',  ( -3.950000000000000178, 0.000000000000000000, -2.899999999999999911 ) ) ;
#4848 = DIRECTION ( 'NONE',  ( 0.000000000000000000, -1.000000000000000000, 0.000000000000000000 ) ) ;
#4849 = SURFACE_STYLE_USAGE ( .BOTH. , #3327 ) ;
#4850 =( GEOMETRIC_REPRESENTATION_CONTEXT ( 3 ) GLOBAL_UNCERTAINTY_ASSIGNED_CONTEXT ( ( #6306 ) ) GLOBAL_UNIT_ASSIGNED_CONTEXT ( ( #2606, #1382, #3511 ) ) REPRESENTATION_CONTEXT ( 'NONE', 'WORKASPACE' ) );
#4851 = ORIENTED_EDGE ( 'NONE', *, *, #5486, .T. ) ;
#4852 = AXIS2_PLACEMENT_3D ( 'NONE', #8463, #3416, #9118 ) ;
#4853 = CARTESIAN_POINT ( 'NONE',  ( -4.850000000000000533, 0.000000000000000000, 2.899999999999999911 ) ) ;
#4854 = ORIENTED_EDGE ( 'NONE', *, *, #8881, .T. ) ;
#4855 = FACE_OUTER_BOUND ( 'NONE', #2790, .T. ) ;
#4856 =( GEOMETRIC_REPRESENTATION_CONTEXT ( 3 ) GLOBAL_UNCERTAINTY_ASSIGNED_CONTEXT ( ( #2719 ) ) GLOBAL_UNIT_ASSIGNED_CONTEXT ( ( #3397, #2694, #2554 ) ) REPRESENTATION_CONTEXT ( 'NONE', 'WORKASPACE' ) );
#4857 = CIRCLE ( 'NONE', #6974, 0.4000000000000001887 ) ;
#4858 = EDGE_CURVE ( 'NONE', #1207, #4712, #3304, .T. ) ;
#4859 = CARTESIAN_POINT ( 'NONE',  ( -4.850000000000000533, 1.000000000000000000, -2.200000000000000178 ) ) ;
#4860 = STYLED_ITEM ( 'NONE', ( #9259 ), #2381 ) ;
#4861 = CARTESIAN_POINT ( 'NONE',  ( -4.850000000000000533, 1.000000000000000000, 3.299999999999999822 ) ) ;
#4862 = AXIS2_PLACEMENT_3D ( 'NONE', #4537, #3032, #7432 ) ;
#4863 = FACE_OUTER_BOUND ( 'NONE', #4310, .T. ) ;
#4864 = DIRECTION ( 'NONE',  ( 0.000000000000000000, -1.000000000000000000, 0.000000000000000000 ) ) ;
#4865 = AXIS2_PLACEMENT_3D ( 'NONE', #1861, #5695, #607 ) ;
#4866 = ORIENTED_EDGE ( 'NONE', *, *, #1443, .F. ) ;
#4867 = CARTESIAN_POINT ( 'NONE',  ( 4.850000000000000533, 1.000000000000000000, 3.299999999999999822 ) ) ;
#4868 = PRESENTATION_STYLE_ASSIGNMENT (( #8576 ) ) ;
#4869 = EDGE_LOOP ( 'NONE', ( #2460, #8246, #2185, #8264, #502, #3519, #7674 ) ) ;
#4870 = PRESENTATION_LAYER_ASSIGNMENT (  '', '', ( #2755 ) ) ;
#4871 = VERTEX_POINT ( 'NONE', #8992 ) ;
#4872 = STYLED_ITEM ( 'NONE', ( #3973 ), #6009 ) ;
#4873 =( NAMED_UNIT ( * ) SI_UNIT ( $, .STERADIAN. ) SOLID_ANGLE_UNIT ( ) );
#4874 = PRESENTATION_STYLE_ASSIGNMENT (( #7005 ) ) ;
#4875 = LINE ( 'NONE', #6343, #5762 ) ;
#4876 = CARTESIAN_POINT ( 'NONE',  ( 3.950000000000000178, 0.02000000000000000042, 4.799999999999999822 ) ) ;
#4877 = LINE ( 'NONE', #9374, #7600 ) ;
#4878 = ORIENTED_EDGE ( 'NONE', *, *, #2886, .T. ) ;
#4879 = SURFACE_STYLE_FILL_AREA ( #4170 ) ;
#4880 = AXIS2_PLACEMENT_3D ( 'NONE', #2769, #2860, #3594 ) ;
#4881 = UNCERTAINTY_MEASURE_WITH_UNIT (LENGTH_MEASURE( 1.000000000000000082E-05 ), #5777, 'distance_accuracy_value', 'NONE');
#4882 = CARTESIAN_POINT ( 'NONE',  ( 4.850000000000000533, 0.02000000000000000042, 4.000000000000000000 ) ) ;
#4883 = CARTESIAN_POINT ( 'NONE',  ( 1.734723475976809855E-15, 0.02000000000000000042, -8.673617379884039416E-16 ) ) ;
#4884 = ORIENTED_EDGE ( 'NONE', *, *, #7946, .F. ) ;
#4885 =( LENGTH_UNIT ( ) NAMED_UNIT ( * ) SI_UNIT ( .MILLI., .METRE. ) );
#4886 = DIRECTION ( 'NONE',  ( 0.000000000000000000, 0.000000000000000000, 1.000000000000000000 ) ) ;
#4887 =( LENGTH_UNIT ( ) NAMED_UNIT ( * ) SI_UNIT ( .MILLI., .METRE. ) );
#4888 = FILL_AREA_STYLE ('',( #1090 ) ) ;
#4889 = ORIENTED_EDGE ( 'NONE', *, *, #1132, .T. ) ;
#4890 = ADVANCED_FACE ( 'NONE', ( #2595 ), #9047, .F. ) ;
#4891 = CARTESIAN_POINT ( 'NONE',  ( -4.850000000000000533, 0.9799999999999999822, -5.049999999999999822 ) ) ;
#4892 = ADVANCED_FACE ( 'NONE', ( #6910 ), #309, .F. ) ;
#4893 = VERTEX_POINT ( 'NONE', #1750 ) ;
#4894 = LINE ( 'NONE', #7077, #4100 ) ;
#4895 = CARTESIAN_POINT ( 'NONE',  ( -4.419999999999999929, 2.149999999999999911, 4.290000000000000036 ) ) ;
#4896 = SURFACE_STYLE_FILL_AREA ( #7131 ) ;
#4897 = UNCERTAINTY_MEASURE_WITH_UNIT (LENGTH_MEASURE( 1.000000000000000082E-05 ), #4078, 'distance_accuracy_value', 'NONE');
#4898 = PRESENTATION_STYLE_ASSIGNMENT (( #1982 ) ) ;
#4899 =( GEOMETRIC_REPRESENTATION_CONTEXT ( 3 ) GLOBAL_UNCERTAINTY_ASSIGNED_CONTEXT ( ( #2543 ) ) GLOBAL_UNIT_ASSIGNED_CONTEXT ( ( #478, #4336, #3418 ) ) REPRESENTATION_CONTEXT ( 'NONE', 'WORKASPACE' ) );
#4900 =( NAMED_UNIT ( * ) PLANE_ANGLE_UNIT ( ) SI_UNIT ( $, .RADIAN. ) );
#4901 = EDGE_CURVE ( 'NONE', #104, #2033, #1783, .T. ) ;
#4902 = ORIENTED_EDGE ( 'NONE', *, *, #3039, .F. ) ;
#4903 = SURFACE_SIDE_STYLE ('',( #1987 ) ) ;
#4904 = CARTESIAN_POINT ( 'NONE',  ( -4.100000000000000533, 2.299999999999999822, 3.850000000000000089 ) ) ;
#4905 = DIRECTION ( 'NONE',  ( -0.000000000000000000, 1.000000000000000000, 0.000000000000000000 ) ) ;
#4906 = DIRECTION ( 'NONE',  ( 0.000000000000000000, 0.000000000000000000, -1.000000000000000000 ) ) ;
#4907 = CARTESIAN_POINT ( 'NONE',  ( 4.850000000000000533, 1.000000000000000000, -8.673617379884039416E-16 ) ) ;
#4908 = EDGE_LOOP ( 'NONE', ( #3438, #4156, #2447, #1275 ) ) ;
#4909 = EDGE_CURVE ( 'NONE', #7995, #5356, #4875, .T. ) ;
#4910 = VECTOR ( 'NONE', #7274, 1000.000000000000000 ) ;
#4911 =( LENGTH_UNIT ( ) NAMED_UNIT ( * ) SI_UNIT ( .MILLI., .METRE. ) );
#4912 = ORIENTED_EDGE ( 'NONE', *, *, #4396, .F. ) ;
#4913 = VERTEX_POINT ( 'NONE', #551 ) ;
#4914 = PLANE ( 'NONE',  #5600 ) ;
#4915 = VECTOR ( 'NONE', #7194, 1000.000000000000000 ) ;
#4916 = FACE_OUTER_BOUND ( 'NONE', #4869, .T. ) ;
#4917 = DIRECTION ( 'NONE',  ( -1.000000000000000000, 0.000000000000000000, 0.000000000000000000 ) ) ;
#4918 = PRESENTATION_LAYER_ASSIGNMENT (  '', '', ( #7341 ) ) ;
#4919 = DIRECTION ( 'NONE',  ( 1.000000000000000000, 0.000000000000000000, 0.000000000000000000 ) ) ;
#4920 = DIRECTION ( 'NONE',  ( 1.000000000000000000, 0.000000000000000000, 0.000000000000000000 ) ) ;
#4921 = FILL_AREA_STYLE_COLOUR ( '', #2211 ) ;
#4922 = UNCERTAINTY_MEASURE_WITH_UNIT (LENGTH_MEASURE( 1.000000000000000082E-05 ), #9215, 'distance_accuracy_value', 'NONE');
#4923 = VERTEX_POINT ( 'NONE', #3536 ) ;
#4924 = FILL_AREA_STYLE ('',( #6729 ) ) ;
#4925 = VECTOR ( 'NONE', #3843, 1000.000000000000000 ) ;
#4926 = CARTESIAN_POINT ( 'NONE',  ( 4.850000000000000533, 0.000000000000000000, 5.049999999999999822 ) ) ;
#4927 = PRESENTATION_LAYER_ASSIGNMENT (  '', '', ( #6739 ) ) ;
#4928 = CARTESIAN_POINT ( 'NONE',  ( -3.743898866310354734, 2.449999999999999734, -3.922363042438184788 ) ) ;
#4929 = FILL_AREA_STYLE_COLOUR ( '', #5790 ) ;
#4930 = EDGE_LOOP ( 'NONE', ( #2093, #7451, #8551, #755, #2957, #6967 ) ) ;
#4931 = VERTEX_POINT ( 'NONE', #8584 ) ;
#4932 = PRESENTATION_LAYER_ASSIGNMENT (  '', '', ( #36 ) ) ;
#4933 = AXIS2_PLACEMENT_3D ( 'NONE', #2289, #1649, #7471 ) ;
#4934 =( LENGTH_UNIT ( ) NAMED_UNIT ( * ) SI_UNIT ( .MILLI., .METRE. ) );
#4935 = LINE ( 'NONE', #1293, #5444 ) ;
#4936 = EDGE_CURVE ( 'NONE', #1510, #5445, #5895, .T. ) ;
#4937 =( LENGTH_UNIT ( ) NAMED_UNIT ( * ) SI_UNIT ( .MILLI., .METRE. ) );
#4938 = SURFACE_STYLE_FILL_AREA ( #8523 ) ;
#4939 = COLOUR_RGB ( '',1.000000000000000000, 0.8117647058823529438, 0.5019607843137254832 ) ;
#4940 = DIRECTION ( 'NONE',  ( 0.000000000000000000, -1.000000000000000000, 0.000000000000000000 ) ) ;
#4941 = STYLED_ITEM ( 'NONE', ( #3408 ), #6181 ) ;
#4942 = ORIENTED_EDGE ( 'NONE', *, *, #4681, .T. ) ;
#4943 = CARTESIAN_POINT ( 'NONE',  ( -3.743898866310354734, 2.449999999999999734, -3.776662285569029720 ) ) ;
#4944 = SURFACE_STYLE_FILL_AREA ( #2624 ) ;
#4945 = CARTESIAN_POINT ( 'NONE',  ( 4.850000000000000533, 0.000000000000000000, 4.000000000000000000 ) ) ;
#4946 = FILL_AREA_STYLE ('',( #7697 ) ) ;
#4947 = EDGE_CURVE ( 'NONE', #6013, #6926, #2846, .T. ) ;
#4948 = VECTOR ( 'NONE', #8715, 1000.000000000000000 ) ;
#4949 = ADVANCED_FACE ( 'NONE', ( #2102 ), #5637, .F. ) ;
#4950 = VECTOR ( 'NONE', #5061, 1000.000000000000000 ) ;
#4951 = CARTESIAN_POINT ( 'NONE',  ( -4.850000000000000533, 0.000000000000000000, 4.000000000000000000 ) ) ;
#4952 =( NAMED_UNIT ( * ) SI_UNIT ( $, .STERADIAN. ) SOLID_ANGLE_UNIT ( ) );
#4953 = ORIENTED_EDGE ( 'NONE', *, *, #3037, .T. ) ;
#4954 = VECTOR ( 'NONE', #1833, 1000.000000000000000 ) ;
#4955 = PRESENTATION_LAYER_ASSIGNMENT (  '', '', ( #9331 ) ) ;
#4956 = ORIENTED_EDGE ( 'NONE', *, *, #111, .T. ) ;
#4957 = ORIENTED_EDGE ( 'NONE', *, *, #5456, .T. ) ;
#4958 = DIRECTION ( 'NONE',  ( 0.000000000000000000, -1.000000000000000000, 0.000000000000000000 ) ) ;
#4959 = FILL_AREA_STYLE ('',( #2884 ) ) ;
#4960 = CARTESIAN_POINT ( 'NONE',  ( 4.850000000000000533, 1.000000000000000000, 3.700000000000000178 ) ) ;
#4961 = EDGE_CURVE ( 'NONE', #1153, #4161, #4683, .T. ) ;
#4962 = SURFACE_SIDE_STYLE ('',( #5099 ) ) ;
#4963 = FILL_AREA_STYLE ('',( #5815 ) ) ;
#4964 = CARTESIAN_POINT ( 'NONE',  ( 4.850000000000000533, 0.000000000000000000, 1.500000000000000000 ) ) ;
#4965 =( NAMED_UNIT ( * ) PLANE_ANGLE_UNIT ( ) SI_UNIT ( $, .RADIAN. ) );
#4966 =( NAMED_UNIT ( * ) PLANE_ANGLE_UNIT ( ) SI_UNIT ( $, .RADIAN. ) );
#4967 = UNCERTAINTY_MEASURE_WITH_UNIT (LENGTH_MEASURE( 1.000000000000000082E-05 ), #4088, 'distance_accuracy_value', 'NONE');
#4968 = CARTESIAN_POINT ( 'NONE',  ( 4.850000000000000533, 0.000000000000000000, -1.500000000000000000 ) ) ;
#4969 = EDGE_CURVE ( 'NONE', #5856, #4747, #4118, .T. ) ;
#4970 = PLANE ( 'NONE',  #5282 ) ;
#4971 = AXIS2_PLACEMENT_3D ( 'NONE', #3644, #2907, #794 ) ;
#4972 = PRESENTATION_STYLE_ASSIGNMENT (( #4235 ) ) ;
#4973 = COLOUR_RGB ( '',1.000000000000000000, 0.8117647058823529438, 0.5019607843137254832 ) ;
#4974 =( NAMED_UNIT ( * ) SI_UNIT ( $, .STERADIAN. ) SOLID_ANGLE_UNIT ( ) );
#4975 = ORIENTED_EDGE ( 'NONE', *, *, #3782, .F. ) ;
#4976 = ORIENTED_EDGE ( 'NONE', *, *, #6634, .T. ) ;
#4977 = VECTOR ( 'NONE', #3640, 1000.000000000000000 ) ;
#4978 = DIRECTION ( 'NONE',  ( 0.000000000000000000, 0.000000000000000000, -1.000000000000000000 ) ) ;
#4979 = COLOUR_RGB ( '',0.5372549019607842924, 0.6235294117647058876, 0.000000000000000000 ) ;
#4980 = DIRECTION ( 'NONE',  ( -1.000000000000000000, 0.000000000000000000, 0.000000000000000000 ) ) ;
#4981 = COLOUR_RGB ( '',1.000000000000000000, 0.8117647058823529438, 0.5019607843137254832 ) ;
#4982 = DIRECTION ( 'NONE',  ( 0.000000000000000000, -1.000000000000000000, 0.000000000000000000 ) ) ;
#4983 = VERTEX_POINT ( 'NONE', #7768 ) ;
#4984 = EDGE_CURVE ( 'NONE', #5316, #8297, #6401, .T. ) ;
#4985 = PRESENTATION_LAYER_ASSIGNMENT (  '', '', ( #242 ) ) ;
#4986 =( NAMED_UNIT ( * ) SI_UNIT ( $, .STERADIAN. ) SOLID_ANGLE_UNIT ( ) );
#4987 = CARTESIAN_POINT ( 'NONE',  ( 1.734723475976809855E-15, 0.9799999999999999822, -8.673617379884039416E-16 ) ) ;
#4988 = FILL_AREA_STYLE_COLOUR ( '', #1874 ) ;
#4989 =( GEOMETRIC_REPRESENTATION_CONTEXT ( 3 ) GLOBAL_UNCERTAINTY_ASSIGNED_CONTEXT ( ( #4780 ) ) GLOBAL_UNIT_ASSIGNED_CONTEXT ( ( #7874, #2024, #5603 ) ) REPRESENTATION_CONTEXT ( 'NONE', 'WORKASPACE' ) );
#4990 = CARTESIAN_POINT ( 'NONE',  ( 4.850000000000000533, 0.9799999999999999822, 5.049999999999999822 ) ) ;
#4991 = VECTOR ( 'NONE', #5331, 1000.000000000000000 ) ;
#4992 = FACE_OUTER_BOUND ( 'NONE', #8557, .T. ) ;
#4993 = STYLED_ITEM ( 'NONE', ( #6464 ), #8727 ) ;
#4994 = LINE ( 'NONE', #3528, #505 ) ;
#4995 = DIRECTION ( 'NONE',  ( 1.000000000000000000, 0.000000000000000000, 0.000000000000000000 ) ) ;
#4996 = FILL_AREA_STYLE_COLOUR ( '', #5843 ) ;
#4997 = VERTEX_POINT ( 'NONE', #5008 ) ;
#4998 = VECTOR ( 'NONE', #9252, 1000.000000000000000 ) ;
#4999 = ADVANCED_FACE ( 'NONE', ( #4269 ), #7156, .T. ) ;
#5000 = PRESENTATION_LAYER_ASSIGNMENT (  '', '', ( #4547 ) ) ;
#5001 = EDGE_CURVE ( 'NONE', #88, #4429, #8354, .T. ) ;
#5002 = ORIENTED_EDGE ( 'NONE', *, *, #4936, .T. ) ;
#5003 = VERTEX_POINT ( 'NONE', #5050 ) ;
#5004 = VECTOR ( 'NONE', #2302, 1000.000000000000000 ) ;
#5005 =( GEOMETRIC_REPRESENTATION_CONTEXT ( 3 ) GLOBAL_UNCERTAINTY_ASSIGNED_CONTEXT ( ( #5136 ) ) GLOBAL_UNIT_ASSIGNED_CONTEXT ( ( #4885, #1813, #370 ) ) REPRESENTATION_CONTEXT ( 'NONE', 'WORKASPACE' ) );
#5006 = DIRECTION ( 'NONE',  ( 0.000000000000000000, -1.000000000000000000, 0.000000000000000000 ) ) ;
#5007 = DIRECTION ( 'NONE',  ( 0.000000000000000000, 0.000000000000000000, -1.000000000000000000 ) ) ;
#5008 = CARTESIAN_POINT ( 'NONE',  ( 3.950000000000000178, 0.02000000000000000042, -1.800000000000000044 ) ) ;
#5009 = COLOUR_RGB ( '',1.000000000000000000, 0.8117647058823529438, 0.5019607843137254832 ) ;
#5010 = AXIS2_PLACEMENT_3D ( 'NONE', #716, #8078, #3743 ) ;
#5011 = LINE ( 'NONE', #2889, #3950 ) ;
#5012 = CARTESIAN_POINT ( 'NONE',  ( -4.850000000000000533, 0.000000000000000000, -5.049999999999999822 ) ) ;
#5013 = DIRECTION ( 'NONE',  ( 0.000000000000000000, -1.000000000000000000, 0.000000000000000000 ) ) ;
#5014 =( LENGTH_UNIT ( ) NAMED_UNIT ( * ) SI_UNIT ( .MILLI., .METRE. ) );
#5015 = EDGE_CURVE ( 'NONE', #5133, #5406, #1560, .T. ) ;
#5016 = LINE ( 'NONE', #3361, #6669 ) ;
#5017 =( NAMED_UNIT ( * ) SI_UNIT ( $, .STERADIAN. ) SOLID_ANGLE_UNIT ( ) );
#5018 = UNCERTAINTY_MEASURE_WITH_UNIT (LENGTH_MEASURE( 1.000000000000000082E-05 ), #7436, 'distance_accuracy_value', 'NONE');
#5019 = CARTESIAN_POINT ( 'NONE',  ( 4.599999999999999645, 0.9799999999999999822, -6.331740687315349681E-14 ) ) ;
#5020 = CARTESIAN_POINT ( 'NONE',  ( 4.850000000000000533, 0.000000000000000000, -5.049999999999999822 ) ) ;
#5021 = ORIENTED_EDGE ( 'NONE', *, *, #2680, .F. ) ;
#5022 = PLANE ( 'NONE',  #1493 ) ;
#5023 = CYLINDRICAL_SURFACE ( 'NONE', #5912, 0.2999999999999999334 ) ;
#5024 = ORIENTED_EDGE ( 'NONE', *, *, #7280, .F. ) ;
#5025 = COLOUR_RGB ( '',1.000000000000000000, 0.8117647058823529438, 0.5019607843137254832 ) ;
#5026 = EDGE_CURVE ( 'NONE', #4579, #1474, #21, .T. ) ;
#5027 = ORIENTED_EDGE ( 'NONE', *, *, #3799, .T. ) ;
#5028 = ORIENTED_EDGE ( 'NONE', *, *, #2188, .F. ) ;
#5029 = DIRECTION ( 'NONE',  ( 0.000000000000000000, 0.000000000000000000, 1.000000000000000000 ) ) ;
#5030 = PRESENTATION_LAYER_ASSIGNMENT (  '', '', ( #1988 ) ) ;
#5031 = PRESENTATION_STYLE_ASSIGNMENT (( #4631 ) ) ;
#5032 = CARTESIAN_POINT ( 'NONE',  ( -4.850000000000000533, 0.000000000000000000, -5.049999999999999822 ) ) ;
#5033 = ORIENTED_EDGE ( 'NONE', *, *, #2319, .T. ) ;
#5034 = AXIS2_PLACEMENT_3D ( 'NONE', #2757, #8590, #4917 ) ;
#5035 = CARTESIAN_POINT ( 'NONE',  ( 4.850000000000000533, 1.000000000000000000, -0.4000000000000820122 ) ) ;
#5036 = SURFACE_STYLE_USAGE ( .BOTH. , #6431 ) ;
#5037 = CARTESIAN_POINT ( 'NONE',  ( 4.850000000000000533, 0.000000000000000000, 0.3999999999998999911 ) ) ;
#5038 =( NAMED_UNIT ( * ) SI_UNIT ( $, .STERADIAN. ) SOLID_ANGLE_UNIT ( ) );
#5039 = LINE ( 'NONE', #1394, #804 ) ;
#5040 = DIRECTION ( 'NONE',  ( 0.000000000000000000, -1.000000000000000000, 0.000000000000000000 ) ) ;
#5041 = SURFACE_STYLE_FILL_AREA ( #8574 ) ;
#5042 = SURFACE_STYLE_FILL_AREA ( #6574 ) ;
#5043 = ORIENTED_EDGE ( 'NONE', *, *, #84, .T. ) ;
#5044 = ORIENTED_EDGE ( 'NONE', *, *, #4947, .T. ) ;
#5045 = ORIENTED_EDGE ( 'NONE', *, *, #4715, .T. ) ;
#5046 = SURFACE_SIDE_STYLE ('',( #5093 ) ) ;
#5047 = DIRECTION ( 'NONE',  ( 0.000000000000000000, -1.000000000000000000, 0.000000000000000000 ) ) ;
#5048 = CARTESIAN_POINT ( 'NONE',  ( -4.850000000000000533, 0.000000000000000000, -1.500000000000000000 ) ) ;
#5049 = CARTESIAN_POINT ( 'NONE',  ( 4.120000000000000107, 1.050000000000000044, -4.440000000000000391 ) ) ;
#5050 = CARTESIAN_POINT ( 'NONE',  ( 4.850000000000000533, 0.000000000000000000, 0.3999999999998999911 ) ) ;
#5051 = DIRECTION ( 'NONE',  ( -1.000000000000000000, 0.000000000000000000, 0.000000000000000000 ) ) ;
#5052 = EDGE_CURVE ( 'NONE', #6881, #9353, #4494, .T. ) ;
#5053 = EDGE_CURVE ( 'NONE', #5396, #6437, #7949, .T. ) ;
#5054 = DIRECTION ( 'NONE',  ( 0.000000000000000000, -1.000000000000000000, 0.000000000000000000 ) ) ;
#5055 =( NAMED_UNIT ( * ) SI_UNIT ( $, .STERADIAN. ) SOLID_ANGLE_UNIT ( ) );
#5056 = DIRECTION ( 'NONE',  ( 1.000000000000000000, 0.000000000000000000, 0.000000000000000000 ) ) ;
#5057 = ORIENTED_EDGE ( 'NONE', *, *, #6731, .T. ) ;
#5058 =( NAMED_UNIT ( * ) PLANE_ANGLE_UNIT ( ) SI_UNIT ( $, .RADIAN. ) );
#5059 = CARTESIAN_POINT ( 'NONE',  ( 1.734723475976809855E-15, 0.02000000000000000042, -3.700000000000000178 ) ) ;
#5060 = SURFACE_STYLE_FILL_AREA ( #6749 ) ;
#5061 = DIRECTION ( 'NONE',  ( 0.000000000000000000, 0.000000000000000000, 1.000000000000000000 ) ) ;
#5062 = CARTESIAN_POINT ( 'NONE',  ( 4.850000000000000533, 0.02000000000000000042, -3.700000000000000178 ) ) ;
#5063 = ADVANCED_FACE ( 'NONE', ( #774 ), #7242, .F. ) ;
#5064 = CARTESIAN_POINT ( 'NONE',  ( 4.850000000000000533, 0.02000000000000000042, -3.299999999999999822 ) ) ;
#5065 = EDGE_CURVE ( 'NONE', #3666, #5674, #3602, .T. ) ;
#5066 = CARTESIAN_POINT ( 'NONE',  ( 4.120000000000000107, 1.050000000000000044, 4.440000000000000391 ) ) ;
#5067 = CARTESIAN_POINT ( 'NONE',  ( 4.850000000000000533, 0.9799999999999999822, -1.949999999999999956 ) ) ;
#5068 = ORIENTED_EDGE ( 'NONE', *, *, #8562, .T. ) ;
#5069 = VERTEX_POINT ( 'NONE', #9264 ) ;
#5070 = DIRECTION ( 'NONE',  ( -0.000000000000000000, 1.000000000000000000, 0.000000000000000000 ) ) ;
#5071 = STYLED_ITEM ( 'NONE', ( #4413 ), #3834 ) ;
#5072 = PRESENTATION_STYLE_ASSIGNMENT (( #8697 ) ) ;
#5073 = CIRCLE ( 'NONE', #7810, 0.4000000000000001887 ) ;
#5074 = EDGE_CURVE ( 'NONE', #2281, #7943, #1333, .T. ) ;
#5075 = CARTESIAN_POINT ( 'NONE',  ( 3.950000000000000178, 0.000000000000000000, 2.600000000000000089 ) ) ;
#5076 = FILL_AREA_STYLE ('',( #3003 ) ) ;
#5077 = EDGE_LOOP ( 'NONE', ( #4812, #7248, #4809, #5630 ) ) ;
#5078 = CARTESIAN_POINT ( 'NONE',  ( -4.850000000000000533, 1.000000000000000000, -6.331740687315349681E-14 ) ) ;
#5079 = ORIENTED_EDGE ( 'NONE', *, *, #111, .F. ) ;
#5080 = STYLED_ITEM ( 'NONE', ( #8850 ), #4141 ) ;
#5081 = ORIENTED_EDGE ( 'NONE', *, *, #6802, .T. ) ;
#5082 =( LENGTH_UNIT ( ) NAMED_UNIT ( * ) SI_UNIT ( .MILLI., .METRE. ) );
#5083 =( NAMED_UNIT ( * ) SI_UNIT ( $, .STERADIAN. ) SOLID_ANGLE_UNIT ( ) );
#5084 = CARTESIAN_POINT ( 'NONE',  ( 4.599999999999999645, 0.9799999999999999822, -1.100000000000000089 ) ) ;
#5085 = PLANE ( 'NONE',  #8489 ) ;
#5086 = EDGE_CURVE ( 'NONE', #2881, #4511, #8529, .T. ) ;
#5087 = CIRCLE ( 'NONE', #5700, 0.4000000000000001887 ) ;
#5088 = VECTOR ( 'NONE', #4002, 1000.000000000000000 ) ;
#5089 = LINE ( 'NONE', #116, #7816 ) ;
#5090 = CARTESIAN_POINT ( 'NONE',  ( 1.734723475976809855E-15, 0.000000000000000000, -4.000000000000000000 ) ) ;
#5091 = PRESENTATION_LAYER_ASSIGNMENT (  '', '', ( #2984 ) ) ;
#5092 = ORIENTED_EDGE ( 'NONE', *, *, #8608, .F. ) ;
#5093 = SURFACE_STYLE_FILL_AREA ( #16 ) ;
#5094 =( GEOMETRIC_REPRESENTATION_CONTEXT ( 3 ) GLOBAL_UNCERTAINTY_ASSIGNED_CONTEXT ( ( #7745 ) ) GLOBAL_UNIT_ASSIGNED_CONTEXT ( ( #6315, #2770, #2809 ) ) REPRESENTATION_CONTEXT ( 'NONE', 'WORKASPACE' ) );
#5095 = SURFACE_STYLE_FILL_AREA ( #8843 ) ;
#5096 = DIRECTION ( 'NONE',  ( -1.000000000000000000, 0.000000000000000000, 0.000000000000000000 ) ) ;
#5097 =( NAMED_UNIT ( * ) PLANE_ANGLE_UNIT ( ) SI_UNIT ( $, .RADIAN. ) );
#5098 = FILL_AREA_STYLE_COLOUR ( '', #8666 ) ;
#5099 = SURFACE_STYLE_FILL_AREA ( #8761 ) ;
#5100 = SURFACE_STYLE_FILL_AREA ( #2144 ) ;
#5101 = ORIENTED_EDGE ( 'NONE', *, *, #5522, .F. ) ;
#5102 = PRESENTATION_LAYER_ASSIGNMENT (  '', '', ( #3133 ) ) ;
#5103 = SURFACE_STYLE_USAGE ( .BOTH. , #7199 ) ;
#5104 = CARTESIAN_POINT ( 'NONE',  ( 4.850000000000000533, 0.000000000000000000, 3.299999999999999822 ) ) ;
#5105 = ADVANCED_FACE ( 'NONE', ( #4855 ), #7752, .F. ) ;
#5106 = PLANE ( 'NONE',  #6745 ) ;
#5107 = DIRECTION ( 'NONE',  ( 0.000000000000000000, -1.000000000000000000, 0.000000000000000000 ) ) ;
#5108 = ADVANCED_BREP_SHAPE_REPRESENTATION ( 'MAX-M10N-00B', ( #6009, #2829, #6158, #7569 ), #79 ) ;
#5109 =( LENGTH_UNIT ( ) NAMED_UNIT ( * ) SI_UNIT ( .MILLI., .METRE. ) );
#5110 = DIRECTION ( 'NONE',  ( 0.000000000000000000, 0.000000000000000000, -1.000000000000000000 ) ) ;
#5111 = ORIENTED_EDGE ( 'NONE', *, *, #8014, .F. ) ;
#5112 = PLANE ( 'NONE',  #1052 ) ;
#5113 = PLANE ( 'NONE',  #1144 ) ;
#5114 = ADVANCED_FACE ( 'NONE', ( #105 ), #7400, .T. ) ;
#5115 = ORIENTED_EDGE ( 'NONE', *, *, #6033, .T. ) ;
#5116 = EDGE_CURVE ( 'NONE', #2124, #3974, #5830, .T. ) ;
#5117 = ORIENTED_EDGE ( 'NONE', *, *, #8726, .F. ) ;
#5118 = PRESENTATION_STYLE_ASSIGNMENT (( #3113 ) ) ;
#5119 = DIRECTION ( 'NONE',  ( -1.000000000000000000, 0.000000000000000000, 0.000000000000000000 ) ) ;
#5120 = FACE_OUTER_BOUND ( 'NONE', #304, .T. ) ;
#5121 = VECTOR ( 'NONE', #5056, 1000.000000000000000 ) ;
#5122 = SURFACE_STYLE_USAGE ( .BOTH. , #1535 ) ;
#5123 = CARTESIAN_POINT ( 'NONE',  ( 4.850000000000000533, 0.02000000000000000042, -2.600000000000000089 ) ) ;
#5124 = CARTESIAN_POINT ( 'NONE',  ( 4.850000000000000533, 0.000000000000000000, -2.899999999999999911 ) ) ;
#5125 = AXIS2_PLACEMENT_3D ( 'NONE', #1926, #7651, #4800 ) ;
#5126 = VERTEX_POINT ( 'NONE', #9443 ) ;
#5127 = ORIENTED_EDGE ( 'NONE', *, *, #1126, .F. ) ;
#5128 = CARTESIAN_POINT ( 'NONE',  ( 4.850000000000000533, 0.000000000000000000, 4.649999999999999467 ) ) ;
#5129 = ORIENTED_EDGE ( 'NONE', *, *, #6643, .F. ) ;
#5130 = STYLED_ITEM ( 'NONE', ( #6963 ), #190 ) ;
#5131 = ORIENTED_EDGE ( 'NONE', *, *, #3013, .T. ) ;
#5132 = ADVANCED_FACE ( 'NONE', ( #7388 ), #5113, .T. ) ;
#5133 = VERTEX_POINT ( 'NONE', #7539 ) ;
#5134 = STYLED_ITEM ( 'NONE', ( #399 ), #8236 ) ;
#5135 = CARTESIAN_POINT ( 'NONE',  ( -4.850000000000000533, 0.000000000000000000, -3.700000000000000178 ) ) ;
#5136 = UNCERTAINTY_MEASURE_WITH_UNIT (LENGTH_MEASURE( 1.000000000000000082E-05 ), #4885, 'distance_accuracy_value', 'NONE');
#5137 = CIRCLE ( 'NONE', #3611, 0.2500000000000002220 ) ;
#5138 = DIRECTION ( 'NONE',  ( -1.000000000000000000, 0.000000000000000000, 0.000000000000000000 ) ) ;
#5139 = DIRECTION ( 'NONE',  ( 0.000000000000000000, 1.000000000000000000, 0.000000000000000000 ) ) ;
#5140 = CARTESIAN_POINT ( 'NONE',  ( -4.120000000000000107, 0.000000000000000000, 4.590000000000000746 ) ) ;
#5141 = CIRCLE ( 'NONE', #7122, 0.4000000000000001887 ) ;
#5142 = DIRECTION ( 'NONE',  ( 0.000000000000000000, 0.000000000000000000, -1.000000000000000000 ) ) ;
#5143 = VERTEX_POINT ( 'NONE', #1809 ) ;
#5144 = PRODUCT_DEFINITION_FORMATION_WITH_SPECIFIED_SOURCE ( 'ANY', '', #63, .NOT_KNOWN. ) ;
#5145 = EDGE_CURVE ( 'NONE', #2398, #3699, #3771, .T. ) ;
#5146 = ORIENTED_EDGE ( 'NONE', *, *, #6635, .F. ) ;
#5147 = ORIENTED_EDGE ( 'NONE', *, *, #1485, .F. ) ;
#5148 = LINE ( 'NONE', #5198, #9342 ) ;
#5149 = CARTESIAN_POINT ( 'NONE',  ( -4.850000000000000533, 0.000000000000000000, 1.350000000000000089 ) ) ;
#5150 = CARTESIAN_POINT ( 'NONE',  ( 4.850000000000000533, 0.9799999999999999822, 3.299999999999999822 ) ) ;
#5151 = LINE ( 'NONE', #7241, #7648 ) ;
#5152 = PRESENTATION_STYLE_ASSIGNMENT (( #4453 ) ) ;
#5153 = CIRCLE ( 'NONE', #6518, 0.2500000000000002220 ) ;
#5154 = PRESENTATION_STYLE_ASSIGNMENT (( #7335 ) ) ;
#5155 = CARTESIAN_POINT ( 'NONE',  ( 4.419999999999999929, 0.000000000000000000, 4.290000000000000036 ) ) ;
#5156 = PLANE ( 'NONE',  #373 ) ;
#5157 = STYLED_ITEM ( 'NONE', ( #6783 ), #5549 ) ;
#5158 = VERTEX_POINT ( 'NONE', #8676 ) ;
#5159 = MECHANICAL_DESIGN_GEOMETRIC_PRESENTATION_REPRESENTATION (  '', ( #4547 ), #7583 ) ;
#5160 = AXIS2_PLACEMENT_3D ( 'NONE', #8156, #3786, #4597 ) ;
#5161 = VECTOR ( 'NONE', #1709, 1000.000000000000000 ) ;
#5162 = ORIENTED_EDGE ( 'NONE', *, *, #6111, .T. ) ;
#5163 = CARTESIAN_POINT ( 'NONE',  ( 4.850000000000000533, 0.000000000000000000, 5.049999999999999822 ) ) ;
#5164 = AXIS2_PLACEMENT_3D ( 'NONE', #2068, #608, #6420 ) ;
#5165 = SURFACE_STYLE_FILL_AREA ( #8768 ) ;
#5166 = STYLED_ITEM ( 'NONE', ( #9293 ), #9029 ) ;
#5167 = FACE_OUTER_BOUND ( 'NONE', #2393, .T. ) ;
#5168 = PRESENTATION_STYLE_ASSIGNMENT (( #5827 ) ) ;
#5169 = VERTEX_POINT ( 'NONE', #3667 ) ;
#5170 = STYLED_ITEM ( 'NONE', ( #6418 ), #5939 ) ;
#5171 = SURFACE_STYLE_USAGE ( .BOTH. , #2249 ) ;
#5172 = DIRECTION ( 'NONE',  ( 1.000000000000000000, 0.000000000000000000, 0.000000000000000000 ) ) ;
#5173 =( GEOMETRIC_REPRESENTATION_CONTEXT ( 3 ) GLOBAL_UNCERTAINTY_ASSIGNED_CONTEXT ( ( #5970 ) ) GLOBAL_UNIT_ASSIGNED_CONTEXT ( ( #1368, #5681, #6444 ) ) REPRESENTATION_CONTEXT ( 'NONE', 'WORKASPACE' ) );
#5174 = VERTEX_POINT ( 'NONE', #2230 ) ;
#5175 = CARTESIAN_POINT ( 'NONE',  ( 1.734723475976809855E-15, 0.9799999999999999822, -8.673617379884039416E-16 ) ) ;
#5176 = ORIENTED_EDGE ( 'NONE', *, *, #6348, .F. ) ;
#5177 = CARTESIAN_POINT ( 'NONE',  ( 3.950000000000000178, 0.000000000000000000, 4.799999999999999822 ) ) ;
#5178 =( GEOMETRIC_REPRESENTATION_CONTEXT ( 3 ) GLOBAL_UNCERTAINTY_ASSIGNED_CONTEXT ( ( #8414 ) ) GLOBAL_UNIT_ASSIGNED_CONTEXT ( ( #781, #832, #685 ) ) REPRESENTATION_CONTEXT ( 'NONE', 'WORKASPACE' ) );
#5179 = DIRECTION ( 'NONE',  ( -0.000000000000000000, 1.000000000000000000, 0.000000000000000000 ) ) ;
#5180 = ORIENTED_EDGE ( 'NONE', *, *, #7178, .F. ) ;
#5181 = EDGE_CURVE ( 'NONE', #4048, #2467, #4265, .T. ) ;
#5182 = EDGE_CURVE ( 'NONE', #3451, #5126, #1455, .T. ) ;
#5183 = PRESENTATION_STYLE_ASSIGNMENT (( #2259 ) ) ;
#5184 = ORIENTED_EDGE ( 'NONE', *, *, #7613, .T. ) ;
#5185 = VERTEX_POINT ( 'NONE', #8048 ) ;
#5186 = ORIENTED_EDGE ( 'NONE', *, *, #5653, .T. ) ;
#5187 =( GEOMETRIC_REPRESENTATION_CONTEXT ( 3 ) GLOBAL_UNCERTAINTY_ASSIGNED_CONTEXT ( ( #8350 ) ) GLOBAL_UNIT_ASSIGNED_CONTEXT ( ( #6973, #1715, #3932 ) ) REPRESENTATION_CONTEXT ( 'NONE', 'WORKASPACE' ) );
#5188 = ORIENTED_EDGE ( 'NONE', *, *, #6371, .T. ) ;
#5189 = DIRECTION ( 'NONE',  ( 0.000000000000000000, 0.000000000000000000, -1.000000000000000000 ) ) ;
#5190 = CARTESIAN_POINT ( 'NONE',  ( -4.850000000000000533, 0.000000000000000000, 1.500000000000000000 ) ) ;
#5191 = EDGE_CURVE ( 'NONE', #6172, #3184, #1002, .T. ) ;
#5192 = CARTESIAN_POINT ( 'NONE',  ( -4.850000000000000533, 1.000000000000000000, 1.100000000000000089 ) ) ;
#5193 = FILL_AREA_STYLE_COLOUR ( '', #4973 ) ;
#5194 = CIRCLE ( 'NONE', #7767, 0.2500000000000002220 ) ;
#5195 = SURFACE_STYLE_USAGE ( .BOTH. , #8926 ) ;
#5196 = CARTESIAN_POINT ( 'NONE',  ( -4.850000000000000533, 0.9799999999999999822, -2.200000000000000178 ) ) ;
#5197 = EDGE_LOOP ( 'NONE', ( #5721, #3414, #9055, #4247 ) ) ;
#5198 = CARTESIAN_POINT ( 'NONE',  ( 4.599999999999999645, 0.000000000000000000, -6.331740687315349681E-14 ) ) ;
#5199 = CARTESIAN_POINT ( 'NONE',  ( 4.850000000000000533, 0.000000000000000000, 3.050000000000000266 ) ) ;
#5200 = UNCERTAINTY_MEASURE_WITH_UNIT (LENGTH_MEASURE( 1.000000000000000082E-05 ), #630, 'distance_accuracy_value', 'NONE');
#5201 = LINE ( 'NONE', #9426, #3760 ) ;
#5202 =( LENGTH_UNIT ( ) NAMED_UNIT ( * ) SI_UNIT ( .MILLI., .METRE. ) );
#5203 = DIRECTION ( 'NONE',  ( 0.000000000000000000, 1.000000000000000000, 0.000000000000000000 ) ) ;
#5204 = EDGE_CURVE ( 'NONE', #2418, #8200, #2241, .T. ) ;
#5205 =( LENGTH_UNIT ( ) NAMED_UNIT ( * ) SI_UNIT ( .MILLI., .METRE. ) );
#5206 = PLANE ( 'NONE',  #3875 ) ;
#5207 = CARTESIAN_POINT ( 'NONE',  ( -4.850000000000000533, 1.000000000000000000, 4.400000000000000355 ) ) ;
#5208 = ORIENTED_EDGE ( 'NONE', *, *, #5511, .F. ) ;
#5209 = PLANE ( 'NONE',  #7814 ) ;
#5210 = PRESENTATION_STYLE_ASSIGNMENT (( #8062 ) ) ;
#5211 = CYLINDRICAL_SURFACE ( 'NONE', #8514, 0.1499999999999999667 ) ;
#5212 = DIRECTION ( 'NONE',  ( 0.000000000000000000, 0.000000000000000000, -1.000000000000000000 ) ) ;
#5213 = VERTEX_POINT ( 'NONE', #1643 ) ;
#5214 = CARTESIAN_POINT ( 'NONE',  ( -4.850000000000000533, 0.02000000000000000042, -5.049999999999999822 ) ) ;
#5215 = ORIENTED_EDGE ( 'NONE', *, *, #4373, .T. ) ;
#5216 = LINE ( 'NONE', #8111, #2893 ) ;
#5217 = DIRECTION ( 'NONE',  ( 0.000000000000000000, -1.000000000000000000, 0.000000000000000000 ) ) ;
#5218 = CIRCLE ( 'NONE', #6443, 0.1457007568691540689 ) ;
#5219 = LINE ( 'NONE', #1623, #6217 ) ;
#5220 =( LENGTH_UNIT ( ) NAMED_UNIT ( * ) SI_UNIT ( .MILLI., .METRE. ) );
#5221 = ORIENTED_EDGE ( 'NONE', *, *, #3444, .T. ) ;
#5222 = LINE ( 'NONE', #8029, #3060 ) ;
#5223 = ORIENTED_EDGE ( 'NONE', *, *, #5257, .F. ) ;
#5224 =( NAMED_UNIT ( * ) SI_UNIT ( $, .STERADIAN. ) SOLID_ANGLE_UNIT ( ) );
#5225 = UNCERTAINTY_MEASURE_WITH_UNIT (LENGTH_MEASURE( 1.000000000000000082E-05 ), #6560, 'distance_accuracy_value', 'NONE');
#5226 = ORIENTED_EDGE ( 'NONE', *, *, #7914, .F. ) ;
#5227 = ADVANCED_FACE ( 'NONE', ( #8929 ), #1682, .F. ) ;
#5228 = ORIENTED_EDGE ( 'NONE', *, *, #3277, .T. ) ;
#5229 = CARTESIAN_POINT ( 'NONE',  ( 4.850000000000000533, 1.000000000000000000, -8.673617379884039416E-16 ) ) ;
#5230 = DIRECTION ( 'NONE',  ( 1.000000000000000000, 0.000000000000000000, 0.000000000000000000 ) ) ;
#5231 = CARTESIAN_POINT ( 'NONE',  ( 4.850000000000000533, 0.000000000000000000, 2.899999999999999911 ) ) ;
#5232 =( NAMED_UNIT ( * ) SI_UNIT ( $, .STERADIAN. ) SOLID_ANGLE_UNIT ( ) );
#5233 = VECTOR ( 'NONE', #1357, 1000.000000000000000 ) ;
#5234 = FILL_AREA_STYLE_COLOUR ( '', #7134 ) ;
#5235 = VECTOR ( 'NONE', #7799, 1000.000000000000000 ) ;
#5236 = VERTEX_POINT ( 'NONE', #1781 ) ;
#5237 = ADVANCED_FACE ( 'NONE', ( #4842 ), #3551, .T. ) ;
#5238 = ORIENTED_EDGE ( 'NONE', *, *, #2395, .F. ) ;
#5239 = EDGE_CURVE ( 'NONE', #7835, #2362, #7414, .T. ) ;
#5240 = PRESENTATION_LAYER_ASSIGNMENT (  '', '', ( #9329 ) ) ;
#5241 = DIRECTION ( 'NONE',  ( 0.000000000000000000, 1.000000000000000000, 0.000000000000000000 ) ) ;
#5242 =( NAMED_UNIT ( * ) PLANE_ANGLE_UNIT ( ) SI_UNIT ( $, .RADIAN. ) );
#5243 = MECHANICAL_DESIGN_GEOMETRIC_PRESENTATION_REPRESENTATION (  '', ( #4187 ), #336 ) ;
#5244 = PRESENTATION_STYLE_ASSIGNMENT (( #3759 ) ) ;
#5245 = DIRECTION ( 'NONE',  ( 0.000000000000000000, 0.000000000000000000, 1.000000000000000000 ) ) ;
#5246 =( LENGTH_UNIT ( ) NAMED_UNIT ( * ) SI_UNIT ( .MILLI., .METRE. ) );
#5247 = AXIS2_PLACEMENT_3D ( 'NONE', #4846, #8368, #4794 ) ;
#5248 = ADVANCED_FACE ( 'NONE', ( #7391 ), #7967, .F. ) ;
#5249 = CARTESIAN_POINT ( 'NONE',  ( 4.599999999999999645, 0.9799999999999999822, -4.400000000000000355 ) ) ;
#5250 = VECTOR ( 'NONE', #5335, 1000.000000000000000 ) ;
#5251 = MECHANICAL_DESIGN_GEOMETRIC_PRESENTATION_REPRESENTATION (  '', ( #3133 ), #1735 ) ;
#5252 = DIRECTION ( 'NONE',  ( -1.000000000000000000, 0.000000000000000000, 0.000000000000000000 ) ) ;
#5253 = ORIENTED_EDGE ( 'NONE', *, *, #9351, .T. ) ;
#5254 = DIRECTION ( 'NONE',  ( 0.000000000000000000, 0.000000000000000000, -1.000000000000000000 ) ) ;
#5255 = COLOUR_RGB ( '',0.5372549019607842924, 0.6235294117647058876, 0.000000000000000000 ) ;
#5256 = ORIENTED_EDGE ( 'NONE', *, *, #7970, .F. ) ;
#5257 = EDGE_CURVE ( 'NONE', #6176, #3522, #8300, .T. ) ;
#5258 = DIRECTION ( 'NONE',  ( -0.000000000000000000, 1.000000000000000000, 0.000000000000000000 ) ) ;
#5259 = EDGE_LOOP ( 'NONE', ( #1972, #8357, #4878, #4109, #4704, #5180 ) ) ;
#5260 = DIRECTION ( 'NONE',  ( 0.000000000000000000, 0.000000000000000000, 1.000000000000000000 ) ) ;
#5261 = FACE_OUTER_BOUND ( 'NONE', #791, .T. ) ;
#5262 = ORIENTED_EDGE ( 'NONE', *, *, #1453, .F. ) ;
#5263 = ORIENTED_EDGE ( 'NONE', *, *, #3440, .T. ) ;
#5264 = ORIENTED_EDGE ( 'NONE', *, *, #5889, .T. ) ;
#5265 = COLOUR_RGB ( '',0.5372549019607842924, 0.6235294117647058876, 0.000000000000000000 ) ;
#5266 =( LENGTH_UNIT ( ) NAMED_UNIT ( * ) SI_UNIT ( .MILLI., .METRE. ) );
#5267 = LINE ( 'NONE', #4520, #6467 ) ;
#5268 = PLANE ( 'NONE',  #7273 ) ;
#5269 = MECHANICAL_DESIGN_GEOMETRIC_PRESENTATION_REPRESENTATION (  '', ( #4380 ), #2867 ) ;
#5270 = DIRECTION ( 'NONE',  ( 0.000000000000000000, 0.000000000000000000, -1.000000000000000000 ) ) ;
#5271 = CARTESIAN_POINT ( 'NONE',  ( 3.950000000000000178, 0.000000000000000000, -8.673617379884039416E-16 ) ) ;
#5272 = EDGE_CURVE ( 'NONE', #3961, #5995, #102, .T. ) ;
#5273 = CLOSED_SHELL ( 'NONE', ( #2381, #7738, #6820, #3221, #6282, #7718, #7024, #7788, #5927, #8621, #1078, #7645, #3231, #1604, #4833, #6698, #7210, #7812, #3884, #9063, #6576, #5818, #5765, #8041, #5716, #595, #1666, #1142, #7466, #8554, #2156, #4072, #5928, #5878, #651, #3834, #4999, #2819, #299, #1923, #4454, #1830, #1068, #5105, #7443, #7497, #8925, #1901, #6231, #7523, #5132, #5828, #173, #5063, #4764, #8556, #5776, #1117, #3053, #4141, #9029, #5869, #885, #7552, #4667, #6871, #5227, #8727, #3517, #1486, #5114, #4892, #9407, #5703, #3612, #2329, #8236, #4166, #7316, #4459, #1431, #6833, #5939, #5840, #3082, #1730, #868, #1239, #3562, #6110, #6173, #1334, #264, #150, #1387, #7959, #288, #8400, #1183, #190, #2648, #4538, #8430, #6975, #5992, #4593, #8967, #1803, #958, #570, #5237, #2452, #5652, #6468, #8764, #2927, #9236, #3847, #6232, #4528, #5980, #5951, #4331, #7483, #4033, #8260, #6742, #2877, #6962, #6413, #487, #4949, #2681, #4828, #6256, #83, #7778, #968, #1502, #7682, #9338, #2696, #6412, #4098, #4225, #9198, #1770, #8941, #2439, #8304, #1678, #8071, #5549, #657, #1665, #6810, #2030, #2098, #6688, #2055, #1029, #5248, #8825, #6741, #8345, #6181, #1743, #1787 ) ) ;
#5274 = VERTEX_POINT ( 'NONE', #8203 ) ;
#5275 = PLANE ( 'NONE',  #4135 ) ;
#5276 = STYLED_ITEM ( 'NONE', ( #4898 ), #8041 ) ;
#5277 = VERTEX_POINT ( 'NONE', #1811 ) ;
#5278 = SURFACE_STYLE_USAGE ( .BOTH. , #9082 ) ;
#5279 = FILL_AREA_STYLE_COLOUR ( '', #6469 ) ;
#5280 = DIRECTION ( 'NONE',  ( 0.000000000000000000, -1.000000000000000000, 0.000000000000000000 ) ) ;
#5281 = DIRECTION ( 'NONE',  ( 0.000000000000000000, 1.000000000000000000, 0.000000000000000000 ) ) ;
#5282 = AXIS2_PLACEMENT_3D ( 'NONE', #8689, #4886, #7868 ) ;
#5283 = CARTESIAN_POINT ( 'NONE',  ( -4.100000000000000533, 2.299999999999999822, -3.850000000000000089 ) ) ;
#5284 = VECTOR ( 'NONE', #3341, 1000.000000000000000 ) ;
#5285 = CARTESIAN_POINT ( 'NONE',  ( 4.850000000000000533, 1.000000000000000000, -1.100000000000000089 ) ) ;
#5286 = PRESENTATION_STYLE_ASSIGNMENT (( #2983 ) ) ;
#5287 = EDGE_CURVE ( 'NONE', #4160, #3712, #987, .T. ) ;
#5288 = DIRECTION ( 'NONE',  ( 1.000000000000000000, 0.000000000000000000, 0.000000000000000000 ) ) ;
#5289 = EDGE_CURVE ( 'NONE', #3184, #1620, #7487, .T. ) ;
#5290 = PRESENTATION_LAYER_ASSIGNMENT (  '', '', ( #6816 ) ) ;
#5291 = EDGE_LOOP ( 'NONE', ( #6735, #2431, #9421, #4884 ) ) ;
#5292 = VECTOR ( 'NONE', #1980, 1000.000000000000000 ) ;
#5293 = CARTESIAN_POINT ( 'NONE',  ( 4.850000000000000533, 0.000000000000000000, -4.000000000000000000 ) ) ;
#5294 = DIRECTION ( 'NONE',  ( 0.000000000000000000, -1.000000000000000000, 0.000000000000000000 ) ) ;
#5295 = DIRECTION ( 'NONE',  ( 1.000000000000000000, 0.000000000000000000, 0.000000000000000000 ) ) ;
#5296 = DIRECTION ( 'NONE',  ( 0.000000000000000000, 1.000000000000000000, 0.000000000000000000 ) ) ;
#5297 = VECTOR ( 'NONE', #7804, 1000.000000000000000 ) ;
#5298 = DIRECTION ( 'NONE',  ( -1.000000000000000000, 0.000000000000000000, 0.000000000000000000 ) ) ;
#5299 = EDGE_CURVE ( 'NONE', #5445, #3189, #938, .T. ) ;
#5300 = ORIENTED_EDGE ( 'NONE', *, *, #6305, .T. ) ;
#5301 = VERTEX_POINT ( 'NONE', #4740 ) ;
#5302 = CARTESIAN_POINT ( 'NONE',  ( 4.850000000000000533, 0.02000000000000000042, 2.200000000000000178 ) ) ;
#5303 = MECHANICAL_DESIGN_GEOMETRIC_PRESENTATION_REPRESENTATION (  '', ( #8661 ), #2116 ) ;
#5304 = CIRCLE ( 'NONE', #6835, 0.2500000000000002220 ) ;
#5305 = ORIENTED_EDGE ( 'NONE', *, *, #3212, .T. ) ;
#5306 = LINE ( 'NONE', #1583, #5613 ) ;
#5307 =( NAMED_UNIT ( * ) PLANE_ANGLE_UNIT ( ) SI_UNIT ( $, .RADIAN. ) );
#5308 =( NAMED_UNIT ( * ) SI_UNIT ( $, .STERADIAN. ) SOLID_ANGLE_UNIT ( ) );
#5309 = STYLED_ITEM ( 'NONE', ( #9114 ), #5927 ) ;
#5310 = FACE_OUTER_BOUND ( 'NONE', #2268, .T. ) ;
#5311 = CARTESIAN_POINT ( 'NONE',  ( 4.850000000000000533, 0.000000000000000000, 5.049999999999999822 ) ) ;
#5312 = EDGE_CURVE ( 'NONE', #1778, #2775, #318, .T. ) ;
#5313 = ORIENTED_EDGE ( 'NONE', *, *, #895, .F. ) ;
#5314 = VECTOR ( 'NONE', #5744, 1000.000000000000000 ) ;
#5315 = EDGE_LOOP ( 'NONE', ( #8695, #44, #423, #756 ) ) ;
#5316 = VERTEX_POINT ( 'NONE', #1085 ) ;
#5317 = ORIENTED_EDGE ( 'NONE', *, *, #3906, .F. ) ;
#5318 = DIRECTION ( 'NONE',  ( 0.000000000000000000, 0.000000000000000000, 1.000000000000000000 ) ) ;
#5319 = SURFACE_SIDE_STYLE ('',( #1000 ) ) ;
#5320 = DIRECTION ( 'NONE',  ( -1.000000000000000000, 0.000000000000000000, 0.000000000000000000 ) ) ;
#5321 = FILL_AREA_STYLE ('',( #3751 ) ) ;
#5322 = FACE_OUTER_BOUND ( 'NONE', #764, .T. ) ;
#5323 = ORIENTED_EDGE ( 'NONE', *, *, #3372, .T. ) ;
#5324 = ORIENTED_EDGE ( 'NONE', *, *, #8775, .T. ) ;
#5325 = CARTESIAN_POINT ( 'NONE',  ( -4.850000000000000533, 0.000000000000000000, -5.049999999999999822 ) ) ;
#5326 = ORIENTED_EDGE ( 'NONE', *, *, #6241, .F. ) ;
#5327 = LINE ( 'NONE', #4052, #6170 ) ;
#5328 = DIRECTION ( 'NONE',  ( 0.000000000000000000, -1.000000000000000000, 0.000000000000000000 ) ) ;
#5329 =( GEOMETRIC_REPRESENTATION_CONTEXT ( 3 ) GLOBAL_UNCERTAINTY_ASSIGNED_CONTEXT ( ( #7588 ) ) GLOBAL_UNIT_ASSIGNED_CONTEXT ( ( #1529, #2942, #8858 ) ) REPRESENTATION_CONTEXT ( 'NONE', 'WORKASPACE' ) );
#5330 = LINE ( 'NONE', #4007, #4377 ) ;
#5331 = DIRECTION ( 'NONE',  ( 0.000000000000000000, 1.000000000000000000, 0.000000000000000000 ) ) ;
#5332 = ORIENTED_EDGE ( 'NONE', *, *, #4969, .T. ) ;
#5333 = MECHANICAL_DESIGN_GEOMETRIC_PRESENTATION_REPRESENTATION (  '', ( #7313 ), #7626 ) ;
#5334 = ORIENTED_EDGE ( 'NONE', *, *, #8488, .F. ) ;
#5335 = DIRECTION ( 'NONE',  ( 0.000000000000000000, 0.000000000000000000, -1.000000000000000000 ) ) ;
#5336 = LINE ( 'NONE', #8238, #8424 ) ;
#5337 = CARTESIAN_POINT ( 'NONE',  ( -3.950000000000000178, 0.000000000000000000, 0.3999999999998999911 ) ) ;
#5338 = EDGE_CURVE ( 'NONE', #6229, #2167, #4028, .T. ) ;
#5339 = LINE ( 'NONE', #3217, #7803 ) ;
#5340 = DIRECTION ( 'NONE',  ( 0.000000000000000000, -1.000000000000000000, 0.000000000000000000 ) ) ;
#5341 = DIRECTION ( 'NONE',  ( 0.000000000000000000, 0.000000000000000000, -1.000000000000000000 ) ) ;
#5342 = DIRECTION ( 'NONE',  ( 0.000000000000000000, 0.000000000000000000, 1.000000000000000000 ) ) ;
#5343 = DIRECTION ( 'NONE',  ( 1.000000000000000000, 0.000000000000000000, 0.000000000000000000 ) ) ;
#5344 = STYLED_ITEM ( 'NONE', ( #7220 ), #1770 ) ;
#5345 = ORIENTED_EDGE ( 'NONE', *, *, #9061, .T. ) ;
#5346 = CARTESIAN_POINT ( 'NONE',  ( -4.450000000000000178, 0.9799999999999999822, -1.100000000000000089 ) ) ;
#5347 = EDGE_CURVE ( 'NONE', #4446, #3213, #229, .T. ) ;
#5348 = ADVANCED_FACE ( 'NONE', ( #6208 ), #6066, .T. ) ;
#5349 = VERTEX_POINT ( 'NONE', #8548 ) ;
#5350 = ORIENTED_EDGE ( 'NONE', *, *, #684, .T. ) ;
#5351 = DIRECTION ( 'NONE',  ( 0.000000000000000000, 1.000000000000000000, 0.000000000000000000 ) ) ;
#5352 = ORIENTED_EDGE ( 'NONE', *, *, #2203, .T. ) ;
#5353 = VERTEX_POINT ( 'NONE', #1374 ) ;
#5354 = UNCERTAINTY_MEASURE_WITH_UNIT (LENGTH_MEASURE( 1.000000000000000082E-05 ), #2571, 'distance_accuracy_value', 'NONE');
#5355 = ORIENTED_EDGE ( 'NONE', *, *, #8620, .F. ) ;
#5356 = VERTEX_POINT ( 'NONE', #5644 ) ;
#5357 = EDGE_LOOP ( 'NONE', ( #841, #5579, #8309, #5675 ) ) ;
#5358 = PRESENTATION_STYLE_ASSIGNMENT (( #241 ) ) ;
#5359 = EDGE_CURVE ( 'NONE', #7211, #1778, #9290, .T. ) ;
#5360 = DIRECTION ( 'NONE',  ( -1.000000000000000000, 0.000000000000000000, 0.000000000000000000 ) ) ;
#5361 = LINE ( 'NONE', #6613, #6140 ) ;
#5362 = SURFACE_SIDE_STYLE ('',( #4655 ) ) ;
#5363 = DIRECTION ( 'NONE',  ( -1.000000000000000000, 0.000000000000000000, 0.000000000000000000 ) ) ;
#5364 = FILL_AREA_STYLE ('',( #7556 ) ) ;
#5365 = ORIENTED_EDGE ( 'NONE', *, *, #7764, .T. ) ;
#5366 = VERTEX_POINT ( 'NONE', #2800 ) ;
#5367 = DIRECTION ( 'NONE',  ( 0.000000000000000000, -1.000000000000000000, 0.000000000000000000 ) ) ;
#5368 = AXIS2_PLACEMENT_3D ( 'NONE', #8229, #6320, #1979 ) ;
#5369 = SURFACE_STYLE_USAGE ( .BOTH. , #7559 ) ;
#5370 = EDGE_LOOP ( 'NONE', ( #6072, #8120, #38, #8403 ) ) ;
#5371 = DIRECTION ( 'NONE',  ( 0.000000000000000000, 1.000000000000000000, 0.000000000000000000 ) ) ;
#5372 = EDGE_CURVE ( 'NONE', #7300, #4048, #5601, .T. ) ;
#5373 = CARTESIAN_POINT ( 'NONE',  ( 1.734723475976809855E-15, 0.000000000000000000, 4.000000000000000000 ) ) ;
#5374 = DIRECTION ( 'NONE',  ( 0.000000000000000000, 1.000000000000000000, 0.000000000000000000 ) ) ;
#5375 = STYLED_ITEM ( 'NONE', ( #1452 ), #4033 ) ;
#5376 = CARTESIAN_POINT ( 'NONE',  ( -3.950000000000000178, 0.000000000000000000, -1.800000000000000044 ) ) ;
#5377 = FILL_AREA_STYLE ('',( #6760 ) ) ;
#5378 = DIRECTION ( 'NONE',  ( 1.000000000000000000, 0.000000000000000000, 0.000000000000000000 ) ) ;
#5379 = VERTEX_POINT ( 'NONE', #8595 ) ;
#5380 = PRESENTATION_LAYER_ASSIGNMENT (  '', '', ( #4186 ) ) ;
#5381 = AXIS2_PLACEMENT_3D ( 'NONE', #9416, #817, #8838 ) ;
#5382 = DIRECTION ( 'NONE',  ( 0.000000000000000000, -1.000000000000000000, 0.000000000000000000 ) ) ;
#5383 = MECHANICAL_DESIGN_GEOMETRIC_PRESENTATION_REPRESENTATION (  '', ( #6310 ), #2201 ) ;
#5384 = CARTESIAN_POINT ( 'NONE',  ( -4.850000000000000533, 0.02000000000000000042, -5.049999999999999822 ) ) ;
#5385 = DIRECTION ( 'NONE',  ( 1.000000000000000000, 0.000000000000000000, 0.000000000000000000 ) ) ;
#5386 = DIRECTION ( 'NONE',  ( 0.000000000000000000, 0.000000000000000000, 1.000000000000000000 ) ) ;
#5387 = CARTESIAN_POINT ( 'NONE',  ( 15.94382399999999933, 2.149999999999999911, -4.440000000000000391 ) ) ;
#5388 = CARTESIAN_POINT ( 'NONE',  ( -4.850000000000000533, 0.000000000000000000, 2.899999999999999911 ) ) ;
#5389 =( NAMED_UNIT ( * ) SI_UNIT ( $, .STERADIAN. ) SOLID_ANGLE_UNIT ( ) );
#5390 = VERTEX_POINT ( 'NONE', #1907 ) ;
#5391 = UNCERTAINTY_MEASURE_WITH_UNIT (LENGTH_MEASURE( 1.000000000000000082E-05 ), #1466, 'distance_accuracy_value', 'NONE');
#5392 = EDGE_CURVE ( 'NONE', #1997, #1947, #3402, .T. ) ;
#5393 =( NAMED_UNIT ( * ) PLANE_ANGLE_UNIT ( ) SI_UNIT ( $, .RADIAN. ) );
#5394 = COLOUR_RGB ( '',1.000000000000000000, 0.8117647058823529438, 0.5019607843137254832 ) ;
#5395 =( GEOMETRIC_REPRESENTATION_CONTEXT ( 3 ) GLOBAL_UNCERTAINTY_ASSIGNED_CONTEXT ( ( #1241 ) ) GLOBAL_UNIT_ASSIGNED_CONTEXT ( ( #2824, #2730, #3378 ) ) REPRESENTATION_CONTEXT ( 'NONE', 'WORKASPACE' ) );
#5396 = VERTEX_POINT ( 'NONE', #4968 ) ;
#5397 = DIRECTION ( 'NONE',  ( 0.000000000000000000, 0.000000000000000000, 1.000000000000000000 ) ) ;
#5398 = VERTEX_POINT ( 'NONE', #4227 ) ;
#5399 =( NAMED_UNIT ( * ) SI_UNIT ( $, .STERADIAN. ) SOLID_ANGLE_UNIT ( ) );
#5400 = FILL_AREA_STYLE ('',( #8360 ) ) ;
#5401 = ORIENTED_EDGE ( 'NONE', *, *, #1182, .T. ) ;
#5402 = EDGE_CURVE ( 'NONE', #4611, #7211, #7117, .T. ) ;
#5403 = AXIS2_PLACEMENT_3D ( 'NONE', #3242, #4001, #918 ) ;
#5404 = LINE ( 'NONE', #326, #9271 ) ;
#5405 = EDGE_CURVE ( 'NONE', #5452, #3646, #562, .T. ) ;
#5406 = VERTEX_POINT ( 'NONE', #2112 ) ;
#5407 = ORIENTED_EDGE ( 'NONE', *, *, #2936, .T. ) ;
#5408 = CARTESIAN_POINT ( 'NONE',  ( 4.599999999999999645, 0.000000000000000000, 1.100000000000000089 ) ) ;
#5409 = PLANE ( 'NONE',  #204 ) ;
#5410 = EDGE_LOOP ( 'NONE', ( #2518, #3145, #8600, #3271 ) ) ;
#5411 = PRODUCT_CONTEXT ( 'NONE', #8656, 'mechanical' ) ;
#5412 = DIRECTION ( 'NONE',  ( 1.000000000000000000, 0.000000000000000000, 0.000000000000000000 ) ) ;
#5413 =( NAMED_UNIT ( * ) SI_UNIT ( $, .STERADIAN. ) SOLID_ANGLE_UNIT ( ) );
#5414 = EDGE_CURVE ( 'NONE', #939, #5396, #3502, .T. ) ;
#5415 = ORIENTED_EDGE ( 'NONE', *, *, #2566, .F. ) ;
#5416 = FILL_AREA_STYLE ('',( #4148 ) ) ;
#5417 = EDGE_LOOP ( 'NONE', ( #5501, #9167, #1895, #4340, #4615 ) ) ;
#5418 = CYLINDRICAL_SURFACE ( 'NONE', #2996, 0.1457007568691540689 ) ;
#5419 = DIRECTION ( 'NONE',  ( 1.000000000000000000, 0.000000000000000000, 0.000000000000000000 ) ) ;
#5420 = CIRCLE ( 'NONE', #1300, 0.4000000000000001887 ) ;
#5421 = LINE ( 'NONE', #9086, #2489 ) ;
#5422 = LINE ( 'NONE', #2583, #1574 ) ;
#5423 = EDGE_CURVE ( 'NONE', #2167, #3863, #459, .T. ) ;
#5424 =( GEOMETRIC_REPRESENTATION_CONTEXT ( 3 ) GLOBAL_UNCERTAINTY_ASSIGNED_CONTEXT ( ( #2152 ) ) GLOBAL_UNIT_ASSIGNED_CONTEXT ( ( #3331, #5562, #9072 ) ) REPRESENTATION_CONTEXT ( 'NONE', 'WORKASPACE' ) );
#5425 = CARTESIAN_POINT ( 'NONE',  ( -4.850000000000000533, 0.000000000000000000, -0.7000000000001009859 ) ) ;
#5427 = ORIENTED_EDGE ( 'NONE', *, *, #6347, .F. ) ;
#5426 = AXIS2_PLACEMENT_3D ( 'NONE', #8480, #1941, #7093 ) ;
#5428 = SURFACE_SIDE_STYLE ('',( #9096 ) ) ;
#5429 = CARTESIAN_POINT ( 'NONE',  ( -4.850000000000000533, 0.000000000000000000, -4.649999999999999467 ) ) ;
#5430 = CARTESIAN_POINT ( 'NONE',  ( 4.850000000000000533, 0.02000000000000000042, 0.8499999999999509059 ) ) ;
#5431 = DIRECTION ( 'NONE',  ( 0.000000000000000000, -1.000000000000000000, 0.000000000000000000 ) ) ;
#5432 = DIRECTION ( 'NONE',  ( 0.000000000000000000, 1.000000000000000000, 0.000000000000000000 ) ) ;
#5433 = FILL_AREA_STYLE ('',( #6257 ) ) ;
#5434 =( NAMED_UNIT ( * ) PLANE_ANGLE_UNIT ( ) SI_UNIT ( $, .RADIAN. ) );
#5435 = MECHANICAL_DESIGN_GEOMETRIC_PRESENTATION_REPRESENTATION (  '', ( #2097 ), #847 ) ;
#5436 = ORIENTED_EDGE ( 'NONE', *, *, #542, .T. ) ;
#5437 = FILL_AREA_STYLE_COLOUR ( '', #9281 ) ;
#5438 = AXIS2_PLACEMENT_3D ( 'NONE', #7797, #1253, #2084 ) ;
#5439 = FILL_AREA_STYLE_COLOUR ( '', #5734 ) ;
#5440 = DIRECTION ( 'NONE',  ( 1.000000000000000000, 0.000000000000000000, 0.000000000000000000 ) ) ;
#5441 = AXIS2_PLACEMENT_3D ( 'NONE', #7441, #899, #2947 ) ;
#5442 = ORIENTED_EDGE ( 'NONE', *, *, #3550, .F. ) ;
#5443 = AXIS2_PLACEMENT_3D ( 'NONE', #78, #3026, #5288 ) ;
#5444 = VECTOR ( 'NONE', #8465, 1000.000000000000000 ) ;
#5445 = VERTEX_POINT ( 'NONE', #9242 ) ;
#5446 = CARTESIAN_POINT ( 'NONE',  ( 3.950000000000000178, 0.000000000000000000, -1.500000000000000000 ) ) ;
#5447 = ORIENTED_EDGE ( 'NONE', *, *, #7340, .F. ) ;
#5448 = CIRCLE ( 'NONE', #2743, 0.1499999999999999667 ) ;
#5449 = DIRECTION ( 'NONE',  ( 0.000000000000000000, 0.000000000000000000, 1.000000000000000000 ) ) ;
#5450 = PRESENTATION_LAYER_ASSIGNMENT (  '', '', ( #5611 ) ) ;
#5451 = VECTOR ( 'NONE', #143, 1000.000000000000000 ) ;
#5452 = VERTEX_POINT ( 'NONE', #9191 ) ;
#5453 = VERTEX_POINT ( 'NONE', #418 ) ;
#5454 = MECHANICAL_DESIGN_GEOMETRIC_PRESENTATION_REPRESENTATION (  '', ( #1792 ), #1953 ) ;
#5455 = ORIENTED_EDGE ( 'NONE', *, *, #5696, .F. ) ;
#5456 = EDGE_CURVE ( 'NONE', #1997, #3412, #8177, .T. ) ;
#5457 = ADVANCED_FACE ( 'NONE', ( #7062 ), #2064, .F. ) ;
#5458 = DIRECTION ( 'NONE',  ( 0.000000000000000000, 0.000000000000000000, 1.000000000000000000 ) ) ;
#5459 = UNCERTAINTY_MEASURE_WITH_UNIT (LENGTH_MEASURE( 1.000000000000000082E-05 ), #7034, 'distance_accuracy_value', 'NONE');
#5460 = ORIENTED_EDGE ( 'NONE', *, *, #4728, .F. ) ;
#5461 =( GEOMETRIC_REPRESENTATION_CONTEXT ( 3 ) GLOBAL_UNCERTAINTY_ASSIGNED_CONTEXT ( ( #9403 ) ) GLOBAL_UNIT_ASSIGNED_CONTEXT ( ( #6827, #5434, #1036 ) ) REPRESENTATION_CONTEXT ( 'NONE', 'WORKASPACE' ) );
#5462 = CIRCLE ( 'NONE', #1490, 0.4000000000000001887 ) ;
#5463 = FACE_OUTER_BOUND ( 'NONE', #8961, .T. ) ;
#5464 = ORIENTED_EDGE ( 'NONE', *, *, #8846, .F. ) ;
#5465 = DIRECTION ( 'NONE',  ( 0.000000000000000000, 1.000000000000000000, 0.000000000000000000 ) ) ;
#5466 =( GEOMETRIC_REPRESENTATION_CONTEXT ( 3 ) GLOBAL_UNCERTAINTY_ASSIGNED_CONTEXT ( ( #3375 ) ) GLOBAL_UNIT_ASSIGNED_CONTEXT ( ( #7596, #321, #5308 ) ) REPRESENTATION_CONTEXT ( 'NONE', 'WORKASPACE' ) );
#5467 = ORIENTED_EDGE ( 'NONE', *, *, #26, .T. ) ;
#5468 = CARTESIAN_POINT ( 'NONE',  ( 3.950000000000000178, 0.02000000000000000042, -8.673617379884039416E-16 ) ) ;
#5469 = PRESENTATION_STYLE_ASSIGNMENT (( #4804 ) ) ;
#5470 = LINE ( 'NONE', #6754, #4248 ) ;
#5471 = EDGE_CURVE ( 'NONE', #795, #8212, #5016, .T. ) ;
#5472 = EDGE_CURVE ( 'NONE', #4446, #9126, #6824, .T. ) ;
#5473 = CIRCLE ( 'NONE', #1345, 0.4000000000000001887 ) ;
#5474 = CARTESIAN_POINT ( 'NONE',  ( 4.850000000000000533, 0.000000000000000000, -0.7000000000001009859 ) ) ;
#5475 = LINE ( 'NONE', #445, #8281 ) ;
#5476 = CARTESIAN_POINT ( 'NONE',  ( -4.850000000000000533, 1.000000000000000000, 0.3999999999999170330 ) ) ;
#5477 = DIRECTION ( 'NONE',  ( 0.000000000000000000, 0.000000000000000000, 1.000000000000000000 ) ) ;
#5478 = CARTESIAN_POINT ( 'NONE',  ( -3.950000000000000178, 0.000000000000000000, -0.4000000000000989986 ) ) ;
#5479 = VERTEX_POINT ( 'NONE', #6263 ) ;
#5480 = ORIENTED_EDGE ( 'NONE', *, *, #3263, .T. ) ;
#5481 =( NAMED_UNIT ( * ) PLANE_ANGLE_UNIT ( ) SI_UNIT ( $, .RADIAN. ) );
#5482 = DIRECTION ( 'NONE',  ( 0.000000000000000000, 1.000000000000000000, 0.000000000000000000 ) ) ;
#5483 = PRESENTATION_STYLE_ASSIGNMENT (( #9045 ) ) ;
#5484 = DIRECTION ( 'NONE',  ( 0.000000000000000000, 0.000000000000000000, -1.000000000000000000 ) ) ;
#5485 =( NAMED_UNIT ( * ) PLANE_ANGLE_UNIT ( ) SI_UNIT ( $, .RADIAN. ) );
#5486 = EDGE_CURVE ( 'NONE', #7995, #7835, #8498, .T. ) ;
#5487 = CARTESIAN_POINT ( 'NONE',  ( 3.950000000000000178, 0.000000000000000000, -0.7000000000001009859 ) ) ;
#5488 = DIRECTION ( 'NONE',  ( 0.000000000000000000, 1.000000000000000000, 0.000000000000000000 ) ) ;
#5489 = SURFACE_STYLE_USAGE ( .BOTH. , #1902 ) ;
#5490 = VERTEX_POINT ( 'NONE', #2649 ) ;
#5491 = UNCERTAINTY_MEASURE_WITH_UNIT (LENGTH_MEASURE( 1.000000000000000082E-05 ), #2570, 'distance_accuracy_value', 'NONE');
#5492 = VECTOR ( 'NONE', #5617, 1000.000000000000000 ) ;
#5493 = ORIENTED_EDGE ( 'NONE', *, *, #4936, .F. ) ;
#5494 = DIRECTION ( 'NONE',  ( -1.000000000000000000, 0.000000000000000000, 0.000000000000000000 ) ) ;
#5495 = ORIENTED_EDGE ( 'NONE', *, *, #1125, .T. ) ;
#5496 =( NAMED_UNIT ( * ) SI_UNIT ( $, .STERADIAN. ) SOLID_ANGLE_UNIT ( ) );
#5497 = FILL_AREA_STYLE ('',( #1971 ) ) ;
#5498 = ORIENTED_EDGE ( 'NONE', *, *, #1596, .T. ) ;
#5499 = CARTESIAN_POINT ( 'NONE',  ( -4.850000000000000533, 0.02000000000000000042, -2.600000000000000089 ) ) ;
#5500 = ORIENTED_EDGE ( 'NONE', *, *, #2263, .F. ) ;
#5501 = ORIENTED_EDGE ( 'NONE', *, *, #2597, .T. ) ;
#5502 = ORIENTED_EDGE ( 'NONE', *, *, #1656, .T. ) ;
#5503 = SURFACE_STYLE_FILL_AREA ( #2613 ) ;
#5504 = CARTESIAN_POINT ( 'NONE',  ( 4.850000000000000533, 0.000000000000000000, 4.400000000000000355 ) ) ;
#5505 = CARTESIAN_POINT ( 'NONE',  ( 4.850000000000000533, 0.9799999999999999822, -6.331740687315349681E-14 ) ) ;
#5506 = CARTESIAN_POINT ( 'NONE',  ( -3.700000000000000178, 2.299999999999999822, 4.250000000000000000 ) ) ;
#5507 = LINE ( 'NONE', #1774, #1401 ) ;
#5508 = CARTESIAN_POINT ( 'NONE',  ( -4.850000000000000533, 0.02000000000000000042, -0.2500000000000809908 ) ) ;
#5509 = ORIENTED_EDGE ( 'NONE', *, *, #6163, .F. ) ;
#5510 =( LENGTH_UNIT ( ) NAMED_UNIT ( * ) SI_UNIT ( .MILLI., .METRE. ) );
#5511 = EDGE_CURVE ( 'NONE', #4467, #7129, #2759, .T. ) ;
#5512 = CARTESIAN_POINT ( 'NONE',  ( 4.120000000000000107, 2.449999999999999734, -4.290000000000000036 ) ) ;
#5513 = CARTESIAN_POINT ( 'NONE',  ( 1.734723475976809855E-15, 2.449999999999999734, 4.290000000000000036 ) ) ;
#5514 =( NAMED_UNIT ( * ) PLANE_ANGLE_UNIT ( ) SI_UNIT ( $, .RADIAN. ) );
#5515 = CARTESIAN_POINT ( 'NONE',  ( -3.700000000000000178, 2.299999999999999822, -4.250000000000000000 ) ) ;
#5516 = DIRECTION ( 'NONE',  ( 0.000000000000000000, 0.000000000000000000, -1.000000000000000000 ) ) ;
#5517 = ORIENTED_EDGE ( 'NONE', *, *, #6787, .T. ) ;
#5518 = VERTEX_POINT ( 'NONE', #4882 ) ;
#5519 = CIRCLE ( 'NONE', #4470, 0.4000000000000001887 ) ;
#5520 = CYLINDRICAL_SURFACE ( 'NONE', #7339, 0.4000000000000001887 ) ;
#5521 = EDGE_CURVE ( 'NONE', #2821, #6766, #7773, .T. ) ;
#5522 = EDGE_CURVE ( 'NONE', #7258, #1538, #1224, .T. ) ;
#5523 = ORIENTED_EDGE ( 'NONE', *, *, #7851, .T. ) ;
#5524 = ORIENTED_EDGE ( 'NONE', *, *, #6708, .F. ) ;
#5525 = LINE ( 'NONE', #6951, #2850 ) ;
#5526 = EDGE_CURVE ( 'NONE', #7548, #6616, #5448, .T. ) ;
#5527 = CIRCLE ( 'NONE', #29, 0.4000000000000001887 ) ;
#5528 = CARTESIAN_POINT ( 'NONE',  ( -3.950000000000000178, 0.000000000000000000, -8.673617379884039416E-16 ) ) ;
#5529 =( NAMED_UNIT ( * ) PLANE_ANGLE_UNIT ( ) SI_UNIT ( $, .RADIAN. ) );
#5530 = SURFACE_STYLE_FILL_AREA ( #1034 ) ;
#5531 = DIRECTION ( 'NONE',  ( 0.000000000000000000, 1.000000000000000000, 0.000000000000000000 ) ) ;
#5532 = SURFACE_STYLE_FILL_AREA ( #4516 ) ;
#5533 = ORIENTED_EDGE ( 'NONE', *, *, #48, .F. ) ;
#5534 = AXIS2_PLACEMENT_3D ( 'NONE', #6496, #2895, #2151 ) ;
#5535 = AXIS2_PLACEMENT_3D ( 'NONE', #5192, #8087, #2275 ) ;
#5536 = EDGE_CURVE ( 'NONE', #9182, #3157, #3929, .T. ) ;
#5537 = CYLINDRICAL_SURFACE ( 'NONE', #6809, 0.4000000000000001887 ) ;
#5538 = UNCERTAINTY_MEASURE_WITH_UNIT (LENGTH_MEASURE( 1.000000000000000082E-05 ), #2306, 'distance_accuracy_value', 'NONE');
#5539 = CARTESIAN_POINT ( 'NONE',  ( 4.120000000000000107, 2.149999999999999911, -4.290000000000000036 ) ) ;
#5540 = ORIENTED_EDGE ( 'NONE', *, *, #1070, .F. ) ;
#5541 = AXIS2_PLACEMENT_3D ( 'NONE', #4115, #7707, #7154 ) ;
#5542 = FILL_AREA_STYLE ('',( #4783 ) ) ;
#5543 = VECTOR ( 'NONE', #7155, 1000.000000000000000 ) ;
#5544 = CIRCLE ( 'NONE', #2985, 0.2500000000000002220 ) ;
#5545 = ORIENTED_EDGE ( 'NONE', *, *, #979, .F. ) ;
#5546 = FILL_AREA_STYLE ('',( #6267 ) ) ;
#5547 = ORIENTED_EDGE ( 'NONE', *, *, #5372, .T. ) ;
#5548 =( NAMED_UNIT ( * ) SI_UNIT ( $, .STERADIAN. ) SOLID_ANGLE_UNIT ( ) );
#5549 = ADVANCED_FACE ( 'NONE', ( #6733 ), #852, .F. ) ;
#5550 = PRESENTATION_LAYER_ASSIGNMENT (  '', '', ( #5997 ) ) ;
#5551 = VECTOR ( 'NONE', #4718, 1000.000000000000000 ) ;
#5552 = VECTOR ( 'NONE', #7275, 1000.000000000000000 ) ;
#5553 = VERTEX_POINT ( 'NONE', #3084 ) ;
#5554 = PLANE ( 'NONE',  #4852 ) ;
#5555 = CARTESIAN_POINT ( 'NONE',  ( 4.100000000000000533, 2.449999999999999734, -4.250000000000000000 ) ) ;
#5556 = LINE ( 'NONE', #9203, #8338 ) ;
#5557 = CARTESIAN_POINT ( 'NONE',  ( 4.850000000000000533, 0.9799999999999999822, 5.049999999999999822 ) ) ;
#5558 = UNCERTAINTY_MEASURE_WITH_UNIT (LENGTH_MEASURE( 1.000000000000000082E-05 ), #8996, 'distance_accuracy_value', 'NONE');
#5559 = ORIENTED_EDGE ( 'NONE', *, *, #8674, .T. ) ;
#5560 = AXIS2_PLACEMENT_3D ( 'NONE', #305, #3160, #2432 ) ;
#5561 = SURFACE_STYLE_FILL_AREA ( #4143 ) ;
#5562 =( NAMED_UNIT ( * ) PLANE_ANGLE_UNIT ( ) SI_UNIT ( $, .RADIAN. ) );
#5563 = DIRECTION ( 'NONE',  ( -1.000000000000000000, 0.000000000000000000, 0.000000000000000000 ) ) ;
#5564 = ORIENTED_EDGE ( 'NONE', *, *, #2550, .T. ) ;
#5565 = VERTEX_POINT ( 'NONE', #8866 ) ;
#5566 = PRESENTATION_STYLE_ASSIGNMENT (( #5622 ) ) ;
#5567 = PLANE ( 'NONE',  #1137 ) ;
#5568 = SURFACE_SIDE_STYLE ('',( #9308 ) ) ;
#5569 = LINE ( 'NONE', #4153, #3766 ) ;
#5570 = SURFACE_SIDE_STYLE ('',( #3384 ) ) ;
#5571 = EDGE_CURVE ( 'NONE', #8804, #6562, #4644, .T. ) ;
#5572 = CARTESIAN_POINT ( 'NONE',  ( -4.419999999999999929, 2.149999999999999911, -4.290000000000000036 ) ) ;
#5573 = LINE ( 'NONE', #5628, #4785 ) ;
#5574 = CARTESIAN_POINT ( 'NONE',  ( 3.950000000000000178, 0.02000000000000000042, -0.7000000000001009859 ) ) ;
#5575 = ORIENTED_EDGE ( 'NONE', *, *, #380, .F. ) ;
#5576 =( NAMED_UNIT ( * ) SI_UNIT ( $, .STERADIAN. ) SOLID_ANGLE_UNIT ( ) );
#5577 = DIRECTION ( 'NONE',  ( 0.000000000000000000, 1.000000000000000000, 0.000000000000000000 ) ) ;
#5578 = FILL_AREA_STYLE ('',( #1156 ) ) ;
#5579 = ORIENTED_EDGE ( 'NONE', *, *, #4961, .F. ) ;
#5580 = ORIENTED_EDGE ( 'NONE', *, *, #2695, .T. ) ;
#5581 = MECHANICAL_DESIGN_GEOMETRIC_PRESENTATION_REPRESENTATION (  '', ( #2540 ), #8468 ) ;
#5582 = DIRECTION ( 'NONE',  ( 0.000000000000000000, 0.000000000000000000, -1.000000000000000000 ) ) ;
#5583 = DIRECTION ( 'NONE',  ( -1.000000000000000000, 0.000000000000000000, 0.000000000000000000 ) ) ;
#5584 = DIRECTION ( 'NONE',  ( 1.000000000000000000, 0.000000000000000000, 0.000000000000000000 ) ) ;
#5585 = MECHANICAL_DESIGN_GEOMETRIC_PRESENTATION_REPRESENTATION (  '', ( #8172 ), #4085 ) ;
#5586 = SURFACE_SIDE_STYLE ('',( #2691 ) ) ;
#5587 = EDGE_CURVE ( 'NONE', #3265, #6567, #1586, .T. ) ;
#5588 = EDGE_CURVE ( 'NONE', #5872, #9155, #6073, .T. ) ;
#5589 = PRESENTATION_STYLE_ASSIGNMENT (( #511 ) ) ;
#5590 = AXIS2_PLACEMENT_3D ( 'NONE', #6449, #8593, #4123 ) ;
#5591 = LINE ( 'NONE', #8496, #1467 ) ;
#5592 = VECTOR ( 'NONE', #8679, 1000.000000000000000 ) ;
#5593 = CARTESIAN_POINT ( 'NONE',  ( 1.734723475976809855E-15, 1.050000000000000044, -8.673617379884039416E-16 ) ) ;
#5594 = ORIENTED_EDGE ( 'NONE', *, *, #706, .T. ) ;
#5595 =( LENGTH_UNIT ( ) NAMED_UNIT ( * ) SI_UNIT ( .MILLI., .METRE. ) );
#5596 = EDGE_CURVE ( 'NONE', #4294, #5185, #286, .T. ) ;
#5597 = ORIENTED_EDGE ( 'NONE', *, *, #367, .F. ) ;
#5598 = DIRECTION ( 'NONE',  ( 0.000000000000000000, -1.000000000000000000, 0.000000000000000000 ) ) ;
#5599 = VERTEX_POINT ( 'NONE', #801 ) ;
#5600 = AXIS2_PLACEMENT_3D ( 'NONE', #4219, #6402, #2847 ) ;
#5601 = CIRCLE ( 'NONE', #7270, 0.2999999999999999334 ) ;
#5602 = ORIENTED_EDGE ( 'NONE', *, *, #9446, .T. ) ;
#5603 =( NAMED_UNIT ( * ) SI_UNIT ( $, .STERADIAN. ) SOLID_ANGLE_UNIT ( ) );
#5604 = PRESENTATION_LAYER_ASSIGNMENT (  '', '', ( #6526 ) ) ;
#5605 = LINE ( 'NONE', #4190, #1634 ) ;
#5606 = CARTESIAN_POINT ( 'NONE',  ( 4.850000000000000533, 1.000000000000000000, -8.673617379884039416E-16 ) ) ;
#5607 = DIRECTION ( 'NONE',  ( 1.000000000000000000, 0.000000000000000000, 0.000000000000000000 ) ) ;
#5608 = EDGE_CURVE ( 'NONE', #4185, #4330, #3230, .T. ) ;
#5609 = PLANE ( 'NONE',  #7433 ) ;
#5610 =( GEOMETRIC_REPRESENTATION_CONTEXT ( 3 ) GLOBAL_UNCERTAINTY_ASSIGNED_CONTEXT ( ( #9152 ) ) GLOBAL_UNIT_ASSIGNED_CONTEXT ( ( #2401, #234, #2358 ) ) REPRESENTATION_CONTEXT ( 'NONE', 'WORKASPACE' ) );
#5611 = STYLED_ITEM ( 'NONE', ( #5118 ), #4764 ) ;
#5612 = DIRECTION ( 'NONE',  ( 0.000000000000000000, 1.000000000000000000, 0.000000000000000000 ) ) ;
#5613 = VECTOR ( 'NONE', #3882, 1000.000000000000000 ) ;
#5614 = VECTOR ( 'NONE', #3080, 1000.000000000000000 ) ;
#5615 = ORIENTED_EDGE ( 'NONE', *, *, #5289, .T. ) ;
#5616 = ORIENTED_EDGE ( 'NONE', *, *, #7265, .F. ) ;
#5617 = DIRECTION ( 'NONE',  ( 0.000000000000000000, 0.000000000000000000, 1.000000000000000000 ) ) ;
#5618 = FILL_AREA_STYLE ('',( #2727 ) ) ;
#5619 = CARTESIAN_POINT ( 'NONE',  ( 4.850000000000000533, 0.000000000000000000, -5.049999999999999822 ) ) ;
#5620 = CARTESIAN_POINT ( 'NONE',  ( 3.950000000000000178, 0.02000000000000000042, -8.673617379884039416E-16 ) ) ;
#5621 = STYLED_ITEM ( 'NONE', ( #1234 ), #5114 ) ;
#5622 = SURFACE_STYLE_USAGE ( .BOTH. , #2670 ) ;
#5623 = SURFACE_SIDE_STYLE ('',( #2731 ) ) ;
#5624 = SURFACE_STYLE_USAGE ( .BOTH. , #7035 ) ;
#5625 = DIRECTION ( 'NONE',  ( -1.000000000000000000, 0.000000000000000000, 0.000000000000000000 ) ) ;
#5626 =( NAMED_UNIT ( * ) PLANE_ANGLE_UNIT ( ) SI_UNIT ( $, .RADIAN. ) );
#5627 = CARTESIAN_POINT ( 'NONE',  ( -15.94382399999999933, 2.149999999999999911, 4.440000000000000391 ) ) ;
#5628 = CARTESIAN_POINT ( 'NONE',  ( -4.850000000000000533, 0.000000000000000000, -4.799999999999999822 ) ) ;
#5629 =( GEOMETRIC_REPRESENTATION_CONTEXT ( 3 ) GLOBAL_UNCERTAINTY_ASSIGNED_CONTEXT ( ( #1824 ) ) GLOBAL_UNIT_ASSIGNED_CONTEXT ( ( #5109, #6501, #9388 ) ) REPRESENTATION_CONTEXT ( 'NONE', 'WORKASPACE' ) );
#5630 = ORIENTED_EDGE ( 'NONE', *, *, #3092, .F. ) ;
#5631 = ORIENTED_EDGE ( 'NONE', *, *, #556, .T. ) ;
#5632 = CYLINDRICAL_SURFACE ( 'NONE', #1775, 0.2500000000000002220 ) ;
#5633 = PLANE ( 'NONE',  #3260 ) ;
#5634 = VERTEX_POINT ( 'NONE', #8966 ) ;
#5635 = ORIENTED_EDGE ( 'NONE', *, *, #766, .T. ) ;
#5636 = CARTESIAN_POINT ( 'NONE',  ( -3.950000000000000178, 0.000000000000000000, 4.799999999999999822 ) ) ;
#5637 = PLANE ( 'NONE',  #122 ) ;
#5638 = DIRECTION ( 'NONE',  ( 0.000000000000000000, 0.000000000000000000, 1.000000000000000000 ) ) ;
#5639 = CARTESIAN_POINT ( 'NONE',  ( 1.734723475976809855E-15, 0.02000000000000000042, 4.000000000000000000 ) ) ;
#5640 = EDGE_CURVE ( 'NONE', #1060, #1153, #5219, .T. ) ;
#5641 = CARTESIAN_POINT ( 'NONE',  ( 4.850000000000000533, 0.000000000000000000, 4.799999999999999822 ) ) ;
#5642 = MECHANICAL_DESIGN_GEOMETRIC_PRESENTATION_REPRESENTATION (  '', ( #7165 ), #1047 ) ;
#5643 = UNCERTAINTY_MEASURE_WITH_UNIT (LENGTH_MEASURE( 1.000000000000000082E-05 ), #360, 'distance_accuracy_value', 'NONE');
#5644 = CARTESIAN_POINT ( 'NONE',  ( 4.850000000000000533, 1.000000000000000000, 1.500000000000000000 ) ) ;
#5645 = FACE_OUTER_BOUND ( 'NONE', #4114, .T. ) ;
#5646 = EDGE_LOOP ( 'NONE', ( #715, #8817, #50, #5761 ) ) ;
#5647 =( NAMED_UNIT ( * ) PLANE_ANGLE_UNIT ( ) SI_UNIT ( $, .RADIAN. ) );
#5648 = CARTESIAN_POINT ( 'NONE',  ( -4.850000000000000533, 0.9799999999999999822, -3.700000000000000178 ) ) ;
#5649 = EDGE_LOOP ( 'NONE', ( #5350, #6180, #5785, #1235 ) ) ;
#5650 = VECTOR ( 'NONE', #1059, 1000.000000000000000 ) ;
#5651 = CARTESIAN_POINT ( 'NONE',  ( -4.850000000000000533, 0.9799999999999999822, 4.400000000000000355 ) ) ;
#5652 = ADVANCED_FACE ( 'NONE', ( #4556 ), #7447, .F. ) ;
#5653 = EDGE_CURVE ( 'NONE', #8578, #2558, #4788, .T. ) ;
#5654 = ORIENTED_EDGE ( 'NONE', *, *, #3372, .F. ) ;
#5655 = DIRECTION ( 'NONE',  ( 0.000000000000000000, -1.000000000000000000, 0.000000000000000000 ) ) ;
#5656 = DIRECTION ( 'NONE',  ( 1.000000000000000000, 0.000000000000000000, 0.000000000000000000 ) ) ;
#5657 = DIRECTION ( 'NONE',  ( 0.000000000000000000, 0.000000000000000000, 1.000000000000000000 ) ) ;
#5658 = ORIENTED_EDGE ( 'NONE', *, *, #3001, .T. ) ;
#5659 = DIRECTION ( 'NONE',  ( 1.000000000000000000, 0.000000000000000000, 0.000000000000000000 ) ) ;
#5660 = LINE ( 'NONE', #8816, #9375 ) ;
#5661 = ORIENTED_EDGE ( 'NONE', *, *, #5587, .T. ) ;
#5662 = SURFACE_SIDE_STYLE ('',( #1196 ) ) ;
#5663 = EDGE_CURVE ( 'NONE', #7611, #6308, #2250, .T. ) ;
#5664 = LINE ( 'NONE', #1444, #4910 ) ;
#5665 = DIRECTION ( 'NONE',  ( 1.000000000000000000, 0.000000000000000000, 0.000000000000000000 ) ) ;
#5666 = FACE_OUTER_BOUND ( 'NONE', #8367, .T. ) ;
#5667 = LINE ( 'NONE', #1143, #6949 ) ;
#5668 = FACE_OUTER_BOUND ( 'NONE', #2547, .T. ) ;
#5669 = DIRECTION ( 'NONE',  ( 0.000000000000000000, 1.000000000000000000, 0.000000000000000000 ) ) ;
#5670 = EDGE_LOOP ( 'NONE', ( #6819, #4544, #4400, #125 ) ) ;
#5671 = FILL_AREA_STYLE_COLOUR ( '', #4403 ) ;
#5672 = ORIENTED_EDGE ( 'NONE', *, *, #4554, .T. ) ;
#5673 = EDGE_CURVE ( 'NONE', #3369, #8804, #1863, .T. ) ;
#5674 = VERTEX_POINT ( 'NONE', #6215 ) ;
#5675 = ORIENTED_EDGE ( 'NONE', *, *, #9092, .F. ) ;
#5676 = DIRECTION ( 'NONE',  ( -1.000000000000000000, 0.000000000000000000, 0.000000000000000000 ) ) ;
#5677 =( NAMED_UNIT ( * ) PLANE_ANGLE_UNIT ( ) SI_UNIT ( $, .RADIAN. ) );
#5678 = CARTESIAN_POINT ( 'NONE',  ( -3.950000000000000178, 0.000000000000000000, 2.899999999999999911 ) ) ;
#5679 = LINE ( 'NONE', #8585, #2225 ) ;
#5680 = VECTOR ( 'NONE', #7809, 1000.000000000000000 ) ;
#5681 =( NAMED_UNIT ( * ) PLANE_ANGLE_UNIT ( ) SI_UNIT ( $, .RADIAN. ) );
#5682 = DIRECTION ( 'NONE',  ( 0.000000000000000000, 0.000000000000000000, 1.000000000000000000 ) ) ;
#5683 = FACE_OUTER_BOUND ( 'NONE', #4752, .T. ) ;
#5684 = LINE ( 'NONE', #2852, #3104 ) ;
#5685 = SURFACE_SIDE_STYLE ('',( #4879 ) ) ;
#5686 = VECTOR ( 'NONE', #5270, 1000.000000000000000 ) ;
#5687 = SURFACE_SIDE_STYLE ('',( #7060 ) ) ;
#5688 = DIRECTION ( 'NONE',  ( 0.000000000000000000, 0.000000000000000000, 1.000000000000000000 ) ) ;
#5689 = CARTESIAN_POINT ( 'NONE',  ( 1.734723475976809855E-15, 0.02000000000000000042, 2.600000000000000089 ) ) ;
#5690 = UNCERTAINTY_MEASURE_WITH_UNIT (LENGTH_MEASURE( 1.000000000000000082E-05 ), #7945, 'distance_accuracy_value', 'NONE');
#5691 = CARTESIAN_POINT ( 'NONE',  ( -4.850000000000000533, 1.000000000000000000, -3.299999999999999822 ) ) ;
#5692 = SURFACE_STYLE_USAGE ( .BOTH. , #4287 ) ;
#5693 = ORIENTED_EDGE ( 'NONE', *, *, #1443, .T. ) ;
#5694 = AXIS2_PLACEMENT_3D ( 'NONE', #448, #4811, #7704 ) ;
#5695 = DIRECTION ( 'NONE',  ( -0.000000000000000000, 1.000000000000000000, 0.000000000000000000 ) ) ;
#5696 = EDGE_CURVE ( 'NONE', #6376, #4329, #2655, .T. ) ;
#5697 =( GEOMETRIC_REPRESENTATION_CONTEXT ( 3 ) GLOBAL_UNCERTAINTY_ASSIGNED_CONTEXT ( ( #8746 ) ) GLOBAL_UNIT_ASSIGNED_CONTEXT ( ( #5205, #7999, #4496 ) ) REPRESENTATION_CONTEXT ( 'NONE', 'WORKASPACE' ) );
#5698 = CARTESIAN_POINT ( 'NONE',  ( -15.94382399999999933, 2.149999999999999911, 4.290000000000000036 ) ) ;
#5699 = FILL_AREA_STYLE ('',( #6504 ) ) ;
#5700 = AXIS2_PLACEMENT_3D ( 'NONE', #6952, #8541, #8579 ) ;
#5701 = PRESENTATION_LAYER_ASSIGNMENT (  '', '', ( #6463 ) ) ;
#5702 = LINE ( 'NONE', #1188, #400 ) ;
#5703 = ADVANCED_FACE ( 'NONE', ( #425 ), #3270, .F. ) ;
#5704 = EDGE_CURVE ( 'NONE', #4931, #2281, #6168, .T. ) ;
#5705 = PRESENTATION_STYLE_ASSIGNMENT (( #9352 ) ) ;
#5706 = VECTOR ( 'NONE', #3370, 1000.000000000000000 ) ;
#5707 = COLOUR_RGB ( '',1.000000000000000000, 0.8117647058823529438, 0.5019607843137254832 ) ;
#5708 = ORIENTED_EDGE ( 'NONE', *, *, #9170, .T. ) ;
#5709 = LINE ( 'NONE', #8615, #610 ) ;
#5710 = DIRECTION ( 'NONE',  ( 1.000000000000000000, 0.000000000000000000, 0.000000000000000000 ) ) ;
#5711 = PRESENTATION_STYLE_ASSIGNMENT (( #8617 ) ) ;
#5712 =( LENGTH_UNIT ( ) NAMED_UNIT ( * ) SI_UNIT ( .MILLI., .METRE. ) );
#5713 = DIRECTION ( 'NONE',  ( 0.000000000000000000, 1.000000000000000000, 0.000000000000000000 ) ) ;
#5714 = MECHANICAL_DESIGN_GEOMETRIC_PRESENTATION_REPRESENTATION (  '', ( #6164 ), #8285 ) ;
#5715 = AXIS2_PLACEMENT_3D ( 'NONE', #3566, #6475, #2872 ) ;
#5716 = ADVANCED_FACE ( 'NONE', ( #1970 ), #7779, .T. ) ;
#5717 = CARTESIAN_POINT ( 'NONE',  ( 3.950000000000000178, 0.000000000000000000, 2.899999999999999911 ) ) ;
#5718 = DIRECTION ( 'NONE',  ( 0.000000000000000000, 0.000000000000000000, 1.000000000000000000 ) ) ;
#5719 = FACE_OUTER_BOUND ( 'NONE', #4843, .T. ) ;
#5720 = ORIENTED_EDGE ( 'NONE', *, *, #7064, .T. ) ;
#5721 = ORIENTED_EDGE ( 'NONE', *, *, #7204, .F. ) ;
#5722 = CARTESIAN_POINT ( 'NONE',  ( -4.850000000000000533, 0.000000000000000000, -5.049999999999999822 ) ) ;
#5723 = SURFACE_STYLE_USAGE ( .BOTH. , #2140 ) ;
#5724 = CARTESIAN_POINT ( 'NONE',  ( -4.850000000000000533, 1.000000000000000000, 1.800000000000000044 ) ) ;
#5725 = DIRECTION ( 'NONE',  ( 0.000000000000000000, -1.000000000000000000, 0.000000000000000000 ) ) ;
#5726 = ADVANCED_FACE ( 'NONE', ( #1332 ), #4326, .T. ) ;
#5727 = SURFACE_SIDE_STYLE ('',( #7161 ) ) ;
#5728 = CARTESIAN_POINT ( 'NONE',  ( 1.734723475976809855E-15, 0.02000000000000000042, -8.673617379884039416E-16 ) ) ;
#5729 = SURFACE_STYLE_FILL_AREA ( #8450 ) ;
#5730 = CIRCLE ( 'NONE', #1937, 0.2500000000000002220 ) ;
#5731 = DIRECTION ( 'NONE',  ( -1.000000000000000000, 0.000000000000000000, 0.000000000000000000 ) ) ;
#5732 = PRESENTATION_LAYER_ASSIGNMENT (  '', '', ( #3457 ) ) ;
#5733 = DIRECTION ( 'NONE',  ( 0.000000000000000000, -1.000000000000000000, 0.000000000000000000 ) ) ;
#5734 = COLOUR_RGB ( '',1.000000000000000000, 0.8117647058823529438, 0.5019607843137254832 ) ;
#5735 = PLANE ( 'NONE',  #6379 ) ;
#5736 = ORIENTED_EDGE ( 'NONE', *, *, #1366, .T. ) ;
#5737 = DIRECTION ( 'NONE',  ( 0.000000000000000000, -1.000000000000000000, 0.000000000000000000 ) ) ;
#5738 = VECTOR ( 'NONE', #2930, 1000.000000000000000 ) ;
#5739 = ORIENTED_EDGE ( 'NONE', *, *, #8393, .T. ) ;
#5740 = EDGE_LOOP ( 'NONE', ( #609, #3912, #1264, #6892 ) ) ;
#5741 = COLOUR_RGB ( '',1.000000000000000000, 0.8117647058823529438, 0.5019607843137254832 ) ;
#5742 = FILL_AREA_STYLE ('',( #7307 ) ) ;
#5743 = MECHANICAL_DESIGN_GEOMETRIC_PRESENTATION_REPRESENTATION (  '', ( #1932 ), #8167 ) ;
#5744 = DIRECTION ( 'NONE',  ( -1.000000000000000000, 0.000000000000000000, 0.000000000000000000 ) ) ;
#5745 = FILL_AREA_STYLE ('',( #8784 ) ) ;
#5746 = LINE ( 'NONE', #2817, #1214 ) ;
#5747 = CIRCLE ( 'NONE', #8923, 0.5000000000000000000 ) ;
#5748 = ORIENTED_EDGE ( 'NONE', *, *, #6643, .T. ) ;
#5749 = ORIENTED_EDGE ( 'NONE', *, *, #6048, .T. ) ;
#5750 = CIRCLE ( 'NONE', #1622, 0.2500000000000002220 ) ;
#5751 = CARTESIAN_POINT ( 'NONE',  ( 3.950000000000000178, 0.000000000000000000, 4.000000000000000000 ) ) ;
#5752 = ADVANCED_FACE ( 'NONE', ( #7869, #9296 ), #7825, .T. ) ;
#5753 = ORIENTED_EDGE ( 'NONE', *, *, #8130, .T. ) ;
#5754 = CARTESIAN_POINT ( 'NONE',  ( 3.950000000000000178, 0.000000000000000000, -0.4000000000000989986 ) ) ;
#5755 = ADVANCED_FACE ( 'NONE', ( #2858 ), #5023, .T. ) ;
#5756 =( NAMED_UNIT ( * ) SI_UNIT ( $, .STERADIAN. ) SOLID_ANGLE_UNIT ( ) );
#5757 =( NAMED_UNIT ( * ) PLANE_ANGLE_UNIT ( ) SI_UNIT ( $, .RADIAN. ) );
#5758 = AXIS2_PLACEMENT_3D ( 'NONE', #6558, #9449, #2950 ) ;
#5759 = DIRECTION ( 'NONE',  ( 1.000000000000000000, 0.000000000000000000, 0.000000000000000000 ) ) ;
#5760 = DIRECTION ( 'NONE',  ( 0.000000000000000000, 1.000000000000000000, 0.000000000000000000 ) ) ;
#5761 = ORIENTED_EDGE ( 'NONE', *, *, #1853, .F. ) ;
#5762 = VECTOR ( 'NONE', #8439, 1000.000000000000000 ) ;
#5763 = ORIENTED_EDGE ( 'NONE', *, *, #1281, .F. ) ;
#5764 = COLOUR_RGB ( '',1.000000000000000000, 0.8117647058823529438, 0.5019607843137254832 ) ;
#5765 = ADVANCED_FACE ( 'NONE', ( #8601 ), #5735, .T. ) ;
#5766 = EDGE_CURVE ( 'NONE', #9269, #529, #3, .T. ) ;
#5767 = CIRCLE ( 'NONE', #5758, 0.4000000000000001887 ) ;
#5768 =( NAMED_UNIT ( * ) PLANE_ANGLE_UNIT ( ) SI_UNIT ( $, .RADIAN. ) );
#5769 = CARTESIAN_POINT ( 'NONE',  ( -4.850000000000000533, 0.02000000000000000042, -4.400000000000000355 ) ) ;
#5770 = CARTESIAN_POINT ( 'NONE',  ( -3.950000000000000178, 0.000000000000000000, 0.3999999999998999911 ) ) ;
#5771 = PRESENTATION_LAYER_ASSIGNMENT (  '', '', ( #7597 ) ) ;
#5772 = CARTESIAN_POINT ( 'NONE',  ( 4.599999999999999645, 0.02000000000000000042, 4.400000000000000355 ) ) ;
#5773 = CARTESIAN_POINT ( 'NONE',  ( 4.850000000000000533, 0.02000000000000000042, 2.899999999999999911 ) ) ;
#5774 = VECTOR ( 'NONE', #7219, 1000.000000000000000 ) ;
#5775 = MECHANICAL_DESIGN_GEOMETRIC_PRESENTATION_REPRESENTATION (  '', ( #5309 ), #8670 ) ;
#5776 = ADVANCED_FACE ( 'NONE', ( #7884 ), #2954, .T. ) ;
#5777 =( LENGTH_UNIT ( ) NAMED_UNIT ( * ) SI_UNIT ( .MILLI., .METRE. ) );
#5778 = DIRECTION ( 'NONE',  ( -1.000000000000000000, 0.000000000000000000, 0.000000000000000000 ) ) ;
#5779 = UNCERTAINTY_MEASURE_WITH_UNIT (LENGTH_MEASURE( 1.000000000000000082E-05 ), #9362, 'distance_accuracy_value', 'NONE');
#5780 =( NAMED_UNIT ( * ) SI_UNIT ( $, .STERADIAN. ) SOLID_ANGLE_UNIT ( ) );
#5781 = SURFACE_STYLE_FILL_AREA ( #8506 ) ;
#5782 = DIRECTION ( 'NONE',  ( 0.000000000000000000, -1.000000000000000000, 0.000000000000000000 ) ) ;
#5783 =( GEOMETRIC_REPRESENTATION_CONTEXT ( 3 ) GLOBAL_UNCERTAINTY_ASSIGNED_CONTEXT ( ( #1081 ) ) GLOBAL_UNIT_ASSIGNED_CONTEXT ( ( #9254, #7123, #7923 ) ) REPRESENTATION_CONTEXT ( 'NONE', 'WORKASPACE' ) );
#5784 = CARTESIAN_POINT ( 'NONE',  ( 3.950000000000000178, 0.000000000000000000, 2.600000000000000089 ) ) ;
#5785 = ORIENTED_EDGE ( 'NONE', *, *, #9053, .F. ) ;
#5786 = EDGE_CURVE ( 'NONE', #5379, #6936, #7266, .T. ) ;
#5787 = SURFACE_SIDE_STYLE ('',( #2301 ) ) ;
#5788 = ORIENTED_EDGE ( 'NONE', *, *, #9297, .F. ) ;
#5789 = SURFACE_STYLE_FILL_AREA ( #5742 ) ;
#5790 = COLOUR_RGB ( '',1.000000000000000000, 0.8117647058823529438, 0.5019607843137254832 ) ;
#5791 = FILL_AREA_STYLE_COLOUR ( '', #3948 ) ;
#5792 = DIRECTION ( 'NONE',  ( 0.000000000000000000, 0.000000000000000000, -1.000000000000000000 ) ) ;
#5793 = DIRECTION ( 'NONE',  ( 1.000000000000000000, 0.000000000000000000, 0.000000000000000000 ) ) ;
#5794 = ORIENTED_EDGE ( 'NONE', *, *, #8142, .F. ) ;
#5795 = DIRECTION ( 'NONE',  ( 0.000000000000000000, 1.000000000000000000, 0.000000000000000000 ) ) ;
#5796 = FILL_AREA_STYLE ('',( #7180 ) ) ;
#5797 = ORIENTED_EDGE ( 'NONE', *, *, #2566, .T. ) ;
#5798 = VECTOR ( 'NONE', #2062, 1000.000000000000000 ) ;
#5799 = VERTEX_POINT ( 'NONE', #2217 ) ;
#5800 = PLANE ( 'NONE',  #6508 ) ;
#5801 = VERTEX_POINT ( 'NONE', #5123 ) ;
#5802 = FILL_AREA_STYLE ('',( #4988 ) ) ;
#5803 = DIRECTION ( 'NONE',  ( 0.000000000000000000, 0.000000000000000000, -1.000000000000000000 ) ) ;
#5804 = AXIS2_PLACEMENT_3D ( 'NONE', #5925, #9399, #5793 ) ;
#5805 = FILL_AREA_STYLE_COLOUR ( '', #4339 ) ;
#5806 = FILL_AREA_STYLE ('',( #4394 ) ) ;
#5807 = EDGE_CURVE ( 'NONE', #4048, #6300, #1487, .T. ) ;
#5808 =( LENGTH_UNIT ( ) NAMED_UNIT ( * ) SI_UNIT ( .MILLI., .METRE. ) );
#5809 = SURFACE_STYLE_USAGE ( .BOTH. , #2925 ) ;
#5810 = ORIENTED_EDGE ( 'NONE', *, *, #3106, .T. ) ;
#5811 = FILL_AREA_STYLE ('',( #8051 ) ) ;
#5812 = CARTESIAN_POINT ( 'NONE',  ( 4.850000000000000533, 0.000000000000000000, 2.200000000000000178 ) ) ;
#5813 = SURFACE_STYLE_FILL_AREA ( #1460 ) ;
#5814 =( NAMED_UNIT ( * ) PLANE_ANGLE_UNIT ( ) SI_UNIT ( $, .RADIAN. ) );
#5815 = FILL_AREA_STYLE_COLOUR ( '', #1796 ) ;
#5816 = SURFACE_SIDE_STYLE ('',( #9326 ) ) ;
#5817 = DIRECTION ( 'NONE',  ( 1.000000000000000000, 0.000000000000000000, 0.000000000000000000 ) ) ;
#5818 = ADVANCED_FACE ( 'NONE', ( #8699 ), #1457, .T. ) ;
#5819 = EDGE_CURVE ( 'NONE', #4893, #795, #2231, .T. ) ;
#5820 = DIRECTION ( 'NONE',  ( 1.000000000000000000, 0.000000000000000000, 0.000000000000000000 ) ) ;
#5821 = COLOUR_RGB ( '',0.5372549019607842924, 0.6235294117647058876, 0.000000000000000000 ) ;
#5822 = DIRECTION ( 'NONE',  ( 0.000000000000000000, -1.000000000000000000, 0.000000000000000000 ) ) ;
#5823 = DIRECTION ( 'NONE',  ( -0.000000000000000000, 1.000000000000000000, 0.000000000000000000 ) ) ;
#5824 = VECTOR ( 'NONE', #7844, 1000.000000000000000 ) ;
#5825 = SURFACE_SIDE_STYLE ('',( #2900 ) ) ;
#5826 = SURFACE_STYLE_FILL_AREA ( #4370 ) ;
#5827 = SURFACE_STYLE_USAGE ( .BOTH. , #6592 ) ;
#5828 = ADVANCED_FACE ( 'NONE', ( #9320 ), #2099, .T. ) ;
#5829 =( GEOMETRIC_REPRESENTATION_CONTEXT ( 3 ) GLOBAL_UNCERTAINTY_ASSIGNED_CONTEXT ( ( #3763 ) ) GLOBAL_UNIT_ASSIGNED_CONTEXT ( ( #4217, #5677, #1951 ) ) REPRESENTATION_CONTEXT ( 'NONE', 'WORKASPACE' ) );
#5830 = LINE ( 'NONE', #5784, #1314 ) ;
#5831 = DIRECTION ( 'NONE',  ( -1.000000000000000000, 0.000000000000000000, 0.000000000000000000 ) ) ;
#5832 = ORIENTED_EDGE ( 'NONE', *, *, #670, .T. ) ;
#5833 =( LENGTH_UNIT ( ) NAMED_UNIT ( * ) SI_UNIT ( .MILLI., .METRE. ) );
#5834 = ORIENTED_EDGE ( 'NONE', *, *, #6295, .T. ) ;
#5835 = DIRECTION ( 'NONE',  ( 1.000000000000000000, 0.000000000000000000, 0.000000000000000000 ) ) ;
#5836 = VECTOR ( 'NONE', #5855, 1000.000000000000000 ) ;
#5837 = CARTESIAN_POINT ( 'NONE',  ( -4.850000000000000533, 0.9799999999999999822, 4.400000000000000355 ) ) ;
#5838 = PRESENTATION_LAYER_ASSIGNMENT (  '', '', ( #486 ) ) ;
#5839 = DIRECTION ( 'NONE',  ( 0.000000000000000000, 0.000000000000000000, 1.000000000000000000 ) ) ;
#5840 = ADVANCED_FACE ( 'NONE', ( #1362 ), #7056, .F. ) ;
#5841 = VERTEX_POINT ( 'NONE', #8397 ) ;
#5842 = ORIENTED_EDGE ( 'NONE', *, *, #7669, .T. ) ;
#5843 = COLOUR_RGB ( '',1.000000000000000000, 0.8117647058823529438, 0.5019607843137254832 ) ;
#5844 = COLOUR_RGB ( '',1.000000000000000000, 0.8117647058823529438, 0.5019607843137254832 ) ;
#5845 = VECTOR ( 'NONE', #2483, 1000.000000000000000 ) ;
#5846 = ORIENTED_EDGE ( 'NONE', *, *, #7340, .T. ) ;
#5847 = CARTESIAN_POINT ( 'NONE',  ( -4.850000000000000533, 0.9799999999999999822, 0.2499999999999179823 ) ) ;
#5848 = FILL_AREA_STYLE_COLOUR ( '', #5741 ) ;
#5849 = SURFACE_SIDE_STYLE ('',( #8033 ) ) ;
#5850 = DIRECTION ( 'NONE',  ( 1.000000000000000000, 0.000000000000000000, 0.000000000000000000 ) ) ;
#5851 = AXIS2_PLACEMENT_3D ( 'NONE', #3809, #5859, #167 ) ;
#5852 =( GEOMETRIC_REPRESENTATION_CONTEXT ( 3 ) GLOBAL_UNCERTAINTY_ASSIGNED_CONTEXT ( ( #6452 ) ) GLOBAL_UNIT_ASSIGNED_CONTEXT ( ( #7521, #6627, #8097 ) ) REPRESENTATION_CONTEXT ( 'NONE', 'WORKASPACE' ) );
#5853 = SURFACE_SIDE_STYLE ('',( #2967 ) ) ;
#5854 = DIRECTION ( 'NONE',  ( 0.000000000000000000, -1.000000000000000000, 0.000000000000000000 ) ) ;
#5855 = DIRECTION ( 'NONE',  ( -1.000000000000000000, 0.000000000000000000, 0.000000000000000000 ) ) ;
#5856 = VERTEX_POINT ( 'NONE', #9148 ) ;
#5857 = SURFACE_STYLE_USAGE ( .BOTH. , #5046 ) ;
#5858 = STYLED_ITEM ( 'NONE', ( #5566 ), #6256 ) ;
#5859 = DIRECTION ( 'NONE',  ( 0.000000000000000000, 1.000000000000000000, 0.000000000000000000 ) ) ;
#5860 = DIRECTION ( 'NONE',  ( 0.000000000000000000, -1.000000000000000000, 0.000000000000000000 ) ) ;
#5861 = CARTESIAN_POINT ( 'NONE',  ( 4.599999999999999645, 0.000000000000000000, 4.400000000000000355 ) ) ;
#5862 = LINE ( 'NONE', #6582, #8920 ) ;
#5863 = FILL_AREA_STYLE_COLOUR ( '', #8295 ) ;
#5864 = AXIS2_PLACEMENT_3D ( 'NONE', #4964, #6540, #6584 ) ;
#5865 = PRESENTATION_LAYER_ASSIGNMENT (  '', '', ( #2525 ) ) ;
#5866 = PRODUCT_DEFINITION_SHAPE ( 'NONE', 'NONE',  #3554 ) ;
#5867 =( NAMED_UNIT ( * ) PLANE_ANGLE_UNIT ( ) SI_UNIT ( $, .RADIAN. ) );
#5868 = DIRECTION ( 'NONE',  ( 0.000000000000000000, 0.000000000000000000, 1.000000000000000000 ) ) ;
#5869 = ADVANCED_FACE ( 'NONE', ( #3498 ), #3308, .F. ) ;
#5870 = EDGE_CURVE ( 'NONE', #4745, #5366, #708, .T. ) ;
#5871 = FILL_AREA_STYLE_COLOUR ( '', #6384 ) ;
#5872 = VERTEX_POINT ( 'NONE', #97 ) ;
#5873 = LINE ( 'NONE', #6595, #3977 ) ;
#5874 = DIRECTION ( 'NONE',  ( 0.000000000000000000, 0.000000000000000000, 1.000000000000000000 ) ) ;
#5875 = ORIENTED_EDGE ( 'NONE', *, *, #6596, .T. ) ;
#5876 = VECTOR ( 'NONE', #8845, 1000.000000000000000 ) ;
#5877 = EDGE_LOOP ( 'NONE', ( #7683, #3951, #9220, #2959 ) ) ;
#5878 = ADVANCED_FACE ( 'NONE', ( #656 ), #6512, .F. ) ;
#5879 = LINE ( 'NONE', #940, #5004 ) ;
#5880 = CIRCLE ( 'NONE', #2883, 0.4000000000000001887 ) ;
#5881 = FILL_AREA_STYLE ('',( #5791 ) ) ;
#5882 = CARTESIAN_POINT ( 'NONE',  ( 3.700000000000000178, 2.986019999999999897, 4.250000000000000000 ) ) ;
#5883 = STYLED_ITEM ( 'NONE', ( #6983 ), #7812 ) ;
#5884 = EDGE_LOOP ( 'NONE', ( #6961, #4376, #2046, #7705 ) ) ;
#5885 = ORIENTED_EDGE ( 'NONE', *, *, #8467, .F. ) ;
#5886 = CIRCLE ( 'NONE', #5590, 0.2500000000000002220 ) ;
#5887 = ORIENTED_EDGE ( 'NONE', *, *, #4487, .T. ) ;
#5888 = DIRECTION ( 'NONE',  ( 1.000000000000000000, 0.000000000000000000, 0.000000000000000000 ) ) ;
#5889 = EDGE_CURVE ( 'NONE', #5390, #7129, #6838, .T. ) ;
#5890 =( GEOMETRIC_REPRESENTATION_CONTEXT ( 3 ) GLOBAL_UNCERTAINTY_ASSIGNED_CONTEXT ( ( #7866 ) ) GLOBAL_UNIT_ASSIGNED_CONTEXT ( ( #8730, #2245, #7834 ) ) REPRESENTATION_CONTEXT ( 'NONE', 'WORKASPACE' ) );
#5891 = PLANE ( 'NONE',  #4632 ) ;
#5892 =( LENGTH_UNIT ( ) NAMED_UNIT ( * ) SI_UNIT ( .MILLI., .METRE. ) );
#5893 = UNCERTAINTY_MEASURE_WITH_UNIT (LENGTH_MEASURE( 1.000000000000000082E-05 ), #8725, 'distance_accuracy_value', 'NONE');
#5894 = CARTESIAN_POINT ( 'NONE',  ( 4.850000000000000533, 0.9799999999999999822, 5.049999999999999822 ) ) ;
#5895 = CIRCLE ( 'NONE', #6677, 0.4000000000000001887 ) ;
#5896 = AXIS2_PLACEMENT_3D ( 'NONE', #539, #5795, #7268 ) ;
#5897 =( NAMED_UNIT ( * ) SI_UNIT ( $, .STERADIAN. ) SOLID_ANGLE_UNIT ( ) );
#5898 = CARTESIAN_POINT ( 'NONE',  ( 1.734723475976809855E-15, 0.02000000000000000042, -4.000000000000000000 ) ) ;
#5899 = VECTOR ( 'NONE', #4105, 1000.000000000000000 ) ;
#5900 = CARTESIAN_POINT ( 'NONE',  ( 3.950000000000000178, 0.000000000000000000, 1.800000000000000044 ) ) ;
#5901 = ORIENTED_EDGE ( 'NONE', *, *, #1579, .F. ) ;
#5902 = LINE ( 'NONE', #8049, #8882 ) ;
#5903 =( NAMED_UNIT ( * ) PLANE_ANGLE_UNIT ( ) SI_UNIT ( $, .RADIAN. ) );
#5904 = CARTESIAN_POINT ( 'NONE',  ( 3.950000000000000178, 0.000000000000000000, -2.899999999999999911 ) ) ;
#5905 = VECTOR ( 'NONE', #4920, 1000.000000000000000 ) ;
#5906 =( GEOMETRIC_REPRESENTATION_CONTEXT ( 3 ) GLOBAL_UNCERTAINTY_ASSIGNED_CONTEXT ( ( #9241 ) ) GLOBAL_UNIT_ASSIGNED_CONTEXT ( ( #2862, #3514, #7262 ) ) REPRESENTATION_CONTEXT ( 'NONE', 'WORKASPACE' ) );
#5907 = LINE ( 'NONE', #3861, #3926 ) ;
#5908 = FACE_OUTER_BOUND ( 'NONE', #4786, .T. ) ;
#5909 = VECTOR ( 'NONE', #3515, 1000.000000000000000 ) ;
#5910 = AXIS2_PLACEMENT_3D ( 'NONE', #8781, #5179, #8070 ) ;
#5911 = DIRECTION ( 'NONE',  ( 1.000000000000000000, 0.000000000000000000, 0.000000000000000000 ) ) ;
#5912 = AXIS2_PLACEMENT_3D ( 'NONE', #5698, #569, #2805 ) ;
#5913 =( LENGTH_UNIT ( ) NAMED_UNIT ( * ) SI_UNIT ( .MILLI., .METRE. ) );
#5914 = CARTESIAN_POINT ( 'NONE',  ( -4.850000000000000533, 0.02000000000000000042, -2.899999999999999911 ) ) ;
#5915 = AXIS2_PLACEMENT_3D ( 'NONE', #5691, #4461, #9335 ) ;
#5916 = ORIENTED_EDGE ( 'NONE', *, *, #5704, .T. ) ;
#5917 = VECTOR ( 'NONE', #942, 1000.000000000000000 ) ;
#5918 = EDGE_CURVE ( 'NONE', #2355, #481, #233, .T. ) ;
#5919 = EDGE_LOOP ( 'NONE', ( #6817, #1061, #4476, #446 ) ) ;
#5920 = ORIENTED_EDGE ( 'NONE', *, *, #2864, .F. ) ;
#5921 = LINE ( 'NONE', #7350, #3639 ) ;
#5922 = VECTOR ( 'NONE', #4588, 1000.000000000000000 ) ;
#5923 = SURFACE_STYLE_FILL_AREA ( #3738 ) ;
#5924 = ORIENTED_EDGE ( 'NONE', *, *, #4313, .F. ) ;
#5925 = CARTESIAN_POINT ( 'NONE',  ( -4.850000000000000533, 1.000000000000000000, 4.400000000000000355 ) ) ;
#5926 = ORIENTED_EDGE ( 'NONE', *, *, #2146, .T. ) ;
#5927 = ADVANCED_FACE ( 'NONE', ( #5310 ), #1046, .F. ) ;
#5928 = ADVANCED_FACE ( 'NONE', ( #7171 ), #6359, .T. ) ;
#5929 = ORIENTED_EDGE ( 'NONE', *, *, #5536, .F. ) ;
#5930 = UNCERTAINTY_MEASURE_WITH_UNIT (LENGTH_MEASURE( 1.000000000000000082E-05 ), #2963, 'distance_accuracy_value', 'NONE');
#5931 = ORIENTED_EDGE ( 'NONE', *, *, #4200, .F. ) ;
#5932 = STYLED_ITEM ( 'NONE', ( #8524 ), #1142 ) ;
#5933 = LINE ( 'NONE', #2961, #6006 ) ;
#5934 = CARTESIAN_POINT ( 'NONE',  ( -4.850000000000000533, 0.9799999999999999822, -6.331740687315349681E-14 ) ) ;
#5935 = LINE ( 'NONE', #1547, #6737 ) ;
#5936 = DIRECTION ( 'NONE',  ( 0.000000000000000000, 0.000000000000000000, 1.000000000000000000 ) ) ;
#5937 = STYLED_ITEM ( 'NONE', ( #3976 ), #1502 ) ;
#5938 = CARTESIAN_POINT ( 'NONE',  ( -4.850000000000000533, 0.9799999999999999822, 0.3999999999999170330 ) ) ;
#5939 = ADVANCED_FACE ( 'NONE', ( #4076 ), #3406, .T. ) ;
#5940 = ORIENTED_EDGE ( 'NONE', *, *, #1485, .T. ) ;
#5941 = VERTEX_POINT ( 'NONE', #2653 ) ;
#5942 = DIRECTION ( 'NONE',  ( 0.000000000000000000, 1.000000000000000000, 0.000000000000000000 ) ) ;
#5943 =( NAMED_UNIT ( * ) SI_UNIT ( $, .STERADIAN. ) SOLID_ANGLE_UNIT ( ) );
#5944 = LINE ( 'NONE', #5904, #9078 ) ;
#5945 = SURFACE_SIDE_STYLE ('',( #5813 ) ) ;
#5946 = MECHANICAL_DESIGN_GEOMETRIC_PRESENTATION_REPRESENTATION (  '', ( #2450 ), #8691 ) ;
#5947 =( NAMED_UNIT ( * ) SI_UNIT ( $, .STERADIAN. ) SOLID_ANGLE_UNIT ( ) );
#5948 = DIRECTION ( 'NONE',  ( 1.000000000000000000, 0.000000000000000000, 0.000000000000000000 ) ) ;
#5949 = VERTEX_POINT ( 'NONE', #6311 ) ;
#5950 = DIRECTION ( 'NONE',  ( 0.000000000000000000, 1.000000000000000000, 0.000000000000000000 ) ) ;
#5951 = ADVANCED_FACE ( 'NONE', ( #4787 ), #3364, .T. ) ;
#5952 = DIRECTION ( 'NONE',  ( 0.000000000000000000, 0.000000000000000000, 1.000000000000000000 ) ) ;
#5953 = EDGE_LOOP ( 'NONE', ( #3694, #6377, #8564, #7349, #8091, #8520, #1640 ) ) ;
#5954 = DIRECTION ( 'NONE',  ( 1.000000000000000000, 0.000000000000000000, 0.000000000000000000 ) ) ;
#5955 = DIRECTION ( 'NONE',  ( 0.000000000000000000, -1.000000000000000000, 0.000000000000000000 ) ) ;
#5956 = MECHANICAL_DESIGN_GEOMETRIC_PRESENTATION_REPRESENTATION (  '', ( #6719 ), #1896 ) ;
#5957 = CARTESIAN_POINT ( 'NONE',  ( 4.419999999999999929, 2.149999999999999911, 16.55704800000000176 ) ) ;
#5958 = FACE_OUTER_BOUND ( 'NONE', #295, .T. ) ;
#5959 = CYLINDRICAL_SURFACE ( 'NONE', #2089, 0.2500000000000002220 ) ;
#5960 = ORIENTED_EDGE ( 'NONE', *, *, #4021, .T. ) ;
#5961 = ORIENTED_EDGE ( 'NONE', *, *, #2369, .F. ) ;
#5962 = VERTEX_POINT ( 'NONE', #8690 ) ;
#5963 = LINE ( 'NONE', #8863, #6374 ) ;
#5964 = CYLINDRICAL_SURFACE ( 'NONE', #1018, 0.1457007568691540689 ) ;
#5965 = EDGE_CURVE ( 'NONE', #1931, #797, #8519, .T. ) ;
#5966 = DIRECTION ( 'NONE',  ( 0.000000000000000000, 1.000000000000000000, 0.000000000000000000 ) ) ;
#5967 = VERTEX_POINT ( 'NONE', #9438 ) ;
#5968 = CARTESIAN_POINT ( 'NONE',  ( 3.950000000000000178, 0.000000000000000000, 1.500000000000000000 ) ) ;
#5969 = ORIENTED_EDGE ( 'NONE', *, *, #1210, .F. ) ;
#5970 = UNCERTAINTY_MEASURE_WITH_UNIT (LENGTH_MEASURE( 1.000000000000000082E-05 ), #1368, 'distance_accuracy_value', 'NONE');
#5971 = VERTEX_POINT ( 'NONE', #5066 ) ;
#5972 = VECTOR ( 'NONE', #4445, 1000.000000000000000 ) ;
#5973 = VERTEX_POINT ( 'NONE', #2902 ) ;
#5974 = EDGE_LOOP ( 'NONE', ( #5208, #6507, #5176, #5763 ) ) ;
#5975 =( NAMED_UNIT ( * ) SI_UNIT ( $, .STERADIAN. ) SOLID_ANGLE_UNIT ( ) );
#5976 = CARTESIAN_POINT ( 'NONE',  ( 1.734723475976809855E-15, 0.000000000000000000, 2.600000000000000089 ) ) ;
#5977 = CARTESIAN_POINT ( 'NONE',  ( -4.120000000000000107, 0.000000000000000000, -4.290000000000000036 ) ) ;
#5978 = EDGE_CURVE ( 'NONE', #6843, #1474, #839, .T. ) ;
#5979 = UNCERTAINTY_MEASURE_WITH_UNIT (LENGTH_MEASURE( 1.000000000000000082E-05 ), #9163, 'distance_accuracy_value', 'NONE');
#5980 = ADVANCED_FACE ( 'NONE', ( #5167 ), #5022, .F. ) ;
#5981 = DIRECTION ( 'NONE',  ( 0.000000000000000000, 0.000000000000000000, 1.000000000000000000 ) ) ;
#5982 = FACE_OUTER_BOUND ( 'NONE', #6602, .T. ) ;
#5983 = VECTOR ( 'NONE', #9380, 1000.000000000000000 ) ;
#5984 = DIRECTION ( 'NONE',  ( -1.000000000000000000, 0.000000000000000000, 0.000000000000000000 ) ) ;
#5985 = DIRECTION ( 'NONE',  ( -1.000000000000000000, 0.000000000000000000, 0.000000000000000000 ) ) ;
#5986 = ORIENTED_EDGE ( 'NONE', *, *, #4858, .T. ) ;
#5987 = CARTESIAN_POINT ( 'NONE',  ( -3.743898866310354734, 2.449999999999999734, -3.922363042438184788 ) ) ;
#5988 = VECTOR ( 'NONE', #3488, 1000.000000000000000 ) ;
#5989 = FILL_AREA_STYLE_COLOUR ( '', #4079 ) ;
#5990 = CARTESIAN_POINT ( 'NONE',  ( -3.743898866310354734, 2.500000000000000000, -3.922363042438184788 ) ) ;
#5991 =( GEOMETRIC_REPRESENTATION_CONTEXT ( 3 ) GLOBAL_UNCERTAINTY_ASSIGNED_CONTEXT ( ( #5690 ) ) GLOBAL_UNIT_ASSIGNED_CONTEXT ( ( #7945, #1363, #7853 ) ) REPRESENTATION_CONTEXT ( 'NONE', 'WORKASPACE' ) );
#5992 = ADVANCED_FACE ( 'NONE', ( #787 ), #6591, .F. ) ;
#5993 = AXIS2_PLACEMENT_3D ( 'NONE', #9136, #4864, #4807 ) ;
#5994 = SURFACE_STYLE_USAGE ( .BOTH. , #3107 ) ;
#5995 = VERTEX_POINT ( 'NONE', #3920 ) ;
#5996 = CARTESIAN_POINT ( 'NONE',  ( 4.850000000000000533, 1.000000000000000000, -6.331740687315349681E-14 ) ) ;
#5997 = STYLED_ITEM ( 'NONE', ( #6125 ), #4593 ) ;
#5998 = COLOUR_RGB ( '',1.000000000000000000, 0.8117647058823529438, 0.5019607843137254832 ) ;
#5999 = PRESENTATION_LAYER_ASSIGNMENT (  '', '', ( #6159 ) ) ;
#6000 = ORIENTED_EDGE ( 'NONE', *, *, #8028, .T. ) ;
#6001 =( LENGTH_UNIT ( ) NAMED_UNIT ( * ) SI_UNIT ( .MILLI., .METRE. ) );
#6002 =( NAMED_UNIT ( * ) PLANE_ANGLE_UNIT ( ) SI_UNIT ( $, .RADIAN. ) );
#6003 = EDGE_CURVE ( 'NONE', #7223, #4429, #4633, .T. ) ;
#6004 = LINE ( 'NONE', #86, #2588 ) ;
#6005 = AXIS2_PLACEMENT_3D ( 'NONE', #1694, #4014, #6104 ) ;
#6006 = VECTOR ( 'NONE', #621, 1000.000000000000000 ) ;
#6007 = CARTESIAN_POINT ( 'NONE',  ( -4.850000000000000533, 0.000000000000000000, 5.049999999999999822 ) ) ;
#6008 = DIRECTION ( 'NONE',  ( 0.000000000000000000, 0.000000000000000000, -1.000000000000000000 ) ) ;
#6009 = MANIFOLD_SOLID_BREP ( 'NONE', #7854 ) ;
#6010 = CARTESIAN_POINT ( 'NONE',  ( 4.850000000000000533, 0.9799999999999999822, -4.799999999999999822 ) ) ;
#6011 = ORIENTED_EDGE ( 'NONE', *, *, #2001, .F. ) ;
#6012 = CARTESIAN_POINT ( 'NONE',  ( 4.599999999999999645, 0.02000000000000000042, -2.200000000000000178 ) ) ;
#6013 = VERTEX_POINT ( 'NONE', #2486 ) ;
#6014 = DIRECTION ( 'NONE',  ( 1.000000000000000000, 0.000000000000000000, 0.000000000000000000 ) ) ;
#6015 = ORIENTED_EDGE ( 'NONE', *, *, #6940, .F. ) ;
#6016 = CARTESIAN_POINT ( 'NONE',  ( -4.850000000000000533, 0.02000000000000000042, -5.049999999999999822 ) ) ;
#6017 = CARTESIAN_POINT ( 'NONE',  ( 4.850000000000000533, 0.000000000000000000, -0.4000000000000989986 ) ) ;
#6018 = CARTESIAN_POINT ( 'NONE',  ( 4.850000000000000533, 0.02000000000000000042, -1.100000000000000089 ) ) ;
#6019 = ORIENTED_EDGE ( 'NONE', *, *, #26, .F. ) ;
#6020 = SURFACE_STYLE_USAGE ( .BOTH. , #3129 ) ;
#6021 = ORIENTED_EDGE ( 'NONE', *, *, #5472, .F. ) ;
#6022 = AXIS2_PLACEMENT_3D ( 'NONE', #3394, #9187, #8491 ) ;
#6023 = ORIENTED_EDGE ( 'NONE', *, *, #3496, .F. ) ;
#6024 = VERTEX_POINT ( 'NONE', #7585 ) ;
#6025 = FILL_AREA_STYLE_COLOUR ( '', #9193 ) ;
#6026 = SURFACE_STYLE_USAGE ( .BOTH. , #6084 ) ;
#6027 = COLOUR_RGB ( '',1.000000000000000000, 0.8117647058823529438, 0.5019607843137254832 ) ;
#6028 = PLANE ( 'NONE',  #6345 ) ;
#6029 = FILL_AREA_STYLE_COLOUR ( '', #4417 ) ;
#6030 = AXIS2_PLACEMENT_3D ( 'NONE', #2995, #1577, #9444 ) ;
#6031 = ORIENTED_EDGE ( 'NONE', *, *, #8502, .F. ) ;
#6032 = SURFACE_STYLE_USAGE ( .BOTH. , #3097 ) ;
#6033 = EDGE_CURVE ( 'NONE', #381, #154, #314, .T. ) ;
#6034 = EDGE_CURVE ( 'NONE', #9025, #9277, #1752, .T. ) ;
#6035 = EDGE_LOOP ( 'NONE', ( #4012, #3135, #7627, #7286 ) ) ;
#6036 = CARTESIAN_POINT ( 'NONE',  ( -4.850000000000000533, 0.9799999999999999822, -1.800000000000000044 ) ) ;
#6037 =( LENGTH_UNIT ( ) NAMED_UNIT ( * ) SI_UNIT ( .MILLI., .METRE. ) );
#6038 = DIRECTION ( 'NONE',  ( 0.000000000000000000, 0.000000000000000000, 1.000000000000000000 ) ) ;
#6039 = PRESENTATION_LAYER_ASSIGNMENT (  '', '', ( #8021 ) ) ;
#6040 = DIRECTION ( 'NONE',  ( 0.000000000000000000, 0.000000000000000000, 1.000000000000000000 ) ) ;
#6041 = AXIS2_PLACEMENT_3D ( 'NONE', #440, #7756, #7145 ) ;
#6042 = DIRECTION ( 'NONE',  ( 0.000000000000000000, 1.000000000000000000, 0.000000000000000000 ) ) ;
#6043 = CARTESIAN_POINT ( 'NONE',  ( 4.850000000000000533, 0.000000000000000000, -6.331740687315349681E-14 ) ) ;
#6044 = VERTEX_POINT ( 'NONE', #3259 ) ;
#6045 = CARTESIAN_POINT ( 'NONE',  ( -3.950000000000000178, 0.02000000000000000042, 0.6999999999999010347 ) ) ;
#6046 = VECTOR ( 'NONE', #7540, 1000.000000000000000 ) ;
#6047 = ADVANCED_FACE ( 'NONE', ( #9052 ), #2541, .F. ) ;
#6048 = EDGE_CURVE ( 'NONE', #7369, #3533, #3220, .T. ) ;
#6049 = VECTOR ( 'NONE', #7621, 1000.000000000000000 ) ;
#6050 = CARTESIAN_POINT ( 'NONE',  ( 3.950000000000000178, 0.02000000000000000042, -8.673617379884039416E-16 ) ) ;
#6051 = DIRECTION ( 'NONE',  ( 0.000000000000000000, 0.000000000000000000, -1.000000000000000000 ) ) ;
#6052 = VECTOR ( 'NONE', #6523, 1000.000000000000000 ) ;
#6053 = CARTESIAN_POINT ( 'NONE',  ( 4.270000000000000462, 2.149999999999999911, -4.290000000000000036 ) ) ;
#6054 = DIRECTION ( 'NONE',  ( 1.000000000000000000, 0.000000000000000000, 0.000000000000000000 ) ) ;
#6055 = DIRECTION ( 'NONE',  ( 0.000000000000000000, -1.000000000000000000, 0.000000000000000000 ) ) ;
#6056 = LINE ( 'NONE', #7532, #2265 ) ;
#6057 = AXIS2_PLACEMENT_3D ( 'NONE', #1481, #7176, #7130 ) ;
#6058 =( NAMED_UNIT ( * ) PLANE_ANGLE_UNIT ( ) SI_UNIT ( $, .RADIAN. ) );
#6059 = STYLED_ITEM ( 'NONE', ( #4831 ), #8941 ) ;
#6060 = ORIENTED_EDGE ( 'NONE', *, *, #9133, .F. ) ;
#6061 = CARTESIAN_POINT ( 'NONE',  ( 1.734723475976809855E-15, 1.050000000000000044, 4.290000000000000036 ) ) ;
#6062 = EDGE_CURVE ( 'NONE', #4745, #3130, #3168, .T. ) ;
#6063 = AXIS2_PLACEMENT_3D ( 'NONE', #5722, #17, #7332 ) ;
#6064 = MECHANICAL_DESIGN_GEOMETRIC_PRESENTATION_REPRESENTATION (  '', ( #3495 ), #3048 ) ;
#6065 = ORIENTED_EDGE ( 'NONE', *, *, #3770, .F. ) ;
#6066 = CYLINDRICAL_SURFACE ( 'NONE', #4532, 0.4000000000000001887 ) ;
#6067 = VECTOR ( 'NONE', #2399, 1000.000000000000000 ) ;
#6068 = AXIS2_PLACEMENT_3D ( 'NONE', #8951, #8994, #3114 ) ;
#6069 = ORIENTED_EDGE ( 'NONE', *, *, #5673, .F. ) ;
#6070 = PRESENTATION_STYLE_ASSIGNMENT (( #3127 ) ) ;
#6071 = CARTESIAN_POINT ( 'NONE',  ( 4.419999999999999929, 1.050000000000000044, 4.590000000000000746 ) ) ;
#6072 = ORIENTED_EDGE ( 'NONE', *, *, #5456, .F. ) ;
#6073 = LINE ( 'NONE', #2454, #4409 ) ;
#6074 = ORIENTED_EDGE ( 'NONE', *, *, #838, .T. ) ;
#6075 = MECHANICAL_DESIGN_GEOMETRIC_PRESENTATION_REPRESENTATION (  '', ( #2755 ), #4422 ) ;
#6076 = EDGE_CURVE ( 'NONE', #2124, #5406, #4540, .T. ) ;
#6077 = ORIENTED_EDGE ( 'NONE', *, *, #7670, .T. ) ;
#6078 = VERTEX_POINT ( 'NONE', #2391 ) ;
#6079 = VECTOR ( 'NONE', #5343, 1000.000000000000000 ) ;
#6080 = ORIENTED_EDGE ( 'NONE', *, *, #5596, .F. ) ;
#6081 = ORIENTED_EDGE ( 'NONE', *, *, #8444, .F. ) ;
#6082 = SURFACE_SIDE_STYLE ('',( #3235 ) ) ;
#6083 = DIRECTION ( 'NONE',  ( -1.000000000000000000, 0.000000000000000000, 0.000000000000000000 ) ) ;
#6084 = SURFACE_SIDE_STYLE ('',( #3140 ) ) ;
#6085 = DIRECTION ( 'NONE',  ( 0.000000000000000000, -1.000000000000000000, 0.000000000000000000 ) ) ;
#6086 = FACE_OUTER_BOUND ( 'NONE', #3692, .T. ) ;
#6087 = SURFACE_STYLE_USAGE ( .BOTH. , #6888 ) ;
#6088 = ORIENTED_EDGE ( 'NONE', *, *, #5571, .T. ) ;
#6089 = ORIENTED_EDGE ( 'NONE', *, *, #8220, .T. ) ;
#6090 = AXIS2_PLACEMENT_3D ( 'NONE', #376, #3321, #8408 ) ;
#6091 = VERTEX_POINT ( 'NONE', #7435 ) ;
#6092 = LINE ( 'NONE', #8980, #1273 ) ;
#6093 = CARTESIAN_POINT ( 'NONE',  ( -4.850000000000000533, 1.000000000000000000, 2.600000000000000089 ) ) ;
#6094 = CARTESIAN_POINT ( 'NONE',  ( 1.734723475976809855E-15, 0.02000000000000000042, -8.673617379884039416E-16 ) ) ;
#6095 = DIRECTION ( 'NONE',  ( 0.000000000000000000, 0.000000000000000000, -1.000000000000000000 ) ) ;
#6096 = EDGE_CURVE ( 'NONE', #654, #1026, #1659, .T. ) ;
#6097 = CIRCLE ( 'NONE', #3663, 0.4000000000000001887 ) ;
#6098 = DIRECTION ( 'NONE',  ( 1.000000000000000000, 0.000000000000000000, 0.000000000000000000 ) ) ;
#6099 = CARTESIAN_POINT ( 'NONE',  ( -3.950000000000000178, 0.02000000000000000042, -0.4000000000000989986 ) ) ;
#6100 = CARTESIAN_POINT ( 'NONE',  ( -4.850000000000000533, 0.9799999999999999822, -5.049999999999999822 ) ) ;
#6101 = ORIENTED_EDGE ( 'NONE', *, *, #8103, .F. ) ;
#6102 = ORIENTED_EDGE ( 'NONE', *, *, #2319, .F. ) ;
#6103 = PRESENTATION_LAYER_ASSIGNMENT (  '', '', ( #145 ) ) ;
#6104 = DIRECTION ( 'NONE',  ( 1.000000000000000000, 0.000000000000000000, 0.000000000000000000 ) ) ;
#6105 =( NAMED_UNIT ( * ) SI_UNIT ( $, .STERADIAN. ) SOLID_ANGLE_UNIT ( ) );
#6106 = FILL_AREA_STYLE ('',( #4062 ) ) ;
#6107 = DIRECTION ( 'NONE',  ( 1.000000000000000000, 0.000000000000000000, 0.000000000000000000 ) ) ;
#6108 = SURFACE_STYLE_FILL_AREA ( #3257 ) ;
#6109 = SURFACE_SIDE_STYLE ('',( #3218 ) ) ;
#6110 = ADVANCED_FACE ( 'NONE', ( #5958 ), #133, .F. ) ;
#6111 = EDGE_CURVE ( 'NONE', #4871, #7873, #2148, .T. ) ;
#6112 = FACE_OUTER_BOUND ( 'NONE', #462, .T. ) ;
#6113 = AXIS2_PLACEMENT_3D ( 'NONE', #5124, #7267, #753 ) ;
#6114 = EDGE_CURVE ( 'NONE', #2000, #8786, #4365, .T. ) ;
#6115 = LINE ( 'NONE', #1082, #8376 ) ;
#6116 = PLANE ( 'NONE',  #9049 ) ;
#6117 = ORIENTED_EDGE ( 'NONE', *, *, #1624, .T. ) ;
#6118 = CARTESIAN_POINT ( 'NONE',  ( 4.850000000000000533, 0.9799999999999999822, -2.200000000000000178 ) ) ;
#6119 = EDGE_CURVE ( 'NONE', #2092, #7007, #4121, .T. ) ;
#6120 = ORIENTED_EDGE ( 'NONE', *, *, #4277, .T. ) ;
#6121 = ORIENTED_EDGE ( 'NONE', *, *, #1013, .F. ) ;
#6122 = EDGE_LOOP ( 'NONE', ( #7473, #1651, #3946, #291 ) ) ;
#6123 = EDGE_LOOP ( 'NONE', ( #6405, #5832, #6607, #1915, #2776, #5875, #1977, #6249 ) ) ;
#6124 = CARTESIAN_POINT ( 'NONE',  ( 4.850000000000000533, 0.9799999999999999822, 5.049999999999999822 ) ) ;
#6125 = PRESENTATION_STYLE_ASSIGNMENT (( #200 ) ) ;
#6126 = STYLED_ITEM ( 'NONE', ( #7418 ), #3612 ) ;
#6127 = LINE ( 'NONE', #158, #8655 ) ;
#6128 = EDGE_CURVE ( 'NONE', #2076, #907, #5473, .T. ) ;
#6129 = SURFACE_STYLE_USAGE ( .BOTH. , #5362 ) ;
#6130 = CARTESIAN_POINT ( 'NONE',  ( 4.850000000000000533, 1.000000000000000000, -0.6999999999999999556 ) ) ;
#6131 = CARTESIAN_POINT ( 'NONE',  ( -3.950000000000000178, 0.02000000000000000042, -8.673617379884039416E-16 ) ) ;
#6132 = CARTESIAN_POINT ( 'NONE',  ( 4.850000000000000533, 0.9799999999999999822, 1.100000000000000089 ) ) ;
#6133 = EDGE_LOOP ( 'NONE', ( #6506, #4474, #1441, #404 ) ) ;
#6134 = DIRECTION ( 'NONE',  ( 0.000000000000000000, 0.000000000000000000, -1.000000000000000000 ) ) ;
#6135 =( GEOMETRIC_REPRESENTATION_CONTEXT ( 3 ) GLOBAL_UNCERTAINTY_ASSIGNED_CONTEXT ( ( #7202 ) ) GLOBAL_UNIT_ASSIGNED_CONTEXT ( ( #729, #3018, #2181 ) ) REPRESENTATION_CONTEXT ( 'NONE', 'WORKASPACE' ) );
#6136 = ORIENTED_EDGE ( 'NONE', *, *, #2762, .T. ) ;
#6137 = LINE ( 'NONE', #5468, #4954 ) ;
#6138 = CARTESIAN_POINT ( 'NONE',  ( 4.599999999999999645, 0.9799999999999999822, 4.400000000000000355 ) ) ;
#6139 = LINE ( 'NONE', #6186, #8782 ) ;
#6140 = VECTOR ( 'NONE', #64, 1000.000000000000000 ) ;
#6141 = VECTOR ( 'NONE', #1836, 1000.000000000000000 ) ;
#6142 = LINE ( 'NONE', #6100, #4841 ) ;
#6143 = LINE ( 'NONE', #9037, #8494 ) ;
#6144 = ORIENTED_EDGE ( 'NONE', *, *, #603, .T. ) ;
#6145 = DIRECTION ( 'NONE',  ( 0.000000000000000000, 0.000000000000000000, -1.000000000000000000 ) ) ;
#6146 = MECHANICAL_DESIGN_GEOMETRIC_PRESENTATION_REPRESENTATION (  '', ( #4186 ), #1256 ) ;
#6147 = STYLED_ITEM ( 'NONE', ( #5210 ), #6688 ) ;
#6148 = ORIENTED_EDGE ( 'NONE', *, *, #2264, .F. ) ;
#6149 = CARTESIAN_POINT ( 'NONE',  ( -4.850000000000000533, 0.000000000000000000, 5.049999999999999822 ) ) ;
#6150 = COLOUR_RGB ( '',1.000000000000000000, 0.8117647058823529438, 0.5019607843137254832 ) ;
#6151 = CARTESIAN_POINT ( 'NONE',  ( -4.850000000000000533, 1.000000000000000000, -6.331740687315349681E-14 ) ) ;
#6152 = LINE ( 'NONE', #2594, #316 ) ;
#6153 = PRESENTATION_STYLE_ASSIGNMENT (( #4773 ) ) ;
#6154 = LINE ( 'NONE', #5388, #4112 ) ;
#6155 =( GEOMETRIC_REPRESENTATION_CONTEXT ( 3 ) GLOBAL_UNCERTAINTY_ASSIGNED_CONTEXT ( ( #458 ) ) GLOBAL_UNIT_ASSIGNED_CONTEXT ( ( #2365, #3056, #3139 ) ) REPRESENTATION_CONTEXT ( 'NONE', 'WORKASPACE' ) );
#6156 = CARTESIAN_POINT ( 'NONE',  ( -4.850000000000000533, 0.9799999999999999822, -5.049999999999999822 ) ) ;
#6157 =( GEOMETRIC_REPRESENTATION_CONTEXT ( 3 ) GLOBAL_UNCERTAINTY_ASSIGNED_CONTEXT ( ( #4922 ) ) GLOBAL_UNIT_ASSIGNED_CONTEXT ( ( #9215, #9358, #5756 ) ) REPRESENTATION_CONTEXT ( 'NONE', 'WORKASPACE' ) );
#6158 = MANIFOLD_SOLID_BREP ( 'NONE', #9370 ) ;
#6159 = STYLED_ITEM ( 'NONE', ( #7893 ), #6231 ) ;
#6160 = UNCERTAINTY_MEASURE_WITH_UNIT (LENGTH_MEASURE( 1.000000000000000082E-05 ), #7612, 'distance_accuracy_value', 'NONE');
#6161 = ADVANCED_FACE ( 'NONE', ( #8009 ), #2345, .T. ) ;
#6162 = FACE_OUTER_BOUND ( 'NONE', #7836, .T. ) ;
#6163 = EDGE_CURVE ( 'NONE', #5452, #7548, #1178, .T. ) ;
#6164 = STYLED_ITEM ( 'NONE', ( #8237 ), #7210 ) ;
#6165 = EDGE_LOOP ( 'NONE', ( #2444, #5332, #8108, #2247, #3604, #5580, #5057, #8986, #2645, #3959, #7402, #7887 ) ) ;
#6166 = VECTOR ( 'NONE', #543, 1000.000000000000000 ) ;
#6167 = EDGE_LOOP ( 'NONE', ( #2517, #1212, #1127, #8829, #5464 ) ) ;
#6168 = LINE ( 'NONE', #8305, #7722 ) ;
#6169 = VERTEX_POINT ( 'NONE', #3684 ) ;
#6170 = VECTOR ( 'NONE', #8884, 1000.000000000000000 ) ;
#6171 = CARTESIAN_POINT ( 'NONE',  ( 1.734723475976809855E-15, 0.02000000000000000042, 0.3999999999998999911 ) ) ;
#6172 = VERTEX_POINT ( 'NONE', #6590 ) ;
#6173 = ADVANCED_FACE ( 'NONE', ( #34 ), #3367, .T. ) ;
#6174 = VERTEX_POINT ( 'NONE', #469 ) ;
#6175 = CARTESIAN_POINT ( 'NONE',  ( -4.850000000000000533, 1.000000000000000000, 1.800000000000000044 ) ) ;
#6176 = VERTEX_POINT ( 'NONE', #6970 ) ;
#6177 = PLANE ( 'NONE',  #3866 ) ;
#6178 = CARTESIAN_POINT ( 'NONE',  ( 3.950000000000000178, 0.000000000000000000, -0.7000000000001009859 ) ) ;
#6179 = DIRECTION ( 'NONE',  ( 0.000000000000000000, -1.000000000000000000, 0.000000000000000000 ) ) ;
#6180 = ORIENTED_EDGE ( 'NONE', *, *, #8693, .T. ) ;
#6181 = ADVANCED_FACE ( 'NONE', ( #2607 ), #8261, .F. ) ;
#6182 = SURFACE_STYLE_FILL_AREA ( #8567 ) ;
#6183 = VERTEX_POINT ( 'NONE', #909 ) ;
#6184 = SURFACE_STYLE_FILL_AREA ( #3289 ) ;
#6185 =( GEOMETRIC_REPRESENTATION_CONTEXT ( 3 ) GLOBAL_UNCERTAINTY_ASSIGNED_CONTEXT ( ( #6354 ) ) GLOBAL_UNIT_ASSIGNED_CONTEXT ( ( #3707, #66, #5232 ) ) REPRESENTATION_CONTEXT ( 'NONE', 'WORKASPACE' ) );
#6186 = CARTESIAN_POINT ( 'NONE',  ( 3.950000000000000178, 0.000000000000000000, -4.000000000000000000 ) ) ;
#6187 = STYLED_ITEM ( 'NONE', ( #4688 ), #150 ) ;
#6188 = CARTESIAN_POINT ( 'NONE',  ( -4.850000000000000533, 0.9799999999999999822, -2.200000000000000178 ) ) ;
#6189 = DIRECTION ( 'NONE',  ( -1.000000000000000000, 0.000000000000000000, 0.000000000000000000 ) ) ;
#6190 = CYLINDRICAL_SURFACE ( 'NONE', #1004, 0.4000000000000001887 ) ;
#6191 = SURFACE_STYLE_USAGE ( .BOTH. , #1795 ) ;
#6192 = CIRCLE ( 'NONE', #2082, 0.1499999999999999667 ) ;
#6193 = SURFACE_STYLE_FILL_AREA ( #3298 ) ;
#6194 =( NAMED_UNIT ( * ) PLANE_ANGLE_UNIT ( ) SI_UNIT ( $, .RADIAN. ) );
#6195 = SURFACE_SIDE_STYLE ('',( #3301 ) ) ;
#6196 = CARTESIAN_POINT ( 'NONE',  ( 4.850000000000000533, 0.9799999999999999822, 5.049999999999999822 ) ) ;
#6197 = DIRECTION ( 'NONE',  ( 0.000000000000000000, 1.000000000000000000, 0.000000000000000000 ) ) ;
#6198 = MECHANICAL_DESIGN_GEOMETRIC_PRESENTATION_REPRESENTATION (  '', ( #1308 ), #6651 ) ;
#6199 = CARTESIAN_POINT ( 'NONE',  ( -4.850000000000000533, 0.02000000000000000042, -4.649999999999999467 ) ) ;
#6200 = SURFACE_STYLE_USAGE ( .BOTH. , #7535 ) ;
#6201 = PRESENTATION_STYLE_ASSIGNMENT (( #9105 ) ) ;
#6202 = AXIS2_PLACEMENT_3D ( 'NONE', #8663, #7890, #485 ) ;
#6203 = CIRCLE ( 'NONE', #6656, 0.4000000000000001887 ) ;
#6204 = ORIENTED_EDGE ( 'NONE', *, *, #4901, .F. ) ;
#6205 = DIRECTION ( 'NONE',  ( 0.000000000000000000, 0.000000000000000000, 1.000000000000000000 ) ) ;
#6206 = VECTOR ( 'NONE', #5280, 1000.000000000000000 ) ;
#6207 = FILL_AREA_STYLE ('',( #6919 ) ) ;
#6208 = FACE_OUTER_BOUND ( 'NONE', #7547, .T. ) ;
#6209 = VECTOR ( 'NONE', #8251, 1000.000000000000000 ) ;
#6210 = ORIENTED_EDGE ( 'NONE', *, *, #8488, .T. ) ;
#6211 = PRESENTATION_LAYER_ASSIGNMENT (  '', '', ( #9095 ) ) ;
#6212 = CIRCLE ( 'NONE', #2109, 0.4000000000000001887 ) ;
#6213 = ORIENTED_EDGE ( 'NONE', *, *, #9002, .F. ) ;
#6214 = EDGE_CURVE ( 'NONE', #3007, #1986, #7365, .T. ) ;
#6215 = CARTESIAN_POINT ( 'NONE',  ( 4.850000000000000533, 0.000000000000000000, -5.049999999999999822 ) ) ;
#6216 = ORIENTED_EDGE ( 'NONE', *, *, #850, .F. ) ;
#6217 = VECTOR ( 'NONE', #5351, 1000.000000000000000 ) ;
#6218 = SURFACE_STYLE_USAGE ( .BOTH. , #4791 ) ;
#6219 = ORIENTED_EDGE ( 'NONE', *, *, #3986, .F. ) ;
#6220 =( GEOMETRIC_REPRESENTATION_CONTEXT ( 3 ) GLOBAL_UNCERTAINTY_ASSIGNED_CONTEXT ( ( #2367 ) ) GLOBAL_UNIT_ASSIGNED_CONTEXT ( ( #2257, #751, #7880 ) ) REPRESENTATION_CONTEXT ( 'NONE', 'WORKASPACE' ) );
#6221 = FACE_OUTER_BOUND ( 'NONE', #339, .T. ) ;
#6222 =( GEOMETRIC_REPRESENTATION_CONTEXT ( 3 ) GLOBAL_UNCERTAINTY_ASSIGNED_CONTEXT ( ( #2615 ) ) GLOBAL_UNIT_ASSIGNED_CONTEXT ( ( #3520, #5768, #6438 ) ) REPRESENTATION_CONTEXT ( 'NONE', 'WORKASPACE' ) );
#6223 = VERTEX_POINT ( 'NONE', #4904 ) ;
#6224 = DIRECTION ( 'NONE',  ( 0.000000000000000000, -1.000000000000000000, 0.000000000000000000 ) ) ;
#6225 = VECTOR ( 'NONE', #2980, 1000.000000000000000 ) ;
#6226 = DIRECTION ( 'NONE',  ( 0.000000000000000000, -1.000000000000000000, 0.000000000000000000 ) ) ;
#6227 = CARTESIAN_POINT ( 'NONE',  ( 1.734723475976809855E-15, 0.02000000000000000042, 0.6999999999999010347 ) ) ;
#6228 = UNCERTAINTY_MEASURE_WITH_UNIT (LENGTH_MEASURE( 1.000000000000000082E-05 ), #4199, 'distance_accuracy_value', 'NONE');
#6229 = VERTEX_POINT ( 'NONE', #1301 ) ;
#6230 = AXIS2_PLACEMENT_3D ( 'NONE', #2774, #4796, #8413 ) ;
#6231 = ADVANCED_FACE ( 'NONE', ( #9129 ), #584, .T. ) ;
#6232 = ADVANCED_FACE ( 'NONE', ( #1991 ), #1199, .T. ) ;
#6233 = DIRECTION ( 'NONE',  ( 0.000000000000000000, 0.000000000000000000, 1.000000000000000000 ) ) ;
#6234 = CARTESIAN_POINT ( 'NONE',  ( 4.850000000000000533, 0.000000000000000000, 3.299999999999999822 ) ) ;
#6235 = SURFACE_STYLE_USAGE ( .BOTH. , #9166 ) ;
#6236 = ORIENTED_EDGE ( 'NONE', *, *, #4083, .F. ) ;
#6237 = CARTESIAN_POINT ( 'NONE',  ( -4.850000000000000533, 0.9799999999999999822, 4.150000000000000355 ) ) ;
#6238 = DIRECTION ( 'NONE',  ( -0.000000000000000000, 1.000000000000000000, 0.000000000000000000 ) ) ;
#6239 = SURFACE_SIDE_STYLE ('',( #4663 ) ) ;
#6240 = FACE_OUTER_BOUND ( 'NONE', #1553, .T. ) ;
#6241 = EDGE_CURVE ( 'NONE', #7873, #8455, #6989, .T. ) ;
#6242 = CARTESIAN_POINT ( 'NONE',  ( -3.950000000000000178, 0.000000000000000000, -1.500000000000000000 ) ) ;
#6243 = CYLINDRICAL_SURFACE ( 'NONE', #5993, 0.2500000000000002220 ) ;
#6244 = LINE ( 'NONE', #2630, #9210 ) ;
#6245 = ORIENTED_EDGE ( 'NONE', *, *, #5521, .F. ) ;
#6246 = EDGE_LOOP ( 'NONE', ( #3595, #1152, #2171, #4581, #591 ) ) ;
#6247 = MECHANICAL_DESIGN_GEOMETRIC_PRESENTATION_REPRESENTATION (  '', ( #1189 ), #5783 ) ;
#6248 = FACE_OUTER_BOUND ( 'NONE', #9005, .T. ) ;
#6249 = ORIENTED_EDGE ( 'NONE', *, *, #4373, .F. ) ;
#6250 = ORIENTED_EDGE ( 'NONE', *, *, #5347, .T. ) ;
#6251 =( LENGTH_UNIT ( ) NAMED_UNIT ( * ) SI_UNIT ( .MILLI., .METRE. ) );
#6252 = CARTESIAN_POINT ( 'NONE',  ( -4.850000000000000533, 0.000000000000000000, -5.049999999999999822 ) ) ;
#6253 = CARTESIAN_POINT ( 'NONE',  ( 3.950000000000000178, 0.000000000000000000, -8.673617379884039416E-16 ) ) ;
#6254 = PRESENTATION_LAYER_ASSIGNMENT (  '', '', ( #5937 ) ) ;
#6255 = PRESENTATION_STYLE_ASSIGNMENT (( #4066 ) ) ;
#6256 = ADVANCED_FACE ( 'NONE', ( #488 ), #6381, .F. ) ;
#6257 = FILL_AREA_STYLE_COLOUR ( '', #8528 ) ;
#6258 = DIRECTION ( 'NONE',  ( 0.000000000000000000, -1.000000000000000000, 0.000000000000000000 ) ) ;
#6259 = ORIENTED_EDGE ( 'NONE', *, *, #5608, .T. ) ;
#6260 = UNCERTAINTY_MEASURE_WITH_UNIT (LENGTH_MEASURE( 1.000000000000000082E-05 ), #8756, 'distance_accuracy_value', 'NONE');
#6261 = DIRECTION ( 'NONE',  ( 0.000000000000000000, 0.000000000000000000, -1.000000000000000000 ) ) ;
#6262 = PRESENTATION_STYLE_ASSIGNMENT (( #2063 ) ) ;
#6263 = CARTESIAN_POINT ( 'NONE',  ( -4.270000000000000462, 1.050000000000000044, 4.290000000000000036 ) ) ;
#6264 = ORIENTED_EDGE ( 'NONE', *, *, #27, .T. ) ;
#6265 = PRESENTATION_LAYER_ASSIGNMENT (  '', '', ( #3679 ) ) ;
#6266 = EDGE_LOOP ( 'NONE', ( #2308, #8002, #1812, #1038 ) ) ;
#6267 = FILL_AREA_STYLE_COLOUR ( '', #4108 ) ;
#6268 = DIRECTION ( 'NONE',  ( 0.000000000000000000, 0.000000000000000000, 1.000000000000000000 ) ) ;
#6269 = ORIENTED_EDGE ( 'NONE', *, *, #6128, .F. ) ;
#6270 = DIRECTION ( 'NONE',  ( 0.000000000000000000, 0.000000000000000000, -1.000000000000000000 ) ) ;
#6271 = EDGE_CURVE ( 'NONE', #4222, #472, #2314, .T. ) ;
#6272 = ORIENTED_EDGE ( 'NONE', *, *, #5471, .T. ) ;
#6273 = LINE ( 'NONE', #2714, #5706 ) ;
#6274 = DIRECTION ( 'NONE',  ( 0.000000000000000000, 0.000000000000000000, 1.000000000000000000 ) ) ;
#6275 = LINE ( 'NONE', #6227, #3486 ) ;
#6276 = EDGE_LOOP ( 'NONE', ( #4039, #1289, #2742, #3349 ) ) ;
#6277 =( LENGTH_UNIT ( ) NAMED_UNIT ( * ) SI_UNIT ( .MILLI., .METRE. ) );
#6278 = ORIENTED_EDGE ( 'NONE', *, *, #7053, .F. ) ;
#6279 = CARTESIAN_POINT ( 'NONE',  ( 1.734723475976809855E-15, 0.02000000000000000042, -8.673617379884039416E-16 ) ) ;
#6280 = EDGE_CURVE ( 'NONE', #3666, #7595, #810, .T. ) ;
#6281 = FILL_AREA_STYLE ('',( #9211 ) ) ;
#6282 = ADVANCED_FACE ( 'NONE', ( #759 ), #8750, .F. ) ;
#6283 = PRESENTATION_STYLE_ASSIGNMENT (( #3291 ) ) ;
#6284 = DIRECTION ( 'NONE',  ( 0.000000000000000000, -1.000000000000000000, 0.000000000000000000 ) ) ;
#6285 = DIRECTION ( 'NONE',  ( 1.000000000000000000, 0.000000000000000000, 0.000000000000000000 ) ) ;
#6286 = PLANE ( 'NONE',  #8865 ) ;
#6287 = DIRECTION ( 'NONE',  ( 0.000000000000000000, 0.000000000000000000, -1.000000000000000000 ) ) ;
#6288 = CARTESIAN_POINT ( 'NONE',  ( 4.850000000000000533, 1.000000000000000000, -2.200000000000000178 ) ) ;
#6289 = ORIENTED_EDGE ( 'NONE', *, *, #5965, .T. ) ;
#6290 =( GEOMETRIC_REPRESENTATION_CONTEXT ( 3 ) GLOBAL_UNCERTAINTY_ASSIGNED_CONTEXT ( ( #7571 ) ) GLOBAL_UNIT_ASSIGNED_CONTEXT ( ( #3811, #5097, #2142 ) ) REPRESENTATION_CONTEXT ( 'NONE', 'WORKASPACE' ) );
#6291 = PRESENTATION_STYLE_ASSIGNMENT (( #7663 ) ) ;
#6292 = CARTESIAN_POINT ( 'NONE',  ( 4.120000000000000107, 0.000000000000000000, 4.590000000000000746 ) ) ;
#6293 = ORIENTED_EDGE ( 'NONE', *, *, #5673, .T. ) ;
#6294 = EDGE_LOOP ( 'NONE', ( #379, #6904, #4957, #5147, #482, #1176 ) ) ;
#6295 = EDGE_CURVE ( 'NONE', #5356, #6174, #2991, .T. ) ;
#6296 = LINE ( 'NONE', #5528, #8101 ) ;
#6297 =( NAMED_UNIT ( * ) SI_UNIT ( $, .STERADIAN. ) SOLID_ANGLE_UNIT ( ) );
#6298 =( LENGTH_UNIT ( ) NAMED_UNIT ( * ) SI_UNIT ( .MILLI., .METRE. ) );
#6299 = CARTESIAN_POINT ( 'NONE',  ( 3.950000000000000178, 0.000000000000000000, 4.799999999999999822 ) ) ;
#6300 = VERTEX_POINT ( 'NONE', #4519 ) ;
#6301 = PRESENTATION_LAYER_ASSIGNMENT (  '', '', ( #3714 ) ) ;
#6302 =( NAMED_UNIT ( * ) PLANE_ANGLE_UNIT ( ) SI_UNIT ( $, .RADIAN. ) );
#6303 = AXIS2_PLACEMENT_3D ( 'NONE', #334, #4708, #7607 ) ;
#6304 = FACE_OUTER_BOUND ( 'NONE', #9159, .T. ) ;
#6305 = EDGE_CURVE ( 'NONE', #4230, #6024, #8834, .T. ) ;
#6306 = UNCERTAINTY_MEASURE_WITH_UNIT (LENGTH_MEASURE( 1.000000000000000082E-05 ), #2606, 'distance_accuracy_value', 'NONE');
#6307 = CARTESIAN_POINT ( 'NONE',  ( -4.850000000000000533, 1.000000000000000000, 2.899999999999999911 ) ) ;
#6308 = VERTEX_POINT ( 'NONE', #2917 ) ;
#6309 = MECHANICAL_DESIGN_GEOMETRIC_PRESENTATION_REPRESENTATION (  '', ( #2673 ), #6157 ) ;
#6310 = STYLED_ITEM ( 'NONE', ( #7092 ), #7682 ) ;
#6311 = CARTESIAN_POINT ( 'NONE',  ( 4.850000000000000533, 0.02000000000000000042, -0.4000000000000989986 ) ) ;
#6312 = ORIENTED_EDGE ( 'NONE', *, *, #6802, .F. ) ;
#6313 = PLANE ( 'NONE',  #290 ) ;
#6314 = DIRECTION ( 'NONE',  ( 0.000000000000000000, -1.000000000000000000, 0.000000000000000000 ) ) ;
#6315 =( LENGTH_UNIT ( ) NAMED_UNIT ( * ) SI_UNIT ( .MILLI., .METRE. ) );
#6316 = AXIS2_PLACEMENT_3D ( 'NONE', #7465, #1063, #4716 ) ;
#6317 =( NAMED_UNIT ( * ) PLANE_ANGLE_UNIT ( ) SI_UNIT ( $, .RADIAN. ) );
#6318 = VERTEX_POINT ( 'NONE', #8705 ) ;
#6319 = LINE ( 'NONE', #1978, #1946 ) ;
#6320 = DIRECTION ( 'NONE',  ( -0.000000000000000000, 1.000000000000000000, 0.000000000000000000 ) ) ;
#6321 = CARTESIAN_POINT ( 'NONE',  ( -4.850000000000000533, 0.9799999999999999822, -1.100000000000000089 ) ) ;
#6322 =( LENGTH_UNIT ( ) NAMED_UNIT ( * ) SI_UNIT ( .MILLI., .METRE. ) );
#6323 = UNCERTAINTY_MEASURE_WITH_UNIT (LENGTH_MEASURE( 1.000000000000000082E-05 ), #2911, 'distance_accuracy_value', 'NONE');
#6324 = CIRCLE ( 'NONE', #1111, 0.4000000000000001887 ) ;
#6325 = FACE_OUTER_BOUND ( 'NONE', #2261, .T. ) ;
#6326 = FILL_AREA_STYLE ('',( #1098 ) ) ;
#6327 = DIRECTION ( 'NONE',  ( 0.000000000000000000, 1.000000000000000000, 0.000000000000000000 ) ) ;
#6328 = CARTESIAN_POINT ( 'NONE',  ( 4.599999999999999645, 0.02000000000000000042, -6.331740687315349681E-14 ) ) ;
#6329 = VERTEX_POINT ( 'NONE', #6650 ) ;
#6330 = PRESENTATION_STYLE_ASSIGNMENT (( #3338 ) ) ;
#6331 = PLANE ( 'NONE',  #4240 ) ;
#6332 = CARTESIAN_POINT ( 'NONE',  ( -3.950000000000000178, 0.000000000000000000, -2.600000000000000089 ) ) ;
#6333 = CARTESIAN_POINT ( 'NONE',  ( -4.850000000000000533, 0.9799999999999999822, -2.200000000000000178 ) ) ;
#6334 = ORIENTED_EDGE ( 'NONE', *, *, #3541, .F. ) ;
#6335 = ORIENTED_EDGE ( 'NONE', *, *, #3001, .F. ) ;
#6336 = EDGE_CURVE ( 'NONE', #3711, #3798, #7361, .T. ) ;
#6337 = ORIENTED_EDGE ( 'NONE', *, *, #311, .T. ) ;
#6338 = ORIENTED_EDGE ( 'NONE', *, *, #724, .T. ) ;
#6339 = PRESENTATION_LAYER_ASSIGNMENT (  '', '', ( #4375 ) ) ;
#6340 = CARTESIAN_POINT ( 'NONE',  ( -4.850000000000000533, 0.9799999999999999822, -4.799999999999999822 ) ) ;
#6341 = CARTESIAN_POINT ( 'NONE',  ( 1.734723475976809855E-15, 0.9799999999999999822, -8.673617379884039416E-16 ) ) ;
#6342 = DIRECTION ( 'NONE',  ( 0.000000000000000000, 1.000000000000000000, 0.000000000000000000 ) ) ;
#6343 = CARTESIAN_POINT ( 'NONE',  ( 4.850000000000000533, 1.000000000000000000, -8.673617379884039416E-16 ) ) ;
#6344 = CARTESIAN_POINT ( 'NONE',  ( 4.850000000000000533, 0.000000000000000000, 2.899999999999999911 ) ) ;
#6345 = AXIS2_PLACEMENT_3D ( 'NONE', #1549, #7506, #2416 ) ;
#6346 = DIRECTION ( 'NONE',  ( 0.000000000000000000, 0.000000000000000000, -1.000000000000000000 ) ) ;
#6347 = EDGE_CURVE ( 'NONE', #8433, #3989, #1445, .T. ) ;
#6348 = EDGE_CURVE ( 'NONE', #5069, #1587, #5933, .T. ) ;
#6349 = ORIENTED_EDGE ( 'NONE', *, *, #7958, .T. ) ;
#6350 = DIRECTION ( 'NONE',  ( 1.000000000000000000, 0.000000000000000000, 0.000000000000000000 ) ) ;
#6351 = PRESENTATION_LAYER_ASSIGNMENT (  '', '', ( #5134 ) ) ;
#6352 = DIRECTION ( 'NONE',  ( 0.000000000000000000, 1.000000000000000000, 0.000000000000000000 ) ) ;
#6353 = SURFACE_SIDE_STYLE ('',( #3544 ) ) ;
#6354 = UNCERTAINTY_MEASURE_WITH_UNIT (LENGTH_MEASURE( 1.000000000000000082E-05 ), #3707, 'distance_accuracy_value', 'NONE');
#6355 = ORIENTED_EDGE ( 'NONE', *, *, #4041, .F. ) ;
#6356 = CARTESIAN_POINT ( 'NONE',  ( 4.850000000000000533, 0.000000000000000000, 5.049999999999999822 ) ) ;
#6357 = STYLED_ITEM ( 'NONE', ( #4755 ), #264 ) ;
#6358 = EDGE_LOOP ( 'NONE', ( #1844, #1642, #7587, #9115 ) ) ;
#6359 = PLANE ( 'NONE',  #8053 ) ;
#6360 = DIRECTION ( 'NONE',  ( 0.000000000000000000, -1.000000000000000000, 0.000000000000000000 ) ) ;
#6361 = EDGE_CURVE ( 'NONE', #7643, #4446, #3890, .T. ) ;
#6362 = COLOUR_RGB ( '',1.000000000000000000, 0.8117647058823529438, 0.5019607843137254832 ) ;
#6363 = SURFACE_STYLE_USAGE ( .BOTH. , #1233 ) ;
#6364 = AXIS2_PLACEMENT_3D ( 'NONE', #1616, #8904, #9227 ) ;
#6365 = SURFACE_STYLE_FILL_AREA ( #3794 ) ;
#6366 =( GEOMETRIC_REPRESENTATION_CONTEXT ( 3 ) GLOBAL_UNCERTAINTY_ASSIGNED_CONTEXT ( ( #4736 ) ) GLOBAL_UNIT_ASSIGNED_CONTEXT ( ( #1208, #1890, #4157 ) ) REPRESENTATION_CONTEXT ( 'NONE', 'WORKASPACE' ) );
#6367 = VERTEX_POINT ( 'NONE', #5754 ) ;
#6368 = AXIS2_PLACEMENT_3D ( 'NONE', #2662, #4090, #1238 ) ;
#6369 = LINE ( 'NONE', #382, #9103 ) ;
#6370 = DIRECTION ( 'NONE',  ( 0.000000000000000000, -1.000000000000000000, 0.000000000000000000 ) ) ;
#6371 = EDGE_CURVE ( 'NONE', #5634, #4636, #3937, .T. ) ;
#6372 = SURFACE_STYLE_USAGE ( .BOTH. , #7027 ) ;
#6373 = DIRECTION ( 'NONE',  ( 0.000000000000000000, -1.000000000000000000, 0.000000000000000000 ) ) ;
#6374 = VECTOR ( 'NONE', #2356, 1000.000000000000000 ) ;
#6375 = COLOUR_RGB ( '',0.5372549019607842924, 0.6235294117647058876, 0.000000000000000000 ) ;
#6376 = VERTEX_POINT ( 'NONE', #6701 ) ;
#6377 = ORIENTED_EDGE ( 'NONE', *, *, #8014, .T. ) ;
#6378 =( NAMED_UNIT ( * ) SI_UNIT ( $, .STERADIAN. ) SOLID_ANGLE_UNIT ( ) );
#6379 = AXIS2_PLACEMENT_3D ( 'NONE', #5032, #7929, #47 ) ;
#6380 = AXIS2_PLACEMENT_3D ( 'NONE', #7291, #5203, #3758 ) ;
#6381 = PLANE ( 'NONE',  #7824 ) ;
#6382 = CARTESIAN_POINT ( 'NONE',  ( 4.850000000000000533, 0.9799999999999999822, -6.331740687315349681E-14 ) ) ;
#6383 =( GEOMETRIC_REPRESENTATION_CONTEXT ( 3 ) GLOBAL_UNCERTAINTY_ASSIGNED_CONTEXT ( ( #7979 ) ) GLOBAL_UNIT_ASSIGNED_CONTEXT ( ( #4937, #577, #2815 ) ) REPRESENTATION_CONTEXT ( 'NONE', 'WORKASPACE' ) );
#6384 = COLOUR_RGB ( '',0.5372549019607842924, 0.6235294117647058876, 0.000000000000000000 ) ;
#6385 = SURFACE_SIDE_STYLE ('',( #2879 ) ) ;
#6386 =( LENGTH_UNIT ( ) NAMED_UNIT ( * ) SI_UNIT ( .MILLI., .METRE. ) );
#6387 = COLOUR_RGB ( '',1.000000000000000000, 0.8117647058823529438, 0.5019607843137254832 ) ;
#6388 = EDGE_LOOP ( 'NONE', ( #5749, #8359, #5253, #369 ) ) ;
#6389 = ORIENTED_EDGE ( 'NONE', *, *, #8738, .F. ) ;
#6390 = SURFACE_SIDE_STYLE ('',( #5041 ) ) ;
#6391 = DIRECTION ( 'NONE',  ( 0.000000000000000000, 0.000000000000000000, 1.000000000000000000 ) ) ;
#6392 =( NAMED_UNIT ( * ) PLANE_ANGLE_UNIT ( ) SI_UNIT ( $, .RADIAN. ) );
#6393 = ORIENTED_EDGE ( 'NONE', *, *, #1568, .T. ) ;
#6394 = AXIS2_PLACEMENT_3D ( 'NONE', #638, #8721, #554 ) ;
#6395 = ORIENTED_EDGE ( 'NONE', *, *, #3600, .T. ) ;
#6396 = ORIENTED_EDGE ( 'NONE', *, *, #7930, .F. ) ;
#6397 = PRESENTATION_LAYER_ASSIGNMENT (  '', '', ( #4872 ) ) ;
#6398 = SURFACE_STYLE_USAGE ( .BOTH. , #2689 ) ;
#6399 = EDGE_CURVE ( 'NONE', #3711, #4923, #8918, .T. ) ;
#6400 = CARTESIAN_POINT ( 'NONE',  ( -3.743898866310354734, 2.500000000000000000, -3.922363042438184788 ) ) ;
#6401 = LINE ( 'NONE', #5678, #3347 ) ;
#6402 = DIRECTION ( 'NONE',  ( -0.000000000000000000, 1.000000000000000000, 0.000000000000000000 ) ) ;
#6403 = FACE_OUTER_BOUND ( 'NONE', #6035, .T. ) ;
#6404 = SURFACE_SIDE_STYLE ('',( #1958 ) ) ;
#6405 = ORIENTED_EDGE ( 'NONE', *, *, #7329, .T. ) ;
#6406 = CYLINDRICAL_SURFACE ( 'NONE', #5034, 0.2500000000000002220 ) ;
#6407 = FILL_AREA_STYLE ('',( #3501 ) ) ;
#6408 = AXIS2_PLACEMENT_3D ( 'NONE', #9116, #6270, #7496 ) ;
#6409 = UNCERTAINTY_MEASURE_WITH_UNIT (LENGTH_MEASURE( 1.000000000000000082E-05 ), #1350, 'distance_accuracy_value', 'NONE');
#6410 = DIRECTION ( 'NONE',  ( 0.000000000000000000, -1.000000000000000000, 0.000000000000000000 ) ) ;
#6411 = CARTESIAN_POINT ( 'NONE',  ( -4.850000000000000533, 0.02000000000000000042, -4.000000000000000000 ) ) ;
#6412 = ADVANCED_FACE ( 'NONE', ( #6846 ), #4650, .F. ) ;
#6413 = ADVANCED_FACE ( 'NONE', ( #460 ), #2411, .T. ) ;
#6414 = SURFACE_STYLE_USAGE ( .BOTH. , #5825 ) ;
#6415 = CARTESIAN_POINT ( 'NONE',  ( -4.850000000000000533, 0.9799999999999999822, 2.200000000000000178 ) ) ;
#6416 = EDGE_CURVE ( 'NONE', #1675, #5356, #4607, .T. ) ;
#6417 = ORIENTED_EDGE ( 'NONE', *, *, #4154, .T. ) ;
#6418 = PRESENTATION_STYLE_ASSIGNMENT (( #3546 ) ) ;
#6419 = MECHANICAL_DESIGN_GEOMETRIC_PRESENTATION_REPRESENTATION (  '', ( #5937 ), #1819 ) ;
#6420 = DIRECTION ( 'NONE',  ( 0.000000000000000000, 0.000000000000000000, 1.000000000000000000 ) ) ;
#6421 = CARTESIAN_POINT ( 'NONE',  ( 3.950000000000000178, 0.000000000000000000, -8.673617379884039416E-16 ) ) ;
#6422 =( GEOMETRIC_REPRESENTATION_CONTEXT ( 3 ) GLOBAL_UNCERTAINTY_ASSIGNED_CONTEXT ( ( #7008 ) ) GLOBAL_UNIT_ASSIGNED_CONTEXT ( ( #4612, #7512, #6494 ) ) REPRESENTATION_CONTEXT ( 'NONE', 'WORKASPACE' ) );
#6423 = EDGE_LOOP ( 'NONE', ( #6836, #8361, #282, #2946, #3902, #4386 ) ) ;
#6424 = EDGE_CURVE ( 'NONE', #8288, #9012, #293, .T. ) ;
#6425 = SURFACE_SIDE_STYLE ('',( #4241 ) ) ;
#6426 = CARTESIAN_POINT ( 'NONE',  ( -4.850000000000000533, 0.9799999999999999822, 2.899999999999999911 ) ) ;
#6427 = SURFACE_STYLE_USAGE ( .BOTH. , #1240 ) ;
#6428 = PLANE ( 'NONE',  #6997 ) ;
#6429 = ORIENTED_EDGE ( 'NONE', *, *, #7168, .T. ) ;
#6430 = DIRECTION ( 'NONE',  ( 0.000000000000000000, -1.000000000000000000, 0.000000000000000000 ) ) ;
#6431 = SURFACE_SIDE_STYLE ('',( #2131 ) ) ;
#6432 = EDGE_CURVE ( 'NONE', #8080, #2033, #4127, .T. ) ;
#6433 = PLANE ( 'NONE',  #8877 ) ;
#6434 = FILL_AREA_STYLE_COLOUR ( '', #4349 ) ;
#6435 = EDGE_LOOP ( 'NONE', ( #6015, #5547, #1213, #9420 ) ) ;
#6436 = ORIENTED_EDGE ( 'NONE', *, *, #3093, .F. ) ;
#6437 = VERTEX_POINT ( 'NONE', #1174 ) ;
#6438 =( NAMED_UNIT ( * ) SI_UNIT ( $, .STERADIAN. ) SOLID_ANGLE_UNIT ( ) );
#6439 = LINE ( 'NONE', #5199, #3569 ) ;
#6440 = CYLINDRICAL_SURFACE ( 'NONE', #6764, 0.2500000000000002220 ) ;
#6441 = DIRECTION ( 'NONE',  ( 0.000000000000000000, 0.000000000000000000, 1.000000000000000000 ) ) ;
#6442 =( NAMED_UNIT ( * ) PLANE_ANGLE_UNIT ( ) SI_UNIT ( $, .RADIAN. ) );
#6443 = AXIS2_PLACEMENT_3D ( 'NONE', #5990, #8982, #6038 ) ;
#6444 =( NAMED_UNIT ( * ) SI_UNIT ( $, .STERADIAN. ) SOLID_ANGLE_UNIT ( ) );
#6445 = FILL_AREA_STYLE ('',( #4316 ) ) ;
#6446 = DIRECTION ( 'NONE',  ( -1.000000000000000000, 0.000000000000000000, 0.000000000000000000 ) ) ;
#6447 = CARTESIAN_POINT ( 'NONE',  ( -4.850000000000000533, 0.9799999999999999822, 1.949999999999999956 ) ) ;
#6448 = PRESENTATION_LAYER_ASSIGNMENT (  '', '', ( #5375 ) ) ;
#6449 = CARTESIAN_POINT ( 'NONE',  ( 4.850000000000000533, 0.02000000000000000042, -6.331740687315349681E-14 ) ) ;
#6450 = DIRECTION ( 'NONE',  ( -1.000000000000000000, 0.000000000000000000, 0.000000000000000000 ) ) ;
#6451 = LINE ( 'NONE', #2854, #1112 ) ;
#6452 = UNCERTAINTY_MEASURE_WITH_UNIT (LENGTH_MEASURE( 1.000000000000000082E-05 ), #7521, 'distance_accuracy_value', 'NONE');
#6453 = DIRECTION ( 'NONE',  ( -0.000000000000000000, 1.000000000000000000, 0.000000000000000000 ) ) ;
#6454 = AXIS2_PLACEMENT_3D ( 'NONE', #4259, #9224, #8538 ) ;
#6455 = AXIS2_PLACEMENT_3D ( 'NONE', #6188, #259, #969 ) ;
#6456 = ORIENTED_EDGE ( 'NONE', *, *, #3373, .F. ) ;
#6457 = EDGE_CURVE ( 'NONE', #2914, #7787, #7013, .T. ) ;
#6458 = CYLINDRICAL_SURFACE ( 'NONE', #8384, 0.4000000000000001887 ) ;
#6459 = EDGE_CURVE ( 'NONE', #7763, #5379, #2060, .T. ) ;
#6460 = SURFACE_STYLE_USAGE ( .BOTH. , #1338 ) ;
#6461 = MECHANICAL_DESIGN_GEOMETRIC_PRESENTATION_REPRESENTATION (  '', ( #4499 ), #6752 ) ;
#6462 = ORIENTED_EDGE ( 'NONE', *, *, #9248, .F. ) ;
#6463 = STYLED_ITEM ( 'NONE', ( #7858 ), #7497 ) ;
#6464 = PRESENTATION_STYLE_ASSIGNMENT (( #705 ) ) ;
#6465 = CARTESIAN_POINT ( 'NONE',  ( 4.850000000000000533, 0.000000000000000000, -1.800000000000000044 ) ) ;
#6466 = CARTESIAN_POINT ( 'NONE',  ( -4.850000000000000533, 0.02000000000000000042, -5.049999999999999822 ) ) ;
#6467 = VECTOR ( 'NONE', #913, 1000.000000000000000 ) ;
#6468 = ADVANCED_FACE ( 'NONE', ( #7063 ), #9291, .T. ) ;
#6469 = COLOUR_RGB ( '',1.000000000000000000, 0.8117647058823529438, 0.5019607843137254832 ) ;
#6470 = CARTESIAN_POINT ( 'NONE',  ( -4.850000000000000533, 0.9799999999999999822, -1.350000000000000089 ) ) ;
#6471 = EDGE_CURVE ( 'NONE', #2589, #2124, #2760, .T. ) ;
#6472 = MECHANICAL_DESIGN_GEOMETRIC_PRESENTATION_REPRESENTATION (  '', ( #7977 ), #5094 ) ;
#6473 = ORIENTED_EDGE ( 'NONE', *, *, #1656, .F. ) ;
#6474 = ORIENTED_EDGE ( 'NONE', *, *, #8954, .T. ) ;
#6475 = DIRECTION ( 'NONE',  ( 0.000000000000000000, 0.000000000000000000, 1.000000000000000000 ) ) ;
#6476 = SURFACE_SIDE_STYLE ('',( #585 ) ) ;
#6477 = DIRECTION ( 'NONE',  ( 0.000000000000000000, 1.000000000000000000, 0.000000000000000000 ) ) ;
#6478 = CARTESIAN_POINT ( 'NONE',  ( -3.950000000000000178, 0.02000000000000000042, -2.899999999999999911 ) ) ;
#6479 = MECHANICAL_DESIGN_GEOMETRIC_PRESENTATION_REPRESENTATION (  '', ( #8599 ), #3582 ) ;
#6480 = AXIS2_PLACEMENT_3D ( 'NONE', #6497, #8724, #9244 ) ;
#6481 =( NAMED_UNIT ( * ) PLANE_ANGLE_UNIT ( ) SI_UNIT ( $, .RADIAN. ) );
#6482 = DIRECTION ( 'NONE',  ( -1.000000000000000000, 0.000000000000000000, 0.000000000000000000 ) ) ;
#6483 = EDGE_CURVE ( 'NONE', #7548, #5366, #6451, .T. ) ;
#6484 = FILL_AREA_STYLE ('',( #4996 ) ) ;
#6485 = ORIENTED_EDGE ( 'NONE', *, *, #1518, .F. ) ;
#6486 = ORIENTED_EDGE ( 'NONE', *, *, #4643, .F. ) ;
#6487 = ORIENTED_EDGE ( 'NONE', *, *, #1169, .F. ) ;
#6488 = DIRECTION ( 'NONE',  ( 1.000000000000000000, 0.000000000000000000, 0.000000000000000000 ) ) ;
#6489 = FACE_OUTER_BOUND ( 'NONE', #8018, .T. ) ;
#6490 = PLANE ( 'NONE',  #3923 ) ;
#6491 = DIRECTION ( 'NONE',  ( 0.000000000000000000, -1.000000000000000000, 0.000000000000000000 ) ) ;
#6492 = SURFACE_STYLE_USAGE ( .BOTH. , #7911 ) ;
#6493 = SURFACE_STYLE_USAGE ( .BOTH. , #8587 ) ;
#6494 =( NAMED_UNIT ( * ) SI_UNIT ( $, .STERADIAN. ) SOLID_ANGLE_UNIT ( ) );
#6495 = VECTOR ( 'NONE', #4408, 1000.000000000000000 ) ;
#6496 = CARTESIAN_POINT ( 'NONE',  ( -4.850000000000000533, 0.9799999999999999822, 3.299999999999999822 ) ) ;
#6497 = CARTESIAN_POINT ( 'NONE',  ( -4.850000000000000533, 0.9799999999999999822, 3.299999999999999822 ) ) ;
#6498 = AXIS2_PLACEMENT_3D ( 'NONE', #7411, #1680, #8976 ) ;
#6499 = DIRECTION ( 'NONE',  ( 0.000000000000000000, -1.000000000000000000, 0.000000000000000000 ) ) ;
#6500 = CARTESIAN_POINT ( 'NONE',  ( -4.850000000000000533, 0.02000000000000000042, 0.8499999999999509059 ) ) ;
#6501 =( NAMED_UNIT ( * ) PLANE_ANGLE_UNIT ( ) SI_UNIT ( $, .RADIAN. ) );
#6502 = CIRCLE ( 'NONE', #6030, 0.2500000000000002220 ) ;
#6503 = ORIENTED_EDGE ( 'NONE', *, *, #6654, .F. ) ;
#6504 = FILL_AREA_STYLE_COLOUR ( '', #5025 ) ;
#6505 =( NAMED_UNIT ( * ) SI_UNIT ( $, .STERADIAN. ) SOLID_ANGLE_UNIT ( ) );
#6506 = ORIENTED_EDGE ( 'NONE', *, *, #7385, .F. ) ;
#6507 = ORIENTED_EDGE ( 'NONE', *, *, #4539, .F. ) ;
#6508 = AXIS2_PLACEMENT_3D ( 'NONE', #7141, #7226, #7 ) ;
#6509 = PLANE ( 'NONE',  #4262 ) ;
#6510 = SURFACE_SIDE_STYLE ('',( #5923 ) ) ;
#6511 = EDGE_CURVE ( 'NONE', #803, #381, #690, .T. ) ;
#6512 = CYLINDRICAL_SURFACE ( 'NONE', #8947, 0.4000000000000001887 ) ;
#6513 = MECHANICAL_DESIGN_GEOMETRIC_PRESENTATION_REPRESENTATION (  '', ( #6660 ), #8919 ) ;
#6514 = CARTESIAN_POINT ( 'NONE',  ( 4.850000000000000533, 0.02000000000000000042, 2.600000000000000089 ) ) ;
#6515 = STYLED_ITEM ( 'NONE', ( #2195 ), #651 ) ;
#6516 = ORIENTED_EDGE ( 'NONE', *, *, #3824, .T. ) ;
#6517 = ORIENTED_EDGE ( 'NONE', *, *, #3770, .T. ) ;
#6518 = AXIS2_PLACEMENT_3D ( 'NONE', #7830, #6370, #1133 ) ;
#6519 =( NAMED_UNIT ( * ) PLANE_ANGLE_UNIT ( ) SI_UNIT ( $, .RADIAN. ) );
#6520 = ORIENTED_EDGE ( 'NONE', *, *, #6128, .T. ) ;
#6521 = DIRECTION ( 'NONE',  ( 0.000000000000000000, 1.000000000000000000, 0.000000000000000000 ) ) ;
#6522 = LINE ( 'NONE', #2919, #2989 ) ;
#6523 = DIRECTION ( 'NONE',  ( 0.000000000000000000, 1.000000000000000000, 0.000000000000000000 ) ) ;
#6524 = EDGE_CURVE ( 'NONE', #6229, #5962, #7828, .T. ) ;
#6525 = EDGE_CURVE ( 'NONE', #7980, #4767, #3503, .T. ) ;
#6526 = STYLED_ITEM ( 'NONE', ( #9418 ), #2055 ) ;
#6527 = PLANE ( 'NONE',  #5381 ) ;
#6528 = VECTOR ( 'NONE', #2303, 1000.000000000000000 ) ;
#6529 = SURFACE_STYLE_FILL_AREA ( #667 ) ;
#6530 = FILL_AREA_STYLE ('',( #671 ) ) ;
#6531 = PRESENTATION_LAYER_ASSIGNMENT (  '', '', ( #2120 ) ) ;
#6532 = VECTOR ( 'NONE', #6882, 1000.000000000000000 ) ;
#6533 = ORIENTED_EDGE ( 'NONE', *, *, #3574, .F. ) ;
#6534 = CARTESIAN_POINT ( 'NONE',  ( 4.850000000000000533, 0.000000000000000000, 3.700000000000000178 ) ) ;
#6535 = CARTESIAN_POINT ( 'NONE',  ( 1.734723475976809855E-15, 0.02000000000000000042, -8.673617379884039416E-16 ) ) ;
#6536 = DIRECTION ( 'NONE',  ( -1.000000000000000000, 0.000000000000000000, 0.000000000000000000 ) ) ;
#6537 = EDGE_CURVE ( 'NONE', #6183, #4239, #1417, .T. ) ;
#6538 = AXIS2_PLACEMENT_3D ( 'NONE', #1, #5217, #2162 ) ;
#6539 = CARTESIAN_POINT ( 'NONE',  ( -4.850000000000000533, 1.000000000000000000, -8.673617379884039416E-16 ) ) ;
#6540 = DIRECTION ( 'NONE',  ( 0.000000000000000000, 0.000000000000000000, 1.000000000000000000 ) ) ;
#6541 =( LENGTH_UNIT ( ) NAMED_UNIT ( * ) SI_UNIT ( .MILLI., .METRE. ) );
#6542 = STYLED_ITEM ( 'NONE', ( #6201 ), #2648 ) ;
#6543 = LINE ( 'NONE', #9432, #5492 ) ;
#6544 = DIRECTION ( 'NONE',  ( 0.000000000000000000, 1.000000000000000000, 0.000000000000000000 ) ) ;
#6545 = CARTESIAN_POINT ( 'NONE',  ( -4.850000000000000533, 0.000000000000000000, 0.3999999999998999911 ) ) ;
#6546 = EDGE_CURVE ( 'NONE', #315, #5856, #3636, .T. ) ;
#6547 = CARTESIAN_POINT ( 'NONE',  ( -4.120000000000000107, 2.449999999999999734, -8.673617379884039416E-16 ) ) ;
#6548 = CARTESIAN_POINT ( 'NONE',  ( -4.850000000000000533, 0.9799999999999999822, -2.449999999999999734 ) ) ;
#6549 = SURFACE_SIDE_STYLE ('',( #648 ) ) ;
#6550 = LINE ( 'NONE', #526, #7864 ) ;
#6551 = CARTESIAN_POINT ( 'NONE',  ( -3.950000000000000178, 0.000000000000000000, -4.000000000000000000 ) ) ;
#6552 = CIRCLE ( 'NONE', #2132, 0.4000000000000001887 ) ;
#6553 = PLANE ( 'NONE',  #3023 ) ;
#6554 = EDGE_LOOP ( 'NONE', ( #9317, #6389, #1344, #7224 ) ) ;
#6555 = ORIENTED_EDGE ( 'NONE', *, *, #1568, .F. ) ;
#6556 = LINE ( 'NONE', #614, #3637 ) ;
#6557 = CARTESIAN_POINT ( 'NONE',  ( -4.850000000000000533, 0.000000000000000000, -5.049999999999999822 ) ) ;
#6558 = CARTESIAN_POINT ( 'NONE',  ( -4.850000000000000533, 0.9799999999999999822, 2.200000000000000178 ) ) ;
#6559 = STYLED_ITEM ( 'NONE', ( #5589 ), #1604 ) ;
#6560 =( LENGTH_UNIT ( ) NAMED_UNIT ( * ) SI_UNIT ( .MILLI., .METRE. ) );
#6561 =( NAMED_UNIT ( * ) SI_UNIT ( $, .STERADIAN. ) SOLID_ANGLE_UNIT ( ) );
#6562 = VERTEX_POINT ( 'NONE', #7250 ) ;
#6563 = PRESENTATION_LAYER_ASSIGNMENT (  '', '', ( #8546 ) ) ;
#6564 = VERTEX_POINT ( 'NONE', #514 ) ;
#6565 = SURFACE_SIDE_STYLE ('',( #7838 ) ) ;
#6566 = FACE_OUTER_BOUND ( 'NONE', #5197, .T. ) ;
#6567 = VERTEX_POINT ( 'NONE', #6411 ) ;
#6568 = CARTESIAN_POINT ( 'NONE',  ( 1.734723475976809855E-15, 0.000000000000000000, -0.4000000000000989986 ) ) ;
#6569 = SURFACE_STYLE_FILL_AREA ( #5802 ) ;
#6570 = DIRECTION ( 'NONE',  ( -0.000000000000000000, 1.000000000000000000, 0.000000000000000000 ) ) ;
#6571 = PRESENTATION_LAYER_ASSIGNMENT (  '', '', ( #5344 ) ) ;
#6572 = CARTESIAN_POINT ( 'NONE',  ( -4.850000000000000533, 0.02000000000000000042, 2.600000000000000089 ) ) ;
#6573 = FILL_AREA_STYLE ('',( #1262 ) ) ;
#6574 = FILL_AREA_STYLE ('',( #2136 ) ) ;
#6575 = ORIENTED_EDGE ( 'NONE', *, *, #767, .T. ) ;
#6576 = ADVANCED_FACE ( 'NONE', ( #5645 ), #2017, .T. ) ;
#6577 = EDGE_CURVE ( 'NONE', #4513, #8526, #929, .T. ) ;
#6578 = EDGE_LOOP ( 'NONE', ( #9445, #737, #6204, #197 ) ) ;
#6579 = DIRECTION ( 'NONE',  ( 0.000000000000000000, -1.000000000000000000, 0.000000000000000000 ) ) ;
#6580 = CARTESIAN_POINT ( 'NONE',  ( -4.850000000000000533, 0.000000000000000000, -1.100000000000000089 ) ) ;
#6581 = LINE ( 'NONE', #2233, #2388 ) ;
#6582 = CARTESIAN_POINT ( 'NONE',  ( 4.850000000000000533, 0.000000000000000000, -0.7000000000001009859 ) ) ;
#6583 = PRESENTATION_LAYER_ASSIGNMENT (  '', '', ( #1222 ) ) ;
#6584 = DIRECTION ( 'NONE',  ( 1.000000000000000000, 0.000000000000000000, 0.000000000000000000 ) ) ;
#6585 = DIRECTION ( 'NONE',  ( 0.000000000000000000, 0.000000000000000000, 1.000000000000000000 ) ) ;
#6586 = EDGE_CURVE ( 'NONE', #5634, #9012, #4213, .T. ) ;
#6587 = CARTESIAN_POINT ( 'NONE',  ( 1.734723475976809855E-15, 0.02000000000000000042, 4.000000000000000000 ) ) ;
#6588 = CARTESIAN_POINT ( 'NONE',  ( 1.734723475976809855E-15, 0.000000000000000000, 3.700000000000000178 ) ) ;
#6589 =( NAMED_UNIT ( * ) SI_UNIT ( $, .STERADIAN. ) SOLID_ANGLE_UNIT ( ) );
#6590 = CARTESIAN_POINT ( 'NONE',  ( -4.850000000000000533, 0.9799999999999999822, -2.899999999999999911 ) ) ;
#6591 = PLANE ( 'NONE',  #4116 ) ;
#6592 = SURFACE_SIDE_STYLE ('',( #2941 ) ) ;
#6593 = ORIENTED_EDGE ( 'NONE', *, *, #5338, .F. ) ;
#6594 = AXIS2_PLACEMENT_3D ( 'NONE', #5770, #1515, #6622 ) ;
#6595 = CARTESIAN_POINT ( 'NONE',  ( 4.850000000000000533, 1.000000000000000000, 2.600000000000000089 ) ) ;
#6596 = EDGE_CURVE ( 'NONE', #6564, #2558, #178, .T. ) ;
#6597 =( LENGTH_UNIT ( ) NAMED_UNIT ( * ) SI_UNIT ( .MILLI., .METRE. ) );
#6598 = ORIENTED_EDGE ( 'NONE', *, *, #1974, .F. ) ;
#6599 = ORIENTED_EDGE ( 'NONE', *, *, #6972, .F. ) ;
#6600 = DIRECTION ( 'NONE',  ( 0.000000000000000000, -1.000000000000000000, 0.000000000000000000 ) ) ;
#6601 = ORIENTED_EDGE ( 'NONE', *, *, #2134, .T. ) ;
#6602 = EDGE_LOOP ( 'NONE', ( #7047, #983, #2523, #1671 ) ) ;
#6603 = VECTOR ( 'NONE', #5954, 1000.000000000000000 ) ;
#6604 = VECTOR ( 'NONE', #4416, 1000.000000000000000 ) ;
#6605 = VECTOR ( 'NONE', #7478, 1000.000000000000000 ) ;
#6606 = EDGE_LOOP ( 'NONE', ( #1358, #8020, #5002, #3601, #6593 ) ) ;
#6607 = ORIENTED_EDGE ( 'NONE', *, *, #2164, .T. ) ;
#6608 = FILL_AREA_STYLE_COLOUR ( '', #4939 ) ;
#6609 = DIRECTION ( 'NONE',  ( -0.000000000000000000, 1.000000000000000000, 0.000000000000000000 ) ) ;
#6610 = DIRECTION ( 'NONE',  ( 0.000000000000000000, 0.000000000000000000, 1.000000000000000000 ) ) ;
#6611 = COLOUR_RGB ( '',1.000000000000000000, 0.8117647058823529438, 0.5019607843137254832 ) ;
#6612 = VECTOR ( 'NONE', #3473, 1000.000000000000000 ) ;
#6613 = CARTESIAN_POINT ( 'NONE',  ( -4.270000000000000462, 1.050000000000000044, -8.673617379884039416E-16 ) ) ;
#6614 =( GEOMETRIC_REPRESENTATION_CONTEXT ( 3 ) GLOBAL_UNCERTAINTY_ASSIGNED_CONTEXT ( ( #5459 ) ) GLOBAL_UNIT_ASSIGNED_CONTEXT ( ( #7034, #8420, #7754 ) ) REPRESENTATION_CONTEXT ( 'NONE', 'WORKASPACE' ) );
#6615 = CARTESIAN_POINT ( 'NONE',  ( 4.850000000000000533, 0.000000000000000000, 3.700000000000000178 ) ) ;
#6616 = VERTEX_POINT ( 'NONE', #6053 ) ;
#6617 = CIRCLE ( 'NONE', #3428, 0.4000000000000001887 ) ;
#6618 = CARTESIAN_POINT ( 'NONE',  ( -4.850000000000000533, 0.9799999999999999822, -4.649999999999999467 ) ) ;
#6619 = STYLED_ITEM ( 'NONE', ( #6330 ), #6232 ) ;
#6620 = PLANE ( 'NONE',  #1421 ) ;
#6621 = CARTESIAN_POINT ( 'NONE',  ( 3.950000000000000178, 0.000000000000000000, -3.700000000000000178 ) ) ;
#6622 = DIRECTION ( 'NONE',  ( 1.000000000000000000, 0.000000000000000000, 0.000000000000000000 ) ) ;
#6623 = MECHANICAL_DESIGN_GEOMETRIC_PRESENTATION_REPRESENTATION (  '', ( #4205 ), #8136 ) ;
#6624 = CARTESIAN_POINT ( 'NONE',  ( 4.850000000000000533, 0.000000000000000000, 5.049999999999999822 ) ) ;
#6625 = CARTESIAN_POINT ( 'NONE',  ( 4.850000000000000533, 1.000000000000000000, -2.899999999999999911 ) ) ;
#6626 = EDGE_CURVE ( 'NONE', #8484, #7449, #4648, .T. ) ;
#6627 =( NAMED_UNIT ( * ) PLANE_ANGLE_UNIT ( ) SI_UNIT ( $, .RADIAN. ) );
#6628 = CARTESIAN_POINT ( 'NONE',  ( 4.850000000000000533, 0.000000000000000000, 5.049999999999999822 ) ) ;
#6629 = VERTEX_POINT ( 'NONE', #7477 ) ;
#6630 = STYLED_ITEM ( 'NONE', ( #4360 ), #7466 ) ;
#6631 = CYLINDRICAL_SURFACE ( 'NONE', #5443, 0.5000000000000000000 ) ;
#6632 = SURFACE_STYLE_FILL_AREA ( #8006 ) ;
#6633 = CARTESIAN_POINT ( 'NONE',  ( 4.850000000000000533, 1.000000000000000000, -4.400000000000000355 ) ) ;
#6634 = EDGE_CURVE ( 'NONE', #2210, #1442, #8766, .T. ) ;
#6635 = EDGE_CURVE ( 'NONE', #3451, #6183, #887, .T. ) ;
#6636 =( NAMED_UNIT ( * ) SI_UNIT ( $, .STERADIAN. ) SOLID_ANGLE_UNIT ( ) );
#6637 = FACE_OUTER_BOUND ( 'NONE', #1261, .T. ) ;
#6638 = VERTEX_POINT ( 'NONE', #5293 ) ;
#6639 = CARTESIAN_POINT ( 'NONE',  ( 4.270000000000000462, 1.050000000000000044, 4.290000000000000036 ) ) ;
#6640 = FACE_OUTER_BOUND ( 'NONE', #2791, .T. ) ;
#6641 = ORIENTED_EDGE ( 'NONE', *, *, #8516, .F. ) ;
#6642 = ORIENTED_EDGE ( 'NONE', *, *, #7158, .T. ) ;
#6643 = EDGE_CURVE ( 'NONE', #7922, #9225, #3728, .T. ) ;
#6644 = AXIS2_PLACEMENT_3D ( 'NONE', #6234, #7747, #9122 ) ;
#6645 = ORIENTED_EDGE ( 'NONE', *, *, #7264, .F. ) ;
#6646 = CARTESIAN_POINT ( 'NONE',  ( -4.850000000000000533, 0.000000000000000000, -5.049999999999999822 ) ) ;
#6647 = ORIENTED_EDGE ( 'NONE', *, *, #3949, .T. ) ;
#6648 = AXIS2_PLACEMENT_3D ( 'NONE', #6288, #7801, #4995 ) ;
#6649 = ORIENTED_EDGE ( 'NONE', *, *, #3106, .F. ) ;
#6650 = CARTESIAN_POINT ( 'NONE',  ( -4.850000000000000533, 0.9799999999999999822, 1.500000000000000000 ) ) ;
#6651 =( GEOMETRIC_REPRESENTATION_CONTEXT ( 3 ) GLOBAL_UNCERTAINTY_ASSIGNED_CONTEXT ( ( #5018 ) ) GLOBAL_UNIT_ASSIGNED_CONTEXT ( ( #7436, #3118, #6711 ) ) REPRESENTATION_CONTEXT ( 'NONE', 'WORKASPACE' ) );
#6652 = ORIENTED_EDGE ( 'NONE', *, *, #4004, .T. ) ;
#6653 = UNCERTAINTY_MEASURE_WITH_UNIT (LENGTH_MEASURE( 1.000000000000000082E-05 ), #4315, 'distance_accuracy_value', 'NONE');
#6654 = EDGE_CURVE ( 'NONE', #2811, #2589, #2202, .T. ) ;
#6655 = PRESENTATION_LAYER_ASSIGNMENT (  '', '', ( #2556 ) ) ;
#6656 = AXIS2_PLACEMENT_3D ( 'NONE', #7961, #693, #5817 ) ;
#6657 = CARTESIAN_POINT ( 'NONE',  ( -4.850000000000000533, 0.000000000000000000, -1.800000000000000044 ) ) ;
#6658 = CARTESIAN_POINT ( 'NONE',  ( 1.734723475976809855E-15, 0.000000000000000000, 2.899999999999999911 ) ) ;
#6659 = LINE ( 'NONE', #8128, #8932 ) ;
#6660 = STYLED_ITEM ( 'NONE', ( #4305 ), #8345 ) ;
#6661 = ORIENTED_EDGE ( 'NONE', *, *, #2721, .T. ) ;
#6662 = DIRECTION ( 'NONE',  ( 0.000000000000000000, 1.000000000000000000, 0.000000000000000000 ) ) ;
#6663 = DIRECTION ( 'NONE',  ( 0.000000000000000000, -1.000000000000000000, 0.000000000000000000 ) ) ;
#6664 = COLOUR_RGB ( '',1.000000000000000000, 0.8117647058823529438, 0.5019607843137254832 ) ;
#6665 = CARTESIAN_POINT ( 'NONE',  ( 4.850000000000000533, 0.02000000000000000042, -3.299999999999999822 ) ) ;
#6666 = CARTESIAN_POINT ( 'NONE',  ( -4.850000000000000533, 1.000000000000000000, -2.600000000000000089 ) ) ;
#6667 = FILL_AREA_STYLE ('',( #1648 ) ) ;
#6668 = CARTESIAN_POINT ( 'NONE',  ( -3.700000000000000178, 2.299999999999999822, -3.850000000000000089 ) ) ;
#6669 = VECTOR ( 'NONE', #5688, 1000.000000000000000 ) ;
#6670 = STYLED_ITEM ( 'NONE', ( #6153 ), #4833 ) ;
#6671 = CARTESIAN_POINT ( 'NONE',  ( -4.850000000000000533, 0.02000000000000000042, -4.150000000000000355 ) ) ;
#6672 = COLOUR_RGB ( '',1.000000000000000000, 0.8117647058823529438, 0.5019607843137254832 ) ;
#6673 = EDGE_CURVE ( 'NONE', #6169, #2398, #7427, .T. ) ;
#6674 = DIRECTION ( 'NONE',  ( 0.000000000000000000, -1.000000000000000000, 0.000000000000000000 ) ) ;
#6675 = COLOUR_RGB ( '',1.000000000000000000, 0.8117647058823529438, 0.5019607843137254832 ) ;
#6676 = CARTESIAN_POINT ( 'NONE',  ( 4.850000000000000533, 0.9799999999999999822, 1.100000000000000089 ) ) ;
#6677 = AXIS2_PLACEMENT_3D ( 'NONE', #2007, #7811, #507 ) ;
#6678 = CARTESIAN_POINT ( 'NONE',  ( 4.120000000000000107, 2.149999999999999911, -4.590000000000000746 ) ) ;
#6679 = STYLED_ITEM ( 'NONE', ( #5031 ), #2452 ) ;
#6680 =( GEOMETRIC_REPRESENTATION_CONTEXT ( 3 ) GLOBAL_UNCERTAINTY_ASSIGNED_CONTEXT ( ( #8084 ) ) GLOBAL_UNIT_ASSIGNED_CONTEXT ( ( #6720, #2343, #6770 ) ) REPRESENTATION_CONTEXT ( 'NONE', 'WORKASPACE' ) );
#6681 = DIRECTION ( 'NONE',  ( 0.000000000000000000, 0.000000000000000000, -1.000000000000000000 ) ) ;
#6682 = CARTESIAN_POINT ( 'NONE',  ( -4.850000000000000533, 0.02000000000000000042, -1.800000000000000044 ) ) ;
#6683 = ORIENTED_EDGE ( 'NONE', *, *, #378, .F. ) ;
#6684 = COLOUR_RGB ( '',1.000000000000000000, 0.8117647058823529438, 0.5019607843137254832 ) ;
#6685 = FACE_OUTER_BOUND ( 'NONE', #6423, .T. ) ;
#6686 = EDGE_CURVE ( 'NONE', #3798, #1528, #1570, .T. ) ;
#6687 = EDGE_LOOP ( 'NONE', ( #6786, #3214, #3119, #2218, #8916, #1551 ) ) ;
#6688 = ADVANCED_FACE ( 'NONE', ( #3818 ), #8007, .F. ) ;
#6689 = VERTEX_POINT ( 'NONE', #2639 ) ;
#6690 = CARTESIAN_POINT ( 'NONE',  ( 4.850000000000000533, 0.9799999999999999822, 4.649999999999999467 ) ) ;
#6691 = STYLED_ITEM ( 'NONE', ( #980 ), #6158 ) ;
#6692 = LINE ( 'NONE', #8910, #5614 ) ;
#6693 = CARTESIAN_POINT ( 'NONE',  ( 4.850000000000000533, 1.000000000000000000, -4.400000000000000355 ) ) ;
#6694 = ORIENTED_EDGE ( 'NONE', *, *, #8753, .F. ) ;
#6695 = ORIENTED_EDGE ( 'NONE', *, *, #2492, .F. ) ;
#6696 = UNCERTAINTY_MEASURE_WITH_UNIT (LENGTH_MEASURE( 1.000000000000000082E-05 ), #7011, 'distance_accuracy_value', 'NONE');
#6697 = VERTEX_POINT ( 'NONE', #5430 ) ;
#6698 = ADVANCED_FACE ( 'NONE', ( #9143 ), #2537, .F. ) ;
#6699 = VECTOR ( 'NONE', #8399, 1000.000000000000000 ) ;
#6700 = ORIENTED_EDGE ( 'NONE', *, *, #2581, .F. ) ;
#6701 = CARTESIAN_POINT ( 'NONE',  ( -4.850000000000000533, 1.000000000000000000, -0.7000000000000490274 ) ) ;
#6702 = CARTESIAN_POINT ( 'NONE',  ( -3.743898866310354734, 2.449999999999999734, -3.922363042438184788 ) ) ;
#6703 = PRESENTATION_STYLE_ASSIGNMENT (( #6026 ) ) ;
#6704 = CARTESIAN_POINT ( 'NONE',  ( 1.734723475976809855E-15, 0.02000000000000000042, -8.673617379884039416E-16 ) ) ;
#6705 = CARTESIAN_POINT ( 'NONE',  ( -3.700000000000000178, 2.500000000000000000, -3.850000000000000089 ) ) ;
#6706 = MECHANICAL_DESIGN_GEOMETRIC_PRESENTATION_REPRESENTATION (  '', ( #145 ), #7010 ) ;
#6707 = VERTEX_POINT ( 'NONE', #4814 ) ;
#6708 = EDGE_CURVE ( 'NONE', #1528, #3329, #6907, .T. ) ;
#6709 = CARTESIAN_POINT ( 'NONE',  ( 3.950000000000000178, 0.02000000000000000042, 3.700000000000000178 ) ) ;
#6710 = SURFACE_SIDE_STYLE ('',( #5095 ) ) ;
#6711 =( NAMED_UNIT ( * ) SI_UNIT ( $, .STERADIAN. ) SOLID_ANGLE_UNIT ( ) );
#6712 = AXIS2_PLACEMENT_3D ( 'NONE', #1242, #4980, #7083 ) ;
#6713 = CYLINDRICAL_SURFACE ( 'NONE', #4933, 0.4000000000000001887 ) ;
#6714 = CARTESIAN_POINT ( 'NONE',  ( -4.850000000000000533, 0.000000000000000000, 2.600000000000000089 ) ) ;
#6715 = ORIENTED_EDGE ( 'NONE', *, *, #2680, .T. ) ;
#6716 = DIRECTION ( 'NONE',  ( 0.000000000000000000, 1.000000000000000000, 0.000000000000000000 ) ) ;
#6717 =( NAMED_UNIT ( * ) SI_UNIT ( $, .STERADIAN. ) SOLID_ANGLE_UNIT ( ) );
#6718 = SURFACE_SIDE_STYLE ('',( #1340 ) ) ;
#6719 = STYLED_ITEM ( 'NONE', ( #7892 ), #958 ) ;
#6720 =( LENGTH_UNIT ( ) NAMED_UNIT ( * ) SI_UNIT ( .MILLI., .METRE. ) );
#6721 = LINE ( 'NONE', #180, #5314 ) ;
#6722 = FILL_AREA_STYLE ('',( #3821 ) ) ;
#6723 = SURFACE_SIDE_STYLE ('',( #8855 ) ) ;
#6724 = VERTEX_POINT ( 'NONE', #8989 ) ;
#6725 = PLANE ( 'NONE',  #1663 ) ;
#6726 = EDGE_LOOP ( 'NONE', ( #1284, #4902, #3078, #1043 ) ) ;
#6727 = EDGE_LOOP ( 'NONE', ( #5043, #7978, #5352, #9113 ) ) ;
#6728 = LINE ( 'NONE', #3126, #4266 ) ;
#6729 = FILL_AREA_STYLE_COLOUR ( '', #6375 ) ;
#6730 = COLOUR_RGB ( '',1.000000000000000000, 0.8117647058823529438, 0.5019607843137254832 ) ;
#6731 = EDGE_CURVE ( 'NONE', #2821, #9246, #1845, .T. ) ;
#6732 = EDGE_CURVE ( 'NONE', #963, #8118, #8239, .T. ) ;
#6733 = FACE_OUTER_BOUND ( 'NONE', #4464, .T. ) ;
#6734 = EDGE_LOOP ( 'NONE', ( #3701, #5228, #3081, #4000 ) ) ;
#6735 = ORIENTED_EDGE ( 'NONE', *, *, #7292, .T. ) ;
#6736 = DIRECTION ( 'NONE',  ( 0.000000000000000000, -1.000000000000000000, 0.000000000000000000 ) ) ;
#6737 = VECTOR ( 'NONE', #5320, 1000.000000000000000 ) ;
#6738 = ORIENTED_EDGE ( 'NONE', *, *, #3146, .F. ) ;
#6739 = STYLED_ITEM ( 'NONE', ( #5244 ), #2829 ) ;
#6740 = FACE_OUTER_BOUND ( 'NONE', #1110, .T. ) ;
#6741 = ADVANCED_FACE ( 'NONE', ( #975 ), #1695, .F. ) ;
#6742 = ADVANCED_FACE ( 'NONE', ( #1748 ), #4676, .T. ) ;
#6743 = CARTESIAN_POINT ( 'NONE',  ( 3.950000000000000178, 0.000000000000000000, -4.799999999999999822 ) ) ;
#6744 = CARTESIAN_POINT ( 'NONE',  ( 4.100000000000000533, 2.500000000000000000, 3.850000000000000089 ) ) ;
#6745 = AXIS2_PLACEMENT_3D ( 'NONE', #8394, #8946, #9044 ) ;
#6746 = FACE_OUTER_BOUND ( 'NONE', #1231, .T. ) ;
#6747 = VECTOR ( 'NONE', #871, 1000.000000000000000 ) ;
#6748 = ORIENTED_EDGE ( 'NONE', *, *, #3456, .F. ) ;
#6749 = FILL_AREA_STYLE ('',( #3849 ) ) ;
#6750 = ORIENTED_EDGE ( 'NONE', *, *, #917, .F. ) ;
#6751 = LINE ( 'NONE', #7561, #2684 ) ;
#6752 =( GEOMETRIC_REPRESENTATION_CONTEXT ( 3 ) GLOBAL_UNCERTAINTY_ASSIGNED_CONTEXT ( ( #3360 ) ) GLOBAL_UNIT_ASSIGNED_CONTEXT ( ( #3379, #8421, #4101 ) ) REPRESENTATION_CONTEXT ( 'NONE', 'WORKASPACE' ) );
#6753 = DIRECTION ( 'NONE',  ( 0.000000000000000000, 0.000000000000000000, 1.000000000000000000 ) ) ;
#6754 = CARTESIAN_POINT ( 'NONE',  ( -3.950000000000000178, 0.000000000000000000, 1.500000000000000000 ) ) ;
#6755 = DIRECTION ( 'NONE',  ( 0.000000000000000000, 1.000000000000000000, 0.000000000000000000 ) ) ;
#6756 = COLOUR_RGB ( '',1.000000000000000000, 0.8117647058823529438, 0.5019607843137254832 ) ;
#6757 = COLOUR_RGB ( '',1.000000000000000000, 0.8117647058823529438, 0.5019607843137254832 ) ;
#6758 = EDGE_CURVE ( 'NONE', #5349, #3317, #9279, .T. ) ;
#6759 = SURFACE_STYLE_FILL_AREA ( #130 ) ;
#6760 = FILL_AREA_STYLE_COLOUR ( '', #6150 ) ;
#6761 = ORIENTED_EDGE ( 'NONE', *, *, #7984, .T. ) ;
#6762 = DIRECTION ( 'NONE',  ( 0.000000000000000000, 0.000000000000000000, -1.000000000000000000 ) ) ;
#6763 = EDGE_LOOP ( 'NONE', ( #7537, #8792, #7294, #808 ) ) ;
#6764 = AXIS2_PLACEMENT_3D ( 'NONE', #634, #4216, #3577 ) ;
#6765 = COLOUR_RGB ( '',1.000000000000000000, 0.8117647058823529438, 0.5019607843137254832 ) ;
#6766 = VERTEX_POINT ( 'NONE', #2052 ) ;
#6767 = CARTESIAN_POINT ( 'NONE',  ( 4.850000000000000533, 0.000000000000000000, 5.049999999999999822 ) ) ;
#6768 = LINE ( 'NONE', #8290, #3112 ) ;
#6769 = CARTESIAN_POINT ( 'NONE',  ( -4.120000000000000107, 2.149999999999999911, -4.290000000000000036 ) ) ;
#6770 =( NAMED_UNIT ( * ) SI_UNIT ( $, .STERADIAN. ) SOLID_ANGLE_UNIT ( ) );
#6771 = EDGE_CURVE ( 'NONE', #1832, #9225, #8728, .T. ) ;
#6772 = CARTESIAN_POINT ( 'NONE',  ( -4.850000000000000533, 0.9799999999999999822, -1.100000000000000089 ) ) ;
#6773 = DIRECTION ( 'NONE',  ( 0.000000000000000000, 1.000000000000000000, 0.000000000000000000 ) ) ;
#6774 = VECTOR ( 'NONE', #6391, 1000.000000000000000 ) ;
#6775 = FILL_AREA_STYLE_COLOUR ( '', #8323 ) ;
#6776 = ORIENTED_EDGE ( 'NONE', *, *, #6985, .T. ) ;
#6777 = CARTESIAN_POINT ( 'NONE',  ( 3.950000000000000178, 0.02000000000000000042, -8.673617379884039416E-16 ) ) ;
#6778 = EDGE_LOOP ( 'NONE', ( #3229, #6503, #5631, #844 ) ) ;
#6779 = ORIENTED_EDGE ( 'NONE', *, *, #6416, .F. ) ;
#6780 = CARTESIAN_POINT ( 'NONE',  ( -4.850000000000000533, 0.02000000000000000042, 2.449999999999999734 ) ) ;
#6781 = CARTESIAN_POINT ( 'NONE',  ( -4.850000000000000533, 0.000000000000000000, -4.000000000000000000 ) ) ;
#6782 = DIRECTION ( 'NONE',  ( -1.000000000000000000, 0.000000000000000000, 0.000000000000000000 ) ) ;
#6783 = PRESENTATION_STYLE_ASSIGNMENT (( #6020 ) ) ;
#6784 = ORIENTED_EDGE ( 'NONE', *, *, #3723, .F. ) ;
#6785 = UNCERTAINTY_MEASURE_WITH_UNIT (LENGTH_MEASURE( 1.000000000000000082E-05 ), #1069, 'distance_accuracy_value', 'NONE');
#6786 = ORIENTED_EDGE ( 'NONE', *, *, #3348, .T. ) ;
#6787 = EDGE_CURVE ( 'NONE', #6887, #4074, #1317, .T. ) ;
#6788 = ORIENTED_EDGE ( 'NONE', *, *, #8393, .F. ) ;
#6789 = VECTOR ( 'NONE', #7568, 1000.000000000000000 ) ;
#6790 = ORIENTED_EDGE ( 'NONE', *, *, #4901, .T. ) ;
#6791 =( LENGTH_UNIT ( ) NAMED_UNIT ( * ) SI_UNIT ( .MILLI., .METRE. ) );
#6792 = PRESENTATION_STYLE_ASSIGNMENT (( #3895 ) ) ;
#6793 =( NAMED_UNIT ( * ) PLANE_ANGLE_UNIT ( ) SI_UNIT ( $, .RADIAN. ) );
#6794 = PRESENTATION_LAYER_ASSIGNMENT (  '', '', ( #85 ) ) ;
#6795 = CARTESIAN_POINT ( 'NONE',  ( -4.419999999999999929, 1.050000000000000044, -4.590000000000000746 ) ) ;
#6796 = SURFACE_STYLE_FILL_AREA ( #5321 ) ;
#6797 = FACE_OUTER_BOUND ( 'NONE', #8968, .T. ) ;
#6798 = MECHANICAL_DESIGN_GEOMETRIC_PRESENTATION_REPRESENTATION (  '', ( #6187 ), #4385 ) ;
#6799 = ORIENTED_EDGE ( 'NONE', *, *, #3212, .F. ) ;
#6800 = ORIENTED_EDGE ( 'NONE', *, *, #7280, .T. ) ;
#6801 = COLOUR_RGB ( '',1.000000000000000000, 0.8117647058823529438, 0.5019607843137254832 ) ;
#6802 = EDGE_CURVE ( 'NONE', #7611, #8076, #2100, .T. ) ;
#6803 = ORIENTED_EDGE ( 'NONE', *, *, #1396, .F. ) ;
#6804 = DIRECTION ( 'NONE',  ( -1.000000000000000000, 0.000000000000000000, 0.000000000000000000 ) ) ;
#6805 = ADVANCED_FACE ( 'NONE', ( #9230 ), #1216, .T. ) ;
#6806 = CARTESIAN_POINT ( 'NONE',  ( 4.419999999999999929, 1.050000000000000044, 4.290000000000000036 ) ) ;
#6807 = SURFACE_STYLE_FILL_AREA ( #8888 ) ;
#6808 = DIRECTION ( 'NONE',  ( 0.000000000000000000, 1.000000000000000000, 0.000000000000000000 ) ) ;
#6809 = AXIS2_PLACEMENT_3D ( 'NONE', #9240, #4172, #4282 ) ;
#6810 = ADVANCED_FACE ( 'NONE', ( #7103 ), #6440, .F. ) ;
#6811 = PLANE ( 'NONE',  #1249 ) ;
#6812 = VECTOR ( 'NONE', #7186, 1000.000000000000000 ) ;
#6813 = DIRECTION ( 'NONE',  ( 0.000000000000000000, 1.000000000000000000, 0.000000000000000000 ) ) ;
#6814 = STYLED_ITEM ( 'NONE', ( #3357 ), #9198 ) ;
#6815 = ORIENTED_EDGE ( 'NONE', *, *, #9410, .T. ) ;
#6816 = STYLED_ITEM ( 'NONE', ( #8860 ), #5132 ) ;
#6817 = ORIENTED_EDGE ( 'NONE', *, *, #4554, .F. ) ;
#6818 = AXIS2_PLACEMENT_3D ( 'NONE', #5996, #3762, #3155 ) ;
#6819 = ORIENTED_EDGE ( 'NONE', *, *, #2982, .F. ) ;
#6820 = ADVANCED_FACE ( 'NONE', ( #9322 ), #3489, .F. ) ;
#6821 = COLOUR_RGB ( '',1.000000000000000000, 0.8117647058823529438, 0.5019607843137254832 ) ;
#6822 = DIRECTION ( 'NONE',  ( -1.000000000000000000, 0.000000000000000000, 0.000000000000000000 ) ) ;
#6823 = CARTESIAN_POINT ( 'NONE',  ( 4.120000000000000107, 0.000000000000000000, -4.290000000000000036 ) ) ;
#6824 = CIRCLE ( 'NONE', #1008, 0.2999999999999999334 ) ;
#6825 = FILL_AREA_STYLE_COLOUR ( '', #7594 ) ;
#6826 = CARTESIAN_POINT ( 'NONE',  ( -4.850000000000000533, 1.000000000000000000, 0.6999999999999999556 ) ) ;
#6827 =( LENGTH_UNIT ( ) NAMED_UNIT ( * ) SI_UNIT ( .MILLI., .METRE. ) );
#6828 = SURFACE_SIDE_STYLE ('',( #6870 ) ) ;
#6829 = VECTOR ( 'NONE', #7231, 1000.000000000000000 ) ;
#6830 = PRESENTATION_LAYER_ASSIGNMENT (  '', '', ( #9249 ) ) ;
#6831 = ORIENTED_EDGE ( 'NONE', *, *, #1579, .T. ) ;
#6832 = MECHANICAL_DESIGN_GEOMETRIC_PRESENTATION_REPRESENTATION (  '', ( #7139 ), #7284 ) ;
#6833 = ADVANCED_FACE ( 'NONE', ( #9425 ), #3755, .F. ) ;
#6834 = AXIS2_PLACEMENT_3D ( 'NONE', #6958, #3972, #9147 ) ;
#6835 = AXIS2_PLACEMENT_3D ( 'NONE', #692, #33, #2242 ) ;
#6836 = ORIENTED_EDGE ( 'NONE', *, *, #979, .T. ) ;
#6837 = FILL_AREA_STYLE_COLOUR ( '', #3934 ) ;
#6838 = CIRCLE ( 'NONE', #4281, 0.2500000000000002220 ) ;
#6839 = VERTEX_POINT ( 'NONE', #1557 ) ;
#6840 = ORIENTED_EDGE ( 'NONE', *, *, #4643, .T. ) ;
#6841 =( GEOMETRIC_REPRESENTATION_CONTEXT ( 3 ) GLOBAL_UNCERTAINTY_ASSIGNED_CONTEXT ( ( #5225 ) ) GLOBAL_UNIT_ASSIGNED_CONTEXT ( ( #6560, #7263, #8739 ) ) REPRESENTATION_CONTEXT ( 'NONE', 'WORKASPACE' ) );
#6842 = FILL_AREA_STYLE ('',( #3005 ) ) ;
#6843 = VERTEX_POINT ( 'NONE', #3621 ) ;
#6844 = VECTOR ( 'NONE', #8346, 1000.000000000000000 ) ;
#6845 = ORIENTED_EDGE ( 'NONE', *, *, #4595, .T. ) ;
#6846 = FACE_OUTER_BOUND ( 'NONE', #4594, .T. ) ;
#6847 =( LENGTH_UNIT ( ) NAMED_UNIT ( * ) SI_UNIT ( .MILLI., .METRE. ) );
#6848 = APPLICATION_PROTOCOL_DEFINITION ( 'draft international standard', 'automotive_design', 1998, #8656 ) ;
#6849 =( NAMED_UNIT ( * ) PLANE_ANGLE_UNIT ( ) SI_UNIT ( $, .RADIAN. ) );
#6850 = DIRECTION ( 'NONE',  ( 0.000000000000000000, -1.000000000000000000, 0.000000000000000000 ) ) ;
#6851 = DIRECTION ( 'NONE',  ( 1.000000000000000000, 0.000000000000000000, 0.000000000000000000 ) ) ;
#6852 = EDGE_LOOP ( 'NONE', ( #7942, #4508, #6948, #3077 ) ) ;
#6853 =( GEOMETRIC_REPRESENTATION_CONTEXT ( 3 ) GLOBAL_UNCERTAINTY_ASSIGNED_CONTEXT ( ( #5491 ) ) GLOBAL_UNIT_ASSIGNED_CONTEXT ( ( #2570, #4751, #388 ) ) REPRESENTATION_CONTEXT ( 'NONE', 'WORKASPACE' ) );
#6854 = ORIENTED_EDGE ( 'NONE', *, *, #741, .F. ) ;
#6855 = CARTESIAN_POINT ( 'NONE',  ( -4.100000000000000533, 2.449999999999999734, -4.250000000000000000 ) ) ;
#6856 = DIRECTION ( 'NONE',  ( 0.000000000000000000, 1.000000000000000000, 0.000000000000000000 ) ) ;
#6857 = CARTESIAN_POINT ( 'NONE',  ( 1.734723475976809855E-15, 1.050000000000000044, -8.673617379884039416E-16 ) ) ;
#6858 = CIRCLE ( 'NONE', #8544, 0.4000000000000001887 ) ;
#6859 = FACE_OUTER_BOUND ( 'NONE', #6929, .T. ) ;
#6860 = LINE ( 'NONE', #4763, #3620 ) ;
#6861 = EDGE_CURVE ( 'NONE', #1832, #6567, #19, .T. ) ;
#6862 = EDGE_CURVE ( 'NONE', #3893, #7455, #4634, .T. ) ;
#6863 = LINE ( 'NONE', #6050, #2384 ) ;
#6864 = COLOUR_RGB ( '',1.000000000000000000, 0.8117647058823529438, 0.5019607843137254832 ) ;
#6865 = VERTEX_POINT ( 'NONE', #8759 ) ;
#6866 = PRESENTATION_STYLE_ASSIGNMENT (( #271 ) ) ;
#6867 = LINE ( 'NONE', #6196, #2979 ) ;
#6868 =( NAMED_UNIT ( * ) SI_UNIT ( $, .STERADIAN. ) SOLID_ANGLE_UNIT ( ) );
#6869 = CARTESIAN_POINT ( 'NONE',  ( 3.950000000000000178, 0.02000000000000000042, -8.673617379884039416E-16 ) ) ;
#6870 = SURFACE_STYLE_FILL_AREA ( #2346 ) ;
#6871 = ADVANCED_FACE ( 'NONE', ( #8887 ), #6620, .T. ) ;
#6872 = ORIENTED_EDGE ( 'NONE', *, *, #4595, .F. ) ;
#6873 =( NAMED_UNIT ( * ) PLANE_ANGLE_UNIT ( ) SI_UNIT ( $, .RADIAN. ) );
#6874 = CARTESIAN_POINT ( 'NONE',  ( 3.950000000000000178, 0.000000000000000000, -4.000000000000000000 ) ) ;
#6875 = CARTESIAN_POINT ( 'NONE',  ( -4.450000000000000178, 1.000000000000000000, 3.299999999999999822 ) ) ;
#6876 = ORIENTED_EDGE ( 'NONE', *, *, #5145, .T. ) ;
#6877 = ORIENTED_EDGE ( 'NONE', *, *, #5299, .F. ) ;
#6878 = EDGE_CURVE ( 'NONE', #2993, #342, #965, .T. ) ;
#6879 = ORIENTED_EDGE ( 'NONE', *, *, #311, .F. ) ;
#6880 = VERTEX_POINT ( 'NONE', #8327 ) ;
#6881 = VERTEX_POINT ( 'NONE', #6138 ) ;
#6882 = DIRECTION ( 'NONE',  ( 0.000000000000000000, 0.000000000000000000, -1.000000000000000000 ) ) ;
#6883 = AXIS2_PLACEMENT_3D ( 'NONE', #6400, #2053, #6441 ) ;
#6884 =( NAMED_UNIT ( * ) PLANE_ANGLE_UNIT ( ) SI_UNIT ( $, .RADIAN. ) );
#6885 = LINE ( 'NONE', #8137, #7101 ) ;
#6886 = UNCERTAINTY_MEASURE_WITH_UNIT (LENGTH_MEASURE( 1.000000000000000082E-05 ), #5266, 'distance_accuracy_value', 'NONE');
#6887 = VERTEX_POINT ( 'NONE', #1785 ) ;
#6888 = SURFACE_SIDE_STYLE ('',( #2516 ) ) ;
#6889 = ORIENTED_EDGE ( 'NONE', *, *, #8620, .T. ) ;
#6890 = LINE ( 'NONE', #391, #1828 ) ;
#6891 = VECTOR ( 'NONE', #244, 1000.000000000000000 ) ;
#6892 = ORIENTED_EDGE ( 'NONE', *, *, #9410, .F. ) ;
#6893 = DIRECTION ( 'NONE',  ( 0.000000000000000000, -1.000000000000000000, 0.000000000000000000 ) ) ;
#6894 = FACE_OUTER_BOUND ( 'NONE', #8398, .T. ) ;
#6895 = DIRECTION ( 'NONE',  ( -1.000000000000000000, 0.000000000000000000, 0.000000000000000000 ) ) ;
#6896 = PRESENTATION_LAYER_ASSIGNMENT (  '', '', ( #3865 ) ) ;
#6897 = VECTOR ( 'NONE', #2628, 1000.000000000000000 ) ;
#6898 = DIRECTION ( 'NONE',  ( 0.000000000000000000, 0.000000000000000000, 1.000000000000000000 ) ) ;
#6899 = LINE ( 'NONE', #7800, #3570 ) ;
#6900 = CARTESIAN_POINT ( 'NONE',  ( -4.419999999999999929, 2.149999999999999911, -16.55704800000000176 ) ) ;
#6901 =( NAMED_UNIT ( * ) SI_UNIT ( $, .STERADIAN. ) SOLID_ANGLE_UNIT ( ) );
#6902 = VECTOR ( 'NONE', #7766, 1000.000000000000000 ) ;
#6903 = VECTOR ( 'NONE', #7629, 1000.000000000000000 ) ;
#6904 = ORIENTED_EDGE ( 'NONE', *, *, #5392, .F. ) ;
#6905 =( GEOMETRIC_REPRESENTATION_CONTEXT ( 3 ) GLOBAL_UNCERTAINTY_ASSIGNED_CONTEXT ( ( #4175 ) ) GLOBAL_UNIT_ASSIGNED_CONTEXT ( ( #4497, #3761, #5947 ) ) REPRESENTATION_CONTEXT ( 'NONE', 'WORKASPACE' ) );
#6906 = FACE_OUTER_BOUND ( 'NONE', #3848, .T. ) ;
#6907 = LINE ( 'NONE', #5337, #6903 ) ;
#6908 = ADVANCED_FACE ( 'NONE', ( #6894 ), #3292, .F. ) ;
#6909 = CARTESIAN_POINT ( 'NONE',  ( 4.850000000000000533, 0.02000000000000000042, 5.049999999999999822 ) ) ;
#6910 = FACE_OUTER_BOUND ( 'NONE', #1722, .T. ) ;
#6911 = CARTESIAN_POINT ( 'NONE',  ( -4.850000000000000533, 1.000000000000000000, -8.673617379884039416E-16 ) ) ;
#6912 = FILL_AREA_STYLE ('',( #2693 ) ) ;
#6913 = VECTOR ( 'NONE', #1767, 1000.000000000000000 ) ;
#6914 = VECTOR ( 'NONE', #210, 1000.000000000000000 ) ;
#6915 = MECHANICAL_DESIGN_GEOMETRIC_PRESENTATION_REPRESENTATION (  '', ( #6619 ), #6614 ) ;
#6916 = ORIENTED_EDGE ( 'NONE', *, *, #5272, .F. ) ;
#6917 = UNCERTAINTY_MEASURE_WITH_UNIT (LENGTH_MEASURE( 1.000000000000000082E-05 ), #8700, 'distance_accuracy_value', 'NONE');
#6918 = DIRECTION ( 'NONE',  ( 1.000000000000000000, 0.000000000000000000, 0.000000000000000000 ) ) ;
#6919 = FILL_AREA_STYLE_COLOUR ( '', #8477 ) ;
#6920 = CARTESIAN_POINT ( 'NONE',  ( -4.850000000000000533, 0.9799999999999999822, -5.049999999999999822 ) ) ;
#6921 = EDGE_CURVE ( 'NONE', #4611, #4093, #1881, .T. ) ;
#6922 = EDGE_CURVE ( 'NONE', #5841, #4093, #956, .T. ) ;
#6923 = VECTOR ( 'NONE', #7404, 1000.000000000000000 ) ;
#6924 = ORIENTED_EDGE ( 'NONE', *, *, #3424, .T. ) ;
#6925 = ORIENTED_EDGE ( 'NONE', *, *, #9181, .F. ) ;
#6926 = VERTEX_POINT ( 'NONE', #7617 ) ;
#6927 = CIRCLE ( 'NONE', #5403, 0.5000000000000000000 ) ;
#6928 = CARTESIAN_POINT ( 'NONE',  ( 1.734723475976809855E-15, 0.9799999999999999822, -8.673617379884039416E-16 ) ) ;
#6929 = EDGE_LOOP ( 'NONE', ( #2475, #7444, #3992, #1171 ) ) ;
#6930 = ORIENTED_EDGE ( 'NONE', *, *, #4774, .T. ) ;
#6931 = EDGE_CURVE ( 'NONE', #5599, #2076, #1736, .T. ) ;
#6932 = SURFACE_SIDE_STYLE ('',( #3463 ) ) ;
#6933 = CARTESIAN_POINT ( 'NONE',  ( -4.850000000000000533, 1.000000000000000000, 1.100000000000000089 ) ) ;
#6934 = SURFACE_SIDE_STYLE ('',( #431 ) ) ;
#6935 = FACE_OUTER_BOUND ( 'NONE', #5357, .T. ) ;
#6936 = VERTEX_POINT ( 'NONE', #1064 ) ;
#6937 =( LENGTH_UNIT ( ) NAMED_UNIT ( * ) SI_UNIT ( .MILLI., .METRE. ) );
#6938 = VERTEX_POINT ( 'NONE', #6093 ) ;
#6939 = LINE ( 'NONE', #8931, #2855 ) ;
#6940 = EDGE_CURVE ( 'NONE', #7300, #3852, #256, .T. ) ;
#6941 = CARTESIAN_POINT ( 'NONE',  ( 3.950000000000000178, 0.000000000000000000, 2.899999999999999911 ) ) ;
#6942 =( NAMED_UNIT ( * ) PLANE_ANGLE_UNIT ( ) SI_UNIT ( $, .RADIAN. ) );
#6943 = DIRECTION ( 'NONE',  ( 0.000000000000000000, 0.000000000000000000, 1.000000000000000000 ) ) ;
#6944 = SURFACE_STYLE_FILL_AREA ( #1205 ) ;
#6945 = CARTESIAN_POINT ( 'NONE',  ( 4.850000000000000533, 0.9799999999999999822, 4.400000000000000355 ) ) ;
#6946 =( NAMED_UNIT ( * ) SI_UNIT ( $, .STERADIAN. ) SOLID_ANGLE_UNIT ( ) );
#6947 = ORIENTED_EDGE ( 'NONE', *, *, #8446, .F. ) ;
#6948 = ORIENTED_EDGE ( 'NONE', *, *, #5239, .F. ) ;
#6950 = ORIENTED_EDGE ( 'NONE', *, *, #7348, .T. ) ;
#6949 = VECTOR ( 'NONE', #7143, 1000.000000000000000 ) ;
#6951 = CARTESIAN_POINT ( 'NONE',  ( 4.850000000000000533, 0.000000000000000000, -0.2500000000001000311 ) ) ;
#6952 = CARTESIAN_POINT ( 'NONE',  ( 4.850000000000000533, 1.000000000000000000, 2.200000000000000178 ) ) ;
#6953 = SURFACE_SIDE_STYLE ('',( #2482 ) ) ;
#6954 = LINE ( 'NONE', #3164, #3415 ) ;
#6955 = LINE ( 'NONE', #6823, #8036 ) ;
#6956 = CARTESIAN_POINT ( 'NONE',  ( 3.950000000000000178, 0.000000000000000000, -0.4000000000000989986 ) ) ;
#6957 =( LENGTH_UNIT ( ) NAMED_UNIT ( * ) SI_UNIT ( .MILLI., .METRE. ) );
#6958 = CARTESIAN_POINT ( 'NONE',  ( 3.950000000000000178, 0.000000000000000000, -4.799999999999999822 ) ) ;
#6959 =( GEOMETRIC_REPRESENTATION_CONTEXT ( 3 ) GLOBAL_UNCERTAINTY_ASSIGNED_CONTEXT ( ( #4125 ) ) GLOBAL_UNIT_ASSIGNED_CONTEXT ( ( #6597, #2299, #6505 ) ) REPRESENTATION_CONTEXT ( 'NONE', 'WORKASPACE' ) );
#6960 = AXIS2_PLACEMENT_3D ( 'NONE', #6668, #1465, #5948 ) ;
#6961 = ORIENTED_EDGE ( 'NONE', *, *, #9061, .F. ) ;
#6962 = ADVANCED_FACE ( 'NONE', ( #2578 ), #4053, .F. ) ;
#6963 = PRESENTATION_STYLE_ASSIGNMENT (( #9151 ) ) ;
#6964 = UNCERTAINTY_MEASURE_WITH_UNIT (LENGTH_MEASURE( 1.000000000000000082E-05 ), #4478, 'distance_accuracy_value', 'NONE');
#6965 = ORIENTED_EDGE ( 'NONE', *, *, #5588, .F. ) ;
#6966 = VECTOR ( 'NONE', #7622, 1000.000000000000000 ) ;
#6967 = ORIENTED_EDGE ( 'NONE', *, *, #5372, .F. ) ;
#6968 = SURFACE_SIDE_STYLE ('',( #3510 ) ) ;
#6969 = CARTESIAN_POINT ( 'NONE',  ( -4.850000000000000533, 1.000000000000000000, -8.673617379884039416E-16 ) ) ;
#6970 = CARTESIAN_POINT ( 'NONE',  ( 3.950000000000000178, 0.02000000000000000042, -4.799999999999999822 ) ) ;
#6971 = VERTEX_POINT ( 'NONE', #6036 ) ;
#6972 = EDGE_CURVE ( 'NONE', #2355, #1474, #2421, .T. ) ;
#6973 =( LENGTH_UNIT ( ) NAMED_UNIT ( * ) SI_UNIT ( .MILLI., .METRE. ) );
#6974 = AXIS2_PLACEMENT_3D ( 'NONE', #889, #9301, #8950 ) ;
#6975 = ADVANCED_FACE ( 'NONE', ( #2038 ), #6433, .F. ) ;
#6976 = AXIS2_PLACEMENT_3D ( 'NONE', #1329, #6499, #7167 ) ;
#6977 = EDGE_LOOP ( 'NONE', ( #4600, #1533, #363, #4456, #7499, #7728, #2047, #325, #4976, #255, #1006, #860 ) ) ;
#6978 =( NAMED_UNIT ( * ) PLANE_ANGLE_UNIT ( ) SI_UNIT ( $, .RADIAN. ) );
#6979 = PRESENTATION_LAYER_ASSIGNMENT (  '', '', ( #5309 ) ) ;
#6980 = CARTESIAN_POINT ( 'NONE',  ( -3.950000000000000178, 0.000000000000000000, 3.700000000000000178 ) ) ;
#6981 = UNCERTAINTY_MEASURE_WITH_UNIT (LENGTH_MEASURE( 1.000000000000000082E-05 ), #4356, 'distance_accuracy_value', 'NONE');
#6982 = AXIS2_PLACEMENT_3D ( 'NONE', #6772, #223, #9397 ) ;
#6983 = PRESENTATION_STYLE_ASSIGNMENT (( #387 ) ) ;
#6984 = SURFACE_STYLE_FILL_AREA ( #4094 ) ;
#6985 = EDGE_CURVE ( 'NONE', #9246, #3449, #1252, .T. ) ;
#6986 = ORIENTED_EDGE ( 'NONE', *, *, #3061, .T. ) ;
#6987 = VECTOR ( 'NONE', #8953, 1000.000000000000000 ) ;
#6988 = SURFACE_SIDE_STYLE ('',( #8530 ) ) ;
#6989 = LINE ( 'NONE', #437, #3124 ) ;
#6990 = CARTESIAN_POINT ( 'NONE',  ( 4.850000000000000533, 1.000000000000000000, -2.600000000000000089 ) ) ;
#6991 = DIRECTION ( 'NONE',  ( 0.000000000000000000, -1.000000000000000000, 0.000000000000000000 ) ) ;
#6992 =( LENGTH_UNIT ( ) NAMED_UNIT ( * ) SI_UNIT ( .MILLI., .METRE. ) );
#6993 = FILL_AREA_STYLE_COLOUR ( '', #870 ) ;
#6994 = DIRECTION ( 'NONE',  ( 0.000000000000000000, 0.000000000000000000, -1.000000000000000000 ) ) ;
#6995 = PRESENTATION_STYLE_ASSIGNMENT (( #2530 ) ) ;
#6996 = ORIENTED_EDGE ( 'NONE', *, *, #6459, .F. ) ;
#6997 = AXIS2_PLACEMENT_3D ( 'NONE', #6646, #714, #855 ) ;
#6998 =( LENGTH_UNIT ( ) NAMED_UNIT ( * ) SI_UNIT ( .MILLI., .METRE. ) );
#6999 = CARTESIAN_POINT ( 'NONE',  ( -4.850000000000000533, 1.000000000000000000, 4.000000000000000000 ) ) ;
#7000 = ADVANCED_FACE ( 'NONE', ( #3427 ), #623, .F. ) ;
#7001 = ORIENTED_EDGE ( 'NONE', *, *, #8365, .T. ) ;
#7002 = ORIENTED_EDGE ( 'NONE', *, *, #8790, .T. ) ;
#7003 = LINE ( 'NONE', #2004, #1099 ) ;
#7004 = DIRECTION ( 'NONE',  ( 0.000000000000000000, -1.000000000000000000, 0.000000000000000000 ) ) ;
#7005 = SURFACE_STYLE_USAGE ( .BOTH. , #7708 ) ;
#7006 = SURFACE_STYLE_USAGE ( .BOTH. , #2750 ) ;
#7007 = VERTEX_POINT ( 'NONE', #2734 ) ;
#7008 = UNCERTAINTY_MEASURE_WITH_UNIT (LENGTH_MEASURE( 1.000000000000000082E-05 ), #4612, 'distance_accuracy_value', 'NONE');
#7009 = LINE ( 'NONE', #4280, #1058 ) ;
#7010 =( GEOMETRIC_REPRESENTATION_CONTEXT ( 3 ) GLOBAL_UNCERTAINTY_ASSIGNED_CONTEXT ( ( #5391 ) ) GLOBAL_UNIT_ASSIGNED_CONTEXT ( ( #1466, #8275, #874 ) ) REPRESENTATION_CONTEXT ( 'NONE', 'WORKASPACE' ) );
#7011 =( LENGTH_UNIT ( ) NAMED_UNIT ( * ) SI_UNIT ( .MILLI., .METRE. ) );
#7012 = DIRECTION ( 'NONE',  ( 0.000000000000000000, 0.000000000000000000, 1.000000000000000000 ) ) ;
#7013 = LINE ( 'NONE', #8687, #2851 ) ;
#7014 = ORIENTED_EDGE ( 'NONE', *, *, #8664, .T. ) ;
#7015 = SURFACE_STYLE_USAGE ( .BOTH. , #4129 ) ;
#7016 = ORIENTED_EDGE ( 'NONE', *, *, #8644, .F. ) ;
#7017 =( NAMED_UNIT ( * ) SI_UNIT ( $, .STERADIAN. ) SOLID_ANGLE_UNIT ( ) );
#7018 =( NAMED_UNIT ( * ) PLANE_ANGLE_UNIT ( ) SI_UNIT ( $, .RADIAN. ) );
#7019 = ORIENTED_EDGE ( 'NONE', *, *, #4507, .F. ) ;
#7020 = FACE_OUTER_BOUND ( 'NONE', #1086, .T. ) ;
#7021 = DIRECTION ( 'NONE',  ( 0.000000000000000000, 0.000000000000000000, -1.000000000000000000 ) ) ;
#7022 = CARTESIAN_POINT ( 'NONE',  ( -4.120000000000000107, 0.000000000000000000, 4.440000000000000391 ) ) ;
#7023 = FILL_AREA_STYLE ('',( #1922 ) ) ;
#7024 = ADVANCED_FACE ( 'NONE', ( #4201 ), #4304, .F. ) ;
#7025 = VECTOR ( 'NONE', #2777, 1000.000000000000000 ) ;
#7026 = FILL_AREA_STYLE_COLOUR ( '', #5764 ) ;
#7027 = SURFACE_SIDE_STYLE ('',( #5561 ) ) ;
#7028 = LINE ( 'NONE', #3995, #1302 ) ;
#7029 = PRESENTATION_STYLE_ASSIGNMENT (( #9207 ) ) ;
#7030 = DIRECTION ( 'NONE',  ( 1.000000000000000000, 0.000000000000000000, 0.000000000000000000 ) ) ;
#7031 = ORIENTED_EDGE ( 'NONE', *, *, #2279, .F. ) ;
#7032 = FACE_OUTER_BOUND ( 'NONE', #3079, .T. ) ;
#7033 = VECTOR ( 'NONE', #8171, 1000.000000000000000 ) ;
#7034 =( LENGTH_UNIT ( ) NAMED_UNIT ( * ) SI_UNIT ( .MILLI., .METRE. ) );
#7035 = SURFACE_SIDE_STYLE ('',( #1251 ) ) ;
#7036 = LINE ( 'NONE', #3609, #7371 ) ;
#7037 = CARTESIAN_POINT ( 'NONE',  ( 4.100000000000000533, 2.500000000000000000, 4.250000000000000000 ) ) ;
#7038 = EDGE_CURVE ( 'NONE', #3184, #464, #1726, .T. ) ;
#7039 = EDGE_CURVE ( 'NONE', #4712, #6880, #4103, .T. ) ;
#7040 = DIRECTION ( 'NONE',  ( 0.000000000000000000, 0.000000000000000000, -1.000000000000000000 ) ) ;
#7041 = SURFACE_SIDE_STYLE ('',( #6944 ) ) ;
#7042 = ORIENTED_EDGE ( 'NONE', *, *, #2425, .T. ) ;
#7043 = MECHANICAL_DESIGN_GEOMETRIC_PRESENTATION_REPRESENTATION (  '', ( #7341 ), #6290 ) ;
#7044 = FILL_AREA_STYLE_COLOUR ( '', #858 ) ;
#7045 = SURFACE_SIDE_STYLE ('',( #1211 ) ) ;
#7046 = VERTEX_POINT ( 'NONE', #4152 ) ;
#7047 = ORIENTED_EDGE ( 'NONE', *, *, #443, .F. ) ;
#7048 = CARTESIAN_POINT ( 'NONE',  ( -4.850000000000000533, 0.000000000000000000, 0.2499999999998990252 ) ) ;
#7049 = FILL_AREA_STYLE_COLOUR ( '', #6756 ) ;
#7050 = CARTESIAN_POINT ( 'NONE',  ( -3.950000000000000178, 0.000000000000000000, 2.600000000000000089 ) ) ;
#7051 = VECTOR ( 'NONE', #7420, 1000.000000000000000 ) ;
#7052 =( NAMED_UNIT ( * ) SI_UNIT ( $, .STERADIAN. ) SOLID_ANGLE_UNIT ( ) );
#7053 = EDGE_CURVE ( 'NONE', #1947, #8526, #7036, .T. ) ;
#7054 = LINE ( 'NONE', #9234, #9205 ) ;
#7055 = DIRECTION ( 'NONE',  ( 0.000000000000000000, 1.000000000000000000, 0.000000000000000000 ) ) ;
#7056 = PLANE ( 'NONE',  #7732 ) ;
#7057 =( LENGTH_UNIT ( ) NAMED_UNIT ( * ) SI_UNIT ( .MILLI., .METRE. ) );
#7058 = PRESENTATION_LAYER_ASSIGNMENT (  '', '', ( #7969 ) ) ;
#7059 = CIRCLE ( 'NONE', #1408, 0.4000000000000001887 ) ;
#7060 = SURFACE_STYLE_FILL_AREA ( #4224 ) ;
#7061 = UNCERTAINTY_MEASURE_WITH_UNIT (LENGTH_MEASURE( 1.000000000000000082E-05 ), #6001, 'distance_accuracy_value', 'NONE');
#7062 = FACE_OUTER_BOUND ( 'NONE', #761, .T. ) ;
#7063 = FACE_OUTER_BOUND ( 'NONE', #3876, .T. ) ;
#7064 = EDGE_CURVE ( 'NONE', #5565, #4557, #5039, .T. ) ;
#7065 = ORIENTED_EDGE ( 'NONE', *, *, #3962, .T. ) ;
#7066 =( NAMED_UNIT ( * ) PLANE_ANGLE_UNIT ( ) SI_UNIT ( $, .RADIAN. ) );
#7067 = VECTOR ( 'NONE', #4449, 1000.000000000000000 ) ;
#7068 = VECTOR ( 'NONE', #3430, 1000.000000000000000 ) ;
#7069 = CARTESIAN_POINT ( 'NONE',  ( -4.850000000000000533, 1.000000000000000000, -4.400000000000000355 ) ) ;
#7070 = PRESENTATION_STYLE_ASSIGNMENT (( #4035 ) ) ;
#7071 = SURFACE_STYLE_USAGE ( .BOTH. , #465 ) ;
#7072 = CYLINDRICAL_SURFACE ( 'NONE', #435, 0.2500000000000002220 ) ;
#7073 = CIRCLE ( 'NONE', #5560, 0.4000000000000001887 ) ;
#7074 = ORIENTED_EDGE ( 'NONE', *, *, #5819, .F. ) ;
#7075 = VECTOR ( 'NONE', #4435, 1000.000000000000000 ) ;
#7076 = ORIENTED_EDGE ( 'NONE', *, *, #7659, .F. ) ;
#7077 = CARTESIAN_POINT ( 'NONE',  ( -4.450000000000000178, 1.000000000000000000, -6.331740687315349681E-14 ) ) ;
#7078 =( NAMED_UNIT ( * ) SI_UNIT ( $, .STERADIAN. ) SOLID_ANGLE_UNIT ( ) );
#7079 = VERTEX_POINT ( 'NONE', #9413 ) ;
#7080 = UNCERTAINTY_MEASURE_WITH_UNIT (LENGTH_MEASURE( 1.000000000000000082E-05 ), #58, 'distance_accuracy_value', 'NONE');
#7081 = MECHANICAL_DESIGN_GEOMETRIC_PRESENTATION_REPRESENTATION (  '', ( #9350 ), #4212 ) ;
#7082 =( GEOMETRIC_REPRESENTATION_CONTEXT ( 3 ) GLOBAL_UNCERTAINTY_ASSIGNED_CONTEXT ( ( #9070 ) ) GLOBAL_UNIT_ASSIGNED_CONTEXT ( ( #644, #4228, #5017 ) ) REPRESENTATION_CONTEXT ( 'NONE', 'WORKASPACE' ) );
#7083 = DIRECTION ( 'NONE',  ( 0.000000000000000000, 0.000000000000000000, 1.000000000000000000 ) ) ;
#7084 =( LENGTH_UNIT ( ) NAMED_UNIT ( * ) SI_UNIT ( .MILLI., .METRE. ) );
#7085 = VERTEX_POINT ( 'NONE', #664 ) ;
#7086 = EDGE_CURVE ( 'NONE', #2713, #2811, #6522, .T. ) ;
#7087 =( LENGTH_UNIT ( ) NAMED_UNIT ( * ) SI_UNIT ( .MILLI., .METRE. ) );
#7088 = CARTESIAN_POINT ( 'NONE',  ( 4.850000000000000533, 0.000000000000000000, 5.049999999999999822 ) ) ;
#7089 = FACE_OUTER_BOUND ( 'NONE', #1765, .T. ) ;
#7090 = DIRECTION ( 'NONE',  ( 1.000000000000000000, 0.000000000000000000, 0.000000000000000000 ) ) ;
#7091 = PRESENTATION_STYLE_ASSIGNMENT (( #9268 ) ) ;
#7092 = PRESENTATION_STYLE_ASSIGNMENT (( #2783 ) ) ;
#7093 = DIRECTION ( 'NONE',  ( 0.000000000000000000, -1.000000000000000000, 0.000000000000000000 ) ) ;
#7094 = ORIENTED_EDGE ( 'NONE', *, *, #2943, .T. ) ;
#7095 = ORIENTED_EDGE ( 'NONE', *, *, #2808, .T. ) ;
#7096 = PRESENTATION_STYLE_ASSIGNMENT (( #589 ) ) ;
#7097 = ORIENTED_EDGE ( 'NONE', *, *, #8753, .T. ) ;
#7098 = ADVANCED_FACE ( 'NONE', ( #8707 ), #7937, .F. ) ;
#7099 = EDGE_CURVE ( 'NONE', #261, #5973, #5525, .T. ) ;
#7100 = ORIENTED_EDGE ( 'NONE', *, *, #48, .T. ) ;
#7101 = VECTOR ( 'NONE', #4042, 1000.000000000000000 ) ;
#7102 = DIRECTION ( 'NONE',  ( 0.000000000000000000, -1.000000000000000000, 0.000000000000000000 ) ) ;
#7103 = FACE_OUTER_BOUND ( 'NONE', #77, .T. ) ;
#7104 = SURFACE_STYLE_FILL_AREA ( #9186 ) ;
#7105 = STYLED_ITEM ( 'NONE', ( #6262 ), #173 ) ;
#7106 = DIRECTION ( 'NONE',  ( -1.000000000000000000, 0.000000000000000000, 0.000000000000000000 ) ) ;
#7107 = DIRECTION ( 'NONE',  ( 0.000000000000000000, 1.000000000000000000, 0.000000000000000000 ) ) ;
#7108 = DIRECTION ( 'NONE',  ( 0.000000000000000000, 0.000000000000000000, -1.000000000000000000 ) ) ;
#7109 = MECHANICAL_DESIGN_GEOMETRIC_PRESENTATION_REPRESENTATION (  '', ( #5883 ), #5424 ) ;
#7110 = LINE ( 'NONE', #2145, #5121 ) ;
#7111 = DIRECTION ( 'NONE',  ( 0.000000000000000000, -1.000000000000000000, 0.000000000000000000 ) ) ;
#7112 = DIRECTION ( 'NONE',  ( 0.000000000000000000, 1.000000000000000000, 0.000000000000000000 ) ) ;
#7113 = FACE_OUTER_BOUND ( 'NONE', #6358, .T. ) ;
#7114 = VECTOR ( 'NONE', #2533, 1000.000000000000000 ) ;
#7115 = EDGE_CURVE ( 'NONE', #3189, #654, #7826, .T. ) ;
#7116 = VECTOR ( 'NONE', #6373, 1000.000000000000000 ) ;
#7117 = LINE ( 'NONE', #2016, #8493 ) ;
#7118 = UNCERTAINTY_MEASURE_WITH_UNIT (LENGTH_MEASURE( 1.000000000000000082E-05 ), #4759, 'distance_accuracy_value', 'NONE');
#7119 = LINE ( 'NONE', #1177, #2117 ) ;
#7120 = MECHANICAL_DESIGN_GEOMETRIC_PRESENTATION_REPRESENTATION (  '', ( #2085 ), #4246 ) ;
#7121 = DIRECTION ( 'NONE',  ( 0.000000000000000000, 1.000000000000000000, 0.000000000000000000 ) ) ;
#7122 = AXIS2_PLACEMENT_3D ( 'NONE', #4861, #2039, #6285 ) ;
#7123 =( NAMED_UNIT ( * ) PLANE_ANGLE_UNIT ( ) SI_UNIT ( $, .RADIAN. ) );
#7124 = EDGE_CURVE ( 'NONE', #4596, #5301, #3966, .T. ) ;
#7125 = MECHANICAL_DESIGN_GEOMETRIC_PRESENTATION_REPRESENTATION (  '', ( #6816 ), #6959 ) ;
#7126 = VERTEX_POINT ( 'NONE', #1799 ) ;
#7127 = FILL_AREA_STYLE_COLOUR ( '', #4690 ) ;
#7128 = PRESENTATION_LAYER_ASSIGNMENT (  '', '', ( #106 ) ) ;
#7129 = VERTEX_POINT ( 'NONE', #218 ) ;
#7130 = DIRECTION ( 'NONE',  ( 0.000000000000000000, 1.000000000000000000, 0.000000000000000000 ) ) ;
#7131 = FILL_AREA_STYLE ('',( #1981 ) ) ;
#7132 = COLOUR_RGB ( '',1.000000000000000000, 0.8117647058823529438, 0.5019607843137254832 ) ;
#7133 = CARTESIAN_POINT ( 'NONE',  ( 4.850000000000000533, 0.02000000000000000042, 2.200000000000000178 ) ) ;
#7134 = COLOUR_RGB ( '',1.000000000000000000, 0.8117647058823529438, 0.5019607843137254832 ) ;
#7135 = DIRECTION ( 'NONE',  ( -1.000000000000000000, 0.000000000000000000, 0.000000000000000000 ) ) ;
#7136 = COLOUR_RGB ( '',1.000000000000000000, 0.8117647058823529438, 0.5019607843137254832 ) ;
#7137 = ORIENTED_EDGE ( 'NONE', *, *, #3731, .F. ) ;
#7138 = COLOUR_RGB ( '',1.000000000000000000, 0.8117647058823529438, 0.5019607843137254832 ) ;
#7139 = STYLED_ITEM ( 'NONE', ( #7179 ), #5765 ) ;
#7140 = DIRECTION ( 'NONE',  ( 1.000000000000000000, 0.000000000000000000, 0.000000000000000000 ) ) ;
#7141 = CARTESIAN_POINT ( 'NONE',  ( -4.419999999999999929, 0.000000000000000000, 4.440000000000000391 ) ) ;
#7142 = COLOUR_RGB ( '',1.000000000000000000, 0.8117647058823529438, 0.5019607843137254832 ) ;
#7143 = DIRECTION ( 'NONE',  ( 1.000000000000000000, 0.000000000000000000, 0.000000000000000000 ) ) ;
#7144 = STYLED_ITEM ( 'NONE', ( #7769 ), #2696 ) ;
#7145 = DIRECTION ( 'NONE',  ( 1.000000000000000000, 0.000000000000000000, 0.000000000000000000 ) ) ;
#7146 = VECTOR ( 'NONE', #5341, 1000.000000000000000 ) ;
#7147 = SURFACE_STYLE_USAGE ( .BOTH. , #4254 ) ;
#7148 = LINE ( 'NONE', #8623, #2380 ) ;
#7149 = MECHANICAL_DESIGN_GEOMETRIC_PRESENTATION_REPRESENTATION (  '', ( #7597 ), #1641 ) ;
#7150 = CARTESIAN_POINT ( 'NONE',  ( 1.734723475976809855E-15, 0.000000000000000000, 1.500000000000000000 ) ) ;
#7151 = ORIENTED_EDGE ( 'NONE', *, *, #3373, .T. ) ;
#7152 = ORIENTED_EDGE ( 'NONE', *, *, #6114, .F. ) ;
#7153 = VERTEX_POINT ( 'NONE', #8392 ) ;
#7154 = DIRECTION ( 'NONE',  ( 1.000000000000000000, 0.000000000000000000, 0.000000000000000000 ) ) ;
#7155 = DIRECTION ( 'NONE',  ( 0.000000000000000000, 1.000000000000000000, 0.000000000000000000 ) ) ;
#7156 = PLANE ( 'NONE',  #8802 ) ;
#7157 = SURFACE_STYLE_USAGE ( .BOTH. , #2104 ) ;
#7158 = EDGE_CURVE ( 'NONE', #2558, #2070, #357, .T. ) ;
#7159 = VECTOR ( 'NONE', #3512, 1000.000000000000000 ) ;
#7160 = EDGE_CURVE ( 'NONE', #342, #7258, #8988, .T. ) ;
#7161 = SURFACE_STYLE_FILL_AREA ( #2056 ) ;
#7162 = FILL_AREA_STYLE_COLOUR ( '', #8610 ) ;
#7163 = CARTESIAN_POINT ( 'NONE',  ( 4.120000000000000107, 2.449999999999999734, 4.290000000000000036 ) ) ;
#7164 = LINE ( 'NONE', #1277, #8158 ) ;
#7165 = STYLED_ITEM ( 'NONE', ( #3366 ), #1183 ) ;
#7166 = DIRECTION ( 'NONE',  ( -1.000000000000000000, 0.000000000000000000, 0.000000000000000000 ) ) ;
#7167 = DIRECTION ( 'NONE',  ( -1.000000000000000000, 0.000000000000000000, 0.000000000000000000 ) ) ;
#7168 = EDGE_CURVE ( 'NONE', #4913, #1179, #2479, .T. ) ;
#7169 = CARTESIAN_POINT ( 'NONE',  ( 4.419999999999999929, 1.050000000000000044, -4.290000000000000036 ) ) ;
#7170 = EDGE_CURVE ( 'NONE', #327, #8118, #7073, .T. ) ;
#7171 = FACE_OUTER_BOUND ( 'NONE', #3468, .T. ) ;
#7172 = COLOUR_RGB ( '',1.000000000000000000, 0.8117647058823529438, 0.5019607843137254832 ) ;
#7173 = FILL_AREA_STYLE ('',( #4289 ) ) ;
#7174 = CARTESIAN_POINT ( 'NONE',  ( -4.850000000000000533, 0.000000000000000000, -3.299999999999999822 ) ) ;
#7175 = ORIENTED_EDGE ( 'NONE', *, *, #1366, .F. ) ;
#7176 = DIRECTION ( 'NONE',  ( 1.000000000000000000, 0.000000000000000000, 0.000000000000000000 ) ) ;
#7177 = DIRECTION ( 'NONE',  ( -1.000000000000000000, 0.000000000000000000, 0.000000000000000000 ) ) ;
#7178 = EDGE_CURVE ( 'NONE', #3213, #3054, #1429, .T. ) ;
#7179 = PRESENTATION_STYLE_ASSIGNMENT (( #1438 ) ) ;
#7180 = FILL_AREA_STYLE_COLOUR ( '', #8067 ) ;
#7181 = ORIENTED_EDGE ( 'NONE', *, *, #6731, .F. ) ;
#7182 = ORIENTED_EDGE ( 'NONE', *, *, #1169, .T. ) ;
#7183 = FILL_AREA_STYLE ('',( #4302 ) ) ;
#7184 = CARTESIAN_POINT ( 'NONE',  ( -4.850000000000000533, 0.02000000000000000042, 1.800000000000000044 ) ) ;
#7185 = CARTESIAN_POINT ( 'NONE',  ( -4.850000000000000533, 0.9799999999999999822, -3.299999999999999822 ) ) ;
#7186 = DIRECTION ( 'NONE',  ( 0.000000000000000000, 0.000000000000000000, 1.000000000000000000 ) ) ;
#7187 =( NAMED_UNIT ( * ) PLANE_ANGLE_UNIT ( ) SI_UNIT ( $, .RADIAN. ) );
#7188 = SURFACE_SIDE_STYLE ('',( #8710 ) ) ;
#7189 = DIRECTION ( 'NONE',  ( -1.000000000000000000, 0.000000000000000000, 0.000000000000000000 ) ) ;
#7190 = SURFACE_SIDE_STYLE ('',( #1999 ) ) ;
#7191 = VERTEX_POINT ( 'NONE', #7527 ) ;
#7192 = ORIENTED_EDGE ( 'NONE', *, *, #9170, .F. ) ;
#7193 = FILL_AREA_STYLE_COLOUR ( '', #875 ) ;
#7194 = DIRECTION ( 'NONE',  ( 0.000000000000000000, 0.000000000000000000, 1.000000000000000000 ) ) ;
#7195 = FILL_AREA_STYLE_COLOUR ( '', #4399 ) ;
#7196 = CIRCLE ( 'NONE', #3098, 0.5000000000000000000 ) ;
#7197 = LINE ( 'NONE', #2933, #2761 ) ;
#7198 = DIRECTION ( 'NONE',  ( 0.000000000000000000, -1.000000000000000000, 0.000000000000000000 ) ) ;
#7199 = SURFACE_SIDE_STYLE ('',( #2061 ) ) ;
#7200 = ORIENTED_EDGE ( 'NONE', *, *, #1255, .F. ) ;
#7201 = DIRECTION ( 'NONE',  ( -1.000000000000000000, 0.000000000000000000, 0.000000000000000000 ) ) ;
#7202 = UNCERTAINTY_MEASURE_WITH_UNIT (LENGTH_MEASURE( 1.000000000000000082E-05 ), #729, 'distance_accuracy_value', 'NONE');
#7203 = COLOUR_RGB ( '',0.5372549019607842924, 0.6235294117647058876, 0.000000000000000000 ) ;
#7204 = EDGE_CURVE ( 'NONE', #98, #7548, #973, .T. ) ;
#7205 = UNCERTAINTY_MEASURE_WITH_UNIT (LENGTH_MEASURE( 1.000000000000000082E-05 ), #171, 'distance_accuracy_value', 'NONE');
#7206 = PLANE ( 'NONE',  #4278 ) ;
#7207 = LINE ( 'NONE', #3590, #4832 ) ;
#7208 = VECTOR ( 'NONE', #4015, 1000.000000000000000 ) ;
#7209 = SURFACE_STYLE_FILL_AREA ( #5699 ) ;
#7210 = ADVANCED_FACE ( 'NONE', ( #407 ), #2535, .F. ) ;
#7211 = VERTEX_POINT ( 'NONE', #6709 ) ;
#7212 = EDGE_CURVE ( 'NONE', #9057, #1053, #5148, .T. ) ;
#7213 = VECTOR ( 'NONE', #5583, 1000.000000000000000 ) ;
#7214 = ORIENTED_EDGE ( 'NONE', *, *, #7038, .F. ) ;
#7215 = PRESENTATION_LAYER_ASSIGNMENT (  '', '', ( #6310 ) ) ;
#7216 = FILL_AREA_STYLE ('',( #7878 ) ) ;
#7217 = CARTESIAN_POINT ( 'NONE',  ( -4.450000000000000178, 1.000000000000000000, 1.100000000000000089 ) ) ;
#7218 = DIRECTION ( 'NONE',  ( 0.000000000000000000, 0.000000000000000000, -1.000000000000000000 ) ) ;
#7219 = DIRECTION ( 'NONE',  ( 0.000000000000000000, 0.000000000000000000, 1.000000000000000000 ) ) ;
#7220 = PRESENTATION_STYLE_ASSIGNMENT (( #6372 ) ) ;
#7221 = VECTOR ( 'NONE', #473, 1000.000000000000000 ) ;
#7222 =( GEOMETRIC_REPRESENTATION_CONTEXT ( 3 ) GLOBAL_UNCERTAINTY_ASSIGNED_CONTEXT ( ( #6228 ) ) GLOBAL_UNIT_ASSIGNED_CONTEXT ( ( #4199, #3746, #7935 ) ) REPRESENTATION_CONTEXT ( 'NONE', 'WORKASPACE' ) );
#7223 = VERTEX_POINT ( 'NONE', #6618 ) ;
#7224 = ORIENTED_EDGE ( 'NONE', *, *, #1415, .F. ) ;
#7225 = ADVANCED_FACE ( 'NONE', ( #166 ), #1511, .T. ) ;
#7226 = DIRECTION ( 'NONE',  ( 0.000000000000000000, 0.000000000000000000, 1.000000000000000000 ) ) ;
#7227 = SURFACE_SIDE_STYLE ('',( #6569 ) ) ;
#7228 = DIRECTION ( 'NONE',  ( 0.000000000000000000, -1.000000000000000000, 0.000000000000000000 ) ) ;
#7229 = CARTESIAN_POINT ( 'NONE',  ( 4.850000000000000533, 0.000000000000000000, 0.2499999999998990252 ) ) ;
#7230 = AXIS2_PLACEMENT_3D ( 'NONE', #770, #7330, #7415 ) ;
#7231 = DIRECTION ( 'NONE',  ( 0.000000000000000000, 0.000000000000000000, 1.000000000000000000 ) ) ;
#7232 = FILL_AREA_STYLE_COLOUR ( '', #6027 ) ;
#7233 = DIRECTION ( 'NONE',  ( 0.000000000000000000, -1.000000000000000000, 0.000000000000000000 ) ) ;
#7234 = FACE_OUTER_BOUND ( 'NONE', #8841, .T. ) ;
#7235 = LINE ( 'NONE', #1507, #5972 ) ;
#7236 = EDGE_CURVE ( 'NONE', #7260, #1207, #5902, .T. ) ;
#7237 = ORIENTED_EDGE ( 'NONE', *, *, #7839, .T. ) ;
#7238 = EDGE_LOOP ( 'NONE', ( #632, #2383, #2590, #1825 ) ) ;
#7239 = CARTESIAN_POINT ( 'NONE',  ( 1.734723475976809855E-15, 0.000000000000000000, -2.600000000000000089 ) ) ;
#7240 = CARTESIAN_POINT ( 'NONE',  ( -4.450000000000000178, 0.9799999999999999822, -2.200000000000000178 ) ) ;
#7241 = CARTESIAN_POINT ( 'NONE',  ( 4.120000000000000107, 1.050000000000000044, -4.590000000000000746 ) ) ;
#7242 = PLANE ( 'NONE',  #3941 ) ;
#7243 = PRESENTATION_STYLE_ASSIGNMENT (( #7157 ) ) ;
#7244 = SURFACE_STYLE_FILL_AREA ( #4963 ) ;
#7245 = PRESENTATION_STYLE_ASSIGNMENT (( #6492 ) ) ;
#7246 = PLANE ( 'NONE',  #984 ) ;
#7247 = ORIENTED_EDGE ( 'NONE', *, *, #2264, .T. ) ;
#7248 = ORIENTED_EDGE ( 'NONE', *, *, #3835, .F. ) ;
#7249 = LINE ( 'NONE', #688, #3266 ) ;
#7250 = CARTESIAN_POINT ( 'NONE',  ( -4.850000000000000533, 0.000000000000000000, -3.700000000000000178 ) ) ;
#7251 = CIRCLE ( 'NONE', #6498, 0.4000000000000001887 ) ;
#7252 = CARTESIAN_POINT ( 'NONE',  ( 4.270000000000000462, 0.000000000000000000, 4.290000000000000036 ) ) ;
#7253 = EDGE_CURVE ( 'NONE', #8629, #6689, #3669, .T. ) ;
#7254 = AXIS2_PLACEMENT_3D ( 'NONE', #4621, #7574, #8944 ) ;
#7255 = CARTESIAN_POINT ( 'NONE',  ( -4.850000000000000533, 0.02000000000000000042, -5.049999999999999822 ) ) ;
#7256 = AXIS2_PLACEMENT_3D ( 'NONE', #676, #824, #2327 ) ;
#7257 = FILL_AREA_STYLE_COLOUR ( '', #2565 ) ;
#7258 = VERTEX_POINT ( 'NONE', #6534 ) ;
#7259 = DIRECTION ( 'NONE',  ( 1.000000000000000000, 0.000000000000000000, 0.000000000000000000 ) ) ;
#7260 = VERTEX_POINT ( 'NONE', #2186 ) ;
#7261 = CIRCLE ( 'NONE', #9228, 0.2500000000000002220 ) ;
#7262 =( NAMED_UNIT ( * ) SI_UNIT ( $, .STERADIAN. ) SOLID_ANGLE_UNIT ( ) );
#7263 =( NAMED_UNIT ( * ) PLANE_ANGLE_UNIT ( ) SI_UNIT ( $, .RADIAN. ) );
#7264 = EDGE_CURVE ( 'NONE', #7455, #2210, #8743, .T. ) ;
#7265 = EDGE_CURVE ( 'NONE', #4074, #4061, #4203, .T. ) ;
#7266 = LINE ( 'NONE', #5882, #9253 ) ;
#7267 = DIRECTION ( 'NONE',  ( 0.000000000000000000, 0.000000000000000000, 1.000000000000000000 ) ) ;
#7268 = DIRECTION ( 'NONE',  ( -1.000000000000000000, 0.000000000000000000, 0.000000000000000000 ) ) ;
#7269 = VERTEX_POINT ( 'NONE', #1555 ) ;
#7270 = AXIS2_PLACEMENT_3D ( 'NONE', #8452, #2853, #2701 ) ;
#7271 = VECTOR ( 'NONE', #1009, 1000.000000000000000 ) ;
#7272 = ORIENTED_EDGE ( 'NONE', *, *, #7510, .T. ) ;
#7273 = AXIS2_PLACEMENT_3D ( 'NONE', #5977, #7606, #8169 ) ;
#7274 = DIRECTION ( 'NONE',  ( 0.000000000000000000, -1.000000000000000000, 0.000000000000000000 ) ) ;
#7275 = DIRECTION ( 'NONE',  ( 0.000000000000000000, -1.000000000000000000, 0.000000000000000000 ) ) ;
#7276 = PLANE ( 'NONE',  #7968 ) ;
#7277 =( GEOMETRIC_REPRESENTATION_CONTEXT ( 3 ) GLOBAL_UNCERTAINTY_ASSIGNED_CONTEXT ( ( #5538 ) ) GLOBAL_UNIT_ASSIGNED_CONTEXT ( ( #2306, #1914, #7730 ) ) REPRESENTATION_CONTEXT ( 'NONE', 'WORKASPACE' ) );
#7278 = VECTOR ( 'NONE', #2160, 1000.000000000000000 ) ;
#7279 = MECHANICAL_DESIGN_GEOMETRIC_PRESENTATION_REPRESENTATION (  '', ( #1160 ), #7416 ) ;
#7280 = EDGE_CURVE ( 'NONE', #6223, #911, #6324, .T. ) ;
#7281 = CARTESIAN_POINT ( 'NONE',  ( -3.950000000000000178, 0.02000000000000000042, 1.500000000000000000 ) ) ;
#7282 = AXIS2_PLACEMENT_3D ( 'NONE', #2863, #3650, #1436 ) ;
#7283 = SURFACE_STYLE_USAGE ( .BOTH. , #3616 ) ;
#7284 =( GEOMETRIC_REPRESENTATION_CONTEXT ( 3 ) GLOBAL_UNCERTAINTY_ASSIGNED_CONTEXT ( ( #4140 ) ) GLOBAL_UNIT_ASSIGNED_CONTEXT ( ( #8611, #2816, #2128 ) ) REPRESENTATION_CONTEXT ( 'NONE', 'WORKASPACE' ) );
#7285 = ORIENTED_EDGE ( 'NONE', *, *, #4426, .T. ) ;
#7286 = ORIENTED_EDGE ( 'NONE', *, *, #6546, .F. ) ;
#7287 = DIRECTION ( 'NONE',  ( 0.000000000000000000, 0.000000000000000000, 1.000000000000000000 ) ) ;
#7288 =( NAMED_UNIT ( * ) PLANE_ANGLE_UNIT ( ) SI_UNIT ( $, .RADIAN. ) );
#7289 = STYLED_ITEM ( 'NONE', ( #4047 ), #1078 ) ;
#7290 = DIRECTION ( 'NONE',  ( 0.000000000000000000, 1.000000000000000000, 0.000000000000000000 ) ) ;
#7291 = CARTESIAN_POINT ( 'NONE',  ( -4.850000000000000533, 0.9799999999999999822, -4.400000000000000355 ) ) ;
#7292 = EDGE_CURVE ( 'NONE', #6843, #98, #2360, .T. ) ;
#7293 = DIRECTION ( 'NONE',  ( -1.000000000000000000, 0.000000000000000000, 0.000000000000000000 ) ) ;
#7294 = ORIENTED_EDGE ( 'NONE', *, *, #1367, .F. ) ;
#7295 = CIRCLE ( 'NONE', #7895, 0.2500000000000002220 ) ;
#7296 = FILL_AREA_STYLE_COLOUR ( '', #3413 ) ;
#7297 = CARTESIAN_POINT ( 'NONE',  ( -4.850000000000000533, 0.02000000000000000042, 4.400000000000000355 ) ) ;
#7298 = DIRECTION ( 'NONE',  ( 1.000000000000000000, 0.000000000000000000, 0.000000000000000000 ) ) ;
#7299 = FILL_AREA_STYLE ('',( #7384 ) ) ;
#7300 = VERTEX_POINT ( 'NONE', #7996 ) ;
#7301 = DIRECTION ( 'NONE',  ( 0.000000000000000000, 1.000000000000000000, 0.000000000000000000 ) ) ;
#7302 = CARTESIAN_POINT ( 'NONE',  ( 1.734723475976809855E-15, 0.000000000000000000, -1.800000000000000044 ) ) ;
#7303 = ORIENTED_EDGE ( 'NONE', *, *, #793, .T. ) ;
#7304 = CARTESIAN_POINT ( 'NONE',  ( -4.850000000000000533, 1.000000000000000000, -2.200000000000000178 ) ) ;
#7305 = ORIENTED_EDGE ( 'NONE', *, *, #4300, .T. ) ;
#7306 = LINE ( 'NONE', #8823, #3340 ) ;
#7307 = FILL_AREA_STYLE_COLOUR ( '', #7136 ) ;
#7308 = ORIENTED_EDGE ( 'NONE', *, *, #1193, .F. ) ;
#7309 = SURFACE_STYLE_FILL_AREA ( #1295 ) ;
#7310 = SURFACE_STYLE_USAGE ( .BOTH. , #7448 ) ;
#7311 = ORIENTED_EDGE ( 'NONE', *, *, #4653, .T. ) ;
#7312 = ORIENTED_EDGE ( 'NONE', *, *, #3039, .T. ) ;
#7313 = STYLED_ITEM ( 'NONE', ( #483 ), #1730 ) ;
#7314 = ORIENTED_EDGE ( 'NONE', *, *, #8030, .T. ) ;
#7315 = DIRECTION ( 'NONE',  ( -0.000000000000000000, 1.000000000000000000, 0.000000000000000000 ) ) ;
#7316 = ADVANCED_FACE ( 'NONE', ( #4448 ), #8842, .F. ) ;
#7317 = CARTESIAN_POINT ( 'NONE',  ( -3.950000000000000178, 0.000000000000000000, 2.899999999999999911 ) ) ;
#7318 = FACE_OUTER_BOUND ( 'NONE', #56, .T. ) ;
#7319 = ORIENTED_EDGE ( 'NONE', *, *, #2395, .T. ) ;
#7320 = PRESENTATION_STYLE_ASSIGNMENT (( #4436 ) ) ;
#7321 = UNCERTAINTY_MEASURE_WITH_UNIT (LENGTH_MEASURE( 1.000000000000000082E-05 ), #1227, 'distance_accuracy_value', 'NONE');
#7322 =( LENGTH_UNIT ( ) NAMED_UNIT ( * ) SI_UNIT ( .MILLI., .METRE. ) );
#7323 = PRESENTATION_LAYER_ASSIGNMENT (  '', '', ( #4589 ) ) ;
#7324 = LINE ( 'NONE', #1548, #7033 ) ;
#7325 = LINE ( 'NONE', #5898, #2414 ) ;
#7326 = CARTESIAN_POINT ( 'NONE',  ( -4.120000000000000107, 2.149999999999999911, 4.590000000000000746 ) ) ;
#7327 = ORIENTED_EDGE ( 'NONE', *, *, #4653, .F. ) ;
#7328 = EDGE_LOOP ( 'NONE', ( #4420, #2972, #2270, #1093, #6393, #7927, #2882 ) ) ;
#7329 = EDGE_CURVE ( 'NONE', #4431, #41, #6751, .T. ) ;
#7330 = DIRECTION ( 'NONE',  ( 0.000000000000000000, -1.000000000000000000, 0.000000000000000000 ) ) ;
#7331 = EDGE_CURVE ( 'NONE', #7223, #4239, #9192, .T. ) ;
#7332 = DIRECTION ( 'NONE',  ( 0.000000000000000000, 0.000000000000000000, 1.000000000000000000 ) ) ;
#7333 =( LENGTH_UNIT ( ) NAMED_UNIT ( * ) SI_UNIT ( .MILLI., .METRE. ) );
#7334 = CARTESIAN_POINT ( 'NONE',  ( 4.850000000000000533, 0.9799999999999999822, -4.000000000000000000 ) ) ;
#7335 = SURFACE_STYLE_USAGE ( .BOTH. , #5727 ) ;
#7336 = DIRECTION ( 'NONE',  ( 0.000000000000000000, 0.000000000000000000, -1.000000000000000000 ) ) ;
#7337 = CARTESIAN_POINT ( 'NONE',  ( -4.850000000000000533, 1.000000000000000000, 3.700000000000000178 ) ) ;
#7338 = ORIENTED_EDGE ( 'NONE', *, *, #1684, .F. ) ;
#7339 = AXIS2_PLACEMENT_3D ( 'NONE', #4110, #2787, #1192 ) ;
#7340 = EDGE_CURVE ( 'NONE', #897, #911, #6092, .T. ) ;
#7341 = STYLED_ITEM ( 'NONE', ( #4874 ), #3562 ) ;
#7342 =( NAMED_UNIT ( * ) PLANE_ANGLE_UNIT ( ) SI_UNIT ( $, .RADIAN. ) );
#7343 = LINE ( 'NONE', #789, #8016 ) ;
#7344 = ORIENTED_EDGE ( 'NONE', *, *, #9258, .T. ) ;
#7345 = COLOUR_RGB ( '',1.000000000000000000, 0.8117647058823529438, 0.5019607843137254832 ) ;
#7346 = CARTESIAN_POINT ( 'NONE',  ( 1.734723475976809855E-15, 0.000000000000000000, -3.700000000000000178 ) ) ;
#7347 = ORIENTED_EDGE ( 'NONE', *, *, #4858, .F. ) ;
#7348 = EDGE_CURVE ( 'NONE', #5856, #4214, #6617, .T. ) ;
#7349 = ORIENTED_EDGE ( 'NONE', *, *, #6471, .T. ) ;
#7350 = CARTESIAN_POINT ( 'NONE',  ( -3.950000000000000178, 0.000000000000000000, -3.700000000000000178 ) ) ;
#7351 = DIRECTION ( 'NONE',  ( 0.000000000000000000, -1.000000000000000000, 0.000000000000000000 ) ) ;
#7352 = VECTOR ( 'NONE', #7813, 1000.000000000000000 ) ;
#7353 = ORIENTED_EDGE ( 'NONE', *, *, #9146, .F. ) ;
#7354 = ORIENTED_EDGE ( 'NONE', *, *, #6457, .T. ) ;
#7355 =( GEOMETRIC_REPRESENTATION_CONTEXT ( 3 ) GLOBAL_UNCERTAINTY_ASSIGNED_CONTEXT ( ( #561 ) ) GLOBAL_UNIT_ASSIGNED_CONTEXT ( ( #4911, #2090, #2836 ) ) REPRESENTATION_CONTEXT ( 'NONE', 'WORKASPACE' ) );
#7356 = PRESENTATION_LAYER_ASSIGNMENT (  '', '', ( #4187 ) ) ;
#7357 = EDGE_LOOP ( 'NONE', ( #4813, #8481, #7615, #3319, #6947 ) ) ;
#7358 =( GEOMETRIC_REPRESENTATION_CONTEXT ( 3 ) GLOBAL_UNCERTAINTY_ASSIGNED_CONTEXT ( ( #7205 ) ) GLOBAL_UNIT_ASSIGNED_CONTEXT ( ( #171, #4669, #3108 ) ) REPRESENTATION_CONTEXT ( 'NONE', 'WORKASPACE' ) );
#7359 = ORIENTED_EDGE ( 'NONE', *, *, #5978, .T. ) ;
#7360 = ORIENTED_EDGE ( 'NONE', *, *, #7921, .T. ) ;
#7361 = LINE ( 'NONE', #6568, #354 ) ;
#7362 =( LENGTH_UNIT ( ) NAMED_UNIT ( * ) SI_UNIT ( .MILLI., .METRE. ) );
#7363 = COLOUR_RGB ( '',1.000000000000000000, 0.8117647058823529438, 0.5019607843137254832 ) ;
#7364 = VECTOR ( 'NONE', #5625, 1000.000000000000000 ) ;
#7365 = CIRCLE ( 'NONE', #1422, 0.2500000000000002220 ) ;
#7366 = DIRECTION ( 'NONE',  ( 0.000000000000000000, 0.000000000000000000, -1.000000000000000000 ) ) ;
#7367 = EDGE_CURVE ( 'NONE', #5366, #3213, #1734, .T. ) ;
#7368 = PLANE ( 'NONE',  #2331 ) ;
#7369 = VERTEX_POINT ( 'NONE', #8278 ) ;
#7370 = CARTESIAN_POINT ( 'NONE',  ( 4.850000000000000533, 0.02000000000000000042, -4.400000000000000355 ) ) ;
#7371 = VECTOR ( 'NONE', #4344, 1000.000000000000000 ) ;
#7372 = DIRECTION ( 'NONE',  ( 0.000000000000000000, 0.000000000000000000, 1.000000000000000000 ) ) ;
#7373 = SURFACE_SIDE_STYLE ('',( #4492 ) ) ;
#7374 = DIRECTION ( 'NONE',  ( 0.000000000000000000, 0.000000000000000000, 1.000000000000000000 ) ) ;
#7375 = SURFACE_STYLE_USAGE ( .BOTH. , #5945 ) ;
#7376 = VECTOR ( 'NONE', #352, 1000.000000000000000 ) ;
#7377 = CARTESIAN_POINT ( 'NONE',  ( 4.850000000000000533, 0.000000000000000000, 5.049999999999999822 ) ) ;
#7378 = CARTESIAN_POINT ( 'NONE',  ( -4.850000000000000533, 0.000000000000000000, -5.049999999999999822 ) ) ;
#7379 = ADVANCED_FACE ( 'NONE', ( #1012 ), #3952, .T. ) ;
#7380 = PRESENTATION_LAYER_ASSIGNMENT (  '', '', ( #8140 ) ) ;
#7381 = EDGE_CURVE ( 'NONE', #6887, #2498, #6927, .T. ) ;
#7382 = CARTESIAN_POINT ( 'NONE',  ( 3.950000000000000178, 0.02000000000000000042, 1.500000000000000000 ) ) ;
#7383 = DIRECTION ( 'NONE',  ( 0.000000000000000000, 1.000000000000000000, -6.938893903907229640E-14 ) ) ;
#7384 = FILL_AREA_STYLE_COLOUR ( '', #4389 ) ;
#7385 = EDGE_CURVE ( 'NONE', #4997, #3928, #6137, .T. ) ;
#7386 = ORIENTED_EDGE ( 'NONE', *, *, #706, .F. ) ;
#7387 = CARTESIAN_POINT ( 'NONE',  ( -4.850000000000000533, 1.000000000000000000, 2.200000000000000178 ) ) ;
#7388 = FACE_OUTER_BOUND ( 'NONE', #4424, .T. ) ;
#7389 = ORIENTED_EDGE ( 'NONE', *, *, #7946, .T. ) ;
#7390 = VECTOR ( 'NONE', #1728, 1000.000000000000000 ) ;
#7391 = FACE_OUTER_BOUND ( 'NONE', #6578, .T. ) ;
#7392 = LINE ( 'NONE', #848, #5451 ) ;
#7393 = DIRECTION ( 'NONE',  ( 1.000000000000000000, 0.000000000000000000, 0.000000000000000000 ) ) ;
#7394 = DIRECTION ( 'NONE',  ( -1.000000000000000000, 0.000000000000000000, 0.000000000000000000 ) ) ;
#7395 = ADVANCED_FACE ( 'NONE', ( #9028 ), #5418, .F. ) ;
#7396 = FILL_AREA_STYLE ('',( #8785 ) ) ;
#7397 = VECTOR ( 'NONE', #3756, 1000.000000000000000 ) ;
#7398 = ORIENTED_EDGE ( 'NONE', *, *, #1281, .T. ) ;
#7399 = VERTEX_POINT ( 'NONE', #209 ) ;
#7400 = PLANE ( 'NONE',  #4245 ) ;
#7401 = ORIENTED_EDGE ( 'NONE', *, *, #5065, .T. ) ;
#7402 = ORIENTED_EDGE ( 'NONE', *, *, #9422, .T. ) ;
#7403 = ORIENTED_EDGE ( 'NONE', *, *, #3383, .T. ) ;
#7404 = DIRECTION ( 'NONE',  ( 0.000000000000000000, -1.000000000000000000, 0.000000000000000000 ) ) ;
#7405 = CARTESIAN_POINT ( 'NONE',  ( 4.850000000000000533, 0.9799999999999999822, -1.100000000000000089 ) ) ;
#7406 = CARTESIAN_POINT ( 'NONE',  ( 4.599999999999999645, 0.02000000000000000042, -3.299999999999999822 ) ) ;
#7407 = UNCERTAINTY_MEASURE_WITH_UNIT (LENGTH_MEASURE( 1.000000000000000082E-05 ), #6037, 'distance_accuracy_value', 'NONE');
#7408 = STYLED_ITEM ( 'NONE', ( #2324 ), #5227 ) ;
#7409 = PLANE ( 'NONE',  #783 ) ;
#7410 = DIRECTION ( 'NONE',  ( 0.000000000000000000, -1.000000000000000000, 0.000000000000000000 ) ) ;
#7411 = CARTESIAN_POINT ( 'NONE',  ( -4.850000000000000533, 0.9799999999999999822, 2.200000000000000178 ) ) ;
#7412 = DIRECTION ( 'NONE',  ( 1.000000000000000000, 0.000000000000000000, 0.000000000000000000 ) ) ;
#7413 = PRESENTATION_LAYER_ASSIGNMENT (  '', '', ( #6660 ) ) ;
#7414 = CIRCLE ( 'NONE', #5441, 0.4000000000000001887 ) ;
#7415 = DIRECTION ( 'NONE',  ( -1.000000000000000000, 0.000000000000000000, 0.000000000000000000 ) ) ;
#7416 =( GEOMETRIC_REPRESENTATION_CONTEXT ( 3 ) GLOBAL_UNCERTAINTY_ASSIGNED_CONTEXT ( ( #3399 ) ) GLOBAL_UNIT_ASSIGNED_CONTEXT ( ( #6998, #3296, #5576 ) ) REPRESENTATION_CONTEXT ( 'NONE', 'WORKASPACE' ) );
#7417 = CYLINDRICAL_SURFACE ( 'NONE', #681, 0.1499999999999999667 ) ;
#7418 = PRESENTATION_STYLE_ASSIGNMENT (( #7375 ) ) ;
#7419 = PRESENTATION_LAYER_ASSIGNMENT (  '', '', ( #4993 ) ) ;
#7420 = DIRECTION ( 'NONE',  ( 0.000000000000000000, 1.000000000000000000, 0.000000000000000000 ) ) ;
#7421 = DIRECTION ( 'NONE',  ( 1.000000000000000000, 0.000000000000000000, 0.000000000000000000 ) ) ;
#7422 = COLOUR_RGB ( '',0.5372549019607842924, 0.6235294117647058876, 0.000000000000000000 ) ;
#7423 =( LENGTH_UNIT ( ) NAMED_UNIT ( * ) SI_UNIT ( .MILLI., .METRE. ) );
#7424 =( GEOMETRIC_REPRESENTATION_CONTEXT ( 3 ) GLOBAL_UNCERTAINTY_ASSIGNED_CONTEXT ( ( #4067 ) ) GLOBAL_UNIT_ASSIGNED_CONTEXT ( ( #1435, #2214, #7078 ) ) REPRESENTATION_CONTEXT ( 'NONE', 'WORKASPACE' ) );
#7425 = STYLED_ITEM ( 'NONE', ( #1967 ), #8967 ) ;
#7426 = DIRECTION ( 'NONE',  ( -1.000000000000000000, 0.000000000000000000, 0.000000000000000000 ) ) ;
#7427 = LINE ( 'NONE', #835, #2041 ) ;
#7428 = EDGE_CURVE ( 'NONE', #8629, #3928, #5327, .T. ) ;
#7429 = VECTOR ( 'NONE', #1516, 1000.000000000000000 ) ;
#7430 = CARTESIAN_POINT ( 'NONE',  ( -3.950000000000000178, 0.02000000000000000042, 2.600000000000000089 ) ) ;
#7431 = EDGE_CURVE ( 'NONE', #4511, #7980, #4757, .T. ) ;
#7432 = DIRECTION ( 'NONE',  ( 0.000000000000000000, -1.000000000000000000, 0.000000000000000000 ) ) ;
#7433 = AXIS2_PLACEMENT_3D ( 'NONE', #5075, #1699, #4378 ) ;
#7434 = DIRECTION ( 'NONE',  ( 0.000000000000000000, 0.000000000000000000, 1.000000000000000000 ) ) ;
#7435 = CARTESIAN_POINT ( 'NONE',  ( 4.850000000000000533, 0.9799999999999999822, 1.949999999999999956 ) ) ;
#7436 =( LENGTH_UNIT ( ) NAMED_UNIT ( * ) SI_UNIT ( .MILLI., .METRE. ) );
#7437 = ORIENTED_EDGE ( 'NONE', *, *, #7913, .T. ) ;
#7438 = DIRECTION ( 'NONE',  ( 0.000000000000000000, -1.000000000000000000, 0.000000000000000000 ) ) ;
#7439 = CARTESIAN_POINT ( 'NONE',  ( -3.950000000000000178, 0.000000000000000000, 1.800000000000000044 ) ) ;
#7440 = ORIENTED_EDGE ( 'NONE', *, *, #7264, .T. ) ;
#7441 = CARTESIAN_POINT ( 'NONE',  ( 4.850000000000000533, 0.9799999999999999822, 2.200000000000000178 ) ) ;
#7442 = EDGE_CURVE ( 'NONE', #3522, #3252, #6939, .T. ) ;
#7443 = ADVANCED_FACE ( 'NONE', ( #2373 ), #6116, .T. ) ;
#7444 = ORIENTED_EDGE ( 'NONE', *, *, #9373, .F. ) ;
#7445 = DIRECTION ( 'NONE',  ( 0.000000000000000000, 0.000000000000000000, 1.000000000000000000 ) ) ;
#7446 = COLOUR_RGB ( '',1.000000000000000000, 0.8117647058823529438, 0.5019607843137254832 ) ;
#7447 = PLANE ( 'NONE',  #2574 ) ;
#7448 = SURFACE_SIDE_STYLE ('',( #147 ) ) ;
#7449 = VERTEX_POINT ( 'NONE', #186 ) ;
#7450 = UNCERTAINTY_MEASURE_WITH_UNIT (LENGTH_MEASURE( 1.000000000000000082E-05 ), #3470, 'distance_accuracy_value', 'NONE');
#7451 = ORIENTED_EDGE ( 'NONE', *, *, #2203, .F. ) ;
#7452 = DIRECTION ( 'NONE',  ( 0.000000000000000000, 1.000000000000000000, 0.000000000000000000 ) ) ;
#7453 = VECTOR ( 'NONE', #8957, 1000.000000000000000 ) ;
#7454 = VERTEX_POINT ( 'NONE', #2396 ) ;
#7455 = VERTEX_POINT ( 'NONE', #6012 ) ;
#7456 = ADVANCED_FACE ( 'NONE', ( #2849 ), #7952, .F. ) ;
#7457 = DIRECTION ( 'NONE',  ( 0.000000000000000000, -1.000000000000000000, 0.000000000000000000 ) ) ;
#7458 = DIRECTION ( 'NONE',  ( 0.000000000000000000, -1.000000000000000000, 0.000000000000000000 ) ) ;
#7459 = DIRECTION ( 'NONE',  ( 1.000000000000000000, 0.000000000000000000, 0.000000000000000000 ) ) ;
#7460 = AXIS2_PLACEMENT_3D ( 'NONE', #5104, #5367, #3632 ) ;
#7461 = DIRECTION ( 'NONE',  ( -1.000000000000000000, 0.000000000000000000, 0.000000000000000000 ) ) ;
#7462 = ORIENTED_EDGE ( 'NONE', *, *, #5522, .T. ) ;
#7463 = SURFACE_STYLE_USAGE ( .BOTH. , #8979 ) ;
#7464 = FILL_AREA_STYLE ('',( #253 ) ) ;
#7465 = CARTESIAN_POINT ( 'NONE',  ( -4.850000000000000533, 0.000000000000000000, -0.4000000000000989986 ) ) ;
#7466 = ADVANCED_FACE ( 'NONE', ( #1369 ), #639, .T. ) ;
#7467 = DIRECTION ( 'NONE',  ( 0.000000000000000000, -1.000000000000000000, 0.000000000000000000 ) ) ;
#7468 = LINE ( 'NONE', #3954, #2481 ) ;
#7469 = COLOUR_RGB ( '',1.000000000000000000, 0.8117647058823529438, 0.5019607843137254832 ) ;
#7470 = FACE_OUTER_BOUND ( 'NONE', #5649, .T. ) ;
#7471 = DIRECTION ( 'NONE',  ( 1.000000000000000000, 0.000000000000000000, 0.000000000000000000 ) ) ;
#7472 = PLANE ( 'NONE',  #6960 ) ;
#7473 = ORIENTED_EDGE ( 'NONE', *, *, #1962, .F. ) ;
#7474 = ORIENTED_EDGE ( 'NONE', *, *, #1716, .T. ) ;
#7475 = CARTESIAN_POINT ( 'NONE',  ( -4.850000000000000533, 0.02000000000000000042, -5.049999999999999822 ) ) ;
#7476 = DIRECTION ( 'NONE',  ( 0.000000000000000000, 0.000000000000000000, -1.000000000000000000 ) ) ;
#7477 = CARTESIAN_POINT ( 'NONE',  ( 4.850000000000000533, 0.000000000000000000, 4.799999999999999822 ) ) ;
#7478 = DIRECTION ( 'NONE',  ( 1.000000000000000000, 0.000000000000000000, 0.000000000000000000 ) ) ;
#7479 = DIRECTION ( 'NONE',  ( 0.000000000000000000, -1.000000000000000000, 0.000000000000000000 ) ) ;
#7480 = DIRECTION ( 'NONE',  ( 0.000000000000000000, 1.000000000000000000, 0.000000000000000000 ) ) ;
#7481 = SURFACE_STYLE_FILL_AREA ( #6722 ) ;
#7482 = ORIENTED_EDGE ( 'NONE', *, *, #3436, .F. ) ;
#7483 = ADVANCED_FACE ( 'NONE', ( #4274 ), #2057, .F. ) ;
#7484 = AXIS2_PLACEMENT_3D ( 'NONE', #7939, #8755, #3750 ) ;
#7485 = PLANE ( 'NONE',  #537 ) ;
#7486 = ORIENTED_EDGE ( 'NONE', *, *, #7863, .F. ) ;
#7487 = LINE ( 'NONE', #3980, #243 ) ;
#7488 = ORIENTED_EDGE ( 'NONE', *, *, #5001, .F. ) ;
#7489 = LINE ( 'NONE', #8962, #6067 ) ;
#7490 = DIRECTION ( 'NONE',  ( 0.000000000000000000, -1.000000000000000000, 0.000000000000000000 ) ) ;
#7491 = DIRECTION ( 'NONE',  ( 1.000000000000000000, 0.000000000000000000, 0.000000000000000000 ) ) ;
#7492 = VECTOR ( 'NONE', #2285, 1000.000000000000000 ) ;
#7493 = DIRECTION ( 'NONE',  ( 0.000000000000000000, 1.000000000000000000, 0.000000000000000000 ) ) ;
#7494 = ORIENTED_EDGE ( 'NONE', *, *, #6114, .T. ) ;
#7495 = EDGE_CURVE ( 'NONE', #897, #1543, #7832, .T. ) ;
#7496 = DIRECTION ( 'NONE',  ( 0.000000000000000000, -1.000000000000000000, 0.000000000000000000 ) ) ;
#7497 = ADVANCED_FACE ( 'NONE', ( #9376 ), #2236, .F. ) ;
#7498 = ORIENTED_EDGE ( 'NONE', *, *, #7970, .T. ) ;
#7499 = ORIENTED_EDGE ( 'NONE', *, *, #312, .T. ) ;
#7500 = AXIS2_PLACEMENT_3D ( 'NONE', #9377, #7112, #5820 ) ;
#7501 = ORIENTED_EDGE ( 'NONE', *, *, #725, .T. ) ;
#7502 = ORIENTED_EDGE ( 'NONE', *, *, #1380, .T. ) ;
#7503 = COLOUR_RGB ( '',1.000000000000000000, 0.8117647058823529438, 0.5019607843137254832 ) ;
#7504 = CARTESIAN_POINT ( 'NONE',  ( -4.850000000000000533, 0.02000000000000000042, -6.331740687315349681E-14 ) ) ;
#7505 = FILL_AREA_STYLE_COLOUR ( '', #8495 ) ;
#7506 = DIRECTION ( 'NONE',  ( 1.000000000000000000, 0.000000000000000000, 0.000000000000000000 ) ) ;
#7507 = STYLED_ITEM ( 'NONE', ( #6866 ), #6741 ) ;
#7508 = DIRECTION ( 'NONE',  ( 0.000000000000000000, 0.000000000000000000, 1.000000000000000000 ) ) ;
#7509 = VECTOR ( 'NONE', #5981, 1000.000000000000000 ) ;
#7510 = EDGE_CURVE ( 'NONE', #8287, #4222, #2830, .T. ) ;
#7511 = ORIENTED_EDGE ( 'NONE', *, *, #3494, .T. ) ;
#7512 =( NAMED_UNIT ( * ) PLANE_ANGLE_UNIT ( ) SI_UNIT ( $, .RADIAN. ) );
#7513 = ORIENTED_EDGE ( 'NONE', *, *, #3862, .T. ) ;
#7514 = DIRECTION ( 'NONE',  ( 0.000000000000000000, 0.000000000000000000, 1.000000000000000000 ) ) ;
#7515 = AXIS2_PLACEMENT_3D ( 'NONE', #1545, #7985, #8751 ) ;
#7516 = SURFACE_STYLE_FILL_AREA ( #4760 ) ;
#7517 = CARTESIAN_POINT ( 'NONE',  ( 4.850000000000000533, 0.000000000000000000, -3.050000000000000266 ) ) ;
#7518 = COLOUR_RGB ( '',1.000000000000000000, 0.8117647058823529438, 0.5019607843137254832 ) ;
#7519 = COLOUR_RGB ( '',1.000000000000000000, 0.8117647058823529438, 0.5019607843137254832 ) ;
#7520 = DIRECTION ( 'NONE',  ( 0.000000000000000000, 0.000000000000000000, 1.000000000000000000 ) ) ;
#7521 =( LENGTH_UNIT ( ) NAMED_UNIT ( * ) SI_UNIT ( .MILLI., .METRE. ) );
#7522 =( NAMED_UNIT ( * ) SI_UNIT ( $, .STERADIAN. ) SOLID_ANGLE_UNIT ( ) );
#7523 = ADVANCED_FACE ( 'NONE', ( #3813 ), #6713, .F. ) ;
#7524 = AXIS2_PLACEMENT_3D ( 'NONE', #7185, #6477, #2874 ) ;
#7525 = DIRECTION ( 'NONE',  ( 0.000000000000000000, 0.000000000000000000, 1.000000000000000000 ) ) ;
#7526 = VERTEX_POINT ( 'NONE', #3908 ) ;
#7527 = CARTESIAN_POINT ( 'NONE',  ( -4.850000000000000533, 0.9799999999999999822, -2.600000000000000089 ) ) ;
#7528 = LINE ( 'NONE', #4534, #633 ) ;
#7529 =( NAMED_UNIT ( * ) SI_UNIT ( $, .STERADIAN. ) SOLID_ANGLE_UNIT ( ) );
#7530 = CARTESIAN_POINT ( 'NONE',  ( -4.850000000000000533, 0.02000000000000000042, 3.050000000000000266 ) ) ;
#7531 = CARTESIAN_POINT ( 'NONE',  ( 1.734723475976809855E-15, 0.02000000000000000042, -2.600000000000000089 ) ) ;
#7532 = CARTESIAN_POINT ( 'NONE',  ( 4.850000000000000533, 0.02000000000000000042, 5.049999999999999822 ) ) ;
#7533 = AXIS2_PLACEMENT_3D ( 'NONE', #6855, #297, #7514 ) ;
#7534 = AXIS2_PLACEMENT_3D ( 'NONE', #3190, #8218, #3403 ) ;
#7535 = SURFACE_SIDE_STYLE ('',( #9104 ) ) ;
#7536 = CARTESIAN_POINT ( 'NONE',  ( 3.950000000000000178, 0.000000000000000000, 0.3999999999998999911 ) ) ;
#7537 = ORIENTED_EDGE ( 'NONE', *, *, #6626, .F. ) ;
#7538 = SURFACE_SIDE_STYLE ('',( #3261 ) ) ;
#7539 = CARTESIAN_POINT ( 'NONE',  ( 3.950000000000000178, 0.000000000000000000, 1.800000000000000044 ) ) ;
#7540 = DIRECTION ( 'NONE',  ( 0.000000000000000000, 1.000000000000000000, 0.000000000000000000 ) ) ;
#7541 = VERTEX_POINT ( 'NONE', #6099 ) ;
#7542 = FILL_AREA_STYLE ('',( #6837 ) ) ;
#7543 = DIRECTION ( 'NONE',  ( 0.000000000000000000, 0.000000000000000000, -1.000000000000000000 ) ) ;
#7544 = ORIENTED_EDGE ( 'NONE', *, *, #5663, .T. ) ;
#7545 = VECTOR ( 'NONE', #5051, 1000.000000000000000 ) ;
#7546 = ORIENTED_EDGE ( 'NONE', *, *, #7292, .F. ) ;
#7547 = EDGE_LOOP ( 'NONE', ( #1265, #711, #1943, #4260 ) ) ;
#7548 = VERTEX_POINT ( 'NONE', #2473 ) ;
#7549 = SURFACE_SIDE_STYLE ('',( #3938 ) ) ;
#7550 = FILL_AREA_STYLE ('',( #3279 ) ) ;
#7551 = ADVANCED_FACE ( 'NONE', ( #8847 ), #2334, .T. ) ;
#7552 = ADVANCED_FACE ( 'NONE', ( #3859 ), #5206, .F. ) ;
#7553 = STYLED_ITEM ( 'NONE', ( #4567 ), #7778 ) ;
#7554 = EDGE_LOOP ( 'NONE', ( #6924, #1912, #5739, #5455, #4942, #5635, #952, #6429, #7042, #4658, #8032, #9270 ) ) ;
#7555 = LINE ( 'NONE', #6130, #8628 ) ;
#7556 = FILL_AREA_STYLE_COLOUR ( '', #7138 ) ;
#7557 = VERTEX_POINT ( 'NONE', #5515 ) ;
#7558 = FILL_AREA_STYLE_COLOUR ( '', #6864 ) ;
#7559 = SURFACE_SIDE_STYLE ('',( #3851 ) ) ;
#7560 = ORIENTED_EDGE ( 'NONE', *, *, #8058, .F. ) ;
#7561 = CARTESIAN_POINT ( 'NONE',  ( -4.850000000000000533, 0.000000000000000000, 4.799999999999999822 ) ) ;
#7562 = LINE ( 'NONE', #8518, #23 ) ;
#7563 = MECHANICAL_DESIGN_GEOMETRIC_PRESENTATION_REPRESENTATION (  '', ( #995 ), #9378 ) ;
#7564 = EDGE_CURVE ( 'NONE', #8460, #7902, #5475, .T. ) ;
#7565 = DIRECTION ( 'NONE',  ( 1.000000000000000000, 0.000000000000000000, 0.000000000000000000 ) ) ;
#7566 =( GEOMETRIC_REPRESENTATION_CONTEXT ( 3 ) GLOBAL_UNCERTAINTY_ASSIGNED_CONTEXT ( ( #7407 ) ) GLOBAL_UNIT_ASSIGNED_CONTEXT ( ( #6037, #8383, #8228 ) ) REPRESENTATION_CONTEXT ( 'NONE', 'WORKASPACE' ) );
#7567 = CARTESIAN_POINT ( 'NONE',  ( -4.100000000000000533, 2.449999999999999734, 4.250000000000000000 ) ) ;
#7568 = DIRECTION ( 'NONE',  ( 1.000000000000000000, 0.000000000000000000, 0.000000000000000000 ) ) ;
#7569 = AXIS2_PLACEMENT_3D ( 'NONE', #775, #5458, #74 ) ;
#7570 = CARTESIAN_POINT ( 'NONE',  ( -4.850000000000000533, 0.02000000000000000042, 3.700000000000000178 ) ) ;
#7571 = UNCERTAINTY_MEASURE_WITH_UNIT (LENGTH_MEASURE( 1.000000000000000082E-05 ), #3811, 'distance_accuracy_value', 'NONE');
#7572 = EDGE_LOOP ( 'NONE', ( #6269, #2305, #2468, #1996 ) ) ;
#7573 = AXIS2_PLACEMENT_3D ( 'NONE', #7304, #845, #5440 ) ;
#7574 = DIRECTION ( 'NONE',  ( 0.000000000000000000, 1.000000000000000000, 0.000000000000000000 ) ) ;
#7575 = VECTOR ( 'NONE', #5477, 1000.000000000000000 ) ;
#7576 = AXIS2_PLACEMENT_3D ( 'NONE', #5504, #2773, #4795 ) ;
#7577 = DIRECTION ( 'NONE',  ( -1.000000000000000000, 0.000000000000000000, 0.000000000000000000 ) ) ;
#7578 = CARTESIAN_POINT ( 'NONE',  ( 1.734723475976809855E-15, 1.000000000000000000, 5.049999999999999822 ) ) ;
#7579 = SURFACE_SIDE_STYLE ('',( #3165 ) ) ;
#7580 = EDGE_CURVE ( 'NONE', #7126, #5995, #6899, .T. ) ;
#7581 = VECTOR ( 'NONE', #7918, 1000.000000000000000 ) ;
#7582 = FILL_AREA_STYLE_COLOUR ( '', #9064 ) ;
#7583 =( GEOMETRIC_REPRESENTATION_CONTEXT ( 3 ) GLOBAL_UNCERTAINTY_ASSIGNED_CONTEXT ( ( #5643 ) ) GLOBAL_UNIT_ASSIGNED_CONTEXT ( ( #360, #5485, #6868 ) ) REPRESENTATION_CONTEXT ( 'NONE', 'WORKASPACE' ) );
#7584 = FILL_AREA_STYLE_COLOUR ( '', #9414 ) ;
#7585 = CARTESIAN_POINT ( 'NONE',  ( 4.850000000000000533, 0.02000000000000000042, 4.150000000000000355 ) ) ;
#7586 = STYLED_ITEM ( 'NONE', ( #4177 ), #8925 ) ;
#7587 = ORIENTED_EDGE ( 'NONE', *, *, #5889, .F. ) ;
#7588 = UNCERTAINTY_MEASURE_WITH_UNIT (LENGTH_MEASURE( 1.000000000000000082E-05 ), #1529, 'distance_accuracy_value', 'NONE');
#7589 = DIRECTION ( 'NONE',  ( 0.000000000000000000, 0.000000000000000000, 1.000000000000000000 ) ) ;
#7590 = DIRECTION ( 'NONE',  ( 0.000000000000000000, 1.000000000000000000, 0.000000000000000000 ) ) ;
#7591 = PRESENTATION_LAYER_ASSIGNMENT (  '', '', ( #8184 ) ) ;
#7592 =( NAMED_UNIT ( * ) SI_UNIT ( $, .STERADIAN. ) SOLID_ANGLE_UNIT ( ) );
#7593 = VECTOR ( 'NONE', #4405, 1000.000000000000000 ) ;
#7594 = COLOUR_RGB ( '',1.000000000000000000, 0.8117647058823529438, 0.5019607843137254832 ) ;
#7595 = VERTEX_POINT ( 'NONE', #8329 ) ;
#7596 =( LENGTH_UNIT ( ) NAMED_UNIT ( * ) SI_UNIT ( .MILLI., .METRE. ) );
#7597 = STYLED_ITEM ( 'NONE', ( #2767 ), #5928 ) ;
#7598 = VERTEX_POINT ( 'NONE', #7699 ) ;
#7599 = ORIENTED_EDGE ( 'NONE', *, *, #4342, .T. ) ;
#7600 = VECTOR ( 'NONE', #6491, 1000.000000000000000 ) ;
#7601 = LINE ( 'NONE', #6171, #735 ) ;
#7602 = VERTEX_POINT ( 'NONE', #1150 ) ;
#7603 = ORIENTED_EDGE ( 'NONE', *, *, #4789, .F. ) ;
#7604 = ORIENTED_EDGE ( 'NONE', *, *, #8030, .F. ) ;
#7605 = CARTESIAN_POINT ( 'NONE',  ( -4.100000000000000533, 2.449999999999999734, 3.850000000000000089 ) ) ;
#7606 = DIRECTION ( 'NONE',  ( 1.000000000000000000, 0.000000000000000000, 0.000000000000000000 ) ) ;
#7607 = DIRECTION ( 'NONE',  ( -1.000000000000000000, 0.000000000000000000, 0.000000000000000000 ) ) ;
#7608 = LINE ( 'NONE', #5506, #3307 ) ;
#7609 = CARTESIAN_POINT ( 'NONE',  ( -3.950000000000000178, 0.02000000000000000042, -1.800000000000000044 ) ) ;
#7610 = EDGE_LOOP ( 'NONE', ( #3559, #8303, #8079, #7765, #7502, #420, #1403, #1764, #6210, #7001, #9305, #2861 ) ) ;
#7611 = VERTEX_POINT ( 'NONE', #2629 ) ;
#7612 =( LENGTH_UNIT ( ) NAMED_UNIT ( * ) SI_UNIT ( .MILLI., .METRE. ) );
#7613 = EDGE_CURVE ( 'NONE', #6174, #2076, #4107, .T. ) ;
#7614 = MECHANICAL_DESIGN_GEOMETRIC_PRESENTATION_REPRESENTATION (  '', ( #1517 ), #5187 ) ;
#7615 = ORIENTED_EDGE ( 'NONE', *, *, #2990, .T. ) ;
#7616 = CARTESIAN_POINT ( 'NONE',  ( -4.120000000000000107, 0.000000000000000000, -4.290000000000000036 ) ) ;
#7617 = CARTESIAN_POINT ( 'NONE',  ( 4.850000000000000533, 0.9799999999999999822, 3.050000000000000266 ) ) ;
#7618 = CARTESIAN_POINT ( 'NONE',  ( -3.950000000000000178, 0.000000000000000000, 2.899999999999999911 ) ) ;
#7619 = DIRECTION ( 'NONE',  ( 0.000000000000000000, -1.000000000000000000, 0.000000000000000000 ) ) ;
#7620 = LINE ( 'NONE', #4006, #45 ) ;
#7621 = DIRECTION ( 'NONE',  ( 0.000000000000000000, 1.000000000000000000, 0.000000000000000000 ) ) ;
#7622 = DIRECTION ( 'NONE',  ( 1.000000000000000000, 0.000000000000000000, 0.000000000000000000 ) ) ;
#7623 = EDGE_CURVE ( 'NONE', #2074, #916, #8386, .T. ) ;
#7624 = EDGE_CURVE ( 'NONE', #8252, #7922, #5573, .T. ) ;
#7625 = VERTEX_POINT ( 'NONE', #3957 ) ;
#7626 =( GEOMETRIC_REPRESENTATION_CONTEXT ( 3 ) GLOBAL_UNCERTAINTY_ASSIGNED_CONTEXT ( ( #3975 ) ) GLOBAL_UNIT_ASSIGNED_CONTEXT ( ( #5510, #7694, #2519 ) ) REPRESENTATION_CONTEXT ( 'NONE', 'WORKASPACE' ) );
#7627 = ORIENTED_EDGE ( 'NONE', *, *, #7348, .F. ) ;
#7628 = LINE ( 'NONE', #269, #8864 ) ;
#7629 = DIRECTION ( 'NONE',  ( 0.000000000000000000, 1.000000000000000000, 0.000000000000000000 ) ) ;
#7630 = CARTESIAN_POINT ( 'NONE',  ( 4.850000000000000533, 0.02000000000000000042, 5.049999999999999822 ) ) ;
#7631 = DIRECTION ( 'NONE',  ( 0.000000000000000000, 0.000000000000000000, -1.000000000000000000 ) ) ;
#7632 = DIRECTION ( 'NONE',  ( 0.000000000000000000, 0.000000000000000000, -1.000000000000000000 ) ) ;
#7633 = DIRECTION ( 'NONE',  ( 0.000000000000000000, 0.000000000000000000, 1.000000000000000000 ) ) ;
#7634 = VERTEX_POINT ( 'NONE', #1837 ) ;
#7635 = SURFACE_STYLE_USAGE ( .BOTH. , #7538 ) ;
#7636 = EDGE_CURVE ( 'NONE', #315, #8987, #4056, .T. ) ;
#7637 = PRESENTATION_LAYER_ASSIGNMENT (  '', '', ( #6719 ) ) ;
#7638 = CARTESIAN_POINT ( 'NONE',  ( 3.950000000000000178, 0.02000000000000000042, 2.899999999999999911 ) ) ;
#7639 = ORIENTED_EDGE ( 'NONE', *, *, #3731, .T. ) ;
#7640 = SURFACE_SIDE_STYLE ('',( #463 ) ) ;
#7641 = ORIENTED_EDGE ( 'NONE', *, *, #6537, .F. ) ;
#7642 =( NAMED_UNIT ( * ) SI_UNIT ( $, .STERADIAN. ) SOLID_ANGLE_UNIT ( ) );
#7643 = VERTEX_POINT ( 'NONE', #4155 ) ;
#7644 =( LENGTH_UNIT ( ) NAMED_UNIT ( * ) SI_UNIT ( .MILLI., .METRE. ) );
#7645 = ADVANCED_FACE ( 'NONE', ( #4762 ), #6243, .F. ) ;
#7646 = ORIENTED_EDGE ( 'NONE', *, *, #4382, .F. ) ;
#7647 = CARTESIAN_POINT ( 'NONE',  ( 4.850000000000000533, 1.000000000000000000, 2.600000000000000089 ) ) ;
#7648 = VECTOR ( 'NONE', #4526, 1000.000000000000000 ) ;
#7649 = DIRECTION ( 'NONE',  ( 0.000000000000000000, -1.000000000000000000, 0.000000000000000000 ) ) ;
#7650 = UNCERTAINTY_MEASURE_WITH_UNIT (LENGTH_MEASURE( 1.000000000000000082E-05 ), #601, 'distance_accuracy_value', 'NONE');
#7651 = DIRECTION ( 'NONE',  ( 0.000000000000000000, 1.000000000000000000, 0.000000000000000000 ) ) ;
#7652 = ORIENTED_EDGE ( 'NONE', *, *, #2204, .F. ) ;
#7653 = FILL_AREA_STYLE ('',( #7558 ) ) ;
#7654 = CIRCLE ( 'NONE', #1860, 0.4000000000000001887 ) ;
#7655 = COLOUR_RGB ( '',1.000000000000000000, 0.8117647058823529438, 0.5019607843137254832 ) ;
#7656 = ORIENTED_EDGE ( 'NONE', *, *, #1554, .T. ) ;
#7657 =( NAMED_UNIT ( * ) PLANE_ANGLE_UNIT ( ) SI_UNIT ( $, .RADIAN. ) );
#7658 = CARTESIAN_POINT ( 'NONE',  ( -4.850000000000000533, 0.000000000000000000, -6.331740687315349681E-14 ) ) ;
#7659 = EDGE_CURVE ( 'NONE', #466, #6169, #5544, .T. ) ;
#7660 = STYLED_ITEM ( 'NONE', ( #8890 ), #2877 ) ;
#7661 = SURFACE_SIDE_STYLE ('',( #4761 ) ) ;
#7662 = DIRECTION ( 'NONE',  ( 0.000000000000000000, 1.000000000000000000, 0.000000000000000000 ) ) ;
#7663 = SURFACE_STYLE_USAGE ( .BOTH. , #4810 ) ;
#7664 = ORIENTED_EDGE ( 'NONE', *, *, #3574, .T. ) ;
#7665 = ORIENTED_EDGE ( 'NONE', *, *, #3209, .T. ) ;
#7666 = PRESENTATION_LAYER_ASSIGNMENT (  '', '', ( #642 ) ) ;
#7667 = DIRECTION ( 'NONE',  ( 0.000000000000000000, 0.000000000000000000, -1.000000000000000000 ) ) ;
#7668 = CARTESIAN_POINT ( 'NONE',  ( -4.850000000000000533, 1.000000000000000000, 4.000000000000000000 ) ) ;
#7669 = EDGE_CURVE ( 'NONE', #1207, #3699, #5422, .T. ) ;
#7670 = EDGE_CURVE ( 'NONE', #4059, #9024, #7620, .T. ) ;
#7671 =( NAMED_UNIT ( * ) PLANE_ANGLE_UNIT ( ) SI_UNIT ( $, .RADIAN. ) );
#7672 = AXIS2_PLACEMENT_3D ( 'NONE', #7405, #3191, #5360 ) ;
#7673 = MECHANICAL_DESIGN_GEOMETRIC_PRESENTATION_REPRESENTATION (  '', ( #4941 ), #3880 ) ;
#7674 = ORIENTED_EDGE ( 'NONE', *, *, #4322, .F. ) ;
#7675 = UNCERTAINTY_MEASURE_WITH_UNIT (LENGTH_MEASURE( 1.000000000000000082E-05 ), #2045, 'distance_accuracy_value', 'NONE');
#7676 =( LENGTH_UNIT ( ) NAMED_UNIT ( * ) SI_UNIT ( .MILLI., .METRE. ) );
#7677 = CARTESIAN_POINT ( 'NONE',  ( -4.850000000000000533, 0.9799999999999999822, 4.649999999999999467 ) ) ;
#7678 = STYLED_ITEM ( 'NONE', ( #8131 ), #7316 ) ;
#7679 = VECTOR ( 'NONE', #4174, 1000.000000000000000 ) ;
#7680 = ORIENTED_EDGE ( 'NONE', *, *, #4277, .F. ) ;
#7681 =( NAMED_UNIT ( * ) PLANE_ANGLE_UNIT ( ) SI_UNIT ( $, .RADIAN. ) );
#7682 = ADVANCED_FACE ( 'NONE', ( #9311 ), #3614, .F. ) ;
#7683 = ORIENTED_EDGE ( 'NONE', *, *, #1596, .F. ) ;
#7684 = SURFACE_STYLE_FILL_AREA ( #5400 ) ;
#7685 = EDGE_LOOP ( 'NONE', ( #8895, #5044, #1564, #9315, #6516, #910, #3687, #3887, #7498, #7319, #8653, #4337 ) ) ;
#7686 = CARTESIAN_POINT ( 'NONE',  ( 1.734723475976809855E-15, 0.000000000000000000, -4.799999999999999822 ) ) ;
#7687 = SURFACE_SIDE_STYLE ('',( #5503 ) ) ;
#7688 = CARTESIAN_POINT ( 'NONE',  ( 3.950000000000000178, 0.000000000000000000, -2.600000000000000089 ) ) ;
#7689 = EDGE_CURVE ( 'NONE', #2212, #2993, #4994, .T. ) ;
#7690 = DIRECTION ( 'NONE',  ( -1.000000000000000000, 0.000000000000000000, 0.000000000000000000 ) ) ;
#7691 = FILL_AREA_STYLE_COLOUR ( '', #5821 ) ;
#7692 = ORIENTED_EDGE ( 'NONE', *, *, #4774, .F. ) ;
#7693 = EDGE_LOOP ( 'NONE', ( #9197, #5708, #3232, #7664 ) ) ;
#7694 =( NAMED_UNIT ( * ) PLANE_ANGLE_UNIT ( ) SI_UNIT ( $, .RADIAN. ) );
#7695 = AXIS2_PLACEMENT_3D ( 'NONE', #4256, #5139, #5759 ) ;
#7696 = DIRECTION ( 'NONE',  ( -1.000000000000000000, 0.000000000000000000, 0.000000000000000000 ) ) ;
#7697 = FILL_AREA_STYLE_COLOUR ( '', #2103 ) ;
#7698 = FACE_OUTER_BOUND ( 'NONE', #2019, .T. ) ;
#7699 = CARTESIAN_POINT ( 'NONE',  ( 4.850000000000000533, 0.02000000000000000042, 3.050000000000000266 ) ) ;
#7700 = VERTEX_POINT ( 'NONE', #1354 ) ;
#7701 = DIRECTION ( 'NONE',  ( 1.000000000000000000, 0.000000000000000000, 0.000000000000000000 ) ) ;
#7702 = CARTESIAN_POINT ( 'NONE',  ( -3.950000000000000178, 0.000000000000000000, -8.673617379884039416E-16 ) ) ;
#7703 = AXIS2_PLACEMENT_3D ( 'NONE', #732, #2976, #8717 ) ;
#7704 = DIRECTION ( 'NONE',  ( -1.000000000000000000, 0.000000000000000000, 0.000000000000000000 ) ) ;
#7705 = ORIENTED_EDGE ( 'NONE', *, *, #6305, .F. ) ;
#7706 = CIRCLE ( 'NONE', #5896, 0.2500000000000002220 ) ;
#7707 = DIRECTION ( 'NONE',  ( -0.000000000000000000, 1.000000000000000000, 0.000000000000000000 ) ) ;
#7708 = SURFACE_SIDE_STYLE ('',( #4816 ) ) ;
#7709 = DIRECTION ( 'NONE',  ( 0.000000000000000000, 0.000000000000000000, 1.000000000000000000 ) ) ;
#7710 = AXIS2_PLACEMENT_3D ( 'NONE', #624, #6609, #5230 ) ;
#7711 = DIRECTION ( 'NONE',  ( 0.000000000000000000, 0.000000000000000000, 1.000000000000000000 ) ) ;
#7712 = DIRECTION ( 'NONE',  ( 0.000000000000000000, -1.000000000000000000, 0.000000000000000000 ) ) ;
#7713 =( NAMED_UNIT ( * ) SI_UNIT ( $, .STERADIAN. ) SOLID_ANGLE_UNIT ( ) );
#7714 = VECTOR ( 'NONE', #2184, 1000.000000000000000 ) ;
#7715 = AXIS2_PLACEMENT_3D ( 'NONE', #5728, #1370, #8683 ) ;
#7716 = ORIENTED_EDGE ( 'NONE', *, *, #6708, .T. ) ;
#7717 = AXIS2_PLACEMENT_3D ( 'NONE', #5934, #7986, #4392 ) ;
#7718 = ADVANCED_FACE ( 'NONE', ( #4307 ), #8571, .F. ) ;
#7719 = EDGE_CURVE ( 'NONE', #1339, #5174, #7148, .T. ) ;
#7720 = UNCERTAINTY_MEASURE_WITH_UNIT (LENGTH_MEASURE( 1.000000000000000082E-05 ), #9059, 'distance_accuracy_value', 'NONE');
#7721 = DIRECTION ( 'NONE',  ( 0.000000000000000000, 1.000000000000000000, 0.000000000000000000 ) ) ;
#7722 = VECTOR ( 'NONE', #8509, 1000.000000000000000 ) ;
#7723 = DIRECTION ( 'NONE',  ( 0.000000000000000000, 1.000000000000000000, 0.000000000000000000 ) ) ;
#7724 = ORIENTED_EDGE ( 'NONE', *, *, #3456, .T. ) ;
#7725 = SURFACE_STYLE_FILL_AREA ( #5542 ) ;
#7726 = CIRCLE ( 'NONE', #3775, 0.4000000000000001887 ) ;
#7727 = STYLED_ITEM ( 'NONE', ( #5072 ), #8764 ) ;
#7728 = ORIENTED_EDGE ( 'NONE', *, *, #5053, .T. ) ;
#7729 =( NAMED_UNIT ( * ) PLANE_ANGLE_UNIT ( ) SI_UNIT ( $, .RADIAN. ) );
#7730 =( NAMED_UNIT ( * ) SI_UNIT ( $, .STERADIAN. ) SOLID_ANGLE_UNIT ( ) );
#7731 = VERTEX_POINT ( 'NONE', #587 ) ;
#7732 = AXIS2_PLACEMENT_3D ( 'NONE', #4221, #1220, #7111 ) ;
#7733 = CARTESIAN_POINT ( 'NONE',  ( 4.850000000000000533, 0.000000000000000000, 0.6999999999999010347 ) ) ;
#7734 = COLOUR_RGB ( '',1.000000000000000000, 0.8117647058823529438, 0.5019607843137254832 ) ;
#7735 = CARTESIAN_POINT ( 'NONE',  ( 1.734723475976809855E-15, 0.02000000000000000042, -8.673617379884039416E-16 ) ) ;
#7736 = AXIS2_PLACEMENT_3D ( 'NONE', #1871, #7690, #7881 ) ;
#7737 = EDGE_CURVE ( 'NONE', #4997, #4232, #2087, .T. ) ;
#7738 = ADVANCED_FACE ( 'NONE', ( #1399 ), #4351, .F. ) ;
#7739 = AXIS2_PLACEMENT_3D ( 'NONE', #6633, #7479, #137 ) ;
#7740 = AXIS2_PLACEMENT_3D ( 'NONE', #3284, #4657, #2666 ) ;
#7741 = PLANE ( 'NONE',  #5368 ) ;
#7742 = AXIS2_PLACEMENT_3D ( 'NONE', #7069, #519, #4181 ) ;
#7743 = LINE ( 'NONE', #2072, #2400 ) ;
#7744 = FILL_AREA_STYLE ('',( #7026 ) ) ;
#7745 = UNCERTAINTY_MEASURE_WITH_UNIT (LENGTH_MEASURE( 1.000000000000000082E-05 ), #6315, 'distance_accuracy_value', 'NONE');
#7746 = MECHANICAL_DESIGN_GEOMETRIC_PRESENTATION_REPRESENTATION (  '', ( #6542 ), #5461 ) ;
#7747 = DIRECTION ( 'NONE',  ( 0.000000000000000000, -1.000000000000000000, 0.000000000000000000 ) ) ;
#7748 = FILL_AREA_STYLE ('',( #1927 ) ) ;
#7749 = ORIENTED_EDGE ( 'NONE', *, *, #4829, .F. ) ;
#7750 = ORIENTED_EDGE ( 'NONE', *, *, #734, .F. ) ;
#7751 = COLOUR_RGB ( '',1.000000000000000000, 0.8117647058823529438, 0.5019607843137254832 ) ;
#7752 = CYLINDRICAL_SURFACE ( 'NONE', #5010, 0.4000000000000001887 ) ;
#7753 = EDGE_CURVE ( 'NONE', #5967, #7153, #7251, .T. ) ;
#7754 =( NAMED_UNIT ( * ) SI_UNIT ( $, .STERADIAN. ) SOLID_ANGLE_UNIT ( ) );
#7755 = FILL_AREA_STYLE_COLOUR ( '', #7518 ) ;
#7756 = DIRECTION ( 'NONE',  ( 0.000000000000000000, 1.000000000000000000, 0.000000000000000000 ) ) ;
#7757 = FILL_AREA_STYLE ('',( #1305 ) ) ;
#7758 = FILL_AREA_STYLE_COLOUR ( '', #7519 ) ;
#7759 = CARTESIAN_POINT ( 'NONE',  ( 4.850000000000000533, 0.9799999999999999822, -3.299999999999999822 ) ) ;
#7760 = ORIENTED_EDGE ( 'NONE', *, *, #6119, .T. ) ;
#7761 = STYLED_ITEM ( 'NONE', ( #8977 ), #1117 ) ;
#7762 = DIRECTION ( 'NONE',  ( -1.000000000000000000, 0.000000000000000000, 0.000000000000000000 ) ) ;
#7763 = VERTEX_POINT ( 'NONE', #6744 ) ;
#7764 = EDGE_CURVE ( 'NONE', #2168, #104, #2465, .T. ) ;
#7765 = ORIENTED_EDGE ( 'NONE', *, *, #4276, .T. ) ;
#7766 = DIRECTION ( 'NONE',  ( 0.000000000000000000, 0.000000000000000000, 1.000000000000000000 ) ) ;
#7767 = AXIS2_PLACEMENT_3D ( 'NONE', #5651, #5737, #4839 ) ;
#7768 = CARTESIAN_POINT ( 'NONE',  ( -4.850000000000000533, 0.02000000000000000042, -1.350000000000000089 ) ) ;
#7769 = PRESENTATION_STYLE_ASSIGNMENT (( #8637 ) ) ;
#7770 = SURFACE_STYLE_USAGE ( .BOTH. , #3049 ) ;
#7771 = PRESENTATION_LAYER_ASSIGNMENT (  '', '', ( #2450 ) ) ;
#7772 = DIRECTION ( 'NONE',  ( 0.000000000000000000, -1.000000000000000000, 0.000000000000000000 ) ) ;
#7773 = LINE ( 'NONE', #3543, #3931 ) ;
#7774 = CARTESIAN_POINT ( 'NONE',  ( -4.850000000000000533, 0.9799999999999999822, -5.049999999999999822 ) ) ;
#7775 = UNCERTAINTY_MEASURE_WITH_UNIT (LENGTH_MEASURE( 1.000000000000000082E-05 ), #307, 'distance_accuracy_value', 'NONE');
#7776 = ORIENTED_EDGE ( 'NONE', *, *, #27, .F. ) ;
#7777 = DIRECTION ( 'NONE',  ( 0.000000000000000000, 1.000000000000000000, 0.000000000000000000 ) ) ;
#7778 = ADVANCED_FACE ( 'NONE', ( #5982 ), #6028, .F. ) ;
#7779 = PLANE ( 'NONE',  #5164 ) ;
#7780 = ORIENTED_EDGE ( 'NONE', *, *, #9306, .F. ) ;
#7781 = SURFACE_STYLE_FILL_AREA ( #1973 ) ;
#7782 = SURFACE_STYLE_USAGE ( .BOTH. , #3458 ) ;
#7783 = ORIENTED_EDGE ( 'NONE', *, *, #8836, .F. ) ;
#7784 = DIRECTION ( 'NONE',  ( 0.000000000000000000, -1.000000000000000000, 0.000000000000000000 ) ) ;
#7785 = CARTESIAN_POINT ( 'NONE',  ( 3.950000000000000178, 0.000000000000000000, -0.4000000000000989986 ) ) ;
#7786 = DIRECTION ( 'NONE',  ( 0.000000000000000000, 1.000000000000000000, 0.000000000000000000 ) ) ;
#7787 = VERTEX_POINT ( 'NONE', #8173 ) ;
#7788 = ADVANCED_FACE ( 'NONE', ( #1639 ), #8924, .F. ) ;
#7789 = EDGE_CURVE ( 'NONE', #1167, #2418, #3943, .T. ) ;
#7790 = PLANE ( 'NONE',  #6712 ) ;
#7791 = DIRECTION ( 'NONE',  ( 1.000000000000000000, 0.000000000000000000, 0.000000000000000000 ) ) ;
#7792 = ORIENTED_EDGE ( 'NONE', *, *, #4113, .F. ) ;
#7793 = DIRECTION ( 'NONE',  ( 0.000000000000000000, 1.000000000000000000, 0.000000000000000000 ) ) ;
#7794 = MECHANICAL_DESIGN_GEOMETRIC_PRESENTATION_REPRESENTATION (  '', ( #9000 ), #4165 ) ;
#7795 = DIRECTION ( 'NONE',  ( -1.000000000000000000, 0.000000000000000000, 0.000000000000000000 ) ) ;
#7796 = FILL_AREA_STYLE ('',( #8474 ) ) ;
#7797 = CARTESIAN_POINT ( 'NONE',  ( 3.950000000000000178, 0.000000000000000000, 3.700000000000000178 ) ) ;
#7798 = EDGE_CURVE ( 'NONE', #1986, #5872, #8317, .T. ) ;
#7799 = DIRECTION ( 'NONE',  ( 0.000000000000000000, 1.000000000000000000, 0.000000000000000000 ) ) ;
#7800 = CARTESIAN_POINT ( 'NONE',  ( 4.599999999999999645, 0.000000000000000000, 2.200000000000000178 ) ) ;
#7801 = DIRECTION ( 'NONE',  ( 0.000000000000000000, -1.000000000000000000, 0.000000000000000000 ) ) ;
#7802 = VERTEX_POINT ( 'NONE', #4853 ) ;
#7803 = VECTOR ( 'NONE', #308, 1000.000000000000000 ) ;
#7804 = DIRECTION ( 'NONE',  ( 0.000000000000000000, -1.000000000000000000, 0.000000000000000000 ) ) ;
#7805 = PLANE ( 'NONE',  #1565 ) ;
#7806 = ORIENTED_EDGE ( 'NONE', *, *, #9361, .T. ) ;
#7807 = VERTEX_POINT ( 'NONE', #1190 ) ;
#7808 = CARTESIAN_POINT ( 'NONE',  ( 4.850000000000000533, 0.02000000000000000042, 5.049999999999999822 ) ) ;
#7809 = DIRECTION ( 'NONE',  ( 0.000000000000000000, 0.000000000000000000, 1.000000000000000000 ) ) ;
#7810 = AXIS2_PLACEMENT_3D ( 'NONE', #3343, #8426, #348 ) ;
#7811 = DIRECTION ( 'NONE',  ( 0.000000000000000000, 1.000000000000000000, 0.000000000000000000 ) ) ;
#7812 = ADVANCED_FACE ( 'NONE', ( #5463 ), #4144, .F. ) ;
#7813 = DIRECTION ( 'NONE',  ( 0.000000000000000000, 0.000000000000000000, -1.000000000000000000 ) ) ;
#7814 = AXIS2_PLACEMENT_3D ( 'NONE', #8100, #5823, #1569 ) ;
#7815 = LINE ( 'NONE', #7861, #8831 ) ;
#7816 = VECTOR ( 'NONE', #5936, 1000.000000000000000 ) ;
#7817 = AXIS2_PLACEMENT_3D ( 'NONE', #5285, #1689, #8183 ) ;
#7818 = UNCERTAINTY_MEASURE_WITH_UNIT (LENGTH_MEASURE( 1.000000000000000082E-05 ), #3970, 'distance_accuracy_value', 'NONE');
#7819 = DIRECTION ( 'NONE',  ( -1.000000000000000000, 0.000000000000000000, 0.000000000000000000 ) ) ;
#7820 = FILL_AREA_STYLE ('',( #4921 ) ) ;
#7821 = ORIENTED_EDGE ( 'NONE', *, *, #8846, .T. ) ;
#7822 = MECHANICAL_DESIGN_GEOMETRIC_PRESENTATION_REPRESENTATION (  '', ( #4347 ), #6155 ) ;
#7823 = PRESENTATION_LAYER_ASSIGNMENT (  '', '', ( #3420 ) ) ;
#7824 = AXIS2_PLACEMENT_3D ( 'NONE', #7317, #4341, #721 ) ;
#7825 = PLANE ( 'NONE',  #2896 ) ;
#7826 = CIRCLE ( 'NONE', #6005, 0.4000000000000001887 ) ;
#7827 = ORIENTED_EDGE ( 'NONE', *, *, #603, .F. ) ;
#7828 = CIRCLE ( 'NONE', #6480, 0.2500000000000002220 ) ;
#7829 = LINE ( 'NONE', #1292, #5909 ) ;
#7830 = CARTESIAN_POINT ( 'NONE',  ( 4.850000000000000533, 0.9799999999999999822, -2.200000000000000178 ) ) ;
#7831 = CARTESIAN_POINT ( 'NONE',  ( -4.850000000000000533, 0.000000000000000000, 2.600000000000000089 ) ) ;
#7832 = CIRCLE ( 'NONE', #1414, 0.4000000000000001887 ) ;
#7833 = COLOUR_RGB ( '',1.000000000000000000, 0.8117647058823529438, 0.5019607843137254832 ) ;
#7834 =( NAMED_UNIT ( * ) SI_UNIT ( $, .STERADIAN. ) SOLID_ANGLE_UNIT ( ) );
#7835 = VERTEX_POINT ( 'NONE', #1003 ) ;
#7836 = EDGE_LOOP ( 'NONE', ( #188, #9226, #4793, #4756 ) ) ;
#7837 = CARTESIAN_POINT ( 'NONE',  ( 1.734723475976809855E-15, 0.000000000000000000, -8.673617379884039416E-16 ) ) ;
#7838 = SURFACE_STYLE_FILL_AREA ( #2035 ) ;
#7839 = EDGE_CURVE ( 'NONE', #3699, #466, #7028, .T. ) ;
#7840 = FILL_AREA_STYLE_COLOUR ( '', #2206 ) ;
#7841 = EDGE_CURVE ( 'NONE', #426, #7916, #3419, .T. ) ;
#7842 = DIRECTION ( 'NONE',  ( 1.000000000000000000, 0.000000000000000000, 0.000000000000000000 ) ) ;
#7843 = SURFACE_SIDE_STYLE ('',( #4202 ) ) ;
#7844 = DIRECTION ( 'NONE',  ( 1.000000000000000000, 0.000000000000000000, 0.000000000000000000 ) ) ;
#7845 =( NAMED_UNIT ( * ) SI_UNIT ( $, .STERADIAN. ) SOLID_ANGLE_UNIT ( ) );
#7846 = CARTESIAN_POINT ( 'NONE',  ( -4.850000000000000533, 1.000000000000000000, -4.400000000000000355 ) ) ;
#7847 = CARTESIAN_POINT ( 'NONE',  ( 4.100000000000000533, 2.299999999999999822, 3.850000000000000089 ) ) ;
#7848 = ORIENTED_EDGE ( 'NONE', *, *, #5402, .F. ) ;
#7849 = ORIENTED_EDGE ( 'NONE', *, *, #6922, .T. ) ;
#7850 = ORIENTED_EDGE ( 'NONE', *, *, #9298, .F. ) ;
#7851 = EDGE_CURVE ( 'NONE', #5277, #6926, #7857, .T. ) ;
#7852 = DIRECTION ( 'NONE',  ( 0.000000000000000000, 0.000000000000000000, 1.000000000000000000 ) ) ;
#7853 =( NAMED_UNIT ( * ) SI_UNIT ( $, .STERADIAN. ) SOLID_ANGLE_UNIT ( ) );
#7854 = CLOSED_SHELL ( 'NONE', ( #5726, #8837, #8207, #3708, #1378, #7225, #5348, #7551, #222, #7379, #5752, #613, #7395 ) ) ;
#7855 = CARTESIAN_POINT ( 'NONE',  ( 3.950000000000000178, 0.000000000000000000, 4.000000000000000000 ) ) ;
#7856 = LINE ( 'NONE', #6539, #8812 ) ;
#7857 = CIRCLE ( 'NONE', #2075, 0.2500000000000002220 ) ;
#7858 = PRESENTATION_STYLE_ASSIGNMENT (( #8055 ) ) ;
#7859 = SURFACE_STYLE_USAGE ( .BOTH. , #2010 ) ;
#7860 = EDGE_LOOP ( 'NONE', ( #7182, #1023, #2659, #9011, #9348, #7360, #395, #3478 ) ) ;
#7861 = CARTESIAN_POINT ( 'NONE',  ( 4.850000000000000533, 0.9799999999999999822, 5.049999999999999822 ) ) ;
#7862 = VECTOR ( 'NONE', #1260, 1000.000000000000000 ) ;
#7863 = EDGE_CURVE ( 'NONE', #3793, #5453, #1827, .T. ) ;
#7864 = VECTOR ( 'NONE', #5212, 1000.000000000000000 ) ;
#7865 = CARTESIAN_POINT ( 'NONE',  ( 4.850000000000000533, 0.000000000000000000, 1.800000000000000044 ) ) ;
#7866 = UNCERTAINTY_MEASURE_WITH_UNIT (LENGTH_MEASURE( 1.000000000000000082E-05 ), #8730, 'distance_accuracy_value', 'NONE');
#7867 = CARTESIAN_POINT ( 'NONE',  ( 4.850000000000000533, 1.000000000000000000, -2.899999999999999911 ) ) ;
#7868 = DIRECTION ( 'NONE',  ( 1.000000000000000000, 0.000000000000000000, 0.000000000000000000 ) ) ;
#7869 = FACE_BOUND ( 'NONE', #3226, .T. ) ;
#7870 = VECTOR ( 'NONE', #1936, 1000.000000000000000 ) ;
#7871 =( LENGTH_UNIT ( ) NAMED_UNIT ( * ) SI_UNIT ( .MILLI., .METRE. ) );
#7872 = AXIS2_PLACEMENT_3D ( 'NONE', #5302, #1042, #2546 ) ;
#7873 = VERTEX_POINT ( 'NONE', #4656 ) ;
#7874 =( LENGTH_UNIT ( ) NAMED_UNIT ( * ) SI_UNIT ( .MILLI., .METRE. ) );
#7875 = AXIS2_PLACEMENT_3D ( 'NONE', #7846, #4258, #3529 ) ;
#7876 = EDGE_LOOP ( 'NONE', ( #3697, #3088, #1194, #2631 ) ) ;
#7877 = STYLED_ITEM ( 'NONE', ( #1096 ), #8621 ) ;
#7878 = FILL_AREA_STYLE_COLOUR ( '', #7734 ) ;
#7879 = CARTESIAN_POINT ( 'NONE',  ( -4.850000000000000533, 1.000000000000000000, -2.899999999999999911 ) ) ;
#7880 =( NAMED_UNIT ( * ) SI_UNIT ( $, .STERADIAN. ) SOLID_ANGLE_UNIT ( ) );
#7881 = DIRECTION ( 'NONE',  ( 0.000000000000000000, 0.000000000000000000, 1.000000000000000000 ) ) ;
#7882 = AXIS2_PLACEMENT_3D ( 'NONE', #4077, #1230, #3454 ) ;
#7883 = PRESENTATION_LAYER_ASSIGNMENT (  '', '', ( #699 ) ) ;
#7884 = FACE_OUTER_BOUND ( 'NONE', #2651, .T. ) ;
#7885 = AXIS2_PLACEMENT_3D ( 'NONE', #6704, #3091, #1501 ) ;
#7886 = CARTESIAN_POINT ( 'NONE',  ( -4.850000000000000533, 0.000000000000000000, 4.150000000000000355 ) ) ;
#7887 = ORIENTED_EDGE ( 'NONE', *, *, #7636, .F. ) ;
#7888 = ORIENTED_EDGE ( 'NONE', *, *, #8531, .T. ) ;
#7889 = MECHANICAL_DESIGN_GEOMETRIC_PRESENTATION_REPRESENTATION (  '', ( #7289 ), #3314 ) ;
#7890 = DIRECTION ( 'NONE',  ( 0.000000000000000000, 1.000000000000000000, 0.000000000000000000 ) ) ;
#7891 = MECHANICAL_DESIGN_GEOMETRIC_PRESENTATION_REPRESENTATION (  '', ( #3047 ), #3939 ) ;
#7892 = PRESENTATION_STYLE_ASSIGNMENT (( #719 ) ) ;
#7893 = PRESENTATION_STYLE_ASSIGNMENT (( #532 ) ) ;
#7894 = LINE ( 'NONE', #8794, #2198 ) ;
#7895 = AXIS2_PLACEMENT_3D ( 'NONE', #313, #4682, #3396 ) ;
#7896 = DIRECTION ( 'NONE',  ( -1.000000000000000000, 0.000000000000000000, 0.000000000000000000 ) ) ;
#7897 = PRESENTATION_STYLE_ASSIGNMENT (( #7147 ) ) ;
#7898 = CARTESIAN_POINT ( 'NONE',  ( -4.850000000000000533, 0.000000000000000000, 0.3999999999998999911 ) ) ;
#7899 = EDGE_CURVE ( 'NONE', #142, #8287, #7555, .T. ) ;
#7900 = CARTESIAN_POINT ( 'NONE',  ( -4.450000000000000178, 0.9799999999999999822, 1.100000000000000089 ) ) ;
#7901 = LINE ( 'NONE', #3572, #5233 ) ;
#7902 = VERTEX_POINT ( 'NONE', #2514 ) ;
#7903 = ORIENTED_EDGE ( 'NONE', *, *, #3906, .T. ) ;
#7904 = ORIENTED_EDGE ( 'NONE', *, *, #1415, .T. ) ;
#7905 = DIRECTION ( 'NONE',  ( 0.000000000000000000, 0.000000000000000000, -1.000000000000000000 ) ) ;
#7906 = FACE_OUTER_BOUND ( 'NONE', #617, .T. ) ;
#7907 = SURFACE_STYLE_USAGE ( .BOTH. , #5586 ) ;
#7908 = LINE ( 'NONE', #3066, #8024 ) ;
#7909 = VECTOR ( 'NONE', #3548, 1000.000000000000000 ) ;
#7910 = DIRECTION ( 'NONE',  ( 1.000000000000000000, 0.000000000000000000, 0.000000000000000000 ) ) ;
#7911 = SURFACE_SIDE_STYLE ('',( #3676 ) ) ;
#7912 = SURFACE_STYLE_FILL_AREA ( #6445 ) ;
#7913 = EDGE_CURVE ( 'NONE', #911, #6936, #7608, .T. ) ;
#7914 = EDGE_CURVE ( 'NONE', #7598, #2775, #1773, .T. ) ;
#7915 = CARTESIAN_POINT ( 'NONE',  ( -4.120000000000000107, 2.149999999999999911, -4.590000000000000746 ) ) ;
#7916 = VERTEX_POINT ( 'NONE', #6178 ) ;
#7917 = VECTOR ( 'NONE', #4184, 1000.000000000000000 ) ;
#7918 = DIRECTION ( 'NONE',  ( 0.000000000000000000, -1.000000000000000000, 0.000000000000000000 ) ) ;
#7919 = DIRECTION ( 'NONE',  ( -1.000000000000000000, 0.000000000000000000, 0.000000000000000000 ) ) ;
#7920 = COLOUR_RGB ( '',0.5372549019607842924, 0.6235294117647058876, 0.000000000000000000 ) ;
#7921 = EDGE_CURVE ( 'NONE', #2070, #6629, #2568, .T. ) ;
#7922 = VERTEX_POINT ( 'NONE', #4419 ) ;
#7923 =( NAMED_UNIT ( * ) SI_UNIT ( $, .STERADIAN. ) SOLID_ANGLE_UNIT ( ) );
#7924 = ORIENTED_EDGE ( 'NONE', *, *, #4717, .F. ) ;
#7925 = PRESENTATION_STYLE_ASSIGNMENT (( #6460 ) ) ;
#7926 = COLOUR_RGB ( '',1.000000000000000000, 0.8117647058823529438, 0.5019607843137254832 ) ;
#7927 = ORIENTED_EDGE ( 'NONE', *, *, #5257, .T. ) ;
#7928 = CARTESIAN_POINT ( 'NONE',  ( -4.850000000000000533, 0.02000000000000000042, -3.550000000000000266 ) ) ;
#7929 = DIRECTION ( 'NONE',  ( -1.000000000000000000, 0.000000000000000000, 0.000000000000000000 ) ) ;
#7930 = EDGE_CURVE ( 'NONE', #1509, #8539, #4463, .T. ) ;
#7931 = DIRECTION ( 'NONE',  ( 0.000000000000000000, 1.000000000000000000, 0.000000000000000000 ) ) ;
#7932 = ORIENTED_EDGE ( 'NONE', *, *, #8881, .F. ) ;
#7933 = PRESENTATION_STYLE_ASSIGNMENT (( #5036 ) ) ;
#7934 = ORIENTED_EDGE ( 'NONE', *, *, #2611, .F. ) ;
#7935 =( NAMED_UNIT ( * ) SI_UNIT ( $, .STERADIAN. ) SOLID_ANGLE_UNIT ( ) );
#7936 = DIRECTION ( 'NONE',  ( 0.000000000000000000, 0.000000000000000000, 1.000000000000000000 ) ) ;
#7937 = PLANE ( 'NONE',  #1893 ) ;
#7938 = CARTESIAN_POINT ( 'NONE',  ( -4.850000000000000533, 0.02000000000000000042, 4.649999999999999467 ) ) ;
#7939 = CARTESIAN_POINT ( 'NONE',  ( -3.950000000000000178, 0.000000000000000000, -1.800000000000000044 ) ) ;
#7940 = CARTESIAN_POINT ( 'NONE',  ( 4.850000000000000533, 0.000000000000000000, -3.299999999999999822 ) ) ;
#7941 = DIRECTION ( 'NONE',  ( 1.000000000000000000, 0.000000000000000000, 0.000000000000000000 ) ) ;
#7942 = ORIENTED_EDGE ( 'NONE', *, *, #4371, .F. ) ;
#7943 = VERTEX_POINT ( 'NONE', #696 ) ;
#7944 =( NAMED_UNIT ( * ) PLANE_ANGLE_UNIT ( ) SI_UNIT ( $, .RADIAN. ) );
#7945 =( LENGTH_UNIT ( ) NAMED_UNIT ( * ) SI_UNIT ( .MILLI., .METRE. ) );
#7946 = EDGE_CURVE ( 'NONE', #6843, #6616, #6550, .T. ) ;
#7947 = FACE_OUTER_BOUND ( 'NONE', #5919, .T. ) ;
#7948 = DIRECTION ( 'NONE',  ( 0.000000000000000000, -1.000000000000000000, 0.000000000000000000 ) ) ;
#7949 = LINE ( 'NONE', #7377, #9109 ) ;
#7950 = SURFACE_STYLE_FILL_AREA ( #8681 ) ;
#7951 = PRESENTATION_LAYER_ASSIGNMENT (  '', '', ( #2647 ) ) ;
#7952 = PLANE ( 'NONE',  #814 ) ;
#7953 = EDGE_LOOP ( 'NONE', ( #3877, #7151, #6060, #961 ) ) ;
#7954 =( NAMED_UNIT ( * ) SI_UNIT ( $, .STERADIAN. ) SOLID_ANGLE_UNIT ( ) );
#7955 = DIRECTION ( 'NONE',  ( 1.000000000000000000, 0.000000000000000000, 0.000000000000000000 ) ) ;
#7956 = VECTOR ( 'NONE', #3103, 1000.000000000000000 ) ;
#7957 = DIRECTION ( 'NONE',  ( 0.000000000000000000, 0.000000000000000000, -1.000000000000000000 ) ) ;
#7958 = EDGE_CURVE ( 'NONE', #6697, #4636, #3166, .T. ) ;
#7959 = ADVANCED_FACE ( 'NONE', ( #8105 ), #1472, .T. ) ;
#7960 = UNCERTAINTY_MEASURE_WITH_UNIT (LENGTH_MEASURE( 1.000000000000000082E-05 ), #4003, 'distance_accuracy_value', 'NONE');
#7961 = CARTESIAN_POINT ( 'NONE',  ( 4.850000000000000533, 0.9799999999999999822, -4.400000000000000355 ) ) ;
#7962 = VERTEX_POINT ( 'NONE', #6682 ) ;
#7963 =( GEOMETRIC_REPRESENTATION_CONTEXT ( 3 ) GLOBAL_UNCERTAINTY_ASSIGNED_CONTEXT ( ( #5200 ) ) GLOBAL_UNIT_ASSIGNED_CONTEXT ( ( #630, #6392, #4159 ) ) REPRESENTATION_CONTEXT ( 'NONE', 'WORKASPACE' ) );
#7964 = CARTESIAN_POINT ( 'NONE',  ( 4.850000000000000533, 0.000000000000000000, 0.6999999999999010347 ) ) ;
#7965 = CARTESIAN_POINT ( 'NONE',  ( -4.450000000000000178, 0.9799999999999999822, -4.400000000000000355 ) ) ;
#7966 = ORIENTED_EDGE ( 'NONE', *, *, #5978, .F. ) ;
#7967 = CYLINDRICAL_SURFACE ( 'NONE', #7573, 0.4000000000000001887 ) ;
#7968 = AXIS2_PLACEMENT_3D ( 'NONE', #5037, #7936, #1393 ) ;
#7969 = STYLED_ITEM ( 'NONE', ( #8542 ), #6810 ) ;
#7970 = EDGE_CURVE ( 'NONE', #2402, #7079, #5660, .T. ) ;
#7971 = AXIS2_PLACEMENT_3D ( 'NONE', #7567, #5245, #922 ) ;
#7972 = LINE ( 'NONE', #2910, #7278 ) ;
#7973 = DIRECTION ( 'NONE',  ( 0.000000000000000000, 0.000000000000000000, -1.000000000000000000 ) ) ;
#7974 = CARTESIAN_POINT ( 'NONE',  ( -3.950000000000000178, 0.000000000000000000, -8.673617379884039416E-16 ) ) ;
#7975 = ORIENTED_EDGE ( 'NONE', *, *, #955, .F. ) ;
#7976 = VECTOR ( 'NONE', #5419, 1000.000000000000000 ) ;
#7977 = STYLED_ITEM ( 'NONE', ( #4237 ), #6173 ) ;
#7978 = ORIENTED_EDGE ( 'NONE', *, *, #3061, .F. ) ;
#7979 = UNCERTAINTY_MEASURE_WITH_UNIT (LENGTH_MEASURE( 1.000000000000000082E-05 ), #4937, 'distance_accuracy_value', 'NONE');
#7980 = VERTEX_POINT ( 'NONE', #4244 ) ;
#7981 = CARTESIAN_POINT ( 'NONE',  ( 3.950000000000000178, 0.000000000000000000, -1.500000000000000000 ) ) ;
#7982 = ORIENTED_EDGE ( 'NONE', *, *, #9235, .T. ) ;
#7983 = DIRECTION ( 'NONE',  ( 1.000000000000000000, 0.000000000000000000, 0.000000000000000000 ) ) ;
#7984 = EDGE_CURVE ( 'NONE', #4294, #1423, #7343, .T. ) ;
#7985 = DIRECTION ( 'NONE',  ( 0.000000000000000000, 1.000000000000000000, 0.000000000000000000 ) ) ;
#7986 = DIRECTION ( 'NONE',  ( 0.000000000000000000, 1.000000000000000000, 0.000000000000000000 ) ) ;
#7987 = VECTOR ( 'NONE', #8436, 1000.000000000000000 ) ;
#7988 = VECTOR ( 'NONE', #9014, 1000.000000000000000 ) ;
#7989 = PLANE ( 'NONE',  #7736 ) ;
#7990 = STYLED_ITEM ( 'NONE', ( #1155 ), #1029 ) ;
#7991 = LINE ( 'NONE', #2922, #6747 ) ;
#7992 = FACE_OUTER_BOUND ( 'NONE', #927, .T. ) ;
#7993 = EDGE_LOOP ( 'NONE', ( #4659, #2025, #8540, #7604 ) ) ;
#7994 = ORIENTED_EDGE ( 'NONE', *, *, #203, .F. ) ;
#7995 = VERTEX_POINT ( 'NONE', #8561 ) ;
#7996 = CARTESIAN_POINT ( 'NONE',  ( -4.120000000000000107, 2.449999999999999734, 4.290000000000000036 ) ) ;
#7997 = DIRECTION ( 'NONE',  ( 0.000000000000000000, -1.000000000000000000, 0.000000000000000000 ) ) ;
#7998 = CARTESIAN_POINT ( 'NONE',  ( 3.700000000000000178, 2.299999999999999822, -4.250000000000000000 ) ) ;
#7999 =( NAMED_UNIT ( * ) PLANE_ANGLE_UNIT ( ) SI_UNIT ( $, .RADIAN. ) );
#8000 = SURFACE_SIDE_STYLE ('',( #5100 ) ) ;
#8001 =( NAMED_UNIT ( * ) SI_UNIT ( $, .STERADIAN. ) SOLID_ANGLE_UNIT ( ) );
#8002 = ORIENTED_EDGE ( 'NONE', *, *, #2637, .F. ) ;
#8003 = VECTOR ( 'NONE', #455, 1000.000000000000000 ) ;
#8004 = CYLINDRICAL_SURFACE ( 'NONE', #7460, 0.2500000000000002220 ) ;
#8005 = MECHANICAL_DESIGN_GEOMETRIC_PRESENTATION_REPRESENTATION (  '', ( #6515 ), #3453 ) ;
#8006 = FILL_AREA_STYLE ('',( #7296 ) ) ;
#8007 = CYLINDRICAL_SURFACE ( 'NONE', #2828, 0.2500000000000002220 ) ;
#8008 =( NAMED_UNIT ( * ) PLANE_ANGLE_UNIT ( ) SI_UNIT ( $, .RADIAN. ) );
#8009 = FACE_OUTER_BOUND ( 'NONE', #9368, .T. ) ;
#8010 =( NAMED_UNIT ( * ) SI_UNIT ( $, .STERADIAN. ) SOLID_ANGLE_UNIT ( ) );
#8011 = AXIS2_PLACEMENT_3D ( 'NONE', #9332, #7772, #6350 ) ;
#8012 = SURFACE_SIDE_STYLE ('',( #4938 ) ) ;
#8013 = ORIENTED_EDGE ( 'NONE', *, *, #512, .F. ) ;
#8014 = EDGE_CURVE ( 'NONE', #5995, #2402, #4679, .T. ) ;
#8015 = DIRECTION ( 'NONE',  ( 1.000000000000000000, 0.000000000000000000, 0.000000000000000000 ) ) ;
#8016 = VECTOR ( 'NONE', #1297, 1000.000000000000000 ) ;
#8017 = CARTESIAN_POINT ( 'NONE',  ( 4.850000000000000533, 0.9799999999999999822, -0.6999999999999999556 ) ) ;
#8018 = EDGE_LOOP ( 'NONE', ( #7347, #3981, #7095, #4075 ) ) ;
#8019 = FILL_AREA_STYLE_COLOUR ( '', #9237 ) ;
#8020 = ORIENTED_EDGE ( 'NONE', *, *, #1843, .F. ) ;
#8021 = STYLED_ITEM ( 'NONE', ( #438 ), #299 ) ;
#8022 =( GEOMETRIC_REPRESENTATION_CONTEXT ( 3 ) GLOBAL_UNCERTAINTY_ASSIGNED_CONTEXT ( ( #7960 ) ) GLOBAL_UNIT_ASSIGNED_CONTEXT ( ( #4003, #6942, #4664 ) ) REPRESENTATION_CONTEXT ( 'NONE', 'WORKASPACE' ) );
#8023 = PLANE ( 'NONE',  #2587 ) ;
#8024 = VECTOR ( 'NONE', #6226, 1000.000000000000000 ) ;
#8025 = CARTESIAN_POINT ( 'NONE',  ( -4.850000000000000533, 0.9799999999999999822, 0.8499999999999509059 ) ) ;
#8026 = ORIENTED_EDGE ( 'NONE', *, *, #5287, .F. ) ;
#8027 = AXIS2_PLACEMENT_3D ( 'NONE', #575, #1184, #611 ) ;
#8028 = EDGE_CURVE ( 'NONE', #2914, #6724, #3033, .T. ) ;
#8029 = CARTESIAN_POINT ( 'NONE',  ( 3.950000000000000178, 0.000000000000000000, 4.799999999999999822 ) ) ;
#8030 = EDGE_CURVE ( 'NONE', #5971, #1590, #1243, .T. ) ;
#8031 = PRESENTATION_LAYER_ASSIGNMENT (  '', '', ( #1160 ) ) ;
#8032 = ORIENTED_EDGE ( 'NONE', *, *, #6399, .T. ) ;
#8033 = SURFACE_STYLE_FILL_AREA ( #8081 ) ;
#8034 = VECTOR ( 'NONE', #6410, 1000.000000000000000 ) ;
#8035 = DIRECTION ( 'NONE',  ( 0.000000000000000000, -1.000000000000000000, 0.000000000000000000 ) ) ;
#8036 = VECTOR ( 'NONE', #2387, 1000.000000000000000 ) ;
#8037 = SURFACE_STYLE_USAGE ( .BOTH. , #2177 ) ;
#8038 = VECTOR ( 'NONE', #7490, 1000.000000000000000 ) ;
#8039 = CARTESIAN_POINT ( 'NONE',  ( -4.850000000000000533, 1.000000000000000000, 3.299999999999999822 ) ) ;
#8040 = DIRECTION ( 'NONE',  ( 0.000000000000000000, -1.000000000000000000, 0.000000000000000000 ) ) ;
#8041 = ADVANCED_FACE ( 'NONE', ( #6637 ), #3642, .T. ) ;
#8042 = DIRECTION ( 'NONE',  ( 0.000000000000000000, -1.000000000000000000, 0.000000000000000000 ) ) ;
#8043 = ORIENTED_EDGE ( 'NONE', *, *, #7689, .T. ) ;
#8044 = MECHANICAL_DESIGN_GEOMETRIC_PRESENTATION_REPRESENTATION (  '', ( #4555 ), #4856 ) ;
#8045 = MECHANICAL_DESIGN_GEOMETRIC_PRESENTATION_REPRESENTATION (  '', ( #2556 ), #1955 ) ;
#8046 = ORIENTED_EDGE ( 'NONE', *, *, #6163, .T. ) ;
#8047 = ORIENTED_EDGE ( 'NONE', *, *, #4775, .T. ) ;
#8048 = CARTESIAN_POINT ( 'NONE',  ( 4.850000000000000533, 1.000000000000000000, -4.000000000000000000 ) ) ;
#8049 = CARTESIAN_POINT ( 'NONE',  ( -4.850000000000000533, 0.000000000000000000, -2.600000000000000089 ) ) ;
#8050 = CIRCLE ( 'NONE', #5915, 0.4000000000000001887 ) ;
#8051 = FILL_AREA_STYLE_COLOUR ( '', #6675 ) ;
#8052 = DIRECTION ( 'NONE',  ( 0.000000000000000000, 1.000000000000000000, 0.000000000000000000 ) ) ;
#8053 = AXIS2_PLACEMENT_3D ( 'NONE', #4926, #1913, #7121 ) ;
#8054 = PLANE ( 'NONE',  #2654 ) ;
#8055 = SURFACE_STYLE_USAGE ( .BOTH. , #5816 ) ;
#8056 = CARTESIAN_POINT ( 'NONE',  ( -4.850000000000000533, 0.000000000000000000, -5.049999999999999822 ) ) ;
#8057 = ORIENTED_EDGE ( 'NONE', *, *, #430, .F. ) ;
#8058 = EDGE_CURVE ( 'NONE', #6724, #4230, #4590, .T. ) ;
#8059 = STYLED_ITEM ( 'NONE', ( #2857 ), #5992 ) ;
#8060 = ORIENTED_EDGE ( 'NONE', *, *, #4717, .T. ) ;
#8061 = FACE_OUTER_BOUND ( 'NONE', #8068, .T. ) ;
#8062 = SURFACE_STYLE_USAGE ( .BOTH. , #1470 ) ;
#8063 = SURFACE_STYLE_USAGE ( .BOTH. , #645 ) ;
#8064 = DIRECTION ( 'NONE',  ( 0.000000000000000000, 1.000000000000000000, 0.000000000000000000 ) ) ;
#8065 = ORIENTED_EDGE ( 'NONE', *, *, #3175, .F. ) ;
#8066 = PRESENTATION_STYLE_ASSIGNMENT (( #5171 ) ) ;
#8067 = COLOUR_RGB ( '',0.5372549019607842924, 0.6235294117647058876, 0.000000000000000000 ) ;
#8068 = EDGE_LOOP ( 'NONE', ( #7513, #8978, #3250, #3552, #4147 ) ) ;
#8069 = VERTEX_POINT ( 'NONE', #6010 ) ;
#8070 = DIRECTION ( 'NONE',  ( 1.000000000000000000, 0.000000000000000000, 0.000000000000000000 ) ) ;
#8071 = ADVANCED_FACE ( 'NONE', ( #3874 ), #5959, .F. ) ;
#8072 = MECHANICAL_DESIGN_GEOMETRIC_PRESENTATION_REPRESENTATION (  '', ( #1988 ), #9128 ) ;
#8073 = VERTEX_POINT ( 'NONE', #7334 ) ;
#8074 = DIRECTION ( 'NONE',  ( -1.000000000000000000, 0.000000000000000000, 0.000000000000000000 ) ) ;
#8075 =( NAMED_UNIT ( * ) SI_UNIT ( $, .STERADIAN. ) SOLID_ANGLE_UNIT ( ) );
#8076 = VERTEX_POINT ( 'NONE', #2189 ) ;
#8077 = ORIENTED_EDGE ( 'NONE', *, *, #7753, .T. ) ;
#8078 = DIRECTION ( 'NONE',  ( 0.000000000000000000, 1.000000000000000000, 0.000000000000000000 ) ) ;
#8079 = ORIENTED_EDGE ( 'NONE', *, *, #1210, .T. ) ;
#8080 = VERTEX_POINT ( 'NONE', #7240 ) ;
#8081 = FILL_AREA_STYLE ('',( #1592 ) ) ;
#8082 = SURFACE_STYLE_USAGE ( .BOTH. , #2176 ) ;
#8083 = EDGE_CURVE ( 'NONE', #8503, #5213, #8161, .T. ) ;
#8084 = UNCERTAINTY_MEASURE_WITH_UNIT (LENGTH_MEASURE( 1.000000000000000082E-05 ), #6720, 'distance_accuracy_value', 'NONE');
#8085 = EDGE_CURVE ( 'NONE', #6707, #803, #5201, .T. ) ;
#8086 = CARTESIAN_POINT ( 'NONE',  ( 3.950000000000000178, 0.000000000000000000, -8.673617379884039416E-16 ) ) ;
#8087 = DIRECTION ( 'NONE',  ( 0.000000000000000000, -1.000000000000000000, 0.000000000000000000 ) ) ;
#8088 = PRESENTATION_STYLE_ASSIGNMENT (( #5195 ) ) ;
#8089 = DIRECTION ( 'NONE',  ( 0.000000000000000000, 1.000000000000000000, 0.000000000000000000 ) ) ;
#8090 = VERTEX_POINT ( 'NONE', #6621 ) ;
#8091 = ORIENTED_EDGE ( 'NONE', *, *, #6076, .T. ) ;
#8092 = ORIENTED_EDGE ( 'NONE', *, *, #2369, .T. ) ;
#8093 = DIRECTION ( 'NONE',  ( -1.000000000000000000, 0.000000000000000000, 0.000000000000000000 ) ) ;
#8094 = DIRECTION ( 'NONE',  ( 0.000000000000000000, 1.000000000000000000, 0.000000000000000000 ) ) ;
#8095 = CYLINDRICAL_SURFACE ( 'NONE', #7256, 0.4000000000000001887 ) ;
#8096 = EDGE_CURVE ( 'NONE', #3654, #426, #6581, .T. ) ;
#8097 =( NAMED_UNIT ( * ) SI_UNIT ( $, .STERADIAN. ) SOLID_ANGLE_UNIT ( ) );
#8098 = FACE_OUTER_BOUND ( 'NONE', #2500, .T. ) ;
#8099 = ORIENTED_EDGE ( 'NONE', *, *, #3593, .T. ) ;
#8100 = CARTESIAN_POINT ( 'NONE',  ( 1.734723475976809855E-15, 0.9799999999999999822, -8.673617379884039416E-16 ) ) ;
#8101 = VECTOR ( 'NONE', #1267, 1000.000000000000000 ) ;
#8102 =( NAMED_UNIT ( * ) PLANE_ANGLE_UNIT ( ) SI_UNIT ( $, .RADIAN. ) );
#8103 = EDGE_CURVE ( 'NONE', #3852, #4446, #880, .T. ) ;
#8104 = DIRECTION ( 'NONE',  ( 1.000000000000000000, 0.000000000000000000, 0.000000000000000000 ) ) ;
#8105 = FACE_OUTER_BOUND ( 'NONE', #228, .T. ) ;
#8106 = ORIENTED_EDGE ( 'NONE', *, *, #7636, .T. ) ;
#8107 = PRESENTATION_LAYER_ASSIGNMENT (  '', '', ( #5071 ) ) ;
#8108 = ORIENTED_EDGE ( 'NONE', *, *, #504, .T. ) ;
#8109 = LINE ( 'NONE', #2448, #257 ) ;
#8110 = CIRCLE ( 'NONE', #5694, 0.2500000000000002220 ) ;
#8111 = CARTESIAN_POINT ( 'NONE',  ( 1.734723475976809855E-15, 0.000000000000000000, 2.899999999999999911 ) ) ;
#8112 = PRESENTATION_LAYER_ASSIGNMENT (  '', '', ( #7660 ) ) ;
#8113 = DIRECTION ( 'NONE',  ( 0.000000000000000000, -1.000000000000000000, 0.000000000000000000 ) ) ;
#8114 = ORIENTED_EDGE ( 'NONE', *, *, #1714, .F. ) ;
#8115 = ORIENTED_EDGE ( 'NONE', *, *, #7958, .F. ) ;
#8116 = STYLED_ITEM ( 'NONE', ( #5711 ), #4459 ) ;
#8117 = UNCERTAINTY_MEASURE_WITH_UNIT (LENGTH_MEASURE( 1.000000000000000082E-05 ), #6937, 'distance_accuracy_value', 'NONE');
#8118 = VERTEX_POINT ( 'NONE', #4493 ) ;
#8119 = STYLED_ITEM ( 'NONE', ( #1562 ), #7523 ) ;
#8120 = ORIENTED_EDGE ( 'NONE', *, *, #8803, .F. ) ;
#8121 = CARTESIAN_POINT ( 'NONE',  ( 1.734723475976809855E-15, 1.000000000000000000, -5.049999999999999822 ) ) ;
#8122 = DIRECTION ( 'NONE',  ( 0.000000000000000000, 0.000000000000000000, -1.000000000000000000 ) ) ;
#8123 =( LENGTH_UNIT ( ) NAMED_UNIT ( * ) SI_UNIT ( .MILLI., .METRE. ) );
#8124 = PRESENTATION_LAYER_ASSIGNMENT (  '', '', ( #2673 ) ) ;
#8125 = AXIS2_PLACEMENT_3D ( 'NONE', #4987, #6238, #1141 ) ;
#8126 = DIRECTION ( 'NONE',  ( 1.000000000000000000, 0.000000000000000000, 0.000000000000000000 ) ) ;
#8127 = SURFACE_STYLE_FILL_AREA ( #4610 ) ;
#8128 = CARTESIAN_POINT ( 'NONE',  ( -4.850000000000000533, 0.02000000000000000042, -5.049999999999999822 ) ) ;
#8129 = EDGE_CURVE ( 'NONE', #3449, #6766, #5944, .T. ) ;
#8130 = EDGE_CURVE ( 'NONE', #4161, #1167, #843, .T. ) ;
#8131 = PRESENTATION_STYLE_ASSIGNMENT (( #5857 ) ) ;
#8132 = AXIS2_PLACEMENT_3D ( 'NONE', #4883, #1375, #9436 ) ;
#8133 = FILL_AREA_STYLE_COLOUR ( '', #5998 ) ;
#8134 = DIRECTION ( 'NONE',  ( 1.000000000000000000, 0.000000000000000000, 0.000000000000000000 ) ) ;
#8135 = DIRECTION ( 'NONE',  ( 0.000000000000000000, 0.000000000000000000, -1.000000000000000000 ) ) ;
#8136 =( GEOMETRIC_REPRESENTATION_CONTEXT ( 3 ) GLOBAL_UNCERTAINTY_ASSIGNED_CONTEXT ( ( #8213 ) ) GLOBAL_UNIT_ASSIGNED_CONTEXT ( ( #3249, #3110, #6901 ) ) REPRESENTATION_CONTEXT ( 'NONE', 'WORKASPACE' ) );
#8137 = CARTESIAN_POINT ( 'NONE',  ( 4.850000000000000533, 0.02000000000000000042, 5.049999999999999822 ) ) ;
#8138 = FILL_AREA_STYLE_COLOUR ( '', #7503 ) ;
#8139 = DIRECTION ( 'NONE',  ( -1.000000000000000000, 0.000000000000000000, 0.000000000000000000 ) ) ;
#8140 = STYLED_ITEM ( 'NONE', ( #8178 ), #7443 ) ;
#8141 = FILL_AREA_STYLE_COLOUR ( '', #3555 ) ;
#8142 = EDGE_CURVE ( 'NONE', #499, #3130, #6192, .T. ) ;
#8143 = EDGE_CURVE ( 'NONE', #6013, #1673, #4524, .T. ) ;
#8144 =( NAMED_UNIT ( * ) SI_UNIT ( $, .STERADIAN. ) SOLID_ANGLE_UNIT ( ) );
#8145 = CARTESIAN_POINT ( 'NONE',  ( -3.950000000000000178, 0.000000000000000000, -8.673617379884039416E-16 ) ) ;
#8146 = CARTESIAN_POINT ( 'NONE',  ( -15.94382399999999933, 2.149999999999999911, 4.290000000000000036 ) ) ;
#8147 = CARTESIAN_POINT ( 'NONE',  ( 4.120000000000000107, 2.149999999999999911, -4.290000000000000036 ) ) ;
#8148 = SURFACE_STYLE_USAGE ( .BOTH. , #6828 ) ;
#8149 = ORIENTED_EDGE ( 'NONE', *, *, #6686, .T. ) ;
#8150 = CARTESIAN_POINT ( 'NONE',  ( -4.850000000000000533, 0.9799999999999999822, 1.100000000000000089 ) ) ;
#8151 = PRESENTATION_LAYER_ASSIGNMENT (  '', '', ( #2865 ) ) ;
#8152 = EDGE_CURVE ( 'NONE', #7079, #7126, #3316, .T. ) ;
#8153 = ORIENTED_EDGE ( 'NONE', *, *, #8500, .F. ) ;
#8154 = AXIS2_PLACEMENT_3D ( 'NONE', #8039, #2276, #7459 ) ;
#8155 = ORIENTED_EDGE ( 'NONE', *, *, #2748, .F. ) ;
#8156 = CARTESIAN_POINT ( 'NONE',  ( -4.120000000000000107, 2.149999999999999911, 4.290000000000000036 ) ) ;
#8157 = LINE ( 'NONE', #4553, #4414 ) ;
#8158 = VECTOR ( 'NONE', #2110, 1000.000000000000000 ) ;
#8159 = DIRECTION ( 'NONE',  ( 0.000000000000000000, -1.000000000000000000, 0.000000000000000000 ) ) ;
#8160 = PRESENTATION_STYLE_ASSIGNMENT (( #7310 ) ) ;
#8161 = CIRCLE ( 'NONE', #9223, 0.2500000000000002220 ) ;
#8162 = VERTEX_POINT ( 'NONE', #2284 ) ;
#8163 = ORIENTED_EDGE ( 'NONE', *, *, #5819, .T. ) ;
#8164 = ORIENTED_EDGE ( 'NONE', *, *, #1613, .T. ) ;
#8165 = ORIENTED_EDGE ( 'NONE', *, *, #1654, .F. ) ;
#8166 =( NAMED_UNIT ( * ) PLANE_ANGLE_UNIT ( ) SI_UNIT ( $, .RADIAN. ) );
#8167 =( GEOMETRIC_REPRESENTATION_CONTEXT ( 3 ) GLOBAL_UNCERTAINTY_ASSIGNED_CONTEXT ( ( #60 ) ) GLOBAL_UNIT_ASSIGNED_CONTEXT ( ( #8123, #5757, #1546 ) ) REPRESENTATION_CONTEXT ( 'NONE', 'WORKASPACE' ) );
#8168 = DIRECTION ( 'NONE',  ( 0.000000000000000000, 0.000000000000000000, -1.000000000000000000 ) ) ;
#8169 = DIRECTION ( 'NONE',  ( 0.000000000000000000, 1.000000000000000000, 0.000000000000000000 ) ) ;
#8170 = UNCERTAINTY_MEASURE_WITH_UNIT (LENGTH_MEASURE( 1.000000000000000082E-05 ), #6847, 'distance_accuracy_value', 'NONE');
#8171 = DIRECTION ( 'NONE',  ( 0.000000000000000000, 1.000000000000000000, 0.000000000000000000 ) ) ;
#8172 = STYLED_ITEM ( 'NONE', ( #6995 ), #657 ) ;
#8173 = CARTESIAN_POINT ( 'NONE',  ( 4.850000000000000533, 1.000000000000000000, 3.700000000000000178 ) ) ;
#8174 = CIRCLE ( 'NONE', #6368, 0.4000000000000001887 ) ;
#8175 = ORIENTED_EDGE ( 'NONE', *, *, #7115, .F. ) ;
#8176 = CARTESIAN_POINT ( 'NONE',  ( 4.850000000000000533, 0.9799999999999999822, 3.700000000000000178 ) ) ;
#8177 = CIRCLE ( 'NONE', #1780, 0.2500000000000002220 ) ;
#8178 = PRESENTATION_STYLE_ASSIGNMENT (( #5278 ) ) ;
#8179 = SURFACE_STYLE_USAGE ( .BOTH. , #7373 ) ;
#8180 = MECHANICAL_DESIGN_GEOMETRIC_PRESENTATION_REPRESENTATION (  '', ( #106 ), #8788 ) ;
#8181 = CARTESIAN_POINT ( 'NONE',  ( 4.850000000000000533, 1.000000000000000000, -5.049999999999999822 ) ) ;
#8182 = EDGE_CURVE ( 'NONE', #287, #5390, #3064, .T. ) ;
#8183 = DIRECTION ( 'NONE',  ( 1.000000000000000000, 0.000000000000000000, 0.000000000000000000 ) ) ;
#8184 = STYLED_ITEM ( 'NONE', ( #5183 ), #5818 ) ;
#8185 = COLOUR_RGB ( '',1.000000000000000000, 0.8117647058823529438, 0.5019607843137254832 ) ;
#8186 = AXIS2_PLACEMENT_3D ( 'NONE', #3709, #1506, #7461 ) ;
#8187 = MECHANICAL_DESIGN_GEOMETRIC_PRESENTATION_REPRESENTATION (  '', ( #5166 ), #9401 ) ;
#8188 = ORIENTED_EDGE ( 'NONE', *, *, #1886, .T. ) ;
#8189 = COLOUR_RGB ( '',0.5372549019607842924, 0.6235294117647058876, 0.000000000000000000 ) ;
#8190 = CARTESIAN_POINT ( 'NONE',  ( -4.850000000000000533, 0.02000000000000000042, -5.049999999999999822 ) ) ;
#8191 = CARTESIAN_POINT ( 'NONE',  ( 4.850000000000000533, 0.02000000000000000042, 1.800000000000000044 ) ) ;
#8192 = PRESENTATION_STYLE_ASSIGNMENT (( #932 ) ) ;
#8193 = CARTESIAN_POINT ( 'NONE',  ( 1.734723475976809855E-15, 0.000000000000000000, -1.500000000000000000 ) ) ;
#8194 = PRESENTATION_LAYER_ASSIGNMENT (  '', '', ( #4707 ) ) ;
#8195 = EDGE_CURVE ( 'NONE', #8090, #3323, #20, .T. ) ;
#8196 = ADVANCED_FACE ( 'NONE', ( #3021 ), #7417, .F. ) ;
#8197 = FILL_AREA_STYLE ('',( #2 ) ) ;
#8198 = CARTESIAN_POINT ( 'NONE',  ( 1.734723475976809855E-15, 0.02000000000000000042, 4.799999999999999822 ) ) ;
#8199 =( NAMED_UNIT ( * ) SI_UNIT ( $, .STERADIAN. ) SOLID_ANGLE_UNIT ( ) );
#8200 = VERTEX_POINT ( 'NONE', #3102 ) ;
#8201 = AXIS2_PLACEMENT_3D ( 'NONE', #1571, #5252, #8769 ) ;
#8202 = ORIENTED_EDGE ( 'NONE', *, *, #3404, .T. ) ;
#8203 = CARTESIAN_POINT ( 'NONE',  ( -4.850000000000000533, 0.000000000000000000, 4.000000000000000000 ) ) ;
#8204 = ORIENTED_EDGE ( 'NONE', *, *, #3322, .F. ) ;
#8205 = DIRECTION ( 'NONE',  ( 0.000000000000000000, -1.000000000000000000, 0.000000000000000000 ) ) ;
#8206 = DIRECTION ( 'NONE',  ( 1.000000000000000000, 0.000000000000000000, 0.000000000000000000 ) ) ;
#8207 = ADVANCED_FACE ( 'NONE', ( #8844 ), #8095, .T. ) ;
#8208 = ORIENTED_EDGE ( 'NONE', *, *, #5026, .T. ) ;
#8209 =( LENGTH_UNIT ( ) NAMED_UNIT ( * ) SI_UNIT ( .MILLI., .METRE. ) );
#8210 = PRESENTATION_LAYER_ASSIGNMENT (  '', '', ( #7761 ) ) ;
#8211 = ORIENTED_EDGE ( 'NONE', *, *, #9002, .T. ) ;
#8212 = VERTEX_POINT ( 'NONE', #4404 ) ;
#8213 = UNCERTAINTY_MEASURE_WITH_UNIT (LENGTH_MEASURE( 1.000000000000000082E-05 ), #3249, 'distance_accuracy_value', 'NONE');
#8214 = ORIENTED_EDGE ( 'NONE', *, *, #1975, .T. ) ;
#8215 = AXIS2_PLACEMENT_3D ( 'NONE', #1852, #4592, #3120 ) ;
#8216 = ORIENTED_EDGE ( 'NONE', *, *, #4766, .F. ) ;
#8217 = ORIENTED_EDGE ( 'NONE', *, *, #4614, .F. ) ;
#8218 = DIRECTION ( 'NONE',  ( 0.000000000000000000, -1.000000000000000000, 0.000000000000000000 ) ) ;
#8219 = CARTESIAN_POINT ( 'NONE',  ( -3.950000000000000178, 0.000000000000000000, -1.500000000000000000 ) ) ;
#8220 = EDGE_CURVE ( 'NONE', #4429, #2656, #4450, .T. ) ;
#8221 = CARTESIAN_POINT ( 'NONE',  ( 4.850000000000000533, 0.02000000000000000042, 1.949999999999999956 ) ) ;
#8222 = AXIS2_PLACEMENT_3D ( 'NONE', #558, #5822, #3143 ) ;
#8223 = PRESENTATION_STYLE_ASSIGNMENT (( #119 ) ) ;
#8224 = VERTEX_POINT ( 'NONE', #5048 ) ;
#8225 = PRESENTATION_STYLE_ASSIGNMENT (( #7463 ) ) ;
#8226 = ORIENTED_EDGE ( 'NONE', *, *, #5359, .T. ) ;
#8227 = FILL_AREA_STYLE_COLOUR ( '', #5707 ) ;
#8228 =( NAMED_UNIT ( * ) SI_UNIT ( $, .STERADIAN. ) SOLID_ANGLE_UNIT ( ) );
#8229 = CARTESIAN_POINT ( 'NONE',  ( 1.734723475976809855E-15, 1.050000000000000044, -8.673617379884039416E-16 ) ) ;
#8230 = COLOUR_RGB ( '',1.000000000000000000, 0.8117647058823529438, 0.5019607843137254832 ) ;
#8231 = CARTESIAN_POINT ( 'NONE',  ( -4.850000000000000533, 0.000000000000000000, -1.800000000000000044 ) ) ;
#8232 = LINE ( 'NONE', #6900, #9386 ) ;
#8233 = DIRECTION ( 'NONE',  ( 0.000000000000000000, -1.000000000000000000, 0.000000000000000000 ) ) ;
#8234 = DIRECTION ( 'NONE',  ( 0.000000000000000000, 1.000000000000000000, 0.000000000000000000 ) ) ;
#8235 = CARTESIAN_POINT ( 'NONE',  ( -3.950000000000000178, 0.000000000000000000, -8.673617379884039416E-16 ) ) ;
#8236 = ADVANCED_FACE ( 'NONE', ( #7947 ), #3622, .F. ) ;
#8237 = PRESENTATION_STYLE_ASSIGNMENT (( #8337 ) ) ;
#8238 = CARTESIAN_POINT ( 'NONE',  ( 4.850000000000000533, 0.02000000000000000042, 5.049999999999999822 ) ) ;
#8239 = LINE ( 'NONE', #358, #3267 ) ;
#8240 = DIRECTION ( 'NONE',  ( 0.000000000000000000, -1.000000000000000000, 0.000000000000000000 ) ) ;
#8241 = FILL_AREA_STYLE_COLOUR ( '', #4411 ) ;
#8242 = DIRECTION ( 'NONE',  ( 0.000000000000000000, 0.000000000000000000, -1.000000000000000000 ) ) ;
#8243 = DIRECTION ( 'NONE',  ( -1.000000000000000000, 0.000000000000000000, 0.000000000000000000 ) ) ;
#8244 =( GEOMETRIC_REPRESENTATION_CONTEXT ( 3 ) GLOBAL_UNCERTAINTY_ASSIGNED_CONTEXT ( ( #6785 ) ) GLOBAL_UNIT_ASSIGNED_CONTEXT ( ( #1069, #1841, #6946 ) ) REPRESENTATION_CONTEXT ( 'NONE', 'WORKASPACE' ) );
#8245 = PRESENTATION_STYLE_ASSIGNMENT (( #2442 ) ) ;
#8246 = ORIENTED_EDGE ( 'NONE', *, *, #203, .T. ) ;
#8247 = CARTESIAN_POINT ( 'NONE',  ( -4.120000000000000107, 1.050000000000000044, 4.440000000000000391 ) ) ;
#8248 = PRESENTATION_LAYER_ASSIGNMENT (  '', '', ( #9000 ) ) ;
#8249 = EDGE_CURVE ( 'NONE', #375, #3099, #5470, .T. ) ;
#8250 = EDGE_CURVE ( 'NONE', #5398, #155, #6139, .T. ) ;
#8251 = DIRECTION ( 'NONE',  ( 0.000000000000000000, 0.000000000000000000, -1.000000000000000000 ) ) ;
#8252 = VERTEX_POINT ( 'NONE', #3243 ) ;
#8253 = LINE ( 'NONE', #6017, #5161 ) ;
#8254 = ORIENTED_EDGE ( 'NONE', *, *, #1310, .T. ) ;
#8255 =( GEOMETRIC_REPRESENTATION_CONTEXT ( 3 ) GLOBAL_UNCERTAINTY_ASSIGNED_CONTEXT ( ( #2240 ) ) GLOBAL_UNIT_ASSIGNED_CONTEXT ( ( #5202, #5242, #2885 ) ) REPRESENTATION_CONTEXT ( 'NONE', 'WORKASPACE' ) );
#8256 = FILL_AREA_STYLE ('',( #1536 ) ) ;
#8257 = ORIENTED_EDGE ( 'NONE', *, *, #202, .T. ) ;
#8258 = FILL_AREA_STYLE ('',( #3889 ) ) ;
#8259 = ORIENTED_EDGE ( 'NONE', *, *, #2492, .T. ) ;
#8260 = ADVANCED_FACE ( 'NONE', ( #966 ), #3206, .T. ) ;
#8261 = CYLINDRICAL_SURFACE ( 'NONE', #2051, 0.4000000000000001887 ) ;
#8262 = STYLED_ITEM ( 'NONE', ( #7029 ), #3884 ) ;
#8263 = EDGE_LOOP ( 'NONE', ( #8324, #1758, #8908, #1877 ) ) ;
#8264 = ORIENTED_EDGE ( 'NONE', *, *, #1254, .T. ) ;
#8265 = VECTOR ( 'NONE', #7910, 1000.000000000000000 ) ;
#8266 = CARTESIAN_POINT ( 'NONE',  ( 4.850000000000000533, 1.000000000000000000, 1.500000000000000000 ) ) ;
#8267 = CARTESIAN_POINT ( 'NONE',  ( 4.270000000000000462, 1.050000000000000044, -4.290000000000000036 ) ) ;
#8268 =( NAMED_UNIT ( * ) SI_UNIT ( $, .STERADIAN. ) SOLID_ANGLE_UNIT ( ) );
#8269 = CARTESIAN_POINT ( 'NONE',  ( -3.950000000000000178, 0.02000000000000000042, 4.799999999999999822 ) ) ;
#8270 = COLOUR_RGB ( '',1.000000000000000000, 0.8117647058823529438, 0.5019607843137254832 ) ;
#8271 = COLOUR_RGB ( '',1.000000000000000000, 0.8117647058823529438, 0.5019607843137254832 ) ;
#8272 = VECTOR ( 'NONE', #8292, 1000.000000000000000 ) ;
#8273 = EDGE_LOOP ( 'NONE', ( #3233, #6259, #9408, #2183 ) ) ;
#8274 = ORIENTED_EDGE ( 'NONE', *, *, #838, .F. ) ;
#8275 =( NAMED_UNIT ( * ) PLANE_ANGLE_UNIT ( ) SI_UNIT ( $, .RADIAN. ) );
#8276 = EDGE_CURVE ( 'NONE', #4239, #1832, #1686, .T. ) ;
#8277 = ORIENTED_EDGE ( 'NONE', *, *, #9133, .T. ) ;
#8278 = CARTESIAN_POINT ( 'NONE',  ( -3.700000000000000178, 2.500000000000000000, -4.250000000000000000 ) ) ;
#8279 = CIRCLE ( 'NONE', #7515, 0.1457007568691540689 ) ;
#8280 = CARTESIAN_POINT ( 'NONE',  ( 4.120000000000000107, 2.149999999999999911, 4.290000000000000036 ) ) ;
#8281 = VECTOR ( 'NONE', #6994, 1000.000000000000000 ) ;
#8282 = SURFACE_STYLE_FILL_AREA ( #5377 ) ;
#8283 = LINE ( 'NONE', #9137, #4666 ) ;
#8284 = DIRECTION ( 'NONE',  ( 0.000000000000000000, 1.000000000000000000, 0.000000000000000000 ) ) ;
#8285 =( GEOMETRIC_REPRESENTATION_CONTEXT ( 3 ) GLOBAL_UNCERTAINTY_ASSIGNED_CONTEXT ( ( #4368 ) ) GLOBAL_UNIT_ASSIGNED_CONTEXT ( ( #6251, #5481, #9142 ) ) REPRESENTATION_CONTEXT ( 'NONE', 'WORKASPACE' ) );
#8286 = MECHANICAL_DESIGN_GEOMETRIC_PRESENTATION_REPRESENTATION (  '', ( #510 ), #4204 ) ;
#8287 = VERTEX_POINT ( 'NONE', #346 ) ;
#8288 = VERTEX_POINT ( 'NONE', #4719 ) ;
#8289 = FILL_AREA_STYLE_COLOUR ( '', #353 ) ;
#8290 = CARTESIAN_POINT ( 'NONE',  ( -4.850000000000000533, 0.02000000000000000042, -5.049999999999999822 ) ) ;
#8291 = FILL_AREA_STYLE ('',( #3354 ) ) ;
#8292 = DIRECTION ( 'NONE',  ( 0.000000000000000000, 0.000000000000000000, -1.000000000000000000 ) ) ;
#8293 = DIRECTION ( 'NONE',  ( -1.000000000000000000, 0.000000000000000000, 0.000000000000000000 ) ) ;
#8294 = LINE ( 'NONE', #1698, #1025 ) ;
#8295 = COLOUR_RGB ( '',1.000000000000000000, 0.8117647058823529438, 0.5019607843137254832 ) ;
#8296 = VECTOR ( 'NONE', #1328, 1000.000000000000000 ) ;
#8297 = VERTEX_POINT ( 'NONE', #7618 ) ;
#8298 = CARTESIAN_POINT ( 'NONE',  ( -3.950000000000000178, 0.000000000000000000, 1.500000000000000000 ) ) ;
#8299 = CARTESIAN_POINT ( 'NONE',  ( 4.850000000000000533, 0.000000000000000000, 5.049999999999999822 ) ) ;
#8300 = LINE ( 'NONE', #8402, #8333 ) ;
#8301 = EDGE_LOOP ( 'NONE', ( #3222, #109, #1102, #5502 ) ) ;
#8302 = SURFACE_STYLE_FILL_AREA ( #7542 ) ;
#8303 = ORIENTED_EDGE ( 'NONE', *, *, #6424, .T. ) ;
#8304 = ADVANCED_FACE ( 'NONE', ( #3293 ), #4616, .F. ) ;
#8305 = CARTESIAN_POINT ( 'NONE',  ( -4.850000000000000533, 0.000000000000000000, 2.449999999999999734 ) ) ;
#8306 = EDGE_LOOP ( 'NONE', ( #1762, #2784, #1185, #3840 ) ) ;
#8307 = DIRECTION ( 'NONE',  ( 1.000000000000000000, 0.000000000000000000, 0.000000000000000000 ) ) ;
#8308 =( GEOMETRIC_REPRESENTATION_CONTEXT ( 3 ) GLOBAL_UNCERTAINTY_ASSIGNED_CONTEXT ( ( #914 ) ) GLOBAL_UNIT_ASSIGNED_CONTEXT ( ( #4819, #2539, #1120 ) ) REPRESENTATION_CONTEXT ( 'NONE', 'WORKASPACE' ) );
#8309 = ORIENTED_EDGE ( 'NONE', *, *, #5640, .F. ) ;
#8310 = ORIENTED_EDGE ( 'NONE', *, *, #7580, .T. ) ;
#8311 =( GEOMETRIC_REPRESENTATION_CONTEXT ( 3 ) GLOBAL_UNCERTAINTY_ASSIGNED_CONTEXT ( ( #6696 ) ) GLOBAL_UNIT_ASSIGNED_CONTEXT ( ( #7011, #4966, #599 ) ) REPRESENTATION_CONTEXT ( 'NONE', 'WORKASPACE' ) );
#8312 = CARTESIAN_POINT ( 'NONE',  ( 1.734723475976809855E-15, 0.02000000000000000042, -8.673617379884039416E-16 ) ) ;
#8313 = DIRECTION ( 'NONE',  ( 0.000000000000000000, 0.000000000000000000, -1.000000000000000000 ) ) ;
#8314 = EDGE_CURVE ( 'NONE', #4222, #4080, #3527, .T. ) ;
#8315 = EDGE_CURVE ( 'NONE', #5565, #7763, #1882, .T. ) ;
#8316 =( NAMED_UNIT ( * ) SI_UNIT ( $, .STERADIAN. ) SOLID_ANGLE_UNIT ( ) );
#8317 = LINE ( 'NONE', #1136, #986 ) ;
#8318 = CARTESIAN_POINT ( 'NONE',  ( 4.850000000000000533, 0.000000000000000000, 5.049999999999999822 ) ) ;
#8319 = PRESENTATION_LAYER_ASSIGNMENT (  '', '', ( #2085 ) ) ;
#8320 = ORIENTED_EDGE ( 'NONE', *, *, #3277, .F. ) ;
#8321 = ORIENTED_EDGE ( 'NONE', *, *, #2928, .T. ) ;
#8322 = LINE ( 'NONE', #1195, #1203 ) ;
#8323 = COLOUR_RGB ( '',1.000000000000000000, 0.8117647058823529438, 0.5019607843137254832 ) ;
#8324 = ORIENTED_EDGE ( 'NONE', *, *, #4715, .F. ) ;
#8325 = DIRECTION ( 'NONE',  ( 0.000000000000000000, 1.000000000000000000, 0.000000000000000000 ) ) ;
#8326 =( GEOMETRIC_REPRESENTATION_CONTEXT ( 3 ) GLOBAL_UNCERTAINTY_ASSIGNED_CONTEXT ( ( #2799 ) ) GLOBAL_UNIT_ASSIGNED_CONTEXT ( ( #1335, #8652, #4974 ) ) REPRESENTATION_CONTEXT ( 'NONE', 'WORKASPACE' ) );
#8327 = CARTESIAN_POINT ( 'NONE',  ( -3.950000000000000178, 0.000000000000000000, -2.600000000000000089 ) ) ;
#8328 = EDGE_CURVE ( 'NONE', #3863, #3189, #5141, .T. ) ;
#8329 = CARTESIAN_POINT ( 'NONE',  ( -4.850000000000000533, 1.000000000000000000, -5.049999999999999822 ) ) ;
#8330 = CARTESIAN_POINT ( 'NONE',  ( 1.734723475976809855E-15, 0.000000000000000000, 1.800000000000000044 ) ) ;
#8331 = LINE ( 'NONE', #4724, #6966 ) ;
#8332 = FILL_AREA_STYLE ('',( #2633 ) ) ;
#8333 = VECTOR ( 'NONE', #6014, 1000.000000000000000 ) ;
#8334 = FACE_OUTER_BOUND ( 'NONE', #4309, .T. ) ;
#8335 = VECTOR ( 'NONE', #3059, 1000.000000000000000 ) ;
#8336 = ORIENTED_EDGE ( 'NONE', *, *, #9422, .F. ) ;
#8337 = SURFACE_STYLE_USAGE ( .BOTH. , #5428 ) ;
#8338 = VECTOR ( 'NONE', #5607, 1000.000000000000000 ) ;
#8339 = DIRECTION ( 'NONE',  ( 0.000000000000000000, 0.000000000000000000, 1.000000000000000000 ) ) ;
#8340 = CARTESIAN_POINT ( 'NONE',  ( -3.950000000000000178, 0.000000000000000000, -8.673617379884039416E-16 ) ) ;
#8341 = FILL_AREA_STYLE ('',( #1847 ) ) ;
#8342 = VECTOR ( 'NONE', #374, 1000.000000000000000 ) ;
#8343 = LINE ( 'NONE', #1804, #3617 ) ;
#8344 = VECTOR ( 'NONE', #4018, 1000.000000000000000 ) ;
#8345 = ADVANCED_FACE ( 'NONE', ( #8570 ), #492, .F. ) ;
#8346 = DIRECTION ( 'NONE',  ( 0.000000000000000000, 0.000000000000000000, -1.000000000000000000 ) ) ;
#8347 = MECHANICAL_DESIGN_GEOMETRIC_PRESENTATION_REPRESENTATION (  '', ( #2579 ), #7424 ) ;
#8348 = AXIS2_PLACEMENT_3D ( 'NONE', #5837, #4296, #2215 ) ;
#8349 = EDGE_LOOP ( 'NONE', ( #6250, #3629, #4208, #3010 ) ) ;
#8350 = UNCERTAINTY_MEASURE_WITH_UNIT (LENGTH_MEASURE( 1.000000000000000082E-05 ), #6973, 'distance_accuracy_value', 'NONE');
#8351 = CARTESIAN_POINT ( 'NONE',  ( 3.950000000000000178, 0.000000000000000000, 3.700000000000000178 ) ) ;
#8352 = PRESENTATION_LAYER_ASSIGNMENT (  '', '', ( #7139 ) ) ;
#8353 = DIRECTION ( 'NONE',  ( 0.000000000000000000, 0.000000000000000000, -1.000000000000000000 ) ) ;
#8354 = CIRCLE ( 'NONE', #6380, 0.4000000000000001887 ) ;
#8355 = COLOUR_RGB ( '',1.000000000000000000, 0.8117647058823529438, 0.5019607843137254832 ) ;
#8356 = CIRCLE ( 'NONE', #6976, 0.2500000000000002220 ) ;
#8357 = ORIENTED_EDGE ( 'NONE', *, *, #5870, .F. ) ;
#8358 = STYLED_ITEM ( 'NONE', ( #4469 ), #5878 ) ;
#8359 = ORIENTED_EDGE ( 'NONE', *, *, #4198, .T. ) ;
#8360 = FILL_AREA_STYLE_COLOUR ( '', #2403 ) ;
#8361 = ORIENTED_EDGE ( 'NONE', *, *, #7168, .F. ) ;
#8362 = LINE ( 'NONE', #1817, #4732 ) ;
#8363 = ORIENTED_EDGE ( 'NONE', *, *, #827, .F. ) ;
#8364 = VECTOR ( 'NONE', #1037, 1000.000000000000000 ) ;
#8365 = EDGE_CURVE ( 'NONE', #248, #5599, #9309, .T. ) ;
#8366 = ORIENTED_EDGE ( 'NONE', *, *, #3393, .T. ) ;
#8367 = EDGE_LOOP ( 'NONE', ( #5545, #240, #730, #3830 ) ) ;
#8368 = DIRECTION ( 'NONE',  ( 0.000000000000000000, -1.000000000000000000, 0.000000000000000000 ) ) ;
#8369 = PLANE ( 'NONE',  #247 ) ;
#8370 = COLOUR_RGB ( '',1.000000000000000000, 0.8117647058823529438, 0.5019607843137254832 ) ;
#8371 = LINE ( 'NONE', #2330, #3469 ) ;
#8372 = DIRECTION ( 'NONE',  ( 0.000000000000000000, -1.000000000000000000, 0.000000000000000000 ) ) ;
#8373 = CYLINDRICAL_SURFACE ( 'NONE', #4124, 0.2500000000000002220 ) ;
#8374 = ORIENTED_EDGE ( 'NONE', *, *, #3782, .T. ) ;
#8375 = PLANE ( 'NONE',  #442 ) ;
#8376 = VECTOR ( 'NONE', #6205, 1000.000000000000000 ) ;
#8377 = EDGE_CURVE ( 'NONE', #6839, #6078, #9175, .T. ) ;
#8378 = EDGE_LOOP ( 'NONE', ( #6396, #7016, #3735, #6019 ) ) ;
#8379 = CARTESIAN_POINT ( 'NONE',  ( 1.734723475976809855E-15, 0.02000000000000000042, 1.800000000000000044 ) ) ;
#8380 = EDGE_CURVE ( 'NONE', #3467, #6564, #5569, .T. ) ;
#8381 = FACE_OUTER_BOUND ( 'NONE', #6977, .T. ) ;
#8382 = DIRECTION ( 'NONE',  ( -1.000000000000000000, 0.000000000000000000, 0.000000000000000000 ) ) ;
#8383 =( NAMED_UNIT ( * ) PLANE_ANGLE_UNIT ( ) SI_UNIT ( $, .RADIAN. ) );
#8384 = AXIS2_PLACEMENT_3D ( 'NONE', #650, #2069, #8511 ) ;
#8385 = LINE ( 'NONE', #6242, #6897 ) ;
#8386 = LINE ( 'NONE', #8479, #1100 ) ;
#8387 = DIRECTION ( 'NONE',  ( 0.000000000000000000, 0.000000000000000000, -1.000000000000000000 ) ) ;
#8388 = DIRECTION ( 'NONE',  ( 0.000000000000000000, 1.000000000000000000, 0.000000000000000000 ) ) ;
#8389 = ORIENTED_EDGE ( 'NONE', *, *, #2081, .T. ) ;
#8390 =( GEOMETRIC_REPRESENTATION_CONTEXT ( 3 ) GLOBAL_UNCERTAINTY_ASSIGNED_CONTEXT ( ( #8449 ) ) GLOBAL_UNIT_ASSIGNED_CONTEXT ( ( #5014, #4318, #1372 ) ) REPRESENTATION_CONTEXT ( 'NONE', 'WORKASPACE' ) );
#8391 = ORIENTED_EDGE ( 'NONE', *, *, #9298, .T. ) ;
#8392 = CARTESIAN_POINT ( 'NONE',  ( -4.850000000000000533, 0.9799999999999999822, 1.800000000000000044 ) ) ;
#8393 = EDGE_CURVE ( 'NONE', #8118, #4329, #1352, .T. ) ;
#8394 = CARTESIAN_POINT ( 'NONE',  ( 3.950000000000000178, 0.000000000000000000, -1.800000000000000044 ) ) ;
#8395 = DIRECTION ( 'NONE',  ( 0.000000000000000000, 0.000000000000000000, 1.000000000000000000 ) ) ;
#8396 = LINE ( 'NONE', #2692, #8783 ) ;
#8397 = CARTESIAN_POINT ( 'NONE',  ( 4.599999999999999645, 0.02000000000000000042, 3.299999999999999822 ) ) ;
#8398 = EDGE_LOOP ( 'NONE', ( #3171, #4695, #7656, #5540, #6236, #1777 ) ) ;
#8399 = DIRECTION ( 'NONE',  ( 0.000000000000000000, 1.000000000000000000, 0.000000000000000000 ) ) ;
#8400 = ADVANCED_FACE ( 'NONE', ( #6240 ), #2627, .T. ) ;
#8401 = UNCERTAINTY_MEASURE_WITH_UNIT (LENGTH_MEASURE( 1.000000000000000082E-05 ), #1268, 'distance_accuracy_value', 'NONE');
#8402 = CARTESIAN_POINT ( 'NONE',  ( 3.950000000000000178, 0.02000000000000000042, -4.799999999999999822 ) ) ;
#8403 = ORIENTED_EDGE ( 'NONE', *, *, #2763, .F. ) ;
#8404 = FILL_AREA_STYLE_COLOUR ( '', #6672 ) ;
#8405 = ORIENTED_EDGE ( 'NONE', *, *, #380, .T. ) ;
#8406 = SURFACE_STYLE_FILL_AREA ( #5497 ) ;
#8407 = VERTEX_POINT ( 'NONE', #59 ) ;
#8408 = DIRECTION ( 'NONE',  ( -1.000000000000000000, 0.000000000000000000, 0.000000000000000000 ) ) ;
#8409 = DIRECTION ( 'NONE',  ( 0.000000000000000000, -1.000000000000000000, 0.000000000000000000 ) ) ;
#8410 = ORIENTED_EDGE ( 'NONE', *, *, #8674, .F. ) ;
#8411 = VECTOR ( 'NONE', #9369, 1000.000000000000000 ) ;
#8412 =( NAMED_UNIT ( * ) SI_UNIT ( $, .STERADIAN. ) SOLID_ANGLE_UNIT ( ) );
#8413 = DIRECTION ( 'NONE',  ( 1.000000000000000000, 0.000000000000000000, 0.000000000000000000 ) ) ;
#8414 = UNCERTAINTY_MEASURE_WITH_UNIT (LENGTH_MEASURE( 1.000000000000000082E-05 ), #781, 'distance_accuracy_value', 'NONE');
#8415 = CARTESIAN_POINT ( 'NONE',  ( 4.850000000000000533, 0.02000000000000000042, 5.049999999999999822 ) ) ;
#8416 = ORIENTED_EDGE ( 'NONE', *, *, #8085, .T. ) ;
#8417 = CARTESIAN_POINT ( 'NONE',  ( -4.850000000000000533, 0.000000000000000000, 1.500000000000000000 ) ) ;
#8418 = MECHANICAL_DESIGN_GEOMETRIC_PRESENTATION_REPRESENTATION (  '', ( #324 ), #4618 ) ;
#8419 = FACE_OUTER_BOUND ( 'NONE', #4209, .T. ) ;
#8420 =( NAMED_UNIT ( * ) PLANE_ANGLE_UNIT ( ) SI_UNIT ( $, .RADIAN. ) );
#8421 =( NAMED_UNIT ( * ) PLANE_ANGLE_UNIT ( ) SI_UNIT ( $, .RADIAN. ) );
#8422 = DIRECTION ( 'NONE',  ( -1.000000000000000000, 0.000000000000000000, 0.000000000000000000 ) ) ;
#8423 = DIRECTION ( 'NONE',  ( 0.000000000000000000, 0.000000000000000000, -1.000000000000000000 ) ) ;
#8424 = VECTOR ( 'NONE', #7476, 1000.000000000000000 ) ;
#8425 =( GEOMETRIC_REPRESENTATION_CONTEXT ( 3 ) GLOBAL_UNCERTAINTY_ASSIGNED_CONTEXT ( ( #8984 ) ) GLOBAL_UNIT_ASSIGNED_CONTEXT ( ( #1727, #6849, #8316 ) ) REPRESENTATION_CONTEXT ( 'NONE', 'WORKASPACE' ) );
#8426 = DIRECTION ( 'NONE',  ( 0.000000000000000000, -1.000000000000000000, 0.000000000000000000 ) ) ;
#8427 = DIRECTION ( 'NONE',  ( 0.000000000000000000, 0.000000000000000000, -1.000000000000000000 ) ) ;
#8428 = LINE ( 'NONE', #4754, #7271 ) ;
#8429 = EDGE_LOOP ( 'NONE', ( #7401, #4324, #3234, #2313 ) ) ;
#8430 = ADVANCED_FACE ( 'NONE', ( #3748 ), #5085, .T. ) ;
#8431 = PRESENTATION_STYLE_ASSIGNMENT (( #4765 ) ) ;
#8432 = EDGE_CURVE ( 'NONE', #2074, #327, #1468, .T. ) ;
#8433 = VERTEX_POINT ( 'NONE', #9 ) ;
#8434 = COLOUR_RGB ( '',1.000000000000000000, 0.8117647058823529438, 0.5019607843137254832 ) ;
#8435 = VERTEX_POINT ( 'NONE', #8835 ) ;
#8436 = DIRECTION ( 'NONE',  ( 1.000000000000000000, 0.000000000000000000, 0.000000000000000000 ) ) ;
#8437 = AXIS2_PLACEMENT_3D ( 'NONE', #538, #1450, #5669 ) ;
#8438 = PLANE ( 'NONE',  #2173 ) ;
#8439 = DIRECTION ( 'NONE',  ( 0.000000000000000000, 0.000000000000000000, -1.000000000000000000 ) ) ;
#8440 = DIRECTION ( 'NONE',  ( 1.000000000000000000, 0.000000000000000000, 0.000000000000000000 ) ) ;
#8441 = SURFACE_SIDE_STYLE ('',( #1956 ) ) ;
#8442 = CIRCLE ( 'NONE', #7672, 0.2500000000000002220 ) ;
#8443 = SURFACE_STYLE_USAGE ( .BOTH. , #6404 ) ;
#8444 = EDGE_CURVE ( 'NONE', #7300, #499, #4521, .T. ) ;
#8445 = AXIS2_PLACEMENT_3D ( 'NONE', #6580, #879, #8808 ) ;
#8446 = EDGE_CURVE ( 'NONE', #466, #7191, #3568, .T. ) ;
#8447 = AXIS2_PLACEMENT_3D ( 'NONE', #3659, #4477, #7983 ) ;
#8448 = ORIENTED_EDGE ( 'NONE', *, *, #5026, .F. ) ;
#8449 = UNCERTAINTY_MEASURE_WITH_UNIT (LENGTH_MEASURE( 1.000000000000000082E-05 ), #5014, 'distance_accuracy_value', 'NONE');
#8450 = FILL_AREA_STYLE ('',( #1170 ) ) ;
#8451 = SURFACE_SIDE_STYLE ('',( #417 ) ) ;
#8452 = CARTESIAN_POINT ( 'NONE',  ( -4.120000000000000107, 2.149999999999999911, 4.290000000000000036 ) ) ;
#8453 = CARTESIAN_POINT ( 'NONE',  ( -4.850000000000000533, 0.000000000000000000, -0.4000000000000989986 ) ) ;
#8454 = AXIS2_PLACEMENT_3D ( 'NONE', #822, #126, #878 ) ;
#8455 = VERTEX_POINT ( 'NONE', #6478 ) ;
#8456 = FILL_AREA_STYLE ('',( #8404 ) ) ;
#8457 = ORIENTED_EDGE ( 'NONE', *, *, #3978, .T. ) ;
#8458 = SURFACE_STYLE_FILL_AREA ( #5546 ) ;
#8459 = CARTESIAN_POINT ( 'NONE',  ( 1.734723475976809855E-15, 0.000000000000000000, -4.000000000000000000 ) ) ;
#8460 = VERTEX_POINT ( 'NONE', #9359 ) ;
#8461 = DIRECTION ( 'NONE',  ( -1.000000000000000000, 0.000000000000000000, 0.000000000000000000 ) ) ;
#8462 = EDGE_LOOP ( 'NONE', ( #9431, #3910, #6575, #7019 ) ) ;
#8463 = CARTESIAN_POINT ( 'NONE',  ( -3.950000000000000178, 0.000000000000000000, 2.600000000000000089 ) ) ;
#8464 = CARTESIAN_POINT ( 'NONE',  ( -4.850000000000000533, 0.000000000000000000, -0.4000000000000989986 ) ) ;
#8465 = DIRECTION ( 'NONE',  ( 0.000000000000000000, 0.000000000000000000, -1.000000000000000000 ) ) ;
#8466 = LINE ( 'NONE', #2073, #8668 ) ;
#8467 = EDGE_CURVE ( 'NONE', #175, #8069, #2875, .T. ) ;
#8468 =( GEOMETRIC_REPRESENTATION_CONTEXT ( 3 ) GLOBAL_UNCERTAINTY_ASSIGNED_CONTEXT ( ( #813 ) ) GLOBAL_UNIT_ASSIGNED_CONTEXT ( ( #4407, #5814, #3580 ) ) REPRESENTATION_CONTEXT ( 'NONE', 'WORKASPACE' ) );
#8469 = LINE ( 'NONE', #6131, #985 ) ;
#8470 = EDGE_LOOP ( 'NONE', ( #7486, #3983, #937, #456 ) ) ;
#8471 = STYLED_ITEM ( 'NONE', ( #1782 ), #868 ) ;
#8472 = DIRECTION ( 'NONE',  ( -1.000000000000000000, 0.000000000000000000, 0.000000000000000000 ) ) ;
#8473 = PLANE ( 'NONE',  #8589 ) ;
#8474 = FILL_AREA_STYLE_COLOUR ( '', #548 ) ;
#8475 = SURFACE_STYLE_USAGE ( .BOTH. , #1351 ) ;
#8476 = CARTESIAN_POINT ( 'NONE',  ( -4.850000000000000533, 1.000000000000000000, -0.4000000000000640266 ) ) ;
#8477 = COLOUR_RGB ( '',1.000000000000000000, 0.8117647058823529438, 0.5019607843137254832 ) ;
#8478 = LINE ( 'NONE', #1204, #2340 ) ;
#8479 = CARTESIAN_POINT ( 'NONE',  ( -4.850000000000000533, 0.9799999999999999822, -5.049999999999999822 ) ) ;
#8480 = CARTESIAN_POINT ( 'NONE',  ( 4.419999999999999929, 0.000000000000000000, -4.590000000000000746 ) ) ;
#8481 = ORIENTED_EDGE ( 'NONE', *, *, #3037, .F. ) ;
#8482 = VECTOR ( 'NONE', #1459, 1000.000000000000000 ) ;
#8483 = CARTESIAN_POINT ( 'NONE',  ( 4.850000000000000533, 0.9799999999999999822, -1.500000000000000000 ) ) ;
#8484 = VERTEX_POINT ( 'NONE', #7938 ) ;
#8485 = VERTEX_POINT ( 'NONE', #1395 ) ;
#8486 = AXIS2_PLACEMENT_3D ( 'NONE', #8665, #8704, #5710 ) ;
#8487 =( LENGTH_UNIT ( ) NAMED_UNIT ( * ) SI_UNIT ( .MILLI., .METRE. ) );
#8488 = EDGE_CURVE ( 'NONE', #4685, #248, #4345, .T. ) ;
#8489 = AXIS2_PLACEMENT_3D ( 'NONE', #2317, #6570, #2964 ) ;
#8490 =( GEOMETRIC_REPRESENTATION_CONTEXT ( 3 ) GLOBAL_UNCERTAINTY_ASSIGNED_CONTEXT ( ( #4481 ) ) GLOBAL_UNIT_ASSIGNED_CONTEXT ( ( #6298, #2642, #2596 ) ) REPRESENTATION_CONTEXT ( 'NONE', 'WORKASPACE' ) );
#8491 = DIRECTION ( 'NONE',  ( 1.000000000000000000, 0.000000000000000000, 0.000000000000000000 ) ) ;
#8492 = LINE ( 'NONE', #2643, #2906 ) ;
#8493 = VECTOR ( 'NONE', #7819, 1000.000000000000000 ) ;
#8494 = VECTOR ( 'NONE', #2532, 1000.000000000000000 ) ;
#8495 = COLOUR_RGB ( '',0.5372549019607842924, 0.6235294117647058876, 0.000000000000000000 ) ;
#8496 = CARTESIAN_POINT ( 'NONE',  ( -4.419999999999999929, 1.050000000000000044, 4.590000000000000746 ) ) ;
#8497 = UNCERTAINTY_MEASURE_WITH_UNIT (LENGTH_MEASURE( 1.000000000000000082E-05 ), #3718, 'distance_accuracy_value', 'NONE');
#8498 = LINE ( 'NONE', #7865, #7581 ) ;
#8499 = MECHANICAL_DESIGN_GEOMETRIC_PRESENTATION_REPRESENTATION (  '', ( #9101 ), #4850 ) ;
#8500 = EDGE_CURVE ( 'NONE', #2573, #3007, #2413, .T. ) ;
#8501 = MECHANICAL_DESIGN_GEOMETRIC_PRESENTATION_REPRESENTATION (  '', ( #3122 ), #2898 ) ;
#8502 = EDGE_CURVE ( 'NONE', #6183, #88, #8791, .T. ) ;
#8503 = VERTEX_POINT ( 'NONE', #7406 ) ;
#8504 = FACE_OUTER_BOUND ( 'NONE', #2999, .T. ) ;
#8505 =( GEOMETRIC_REPRESENTATION_CONTEXT ( 3 ) GLOBAL_UNCERTAINTY_ASSIGNED_CONTEXT ( ( #3310 ) ) GLOBAL_UNIT_ASSIGNED_CONTEXT ( ( #7423, #3724, #925 ) ) REPRESENTATION_CONTEXT ( 'NONE', 'WORKASPACE' ) );
#8506 = FILL_AREA_STYLE ('',( #1228 ) ) ;
#8507 = VECTOR ( 'NONE', #1584, 1000.000000000000000 ) ;
#8508 = ADVANCED_FACE ( 'NONE', ( #3940 ), #5268, .F. ) ;
#8509 = DIRECTION ( 'NONE',  ( 0.000000000000000000, -1.000000000000000000, 0.000000000000000000 ) ) ;
#8510 = ORIENTED_EDGE ( 'NONE', *, *, #1091, .F. ) ;
#8511 = DIRECTION ( 'NONE',  ( -1.000000000000000000, 0.000000000000000000, 0.000000000000000000 ) ) ;
#8512 = PRESENTATION_LAYER_ASSIGNMENT (  '', '', ( #9083 ) ) ;
#8513 = VECTOR ( 'NONE', #915, 1000.000000000000000 ) ;
#8514 = AXIS2_PLACEMENT_3D ( 'NONE', #8146, #2484, #890 ) ;
#8515 = SURFACE_STYLE_FILL_AREA ( #2810 ) ;
#8516 = EDGE_CURVE ( 'NONE', #8455, #9155, #8975, .T. ) ;
#8517 = DIRECTION ( 'NONE',  ( -1.000000000000000000, 0.000000000000000000, 0.000000000000000000 ) ) ;
#8518 = CARTESIAN_POINT ( 'NONE',  ( 3.950000000000000178, 0.02000000000000000042, -2.600000000000000089 ) ) ;
#8519 = CIRCLE ( 'NONE', #270, 0.4000000000000001887 ) ;
#8520 = ORIENTED_EDGE ( 'NONE', *, *, #4313, .T. ) ;
#8521 = FACE_OUTER_BOUND ( 'NONE', #3431, .T. ) ;
#8522 = UNCERTAINTY_MEASURE_WITH_UNIT (LENGTH_MEASURE( 1.000000000000000082E-05 ), #3452, 'distance_accuracy_value', 'NONE');
#8523 = FILL_AREA_STYLE ('',( #3686 ) ) ;
#8524 = PRESENTATION_STYLE_ASSIGNMENT (( #2868 ) ) ;
#8525 = VERTEX_POINT ( 'NONE', #4609 ) ;
#8526 = VERTEX_POINT ( 'NONE', #331 ) ;
#8527 = DIRECTION ( 'NONE',  ( 1.000000000000000000, 0.000000000000000000, 0.000000000000000000 ) ) ;
#8528 = COLOUR_RGB ( '',0.8980392156862745390, 0.9215686274509803377, 0.9294117647058823817 ) ;
#8529 = LINE ( 'NONE', #1346, #3765 ) ;
#8530 = SURFACE_STYLE_FILL_AREA ( #4099 ) ;
#8531 = EDGE_CURVE ( 'NONE', #5479, #3130, #6127, .T. ) ;
#8532 = DIRECTION ( 'NONE',  ( 0.000000000000000000, -1.000000000000000000, 0.000000000000000000 ) ) ;
#8533 = CARTESIAN_POINT ( 'NONE',  ( -4.450000000000000178, 0.9799999999999999822, -6.331740687315349681E-14 ) ) ;
#8534 = CARTESIAN_POINT ( 'NONE',  ( 1.734723475976809855E-15, 0.02000000000000000042, -2.899999999999999911 ) ) ;
#8535 = DIRECTION ( 'NONE',  ( 0.000000000000000000, 0.000000000000000000, -1.000000000000000000 ) ) ;
#8536 = EDGE_LOOP ( 'NONE', ( #6761, #6117, #7247, #6077, #8321, #6417, #5797, #6338, #2229, #2559, #1159, #6080 ) ) ;
#8537 = AXIS2_PLACEMENT_3D ( 'NONE', #6928, #2501, #8307 ) ;
#8538 = DIRECTION ( 'NONE',  ( 0.000000000000000000, -1.000000000000000000, 0.000000000000000000 ) ) ;
#8539 = VERTEX_POINT ( 'NONE', #9068 ) ;
#8540 = ORIENTED_EDGE ( 'NONE', *, *, #1605, .F. ) ;
#8541 = DIRECTION ( 'NONE',  ( 0.000000000000000000, -1.000000000000000000, 0.000000000000000000 ) ) ;
#8542 = PRESENTATION_STYLE_ASSIGNMENT (( #6398 ) ) ;
#8543 = LINE ( 'NONE', #2845, #4915 ) ;
#8544 = AXIS2_PLACEMENT_3D ( 'NONE', #8150, #7301, #1615 ) ;
#8545 = DIRECTION ( 'NONE',  ( 0.000000000000000000, -1.000000000000000000, 0.000000000000000000 ) ) ;
#8546 = STYLED_ITEM ( 'NONE', ( #8225 ), #1678 ) ;
#8547 = DIRECTION ( 'NONE',  ( 1.000000000000000000, 0.000000000000000000, 0.000000000000000000 ) ) ;
#8548 = CARTESIAN_POINT ( 'NONE',  ( -3.950000000000000178, 0.000000000000000000, -2.899999999999999911 ) ) ;
#8549 = FILL_AREA_STYLE ('',( #8643 ) ) ;
#8550 = UNCERTAINTY_MEASURE_WITH_UNIT (LENGTH_MEASURE( 1.000000000000000082E-05 ), #8682, 'distance_accuracy_value', 'NONE');
#8551 = ORIENTED_EDGE ( 'NONE', *, *, #3783, .T. ) ;
#8552 = DIRECTION ( 'NONE',  ( 0.000000000000000000, -1.000000000000000000, 0.000000000000000000 ) ) ;
#8553 = DIRECTION ( 'NONE',  ( -0.000000000000000000, 1.000000000000000000, 0.000000000000000000 ) ) ;
#8554 = ADVANCED_FACE ( 'NONE', ( #6740 ), #1725, .T. ) ;
#8555 = LINE ( 'NONE', #2023, #7909 ) ;
#8556 = ADVANCED_FACE ( 'NONE', ( #2510 ), #8369, .F. ) ;
#8557 = EDGE_LOOP ( 'NONE', ( #9304, #1731, #328, #8713 ) ) ;
#8558 = LINE ( 'NONE', #4705, #6532 ) ;
#8559 = LINE ( 'NONE', #6980, #2246 ) ;
#8560 = CARTESIAN_POINT ( 'NONE',  ( 4.850000000000000533, 0.02000000000000000042, 2.449999999999999734 ) ) ;
#8561 = CARTESIAN_POINT ( 'NONE',  ( 4.850000000000000533, 1.000000000000000000, 1.800000000000000044 ) ) ;
#8562 = EDGE_CURVE ( 'NONE', #3054, #4596, #5702, .T. ) ;
#8563 = EDGE_LOOP ( 'NONE', ( #7214, #5615, #7749, #8114 ) ) ;
#8564 = ORIENTED_EDGE ( 'NONE', *, *, #3333, .F. ) ;
#8565 = LINE ( 'NONE', #9355, #3689 ) ;
#8566 = VECTOR ( 'NONE', #3392, 1000.000000000000000 ) ;
#8567 = FILL_AREA_STYLE ('',( #1566 ) ) ;
#8568 = FILL_AREA_STYLE_COLOUR ( '', #1884 ) ;
#8569 = CARTESIAN_POINT ( 'NONE',  ( 4.850000000000000533, 0.9799999999999999822, 5.049999999999999822 ) ) ;
#8570 = FACE_OUTER_BOUND ( 'NONE', #1701, .T. ) ;
#8571 = CYLINDRICAL_SURFACE ( 'NONE', #7695, 0.4000000000000001887 ) ;
#8572 = ORIENTED_EDGE ( 'NONE', *, *, #8826, .T. ) ;
#8573 = MECHANICAL_DESIGN_GEOMETRIC_PRESENTATION_REPRESENTATION (  '', ( #8262 ), #2179 ) ;
#8574 = FILL_AREA_STYLE ('',( #5671 ) ) ;
#8575 = EDGE_CURVE ( 'NONE', #6172, #1986, #8607, .T. ) ;
#8576 = SURFACE_STYLE_USAGE ( .BOTH. , #7190 ) ;
#8577 = EDGE_LOOP ( 'NONE', ( #2562, #9221, #2608, #8985, #8572, #6930, #3745, #7311, #1048, #4364, #712, #1918 ) ) ;
#8578 = VERTEX_POINT ( 'NONE', #3516 ) ;
#8579 = DIRECTION ( 'NONE',  ( 1.000000000000000000, 0.000000000000000000, 0.000000000000000000 ) ) ;
#8580 = STYLED_ITEM ( 'NONE', ( #135 ), #4166 ) ;
#8581 = SURFACE_STYLE_FILL_AREA ( #4959 ) ;
#8582 = CARTESIAN_POINT ( 'NONE',  ( -3.950000000000000178, 0.000000000000000000, -4.799999999999999822 ) ) ;
#8583 = COLOUR_RGB ( '',1.000000000000000000, 0.8117647058823529438, 0.5019607843137254832 ) ;
#8584 = CARTESIAN_POINT ( 'NONE',  ( -4.850000000000000533, 0.9799999999999999822, 2.449999999999999734 ) ) ;
#8585 = CARTESIAN_POINT ( 'NONE',  ( 1.734723475976809855E-15, 0.000000000000000000, -0.7000000000001009859 ) ) ;
#8586 = FILL_AREA_STYLE_COLOUR ( '', #4182 ) ;
#8587 = SURFACE_SIDE_STYLE ('',( #7912 ) ) ;
#8588 = DIRECTION ( 'NONE',  ( 0.000000000000000000, -1.000000000000000000, 0.000000000000000000 ) ) ;
#8589 = AXIS2_PLACEMENT_3D ( 'NONE', #3426, #9266, #2779 ) ;
#8590 = DIRECTION ( 'NONE',  ( 0.000000000000000000, -1.000000000000000000, 0.000000000000000000 ) ) ;
#8591 = PRESENTATION_LAYER_ASSIGNMENT (  '', '', ( #7507 ) ) ;
#8592 = PRESENTATION_LAYER_ASSIGNMENT (  '', '', ( #4193 ) ) ;
#8593 = DIRECTION ( 'NONE',  ( 0.000000000000000000, 1.000000000000000000, 0.000000000000000000 ) ) ;
#8594 = UNCERTAINTY_MEASURE_WITH_UNIT (LENGTH_MEASURE( 1.000000000000000082E-05 ), #4149, 'distance_accuracy_value', 'NONE');
#8595 = CARTESIAN_POINT ( 'NONE',  ( 3.700000000000000178, 2.500000000000000000, 4.250000000000000000 ) ) ;
#8596 = PRESENTATION_STYLE_ASSIGNMENT (( #2801 ) ) ;
#8597 = VECTOR ( 'NONE', #4958, 1000.000000000000000 ) ;
#8598 = FILL_AREA_STYLE_COLOUR ( '', #9256 ) ;
#8599 = STYLED_ITEM ( 'NONE', ( #2825 ), #7024 ) ;
#8600 = ORIENTED_EDGE ( 'NONE', *, *, #5414, .T. ) ;
#8601 = FACE_OUTER_BOUND ( 'NONE', #863, .T. ) ;
#8602 = LINE ( 'NONE', #4891, #136 ) ;
#8603 = AXIS2_PLACEMENT_3D ( 'NONE', #1028, #1073, #5382 ) ;
#8604 = ORIENTED_EDGE ( 'NONE', *, *, #4382, .T. ) ;
#8605 =( GEOMETRIC_REPRESENTATION_CONTEXT ( 3 ) GLOBAL_UNCERTAINTY_ASSIGNED_CONTEXT ( ( #1056 ) ) GLOBAL_UNIT_ASSIGNED_CONTEXT ( ( #6791, #1723, #5975 ) ) REPRESENTATION_CONTEXT ( 'NONE', 'WORKASPACE' ) );
#8606 = DIRECTION ( 'NONE',  ( 0.000000000000000000, 1.000000000000000000, 0.000000000000000000 ) ) ;
#8607 = LINE ( 'NONE', #2814, #5292 ) ;
#8608 = EDGE_CURVE ( 'NONE', #8073, #5185, #3326, .T. ) ;
#8609 = DIRECTION ( 'NONE',  ( 1.000000000000000000, 0.000000000000000000, 0.000000000000000000 ) ) ;
#8610 = COLOUR_RGB ( '',0.5372549019607842924, 0.6235294117647058876, 0.000000000000000000 ) ;
#8611 =( LENGTH_UNIT ( ) NAMED_UNIT ( * ) SI_UNIT ( .MILLI., .METRE. ) );
#8612 = DIRECTION ( 'NONE',  ( 0.000000000000000000, 0.000000000000000000, 1.000000000000000000 ) ) ;
#8613 = ORIENTED_EDGE ( 'NONE', *, *, #6922, .F. ) ;
#8614 = ORIENTED_EDGE ( 'NONE', *, *, #5587, .F. ) ;
#8615 = CARTESIAN_POINT ( 'NONE',  ( 1.734723475976809855E-15, 0.02000000000000000042, 2.899999999999999911 ) ) ;
#8616 = FILL_AREA_STYLE ('',( #5848 ) ) ;
#8617 = SURFACE_STYLE_USAGE ( .BOTH. , #7227 ) ;
#8618 = PRESENTATION_STYLE_ASSIGNMENT (( #9412 ) ) ;
#8619 = PRESENTATION_STYLE_ASSIGNMENT (( #1646 ) ) ;
#8620 = EDGE_CURVE ( 'NONE', #7126, #6091, #5750, .T. ) ;
#8621 = ADVANCED_FACE ( 'NONE', ( #9119 ), #9302, .F. ) ;
#8622 = CARTESIAN_POINT ( 'NONE',  ( -3.950000000000000178, 0.000000000000000000, -4.000000000000000000 ) ) ;
#8623 = CARTESIAN_POINT ( 'NONE',  ( 1.734723475976809855E-15, 0.000000000000000000, -1.800000000000000044 ) ) ;
#8624 = CARTESIAN_POINT ( 'NONE',  ( -4.850000000000000533, 0.000000000000000000, 0.3999999999998999911 ) ) ;
#8625 = VECTOR ( 'NONE', #1888, 1000.000000000000000 ) ;
#8626 = ORIENTED_EDGE ( 'NONE', *, *, #7921, .F. ) ;
#8627 = ORIENTED_EDGE ( 'NONE', *, *, #2913, .F. ) ;
#8628 = VECTOR ( 'NONE', #9017, 1000.000000000000000 ) ;
#8629 = VERTEX_POINT ( 'NONE', #7688 ) ;
#8630 = CARTESIAN_POINT ( 'NONE',  ( -4.850000000000000533, 1.000000000000000000, -8.673617379884039416E-16 ) ) ;
#8631 = CARTESIAN_POINT ( 'NONE',  ( 1.734723475976809855E-15, 0.000000000000000000, -2.899999999999999911 ) ) ;
#8632 = FILL_AREA_STYLE_COLOUR ( '', #6730 ) ;
#8633 = PRESENTATION_LAYER_ASSIGNMENT (  '', '', ( #7105 ) ) ;
#8634 = FILL_AREA_STYLE_COLOUR ( '', #7142 ) ;
#8635 = EDGE_CURVE ( 'NONE', #1442, #4711, #5153, .T. ) ;
#8636 = DIRECTION ( 'NONE',  ( 0.000000000000000000, -1.000000000000000000, 0.000000000000000000 ) ) ;
#8637 = SURFACE_STYLE_USAGE ( .BOTH. , #4359 ) ;
#8638 = AXIS2_PLACEMENT_3D ( 'NONE', #3715, #1406, #8809 ) ;
#8639 = PRESENTATION_STYLE_ASSIGNMENT (( #5103 ) ) ;
#8640 = SURFACE_SIDE_STYLE ('',( #5729 ) ) ;
#8641 =( GEOMETRIC_REPRESENTATION_CONTEXT ( 3 ) GLOBAL_UNCERTAINTY_ASSIGNED_CONTEXT ( ( #3801 ) ) GLOBAL_UNIT_ASSIGNED_CONTEXT ( ( #5892, #2920, #762 ) ) REPRESENTATION_CONTEXT ( 'NONE', 'WORKASPACE' ) );
#8642 = CARTESIAN_POINT ( 'NONE',  ( 4.120000000000000107, 0.000000000000000000, -4.440000000000000391 ) ) ;
#8643 = FILL_AREA_STYLE_COLOUR ( '', #2512 ) ;
#8644 = EDGE_CURVE ( 'NONE', #5169, #1509, #6212, .T. ) ;
#8645 = UNCERTAINTY_MEASURE_WITH_UNIT (LENGTH_MEASURE( 1.000000000000000082E-05 ), #5712, 'distance_accuracy_value', 'NONE');
#8646 = PRESENTATION_LAYER_ASSIGNMENT (  '', '', ( #1771 ) ) ;
#8647 = LINE ( 'NONE', #5020, #2392 ) ;
#8648 = SURFACE_STYLE_FILL_AREA ( #7173 ) ;
#8649 = STYLED_ITEM ( 'NONE', ( #1768 ), #8554 ) ;
#8650 = LINE ( 'NONE', #7733, #7917 ) ;
#8651 = PRESENTATION_LAYER_ASSIGNMENT (  '', '', ( #3036 ) ) ;
#8652 =( NAMED_UNIT ( * ) PLANE_ANGLE_UNIT ( ) SI_UNIT ( $, .RADIAN. ) );
#8653 = ORIENTED_EDGE ( 'NONE', *, *, #1427, .T. ) ;
#8654 = ORIENTED_EDGE ( 'NONE', *, *, #1911, .F. ) ;
#8655 = VECTOR ( 'NONE', #1055, 1000.000000000000000 ) ;
#8656 = APPLICATION_CONTEXT ( 'automotive_design' ) ;
#8657 = DIRECTION ( 'NONE',  ( 0.000000000000000000, 0.000000000000000000, 1.000000000000000000 ) ) ;
#8658 = SURFACE_SIDE_STYLE ('',( #4587 ) ) ;
#8659 = VECTOR ( 'NONE', #1712, 1000.000000000000000 ) ;
#8660 = AXIS2_PLACEMENT_3D ( 'NONE', #1697, #5294, #8293 ) ;
#8661 = STYLED_ITEM ( 'NONE', ( #8223 ), #2098 ) ;
#8662 = MECHANICAL_DESIGN_GEOMETRIC_PRESENTATION_REPRESENTATION (  '', ( #7727 ), #6220 ) ;
#8663 = CARTESIAN_POINT ( 'NONE',  ( -4.850000000000000533, 0.02000000000000000042, 2.200000000000000178 ) ) ;
#8664 = EDGE_CURVE ( 'NONE', #8987, #4294, #8174, .T. ) ;
#8665 = CARTESIAN_POINT ( 'NONE',  ( 1.734723475976809855E-15, 2.299999999999999822, -8.673617379884039416E-16 ) ) ;
#8666 = COLOUR_RGB ( '',0.5372549019607842924, 0.6235294117647058876, 0.000000000000000000 ) ;
#8667 = SURFACE_STYLE_FILL_AREA ( #2671 ) ;
#8668 = VECTOR ( 'NONE', #2718, 1000.000000000000000 ) ;
#8669 = CARTESIAN_POINT ( 'NONE',  ( 3.950000000000000178, 0.000000000000000000, -1.800000000000000044 ) ) ;
#8670 =( GEOMETRIC_REPRESENTATION_CONTEXT ( 3 ) GLOBAL_UNCERTAINTY_ASSIGNED_CONTEXT ( ( #1135 ) ) GLOBAL_UNIT_ASSIGNED_CONTEXT ( ( #8209, #285, #5399 ) ) REPRESENTATION_CONTEXT ( 'NONE', 'WORKASPACE' ) );
#8671 = CYLINDRICAL_SURFACE ( 'NONE', #7875, 0.4000000000000001887 ) ;
#8672 = ORIENTED_EDGE ( 'NONE', *, *, #4829, .T. ) ;
#8673 = EDGE_CURVE ( 'NONE', #7922, #8970, #5556, .T. ) ;
#8674 = EDGE_CURVE ( 'NONE', #4513, #9007, #8559, .T. ) ;
#8675 = ORIENTED_EDGE ( 'NONE', *, *, #4113, .T. ) ;
#8676 = CARTESIAN_POINT ( 'NONE',  ( -4.850000000000000533, 0.02000000000000000042, 2.899999999999999911 ) ) ;
#8677 = DIRECTION ( 'NONE',  ( 1.000000000000000000, 0.000000000000000000, 0.000000000000000000 ) ) ;
#8678 = DIRECTION ( 'NONE',  ( 0.000000000000000000, 1.000000000000000000, 0.000000000000000000 ) ) ;
#8679 = DIRECTION ( 'NONE',  ( 0.000000000000000000, 1.000000000000000000, 0.000000000000000000 ) ) ;
#8680 = DIRECTION ( 'NONE',  ( 0.000000000000000000, 0.000000000000000000, -1.000000000000000000 ) ) ;
#8681 = FILL_AREA_STYLE ('',( #3623 ) ) ;
#8682 =( LENGTH_UNIT ( ) NAMED_UNIT ( * ) SI_UNIT ( .MILLI., .METRE. ) );
#8683 = DIRECTION ( 'NONE',  ( 0.000000000000000000, 0.000000000000000000, -1.000000000000000000 ) ) ;
#8684 = FILL_AREA_STYLE_COLOUR ( '', #7345 ) ;
#8685 = EDGE_CURVE ( 'NONE', #3974, #5133, #4935, .T. ) ;
#8686 = VECTOR ( 'NONE', #4223, 1000.000000000000000 ) ;
#8687 = CARTESIAN_POINT ( 'NONE',  ( 4.850000000000000533, 1.000000000000000000, -8.673617379884039416E-16 ) ) ;
#8688 = PLANE ( 'NONE',  #8807 ) ;
#8689 = CARTESIAN_POINT ( 'NONE',  ( 4.850000000000000533, 0.000000000000000000, 3.700000000000000178 ) ) ;
#8690 = CARTESIAN_POINT ( 'NONE',  ( -4.850000000000000533, 0.9799999999999999822, 3.550000000000000266 ) ) ;
#8691 =( GEOMETRIC_REPRESENTATION_CONTEXT ( 3 ) GLOBAL_UNCERTAINTY_ASSIGNED_CONTEXT ( ( #6160 ) ) GLOBAL_UNIT_ASSIGNED_CONTEXT ( ( #7612, #1062, #3286 ) ) REPRESENTATION_CONTEXT ( 'NONE', 'WORKASPACE' ) );
#8692 = FILL_AREA_STYLE ('',( #3035 ) ) ;
#8693 = EDGE_CURVE ( 'NONE', #3712, #7300, #1324, .T. ) ;
#8694 = ORIENTED_EDGE ( 'NONE', *, *, #2943, .F. ) ;
#8695 = ORIENTED_EDGE ( 'NONE', *, *, #5807, .F. ) ;
#8696 = DIRECTION ( 'NONE',  ( 0.000000000000000000, 0.000000000000000000, -1.000000000000000000 ) ) ;
#8697 = SURFACE_STYLE_USAGE ( .BOTH. , #2126 ) ;
#8698 = DIRECTION ( 'NONE',  ( 0.000000000000000000, 1.000000000000000000, 0.000000000000000000 ) ) ;
#8699 = FACE_OUTER_BOUND ( 'NONE', #6123, .T. ) ;
#8700 =( LENGTH_UNIT ( ) NAMED_UNIT ( * ) SI_UNIT ( .MILLI., .METRE. ) );
#8701 = ORIENTED_EDGE ( 'NONE', *, *, #8152, .F. ) ;
#8702 = EDGE_LOOP ( 'NONE', ( #2820, #8701, #5256, #5111 ) ) ;
#8703 = LINE ( 'NONE', #2172, #3388 ) ;
#8704 = DIRECTION ( 'NONE',  ( -0.000000000000000000, 1.000000000000000000, 0.000000000000000000 ) ) ;
#8705 = CARTESIAN_POINT ( 'NONE',  ( 4.850000000000000533, 0.9799999999999999822, 3.550000000000000266 ) ) ;
#8706 = CARTESIAN_POINT ( 'NONE',  ( -3.950000000000000178, 0.000000000000000000, -0.7000000000001009859 ) ) ;
#8707 = FACE_OUTER_BOUND ( 'NONE', #9141, .T. ) ;
#8708 = CIRCLE ( 'NONE', #1685, 0.4000000000000001887 ) ;
#8709 = FILL_AREA_STYLE ('',( #5805 ) ) ;
#8710 = SURFACE_STYLE_FILL_AREA ( #2832 ) ;
#8711 = CARTESIAN_POINT ( 'NONE',  ( -4.850000000000000533, 0.02000000000000000042, 3.550000000000000266 ) ) ;
#8712 = PRESENTATION_LAYER_ASSIGNMENT (  '', '', ( #629 ) ) ;
#8713 = ORIENTED_EDGE ( 'NONE', *, *, #3383, .F. ) ;
#8714 = ORIENTED_EDGE ( 'NONE', *, *, #2778, .T. ) ;
#8715 = DIRECTION ( 'NONE',  ( 1.000000000000000000, 0.000000000000000000, 0.000000000000000000 ) ) ;
#8716 = PRESENTATION_STYLE_ASSIGNMENT (( #8179 ) ) ;
#8717 = DIRECTION ( 'NONE',  ( -1.000000000000000000, 0.000000000000000000, 0.000000000000000000 ) ) ;
#8718 = LINE ( 'NONE', #2192, #4687 ) ;
#8719 = COLOUR_RGB ( '',1.000000000000000000, 0.8117647058823529438, 0.5019607843137254832 ) ;
#8720 = EDGE_CURVE ( 'NONE', #5390, #3781, #7743, .T. ) ;
#8721 = DIRECTION ( 'NONE',  ( 1.000000000000000000, 0.000000000000000000, 0.000000000000000000 ) ) ;
#8722 = CARTESIAN_POINT ( 'NONE',  ( 1.734723475976809855E-15, 0.02000000000000000042, -8.673617379884039416E-16 ) ) ;
#8723 = FACE_OUTER_BOUND ( 'NONE', #6133, .T. ) ;
#8724 = DIRECTION ( 'NONE',  ( 0.000000000000000000, -1.000000000000000000, 0.000000000000000000 ) ) ;
#8725 =( LENGTH_UNIT ( ) NAMED_UNIT ( * ) SI_UNIT ( .MILLI., .METRE. ) );
#8726 = EDGE_CURVE ( 'NONE', #1442, #4214, #3597, .T. ) ;
#8727 = ADVANCED_FACE ( 'NONE', ( #9396 ), #1482, .T. ) ;
#8728 = CIRCLE ( 'NONE', #4348, 0.2500000000000002220 ) ;
#8729 = CIRCLE ( 'NONE', #4624, 0.2999999999999999334 ) ;
#8730 =( LENGTH_UNIT ( ) NAMED_UNIT ( * ) SI_UNIT ( .MILLI., .METRE. ) );
#8731 = ORIENTED_EDGE ( 'NONE', *, *, #5312, .T. ) ;
#8732 = DIRECTION ( 'NONE',  ( 0.000000000000000000, 0.000000000000000000, 1.000000000000000000 ) ) ;
#8733 = EDGE_LOOP ( 'NONE', ( #3645, #9391, #8627, #661 ) ) ;
#8734 =( NAMED_UNIT ( * ) PLANE_ANGLE_UNIT ( ) SI_UNIT ( $, .RADIAN. ) );
#8735 =( GEOMETRIC_REPRESENTATION_CONTEXT ( 3 ) GLOBAL_UNCERTAINTY_ASSIGNED_CONTEXT ( ( #2015 ) ) GLOBAL_UNIT_ASSIGNED_CONTEXT ( ( #2385, #928, #4769 ) ) REPRESENTATION_CONTEXT ( 'NONE', 'WORKASPACE' ) );
#8736 = MECHANICAL_DESIGN_GEOMETRIC_PRESENTATION_REPRESENTATION (  '', ( #503 ), #2353 ) ;
#8737 = ORIENTED_EDGE ( 'NONE', *, *, #8250, .F. ) ;
#8738 = EDGE_CURVE ( 'NONE', #2635, #5967, #5767, .T. ) ;
#8739 =( NAMED_UNIT ( * ) SI_UNIT ( $, .STERADIAN. ) SOLID_ANGLE_UNIT ( ) );
#8740 = DIRECTION ( 'NONE',  ( 0.000000000000000000, -1.000000000000000000, 0.000000000000000000 ) ) ;
#8741 = PLANE ( 'NONE',  #6113 ) ;
#8742 = ORIENTED_EDGE ( 'NONE', *, *, #4507, .T. ) ;
#8743 = CIRCLE ( 'NONE', #4363, 0.2500000000000002220 ) ;
#8744 = LINE ( 'NONE', #5128, #588 ) ;
#8745 = COLOUR_RGB ( '',1.000000000000000000, 0.8117647058823529438, 0.5019607843137254832 ) ;
#8746 = UNCERTAINTY_MEASURE_WITH_UNIT (LENGTH_MEASURE( 1.000000000000000082E-05 ), #5205, 'distance_accuracy_value', 'NONE');
#8747 = ORIENTED_EDGE ( 'NONE', *, *, #8896, .F. ) ;
#8748 = LINE ( 'NONE', #4943, #7025 ) ;
#8749 =( NAMED_UNIT ( * ) PLANE_ANGLE_UNIT ( ) SI_UNIT ( $, .RADIAN. ) );
#8750 = CYLINDRICAL_SURFACE ( 'NONE', #4355, 0.4000000000000001887 ) ;
#8751 = DIRECTION ( 'NONE',  ( 0.000000000000000000, 0.000000000000000000, 1.000000000000000000 ) ) ;
#8752 = FILL_AREA_STYLE_COLOUR ( '', #393 ) ;
#8753 = EDGE_CURVE ( 'NONE', #41, #7611, #3043, .T. ) ;
#8754 = VECTOR ( 'NONE', #5868, 1000.000000000000000 ) ;
#8755 = DIRECTION ( 'NONE',  ( 0.000000000000000000, 0.000000000000000000, 1.000000000000000000 ) ) ;
#8756 =( LENGTH_UNIT ( ) NAMED_UNIT ( * ) SI_UNIT ( .MILLI., .METRE. ) );
#8757 = EDGE_LOOP ( 'NONE', ( #1508, #1985, #9250, #9447 ) ) ;
#8758 = ORIENTED_EDGE ( 'NONE', *, *, #8938, .F. ) ;
#8759 = CARTESIAN_POINT ( 'NONE',  ( -4.850000000000000533, 0.02000000000000000042, -1.500000000000000000 ) ) ;
#8760 = DIRECTION ( 'NONE',  ( 0.000000000000000000, 0.000000000000000000, -1.000000000000000000 ) ) ;
#8761 = FILL_AREA_STYLE ('',( #7195 ) ) ;
#8762 =( NAMED_UNIT ( * ) PLANE_ANGLE_UNIT ( ) SI_UNIT ( $, .RADIAN. ) );
#8763 = AXIS2_PLACEMENT_3D ( 'NONE', #6956, #7631, #3441 ) ;
#8764 = ADVANCED_FACE ( 'NONE', ( #5120 ), #1534, .T. ) ;
#8765 = AXIS2_PLACEMENT_3D ( 'NONE', #6043, #2428, #4670 ) ;
#8766 = LINE ( 'NONE', #2239, #62 ) ;
#8767 =( GEOMETRIC_REPRESENTATION_CONTEXT ( 3 ) GLOBAL_UNCERTAINTY_ASSIGNED_CONTEXT ( ( #9292 ) ) GLOBAL_UNIT_ASSIGNED_CONTEXT ( ( #818, #3095, #5897 ) ) REPRESENTATION_CONTEXT ( 'NONE', 'WORKASPACE' ) );
#8768 = FILL_AREA_STYLE ('',( #5871 ) ) ;
#8769 = DIRECTION ( 'NONE',  ( 0.000000000000000000, 0.000000000000000000, 1.000000000000000000 ) ) ;
#8770 = PRESENTATION_LAYER_ASSIGNMENT (  '', '', ( #6187 ) ) ;
#8771 = ORIENTED_EDGE ( 'NONE', *, *, #7564, .F. ) ;
#8772 = SURFACE_STYLE_FILL_AREA ( #2994 ) ;
#8773 = STYLED_ITEM ( 'NONE', ( #5168 ), #7959 ) ;
#8774 = CARTESIAN_POINT ( 'NONE',  ( 1.734723475976809855E-15, 0.9799999999999999822, -8.673617379884039416E-16 ) ) ;
#8775 = EDGE_CURVE ( 'NONE', #7211, #1538, #4468, .T. ) ;
#8776 = DIRECTION ( 'NONE',  ( 0.000000000000000000, 1.000000000000000000, 0.000000000000000000 ) ) ;
#8777 = ORIENTED_EDGE ( 'NONE', *, *, #4947, .F. ) ;
#8778 = EDGE_CURVE ( 'NONE', #2549, #5634, #3633, .T. ) ;
#8779 = ORIENTED_EDGE ( 'NONE', *, *, #2835, .T. ) ;
#8780 = AXIS2_PLACEMENT_3D ( 'NONE', #3564, #6284, #8422 ) ;
#8781 = CARTESIAN_POINT ( 'NONE',  ( 1.734723475976809855E-15, 0.9799999999999999822, -8.673617379884039416E-16 ) ) ;
#8782 = VECTOR ( 'NONE', #2526, 1000.000000000000000 ) ;
#8783 = VECTOR ( 'NONE', #5432, 1000.000000000000000 ) ;
#8784 = FILL_AREA_STYLE_COLOUR ( '', #5009 ) ;
#8785 = FILL_AREA_STYLE_COLOUR ( '', #8230 ) ;
#8786 = VERTEX_POINT ( 'NONE', #7217 ) ;
#8787 = AXIS2_PLACEMENT_3D ( 'NONE', #7370, #6662, #5985 ) ;
#8788 =( GEOMETRIC_REPRESENTATION_CONTEXT ( 3 ) GLOBAL_UNCERTAINTY_ASSIGNED_CONTEXT ( ( #7675 ) ) GLOBAL_UNIT_ASSIGNED_CONTEXT ( ( #2045, #9272, #1451 ) ) REPRESENTATION_CONTEXT ( 'NONE', 'WORKASPACE' ) );
#8789 = EDGE_LOOP ( 'NONE', ( #356, #4559, #5334, #7994 ) ) ;
#8790 = EDGE_CURVE ( 'NONE', #4185, #3989, #6692, .T. ) ;
#8791 = CIRCLE ( 'NONE', #4543, 0.4000000000000001887 ) ;
#8792 = ORIENTED_EDGE ( 'NONE', *, *, #2164, .F. ) ;
#8793 = SURFACE_STYLE_USAGE ( .BOTH. , #5849 ) ;
#8794 = CARTESIAN_POINT ( 'NONE',  ( -4.850000000000000533, 1.000000000000000000, -8.673617379884039416E-16 ) ) ;
#8795 = PRESENTATION_LAYER_ASSIGNMENT (  '', '', ( #5157 ) ) ;
#8796 = SURFACE_STYLE_FILL_AREA ( #2224 ) ;
#8797 = CIRCLE ( 'NONE', #8186, 0.2500000000000002220 ) ;
#8798 = CARTESIAN_POINT ( 'NONE',  ( -4.850000000000000533, 0.000000000000000000, -1.350000000000000089 ) ) ;
#8799 =( GEOMETRIC_REPRESENTATION_CONTEXT ( 3 ) GLOBAL_UNCERTAINTY_ASSIGNED_CONTEXT ( ( #2273 ) ) GLOBAL_UNIT_ASSIGNED_CONTEXT ( ( #3046, #46, #2161 ) ) REPRESENTATION_CONTEXT ( 'NONE', 'WORKASPACE' ) );
#8800 = FILL_AREA_STYLE ('',( #6029 ) ) ;
#8801 = CARTESIAN_POINT ( 'NONE',  ( 4.850000000000000533, 0.02000000000000000042, -3.550000000000000266 ) ) ;
#8802 = AXIS2_PLACEMENT_3D ( 'NONE', #6624, #9427, #8810 ) ;
#8803 = EDGE_CURVE ( 'NONE', #5962, #1997, #320, .T. ) ;
#8804 = VERTEX_POINT ( 'NONE', #6781 ) ;
#8805 = CIRCLE ( 'NONE', #6982, 0.2500000000000002220 ) ;
#8806 = DIRECTION ( 'NONE',  ( 0.000000000000000000, -1.000000000000000000, 0.000000000000000000 ) ) ;
#8807 = AXIS2_PLACEMENT_3D ( 'NONE', #1419, #3683, #2067 ) ;
#8808 = DIRECTION ( 'NONE',  ( -1.000000000000000000, 0.000000000000000000, 0.000000000000000000 ) ) ;
#8809 = DIRECTION ( 'NONE',  ( -1.000000000000000000, 0.000000000000000000, 0.000000000000000000 ) ) ;
#8810 = DIRECTION ( 'NONE',  ( 0.000000000000000000, 1.000000000000000000, 0.000000000000000000 ) ) ;
#8811 = CYLINDRICAL_SURFACE ( 'NONE', #8765, 0.2500000000000002220 ) ;
#8812 = VECTOR ( 'NONE', #4167, 1000.000000000000000 ) ;
#8813 = DIRECTION ( 'NONE',  ( -1.000000000000000000, 0.000000000000000000, 0.000000000000000000 ) ) ;
#8814 = UNCERTAINTY_MEASURE_WITH_UNIT (LENGTH_MEASURE( 1.000000000000000082E-05 ), #480, 'distance_accuracy_value', 'NONE');
#8815 = FACE_OUTER_BOUND ( 'NONE', #6727, .T. ) ;
#8816 = CARTESIAN_POINT ( 'NONE',  ( 4.850000000000000533, 0.000000000000000000, 2.449999999999999734 ) ) ;
#8817 = ORIENTED_EDGE ( 'NONE', *, *, #7428, .F. ) ;
#8818 = DIRECTION ( 'NONE',  ( 0.000000000000000000, -1.000000000000000000, 0.000000000000000000 ) ) ;
#8819 = VECTOR ( 'NONE', #5449, 1000.000000000000000 ) ;
#8820 = PLANE ( 'NONE',  #9344 ) ;
#8821 = CARTESIAN_POINT ( 'NONE',  ( 4.120000000000000107, 2.299999999999999822, 4.290000000000000036 ) ) ;
#8822 = ORIENTED_EDGE ( 'NONE', *, *, #6096, .T. ) ;
#8823 = CARTESIAN_POINT ( 'NONE',  ( 4.850000000000000533, 0.000000000000000000, -3.550000000000000266 ) ) ;
#8824 = CARTESIAN_POINT ( 'NONE',  ( 4.850000000000000533, 0.9799999999999999822, 5.049999999999999822 ) ) ;
#8825 = ADVANCED_FACE ( 'NONE', ( #4510 ), #8963, .F. ) ;
#8826 = EDGE_CURVE ( 'NONE', #5949, #2158, #8253, .T. ) ;
#8827 = CARTESIAN_POINT ( 'NONE',  ( -4.850000000000000533, 0.000000000000000000, -5.049999999999999822 ) ) ;
#8828 =( NAMED_UNIT ( * ) SI_UNIT ( $, .STERADIAN. ) SOLID_ANGLE_UNIT ( ) );
#8829 = ORIENTED_EDGE ( 'NONE', *, *, #7038, .T. ) ;
#8830 = EDGE_LOOP ( 'NONE', ( #1733, #5263 ) ) ;
#8831 = VECTOR ( 'NONE', #1276, 1000.000000000000000 ) ;
#8832 = ORIENTED_EDGE ( 'NONE', *, *, #7623, .T. ) ;
#8833 = EDGE_LOOP ( 'NONE', ( #5326, #2359, #498, #3358 ) ) ;
#8834 = LINE ( 'NONE', #9409, #5552 ) ;
#8835 = CARTESIAN_POINT ( 'NONE',  ( -3.950000000000000178, 0.000000000000000000, -3.700000000000000178 ) ) ;
#8836 = EDGE_CURVE ( 'NONE', #5379, #897, #941, .T. ) ;
#8837 = ADVANCED_FACE ( 'NONE', ( #4640 ), #5964, .F. ) ;
#8838 = DIRECTION ( 'NONE',  ( 0.000000000000000000, 0.000000000000000000, 1.000000000000000000 ) ) ;
#8839 = SURFACE_STYLE_USAGE ( .BOTH. , #3804 ) ;
#8840 = CYLINDRICAL_SURFACE ( 'NONE', #263, 0.1499999999999999667 ) ;
#8841 = EDGE_LOOP ( 'NONE', ( #7488, #5305, #3911, #4776 ) ) ;
#8842 = PLANE ( 'NONE',  #6316 ) ;
#8843 = FILL_AREA_STYLE ('',( #4572 ) ) ;
#8844 = FACE_OUTER_BOUND ( 'NONE', #9149, .T. ) ;
#8845 = DIRECTION ( 'NONE',  ( 0.000000000000000000, 1.000000000000000000, 0.000000000000000000 ) ) ;
#8846 = EDGE_CURVE ( 'NONE', #3007, #464, #989, .T. ) ;
#8847 = FACE_OUTER_BOUND ( 'NONE', #4134, .T. ) ;
#8848 = DIRECTION ( 'NONE',  ( -1.000000000000000000, 0.000000000000000000, 0.000000000000000000 ) ) ;
#8849 = DIRECTION ( 'NONE',  ( 1.000000000000000000, 0.000000000000000000, 0.000000000000000000 ) ) ;
#8850 = PRESENTATION_STYLE_ASSIGNMENT (( #500 ) ) ;
#8851 = CIRCLE ( 'NONE', #3400, 0.4000000000000001887 ) ;
#8852 = CARTESIAN_POINT ( 'NONE',  ( -4.850000000000000533, 0.000000000000000000, -4.000000000000000000 ) ) ;
#8853 = LINE ( 'NONE', #3772, #7146 ) ;
#8854 = FILL_AREA_STYLE_COLOUR ( '', #1039 ) ;
#8855 = SURFACE_STYLE_FILL_AREA ( #225 ) ;
#8856 = ORIENTED_EDGE ( 'NONE', *, *, #2913, .T. ) ;
#8857 = PRESENTATION_LAYER_ASSIGNMENT (  '', '', ( #8262 ) ) ;
#8858 =( NAMED_UNIT ( * ) SI_UNIT ( $, .STERADIAN. ) SOLID_ANGLE_UNIT ( ) );
#8859 =( NAMED_UNIT ( * ) SI_UNIT ( $, .STERADIAN. ) SOLID_ANGLE_UNIT ( ) );
#8860 = PRESENTATION_STYLE_ASSIGNMENT (( #1426 ) ) ;
#8861 = VERTEX_POINT ( 'NONE', #1668 ) ;
#8862 = EDGE_LOOP ( 'NONE', ( #4851, #2838, #3398, #267, #2667, #3309, #8779, #9043, #8972, #3837, #3069, #2598 ) ) ;
#8863 = CARTESIAN_POINT ( 'NONE',  ( -4.850000000000000533, 0.000000000000000000, -1.500000000000000000 ) ) ;
#8864 = VECTOR ( 'NONE', #1030, 1000.000000000000000 ) ;
#8865 = AXIS2_PLACEMENT_3D ( 'NONE', #4951, #8535, #9176 ) ;
#8866 = CARTESIAN_POINT ( 'NONE',  ( 4.100000000000000533, 2.500000000000000000, -3.850000000000000089 ) ) ;
#8867 = CYLINDRICAL_SURFACE ( 'NONE', #6818, 0.4000000000000001887 ) ;
#8868 = ORIENTED_EDGE ( 'NONE', *, *, #7670, .F. ) ;
#8869 = MECHANICAL_DESIGN_GEOMETRIC_PRESENTATION_REPRESENTATION (  '', ( #9329 ), #2344 ) ;
#8870 = VECTOR ( 'NONE', #82, 1000.000000000000000 ) ;
#8871 = ORIENTED_EDGE ( 'NONE', *, *, #8328, .F. ) ;
#8872 = EDGE_CURVE ( 'NONE', #4711, #4747, #1480, .T. ) ;
#8873 = VERTEX_POINT ( 'NONE', #9004 ) ;
#8874 = DIRECTION ( 'NONE',  ( -1.000000000000000000, 0.000000000000000000, 0.000000000000000000 ) ) ;
#8875 = CARTESIAN_POINT ( 'NONE',  ( -3.950000000000000178, 0.02000000000000000042, -2.899999999999999911 ) ) ;
#8876 =( GEOMETRIC_REPRESENTATION_CONTEXT ( 3 ) GLOBAL_UNCERTAINTY_ASSIGNED_CONTEXT ( ( #3446 ) ) GLOBAL_UNIT_ASSIGNED_CONTEXT ( ( #7362, #2315, #2509 ) ) REPRESENTATION_CONTEXT ( 'NONE', 'WORKASPACE' ) );
#8877 = AXIS2_PLACEMENT_3D ( 'NONE', #1303, #491, #7842 ) ;
#8878 = LINE ( 'NONE', #8086, #5686 ) ;
#8879 = CARTESIAN_POINT ( 'NONE',  ( -4.120000000000000107, 2.449999999999999734, -4.290000000000000036 ) ) ;
#8880 =( NAMED_UNIT ( * ) SI_UNIT ( $, .STERADIAN. ) SOLID_ANGLE_UNIT ( ) );
#8881 = EDGE_CURVE ( 'NONE', #1497, #7731, #3982, .T. ) ;
#8882 = VECTOR ( 'NONE', #70, 1000.000000000000000 ) ;
#8883 = ORIENTED_EDGE ( 'NONE', *, *, #4396, .T. ) ;
#8884 = DIRECTION ( 'NONE',  ( 0.000000000000000000, 1.000000000000000000, 0.000000000000000000 ) ) ;
#8885 = EDGE_CURVE ( 'NONE', #2602, #261, #4692, .T. ) ;
#8886 = VECTOR ( 'NONE', #4320, 1000.000000000000000 ) ;
#8887 = FACE_OUTER_BOUND ( 'NONE', #6687, .T. ) ;
#8888 = FILL_AREA_STYLE ('',( #298 ) ) ;
#8889 = CARTESIAN_POINT ( 'NONE',  ( -3.950000000000000178, 0.02000000000000000042, 4.799999999999999822 ) ) ;
#8890 = PRESENTATION_STYLE_ASSIGNMENT (( #5994 ) ) ;
#8891 = CARTESIAN_POINT ( 'NONE',  ( 4.850000000000000533, 1.000000000000000000, 2.200000000000000178 ) ) ;
#8892 = SURFACE_STYLE_FILL_AREA ( #3068 ) ;
#8893 = ORIENTED_EDGE ( 'NONE', *, *, #8083, .T. ) ;
#8894 = UNCERTAINTY_MEASURE_WITH_UNIT (LENGTH_MEASURE( 1.000000000000000082E-05 ), #586, 'distance_accuracy_value', 'NONE');
#8895 = ORIENTED_EDGE ( 'NONE', *, *, #3083, .T. ) ;
#8896 = EDGE_CURVE ( 'NONE', #7802, #8297, #5216, .T. ) ;
#8897 = SURFACE_STYLE_USAGE ( .BOTH. , #3162 ) ;
#8898 = LINE ( 'NONE', #2389, #8943 ) ;
#8899 = CARTESIAN_POINT ( 'NONE',  ( 4.850000000000000533, 0.000000000000000000, -4.000000000000000000 ) ) ;
#8900 = DIRECTION ( 'NONE',  ( 1.000000000000000000, 0.000000000000000000, 0.000000000000000000 ) ) ;
#8901 = ORIENTED_EDGE ( 'NONE', *, *, #8129, .T. ) ;
#8902 =( NAMED_UNIT ( * ) SI_UNIT ( $, .STERADIAN. ) SOLID_ANGLE_UNIT ( ) );
#8903 = VECTOR ( 'NONE', #9036, 1000.000000000000000 ) ;
#8904 = DIRECTION ( 'NONE',  ( 0.000000000000000000, 1.000000000000000000, 0.000000000000000000 ) ) ;
#8905 = ORIENTED_EDGE ( 'NONE', *, *, #1367, .T. ) ;
#8906 = EDGE_CURVE ( 'NONE', #1587, #142, #8157, .T. ) ;
#8907 = PRESENTATION_LAYER_ASSIGNMENT (  '', '', ( #7553 ) ) ;
#8908 = ORIENTED_EDGE ( 'NONE', *, *, #424, .F. ) ;
#8909 = CARTESIAN_POINT ( 'NONE',  ( 4.850000000000000533, 1.000000000000000000, 4.400000000000000355 ) ) ;
#8910 = CARTESIAN_POINT ( 'NONE',  ( 3.950000000000000178, 0.02000000000000000042, -8.673617379884039416E-16 ) ) ;
#8911 =( GEOMETRIC_REPRESENTATION_CONTEXT ( 3 ) GLOBAL_UNCERTAINTY_ASSIGNED_CONTEXT ( ( #5930 ) ) GLOBAL_UNIT_ASSIGNED_CONTEXT ( ( #2963, #2918, #5038 ) ) REPRESENTATION_CONTEXT ( 'NONE', 'WORKASPACE' ) );
#8912 = AXIS2_PLACEMENT_3D ( 'NONE', #3076, #5298, #1660 ) ;
#8913 = EDGE_LOOP ( 'NONE', ( #5021, #8901, #3251, #1839 ) ) ;
#8914 = VECTOR ( 'NONE', #534, 1000.000000000000000 ) ;
#8915 = ORIENTED_EDGE ( 'NONE', *, *, #7851, .F. ) ;
#8916 = ORIENTED_EDGE ( 'NONE', *, *, #7431, .T. ) ;
#8917 = ORIENTED_EDGE ( 'NONE', *, *, #1091, .T. ) ;
#8918 = LINE ( 'NONE', #8453, #4044 ) ;
#8919 =( GEOMETRIC_REPRESENTATION_CONTEXT ( 3 ) GLOBAL_UNCERTAINTY_ASSIGNED_CONTEXT ( ( #1594 ) ) GLOBAL_UNIT_ASSIGNED_CONTEXT ( ( #6992, #5626, #3474 ) ) REPRESENTATION_CONTEXT ( 'NONE', 'WORKASPACE' ) );
#8920 = VECTOR ( 'NONE', #1462, 1000.000000000000000 ) ;
#8921 = UNCERTAINTY_MEASURE_WITH_UNIT (LENGTH_MEASURE( 1.000000000000000082E-05 ), #536, 'distance_accuracy_value', 'NONE');
#8922 =( GEOMETRIC_REPRESENTATION_CONTEXT ( 3 ) GLOBAL_UNCERTAINTY_ASSIGNED_CONTEXT ( ( #1124 ) ) GLOBAL_UNIT_ASSIGNED_CONTEXT ( ( #5833, #8734, #3040 ) ) REPRESENTATION_CONTEXT ( 'NONE', 'WORKASPACE' ) );
#8923 = AXIS2_PLACEMENT_3D ( 'NONE', #1020, #7662, #5378 ) ;
#8924 = CYLINDRICAL_SURFACE ( 'NONE', #5125, 0.4000000000000001887 ) ;
#8925 = ADVANCED_FACE ( 'NONE', ( #902 ), #3829, .T. ) ;
#8926 = SURFACE_SIDE_STYLE ('',( #2278 ) ) ;
#8927 = EDGE_LOOP ( 'NONE', ( #7776, #4432, #3009, #8153 ) ) ;
#8928 = PRESENTATION_STYLE_ASSIGNMENT (( #6032 ) ) ;
#8929 = FACE_OUTER_BOUND ( 'NONE', #1492, .T. ) ;
#8930 = EDGE_LOOP ( 'NONE', ( #6473, #1744, #7783, #6996, #3984, #4036, #530, #6649 ) ) ;
#8931 = CARTESIAN_POINT ( 'NONE',  ( 4.850000000000000533, 0.000000000000000000, -4.799999999999999822 ) ) ;
#8932 = VECTOR ( 'NONE', #7508, 1000.000000000000000 ) ;
#8933 = SURFACE_STYLE_USAGE ( .BOTH. , #4054 ) ;
#8934 = LINE ( 'NONE', #7785, #7956 ) ;
#8935 = PRESENTATION_LAYER_ASSIGNMENT (  '', '', ( #7586 ) ) ;
#8936 = SURFACE_SIDE_STYLE ('',( #8282 ) ) ;
#8937 = DIRECTION ( 'NONE',  ( -1.000000000000000000, 0.000000000000000000, 0.000000000000000000 ) ) ;
#8938 = EDGE_CURVE ( 'NONE', #3329, #803, #9056, .T. ) ;
#8939 = VECTOR ( 'NONE', #5835, 1000.000000000000000 ) ;
#8940 = CARTESIAN_POINT ( 'NONE',  ( 4.850000000000000533, 0.000000000000000000, -2.600000000000000089 ) ) ;
#8941 = ADVANCED_FACE ( 'NONE', ( #3363 ), #4231, .F. ) ;
#8942 = MECHANICAL_DESIGN_GEOMETRIC_PRESENTATION_REPRESENTATION (  '', ( #1330 ), #1786 ) ;
#8943 = VECTOR ( 'NONE', #1751, 1000.000000000000000 ) ;
#8944 = DIRECTION ( 'NONE',  ( -1.000000000000000000, 0.000000000000000000, 0.000000000000000000 ) ) ;
#8945 = DIRECTION ( 'NONE',  ( 0.000000000000000000, 0.000000000000000000, 1.000000000000000000 ) ) ;
#8946 = DIRECTION ( 'NONE',  ( -1.000000000000000000, 0.000000000000000000, 0.000000000000000000 ) ) ;
#8947 = AXIS2_PLACEMENT_3D ( 'NONE', #6693, #5966, #7491 ) ;
#8948 = CARTESIAN_POINT ( 'NONE',  ( 4.850000000000000533, 0.000000000000000000, -2.899999999999999911 ) ) ;
#8949 = CARTESIAN_POINT ( 'NONE',  ( -3.950000000000000178, 0.02000000000000000042, -4.000000000000000000 ) ) ;
#8950 = DIRECTION ( 'NONE',  ( 1.000000000000000000, 0.000000000000000000, 0.000000000000000000 ) ) ;
#8951 = CARTESIAN_POINT ( 'NONE',  ( 4.850000000000000533, 0.02000000000000000042, -4.400000000000000355 ) ) ;
#8952 = CARTESIAN_POINT ( 'NONE',  ( 2.479999999999999982, 2.299999999999999822, 3.149999999999999911 ) ) ;
#8953 = DIRECTION ( 'NONE',  ( 0.000000000000000000, 0.000000000000000000, -1.000000000000000000 ) ) ;
#8954 = EDGE_CURVE ( 'NONE', #9126, #2297, #7119, .T. ) ;
#8955 = EDGE_LOOP ( 'NONE', ( #6216, #277, #5736, #1591 ) ) ;
#8956 = AXIS2_PLACEMENT_3D ( 'NONE', #8147, #743, #7383 ) ;
#8957 = DIRECTION ( 'NONE',  ( 1.000000000000000000, 0.000000000000000000, 0.000000000000000000 ) ) ;
#8958 = SURFACE_STYLE_USAGE ( .BOTH. , #2491 ) ;
#8959 = ORIENTED_EDGE ( 'NONE', *, *, #4501, .F. ) ;
#8960 = DIRECTION ( 'NONE',  ( 0.000000000000000000, -1.000000000000000000, 0.000000000000000000 ) ) ;
#8961 = EDGE_LOOP ( 'NONE', ( #7934, #612, #2542, #8613 ) ) ;
#8962 = CARTESIAN_POINT ( 'NONE',  ( -3.950000000000000178, 0.02000000000000000042, 3.700000000000000178 ) ) ;
#8963 = CYLINDRICAL_SURFACE ( 'NONE', #4095, 0.4000000000000001887 ) ;
#8964 = EDGE_LOOP ( 'NONE', ( #6738, #4691, #2458, #5559 ) ) ;
#8965 = VECTOR ( 'NONE', #2609, 1000.000000000000000 ) ;
#8966 = CARTESIAN_POINT ( 'NONE',  ( 4.599999999999999645, 0.9799999999999999822, 1.100000000000000089 ) ) ;
#8967 = ADVANCED_FACE ( 'NONE', ( #8504 ), #1858, .T. ) ;
#8968 = EDGE_LOOP ( 'NONE', ( #2683, #3050, #1753, #4410 ) ) ;
#8969 = UNCERTAINTY_MEASURE_WITH_UNIT (LENGTH_MEASURE( 1.000000000000000082E-05 ), #5082, 'distance_accuracy_value', 'NONE');
#8970 = VERTEX_POINT ( 'NONE', #4286 ) ;
#8971 = VECTOR ( 'NONE', #1383, 1000.000000000000000 ) ;
#8972 = ORIENTED_EDGE ( 'NONE', *, *, #4766, .T. ) ;
#8973 = EDGE_LOOP ( 'NONE', ( #9318, #6872, #4726, #501 ) ) ;
#8974 = CARTESIAN_POINT ( 'NONE',  ( 4.100000000000000533, 2.299999999999999822, -3.850000000000000089 ) ) ;
#8975 = LINE ( 'NONE', #8875, #1776 ) ;
#8976 = DIRECTION ( 'NONE',  ( 1.000000000000000000, 0.000000000000000000, 0.000000000000000000 ) ) ;
#8977 = PRESENTATION_STYLE_ASSIGNMENT (( #6087 ) ) ;
#8978 = ORIENTED_EDGE ( 'NONE', *, *, #7623, .F. ) ;
#8979 = SURFACE_SIDE_STYLE ('',( #3200 ) ) ;
#8980 = CARTESIAN_POINT ( 'NONE',  ( -3.700000000000000178, 2.449999999999999734, 4.250000000000000000 ) ) ;
#8981 = DIRECTION ( 'NONE',  ( 0.000000000000000000, -1.000000000000000000, 0.000000000000000000 ) ) ;
#8982 = DIRECTION ( 'NONE',  ( 0.000000000000000000, 1.000000000000000000, 0.000000000000000000 ) ) ;
#8983 = CARTESIAN_POINT ( 'NONE',  ( -3.950000000000000178, 0.000000000000000000, -8.673617379884039416E-16 ) ) ;
#8984 = UNCERTAINTY_MEASURE_WITH_UNIT (LENGTH_MEASURE( 1.000000000000000082E-05 ), #1727, 'distance_accuracy_value', 'NONE');
#8985 = ORIENTED_EDGE ( 'NONE', *, *, #4322, .T. ) ;
#8986 = ORIENTED_EDGE ( 'NONE', *, *, #3436, .T. ) ;
#8987 = VERTEX_POINT ( 'NONE', #7867 ) ;
#8988 = LINE ( 'NONE', #6767, #652 ) ;
#8989 = CARTESIAN_POINT ( 'NONE',  ( 4.850000000000000533, 0.9799999999999999822, 4.000000000000000000 ) ) ;
#8990 = EDGE_CURVE ( 'NONE', #6629, #9025, #3589, .T. ) ;
#8991 = CARTESIAN_POINT ( 'NONE',  ( 1.734723475976809855E-15, 0.000000000000000000, 4.000000000000000000 ) ) ;
#8992 = CARTESIAN_POINT ( 'NONE',  ( -4.850000000000000533, 0.02000000000000000042, -3.700000000000000178 ) ) ;
#8993 = VECTOR ( 'NONE', #7793, 1000.000000000000000 ) ;
#8994 = DIRECTION ( 'NONE',  ( 0.000000000000000000, 1.000000000000000000, 0.000000000000000000 ) ) ;
#8995 = PRESENTATION_LAYER_ASSIGNMENT (  '', '', ( #461 ) ) ;
#8996 =( LENGTH_UNIT ( ) NAMED_UNIT ( * ) SI_UNIT ( .MILLI., .METRE. ) );
#8997 = ORIENTED_EDGE ( 'NONE', *, *, #850, .T. ) ;
#8998 = UNCERTAINTY_MEASURE_WITH_UNIT (LENGTH_MEASURE( 1.000000000000000082E-05 ), #7057, 'distance_accuracy_value', 'NONE');
#8999 = LINE ( 'NONE', #2488, #6699 ) ;
#9000 = STYLED_ITEM ( 'NONE', ( #1449 ), #3221 ) ;
#9001 = EDGE_CURVE ( 'NONE', #7634, #5799, #8356, .T. ) ;
#9002 = EDGE_CURVE ( 'NONE', #7557, #2837, #5462, .T. ) ;
#9003 = ORIENTED_EDGE ( 'NONE', *, *, #5423, .F. ) ;
#9004 = CARTESIAN_POINT ( 'NONE',  ( -4.100000000000000533, 2.500000000000000000, -3.850000000000000089 ) ) ;
#9005 = EDGE_LOOP ( 'NONE', ( #4830, #3652, #141, #4466 ) ) ;
#9006 = FILL_AREA_STYLE ('',( #192 ) ) ;
#9007 = VERTEX_POINT ( 'NONE', #2153 ) ;
#9008 = PLANE ( 'NONE',  #8537 ) ;
#9009 = ORIENTED_EDGE ( 'NONE', *, *, #2637, .T. ) ;
#9010 = CIRCLE ( 'NONE', #2652, 0.2999999999999999334 ) ;
#9011 = ORIENTED_EDGE ( 'NONE', *, *, #3725, .F. ) ;
#9012 = VERTEX_POINT ( 'NONE', #3545 ) ;
#9013 = AXIS2_PLACEMENT_3D ( 'NONE', #2193, #6040, #777 ) ;
#9014 = DIRECTION ( 'NONE',  ( 0.000000000000000000, 0.000000000000000000, 1.000000000000000000 ) ) ;
#9015 = EDGE_CURVE ( 'NONE', #1620, #2168, #8050, .T. ) ;
#9016 = CARTESIAN_POINT ( 'NONE',  ( 4.850000000000000533, 0.02000000000000000042, 5.049999999999999822 ) ) ;
#9017 = DIRECTION ( 'NONE',  ( 0.000000000000000000, 1.000000000000000000, 0.000000000000000000 ) ) ;
#9018 = MECHANICAL_DESIGN_GEOMETRIC_PRESENTATION_REPRESENTATION (  '', ( #8580 ), #2494 ) ;
#9019 = VECTOR ( 'NONE', #4458, 1000.000000000000000 ) ;
#9020 =( NAMED_UNIT ( * ) SI_UNIT ( $, .STERADIAN. ) SOLID_ANGLE_UNIT ( ) );
#9021 = PRESENTATION_STYLE_ASSIGNMENT (( #2723 ) ) ;
#9022 = MECHANICAL_DESIGN_GEOMETRIC_PRESENTATION_REPRESENTATION (  '', ( #629 ), #4779 ) ;
#9023 = PRESENTATION_LAYER_ASSIGNMENT (  '', '', ( #8119 ) ) ;
#9024 = VERTEX_POINT ( 'NONE', #5062 ) ;
#9025 = VERTEX_POINT ( 'NONE', #2802 ) ;
#9026 = SURFACE_STYLE_USAGE ( .BOTH. , #2622 ) ;
#9027 = EDGE_LOOP ( 'NONE', ( #8905, #2859, #7097, #7544, #8654 ) ) ;
#9028 = FACE_OUTER_BOUND ( 'NONE', #6276, .T. ) ;
#9029 = ADVANCED_FACE ( 'NONE', ( #742 ), #8688, .T. ) ;
#9030 = MECHANICAL_DESIGN_GEOMETRIC_PRESENTATION_REPRESENTATION (  '', ( #8116 ), #4030 ) ;
#9031 =( NAMED_UNIT ( * ) PLANE_ANGLE_UNIT ( ) SI_UNIT ( $, .RADIAN. ) );
#9032 = SURFACE_SIDE_STYLE ('',( #211 ) ) ;
#9033 = DIRECTION ( 'NONE',  ( 1.000000000000000000, 0.000000000000000000, 0.000000000000000000 ) ) ;
#9034 = PRESENTATION_LAYER_ASSIGNMENT (  '', '', ( #4941 ) ) ;
#9035 = LINE ( 'NONE', #3294, #6141 ) ;
#9036 = DIRECTION ( 'NONE',  ( 1.000000000000000000, 0.000000000000000000, 0.000000000000000000 ) ) ;
#9037 = CARTESIAN_POINT ( 'NONE',  ( 1.734723475976809855E-15, 0.000000000000000000, -4.799999999999999822 ) ) ;
#9038 = ORIENTED_EDGE ( 'NONE', *, *, #9190, .F. ) ;
#9039 = AXIS2_PLACEMENT_3D ( 'NONE', #674, #6579, #8677 ) ;
#9040 = AXIS2_PLACEMENT_3D ( 'NONE', #9381, #3587, #2114 ) ;
#9041 = CARTESIAN_POINT ( 'NONE',  ( -3.950000000000000178, 0.000000000000000000, 1.800000000000000044 ) ) ;
#9042 = AXIS2_PLACEMENT_3D ( 'NONE', #4197, #1530, #4465 ) ;
#9043 = ORIENTED_EDGE ( 'NONE', *, *, #7564, .T. ) ;
#9044 = DIRECTION ( 'NONE',  ( 0.000000000000000000, 0.000000000000000000, 1.000000000000000000 ) ) ;
#9045 = SURFACE_STYLE_USAGE ( .BOTH. , #6195 ) ;
#9046 = CARTESIAN_POINT ( 'NONE',  ( 2.979999999999999982, 2.449999999999999734, 3.149999999999999911 ) ) ;
#9047 = CYLINDRICAL_SURFACE ( 'NONE', #9245, 0.1499999999999999667 ) ;
#9048 = DIRECTION ( 'NONE',  ( 0.000000000000000000, -1.000000000000000000, 0.000000000000000000 ) ) ;
#9049 = AXIS2_PLACEMENT_3D ( 'NONE', #8299, #1756, #7590 ) ;
#9050 = VECTOR ( 'NONE', #1116, 1000.000000000000000 ) ;
#9051 = CARTESIAN_POINT ( 'NONE',  ( 4.120000000000000107, 0.000000000000000000, 4.440000000000000391 ) ) ;
#9052 = FACE_OUTER_BOUND ( 'NONE', #2409, .T. ) ;
#9053 = EDGE_CURVE ( 'NONE', #3213, #7300, #4369, .T. ) ;
#9054 = DIRECTION ( 'NONE',  ( 0.000000000000000000, 1.000000000000000000, 0.000000000000000000 ) ) ;
#9055 = ORIENTED_EDGE ( 'NONE', *, *, #1989, .F. ) ;
#9056 = LINE ( 'NONE', #421, #703 ) ;
#9057 = VERTEX_POINT ( 'NONE', #5019 ) ;
#9058 = SURFACE_SIDE_STYLE ('',( #1089 ) ) ;
#9059 =( LENGTH_UNIT ( ) NAMED_UNIT ( * ) SI_UNIT ( .MILLI., .METRE. ) );
#9060 = ORIENTED_EDGE ( 'NONE', *, *, #5663, .F. ) ;
#9061 = EDGE_CURVE ( 'NONE', #6881, #4230, #5304, .T. ) ;
#9062 = FACE_OUTER_BOUND ( 'NONE', #7357, .T. ) ;
#9063 = ADVANCED_FACE ( 'NONE', ( #2987 ), #7206, .T. ) ;
#9064 = COLOUR_RGB ( '',1.000000000000000000, 0.8117647058823529438, 0.5019607843137254832 ) ;
#9065 = ORIENTED_EDGE ( 'NONE', *, *, #4654, .T. ) ;
#9066 = ORIENTED_EDGE ( 'NONE', *, *, #2462, .F. ) ;
#9067 = LINE ( 'NONE', #7605, #564 ) ;
#9068 = CARTESIAN_POINT ( 'NONE',  ( -4.450000000000000178, 1.000000000000000000, -1.100000000000000089 ) ) ;
#9069 = MECHANICAL_DESIGN_GEOMETRIC_PRESENTATION_REPRESENTATION (  '', ( #85 ), #1916 ) ;
#9070 = UNCERTAINTY_MEASURE_WITH_UNIT (LENGTH_MEASURE( 1.000000000000000082E-05 ), #644, 'distance_accuracy_value', 'NONE');
#9071 = ORIENTED_EDGE ( 'NONE', *, *, #1323, .F. ) ;
#9072 =( NAMED_UNIT ( * ) SI_UNIT ( $, .STERADIAN. ) SOLID_ANGLE_UNIT ( ) );
#9073 = SURFACE_STYLE_FILL_AREA ( #7748 ) ;
#9074 = FILL_AREA_STYLE_COLOUR ( '', #3807 ) ;
#9075 = AXIS2_PLACEMENT_3D ( 'NONE', #3524, #7315, #2174 ) ;
#9076 = ADVANCED_FACE ( 'NONE', ( #8815 ), #5211, .F. ) ;
#9077 = ORIENTED_EDGE ( 'NONE', *, *, #4487, .F. ) ;
#9078 = VECTOR ( 'NONE', #7997, 1000.000000000000000 ) ;
#9079 =( NAMED_UNIT ( * ) SI_UNIT ( $, .STERADIAN. ) SOLID_ANGLE_UNIT ( ) );
#9080 = SURFACE_SIDE_STYLE ('',( #6182 ) ) ;
#9081 = ORIENTED_EDGE ( 'NONE', *, *, #4321, .T. ) ;
#9082 = SURFACE_SIDE_STYLE ('',( #6184 ) ) ;
#9083 = STYLED_ITEM ( 'NONE', ( #5152 ), #5063 ) ;
#9084 = DIRECTION ( 'NONE',  ( -1.000000000000000000, 0.000000000000000000, 0.000000000000000000 ) ) ;
#9085 = COLOUR_RGB ( '',1.000000000000000000, 0.8117647058823529438, 0.5019607843137254832 ) ;
#9086 = CARTESIAN_POINT ( 'NONE',  ( 4.599999999999999645, 0.000000000000000000, -4.400000000000000355 ) ) ;
#9087 = COLOUR_RGB ( '',1.000000000000000000, 0.8117647058823529438, 0.5019607843137254832 ) ;
#9088 =( LENGTH_UNIT ( ) NAMED_UNIT ( * ) SI_UNIT ( .MILLI., .METRE. ) );
#9089 = CARTESIAN_POINT ( 'NONE',  ( -4.850000000000000533, 1.000000000000000000, -1.500000000000000000 ) ) ;
#9090 = LINE ( 'NONE', #2586, #7575 ) ;
#9091 = CARTESIAN_POINT ( 'NONE',  ( 4.100000000000000533, 2.449999999999999734, 3.850000000000000089 ) ) ;
#9092 = EDGE_CURVE ( 'NONE', #8200, #1060, #1797, .T. ) ;
#9093 = VECTOR ( 'NONE', #1706, 1000.000000000000000 ) ;
#9094 = DIRECTION ( 'NONE',  ( 1.000000000000000000, 0.000000000000000000, 0.000000000000000000 ) ) ;
#9095 = STYLED_ITEM ( 'NONE', ( #8431 ), #1923 ) ;
#9096 = SURFACE_STYLE_FILL_AREA ( #1746 ) ;
#9097 = COLOUR_RGB ( '',1.000000000000000000, 0.8117647058823529438, 0.5019607843137254832 ) ;
#9098 = DIRECTION ( 'NONE',  ( 0.000000000000000000, 0.000000000000000000, 1.000000000000000000 ) ) ;
#9099 = CARTESIAN_POINT ( 'NONE',  ( 4.850000000000000533, 0.000000000000000000, 1.100000000000000089 ) ) ;
#9100 = CARTESIAN_POINT ( 'NONE',  ( -3.950000000000000178, 0.000000000000000000, -4.000000000000000000 ) ) ;
#9101 = STYLED_ITEM ( 'NONE', ( #7070 ), #5716 ) ;
#9102 = DIRECTION ( 'NONE',  ( -1.000000000000000000, 0.000000000000000000, 0.000000000000000000 ) ) ;
#9103 = VECTOR ( 'NONE', #9257, 1000.000000000000000 ) ;
#9104 = SURFACE_STYLE_FILL_AREA ( #5433 ) ;
#9105 = SURFACE_STYLE_USAGE ( .BOTH. , #8441 ) ;
#9106 = VECTOR ( 'NONE', #7351, 1000.000000000000000 ) ;
#9107 = ORIENTED_EDGE ( 'NONE', *, *, #5065, .F. ) ;
#9108 = UNCERTAINTY_MEASURE_WITH_UNIT (LENGTH_MEASURE( 1.000000000000000082E-05 ), #7676, 'distance_accuracy_value', 'NONE');
#9109 = VECTOR ( 'NONE', #8760, 1000.000000000000000 ) ;
#9110 = VECTOR ( 'NONE', #7632, 1000.000000000000000 ) ;
#9111 = ORIENTED_EDGE ( 'NONE', *, *, #7863, .T. ) ;
#9112 = MECHANICAL_DESIGN_GEOMETRIC_PRESENTATION_REPRESENTATION (  '', ( #2593 ), #5629 ) ;
#9113 = ORIENTED_EDGE ( 'NONE', *, *, #4020, .T. ) ;
#9114 = PRESENTATION_STYLE_ASSIGNMENT (( #372 ) ) ;
#9115 = ORIENTED_EDGE ( 'NONE', *, *, #8182, .F. ) ;
#9116 = CARTESIAN_POINT ( 'NONE',  ( -4.850000000000000533, 0.000000000000000000, -4.799999999999999822 ) ) ;
#9117 = ORIENTED_EDGE ( 'NONE', *, *, #3264, .F. ) ;
#9118 = DIRECTION ( 'NONE',  ( 1.000000000000000000, 0.000000000000000000, 0.000000000000000000 ) ) ;
#9119 = FACE_OUTER_BOUND ( 'NONE', #3008, .T. ) ;
#9120 = EDGE_CURVE ( 'NONE', #1820, #2092, #8853, .T. ) ;
#9121 = EDGE_CURVE ( 'NONE', #2372, #7802, #8898, .T. ) ;
#9122 = DIRECTION ( 'NONE',  ( -1.000000000000000000, 0.000000000000000000, 0.000000000000000000 ) ) ;
#9123 = CARTESIAN_POINT ( 'NONE',  ( 4.599999999999999645, 0.000000000000000000, -2.200000000000000178 ) ) ;
#9124 = DIRECTION ( 'NONE',  ( 0.000000000000000000, 1.000000000000000000, 0.000000000000000000 ) ) ;
#9125 = CARTESIAN_POINT ( 'NONE',  ( 4.850000000000000533, 0.02000000000000000042, -4.150000000000000355 ) ) ;
#9126 = VERTEX_POINT ( 'NONE', #6678 ) ;
#9127 = SURFACE_STYLE_FILL_AREA ( #5416 ) ;
#9128 =( GEOMETRIC_REPRESENTATION_CONTEXT ( 3 ) GLOBAL_UNCERTAINTY_ASSIGNED_CONTEXT ( ( #1754 ) ) GLOBAL_UNIT_ASSIGNED_CONTEXT ( ( #7871, #9341, #2298 ) ) REPRESENTATION_CONTEXT ( 'NONE', 'WORKASPACE' ) );
#9129 = FACE_OUTER_BOUND ( 'NONE', #9156, .T. ) ;
#9130 =( NAMED_UNIT ( * ) SI_UNIT ( $, .STERADIAN. ) SOLID_ANGLE_UNIT ( ) );
#9131 = DIRECTION ( 'NONE',  ( 0.000000000000000000, 0.000000000000000000, -1.000000000000000000 ) ) ;
#9132 = EDGE_CURVE ( 'NONE', #5185, #175, #2415, .T. ) ;
#9133 = EDGE_CURVE ( 'NONE', #3930, #7643, #1609, .T. ) ;
#9134 =( GEOMETRIC_REPRESENTATION_CONTEXT ( 3 ) GLOBAL_UNCERTAINTY_ASSIGNED_CONTEXT ( ( #8998 ) ) GLOBAL_UNIT_ASSIGNED_CONTEXT ( ( #7057, #6302, #9330 ) ) REPRESENTATION_CONTEXT ( 'NONE', 'WORKASPACE' ) );
#9135 = FILL_AREA_STYLE_COLOUR ( '', #8583 ) ;
#9136 = CARTESIAN_POINT ( 'NONE',  ( 4.850000000000000533, 0.000000000000000000, -3.299999999999999822 ) ) ;
#9137 = CARTESIAN_POINT ( 'NONE',  ( 2.479999999999999982, 2.449999999999999734, 3.149999999999999911 ) ) ;
#9138 = ORIENTED_EDGE ( 'NONE', *, *, #3550, .T. ) ;
#9139 = SURFACE_STYLE_FILL_AREA ( #2740 ) ;
#9140 = ORIENTED_EDGE ( 'NONE', *, *, #734, .T. ) ;
#9141 = EDGE_LOOP ( 'NONE', ( #8060, #2349, #3462, #4674, #6456, #518 ) ) ;
#9142 =( NAMED_UNIT ( * ) SI_UNIT ( $, .STERADIAN. ) SOLID_ANGLE_UNIT ( ) );
#9143 = FACE_OUTER_BOUND ( 'NONE', #1456, .T. ) ;
#9144 = DIRECTION ( 'NONE',  ( 0.000000000000000000, 1.000000000000000000, 0.000000000000000000 ) ) ;
#9145 =( NAMED_UNIT ( * ) PLANE_ANGLE_UNIT ( ) SI_UNIT ( $, .RADIAN. ) );
#9146 = EDGE_CURVE ( 'NONE', #8433, #1247, #6004, .T. ) ;
#9147 = DIRECTION ( 'NONE',  ( 0.000000000000000000, -1.000000000000000000, 0.000000000000000000 ) ) ;
#9148 = CARTESIAN_POINT ( 'NONE',  ( 4.850000000000000533, 0.9799999999999999822, -2.600000000000000089 ) ) ;
#9149 = EDGE_LOOP ( 'NONE', ( #821, #8211, #5028, #5810 ) ) ;
#9150 = PRESENTATION_STYLE_ASSIGNMENT (( #1322 ) ) ;
#9151 = SURFACE_STYLE_USAGE ( .BOTH. , #8451 ) ;
#9152 = UNCERTAINTY_MEASURE_WITH_UNIT (LENGTH_MEASURE( 1.000000000000000082E-05 ), #2401, 'distance_accuracy_value', 'NONE');
#9153 = DIRECTION ( 'NONE',  ( -1.000000000000000000, 0.000000000000000000, 0.000000000000000000 ) ) ;
#9154 = ADVANCED_FACE ( 'NONE', ( #2295 ), #4586, .F. ) ;
#9155 = VERTEX_POINT ( 'NONE', #5914 ) ;
#9156 = EDGE_LOOP ( 'NONE', ( #6000, #1390, #5300, #9199, #7806, #1114, #8389, #249, #926, #6337, #5221, #4179 ) ) ;
#9157 = FILL_AREA_STYLE ('',( #568 ) ) ;
#9158 = SURFACE_STYLE_USAGE ( .BOTH. , #4836 ) ;
#9159 = EDGE_LOOP ( 'NONE', ( #4428, #6800, #5447, #3785 ) ) ;
#9160 = EDGE_LOOP ( 'NONE', ( #3241, #3899, #6750, #1821 ) ) ;
#9161 = PRESENTATION_STYLE_ASSIGNMENT (( #2561 ) ) ;
#9162 = COLOUR_RGB ( '',1.000000000000000000, 0.8117647058823529438, 0.5019607843137254832 ) ;
#9163 =( LENGTH_UNIT ( ) NAMED_UNIT ( * ) SI_UNIT ( .MILLI., .METRE. ) );
#9164 = UNCERTAINTY_MEASURE_WITH_UNIT (LENGTH_MEASURE( 1.000000000000000082E-05 ), #4325, 'distance_accuracy_value', 'NONE');
#9165 = CARTESIAN_POINT ( 'NONE',  ( 4.850000000000000533, 0.000000000000000000, -4.649999999999999467 ) ) ;
#9166 = SURFACE_SIDE_STYLE ('',( #2466 ) ) ;
#9167 = ORIENTED_EDGE ( 'NONE', *, *, #766, .F. ) ;
#9168 = COLOUR_RGB ( '',1.000000000000000000, 0.8117647058823529438, 0.5019607843137254832 ) ;
#9169 = DIRECTION ( 'NONE',  ( 0.000000000000000000, 1.000000000000000000, 0.000000000000000000 ) ) ;
#9170 = EDGE_CURVE ( 'NONE', #5452, #7625, #933, .T. ) ;
#9171 = AXIS2_PLACEMENT_3D ( 'NONE', #3956, #3245, #6098 ) ;
#9172 = SURFACE_STYLE_FILL_AREA ( #6281 ) ;
#9173 = CARTESIAN_POINT ( 'NONE',  ( 4.850000000000000533, 0.000000000000000000, -0.7000000000001009859 ) ) ;
#9174 = CARTESIAN_POINT ( 'NONE',  ( 4.850000000000000533, 0.000000000000000000, 5.049999999999999822 ) ) ;
#9175 = LINE ( 'NONE', #2826, #687 ) ;
#9176 = DIRECTION ( 'NONE',  ( 0.000000000000000000, -1.000000000000000000, 0.000000000000000000 ) ) ;
#9177 = ORIENTED_EDGE ( 'NONE', *, *, #3670, .T. ) ;
#9178 = ORIENTED_EDGE ( 'NONE', *, *, #4437, .F. ) ;
#9179 = FACE_OUTER_BOUND ( 'NONE', #7993, .T. ) ;
#9180 = EDGE_CURVE ( 'NONE', #4214, #472, #8294, .T. ) ;
#9181 = EDGE_CURVE ( 'NONE', #8224, #4551, #4630, .T. ) ;
#9182 = VERTEX_POINT ( 'NONE', #179 ) ;
#9183 = VECTOR ( 'NONE', #5582, 1000.000000000000000 ) ;
#9184 =( GEOMETRIC_REPRESENTATION_CONTEXT ( 3 ) GLOBAL_UNCERTAINTY_ASSIGNED_CONTEXT ( ( #604 ) ) GLOBAL_UNIT_ASSIGNED_CONTEXT ( ( #8487, #2747, #4873 ) ) REPRESENTATION_CONTEXT ( 'NONE', 'WORKASPACE' ) );
#9185 = SURFACE_STYLE_FILL_AREA ( #549 ) ;
#9186 = FILL_AREA_STYLE ('',( #8632 ) ) ;
#9187 = DIRECTION ( 'NONE',  ( 0.000000000000000000, 1.000000000000000000, 0.000000000000000000 ) ) ;
#9188 = DIRECTION ( 'NONE',  ( -1.000000000000000000, 0.000000000000000000, 0.000000000000000000 ) ) ;
#9189 = UNCERTAINTY_MEASURE_WITH_UNIT (LENGTH_MEASURE( 1.000000000000000082E-05 ), #2129, 'distance_accuracy_value', 'NONE');
#9190 = EDGE_CURVE ( 'NONE', #6024, #5518, #6056, .T. ) ;
#9191 = CARTESIAN_POINT ( 'NONE',  ( 4.120000000000000107, 2.149999999999999911, -4.440000000000000391 ) ) ;
#9192 = CIRCLE ( 'NONE', #2205, 0.2500000000000002220 ) ;
#9193 = COLOUR_RGB ( '',1.000000000000000000, 0.8117647058823529438, 0.5019607843137254832 ) ;
#9194 = ORIENTED_EDGE ( 'NONE', *, *, #7329, .F. ) ;
#9195 = DIRECTION ( 'NONE',  ( 0.000000000000000000, -1.000000000000000000, 0.000000000000000000 ) ) ;
#9196 = CARTESIAN_POINT ( 'NONE',  ( -4.850000000000000533, 0.000000000000000000, 0.6999999999999010347 ) ) ;
#9197 = ORIENTED_EDGE ( 'NONE', *, *, #5405, .F. ) ;
#9198 = ADVANCED_FACE ( 'NONE', ( #978 ), #3917, .F. ) ;
#9199 = ORIENTED_EDGE ( 'NONE', *, *, #9190, .T. ) ;
#9200 = ORIENTED_EDGE ( 'NONE', *, *, #6361, .T. ) ;
#9201 = CARTESIAN_POINT ( 'NONE',  ( 4.850000000000000533, 0.02000000000000000042, 3.700000000000000178 ) ) ;
#9202 = DIRECTION ( 'NONE',  ( 0.000000000000000000, 1.000000000000000000, 0.000000000000000000 ) ) ;
#9203 = CARTESIAN_POINT ( 'NONE',  ( 1.734723475976809855E-15, 0.02000000000000000042, -4.799999999999999822 ) ) ;
#9204 = DIRECTION ( 'NONE',  ( 0.000000000000000000, 0.000000000000000000, -1.000000000000000000 ) ) ;
#9205 = VECTOR ( 'NONE', #9048, 1000.000000000000000 ) ;
#9206 = DIRECTION ( 'NONE',  ( 0.000000000000000000, -1.000000000000000000, 0.000000000000000000 ) ) ;
#9207 = SURFACE_STYLE_USAGE ( .BOTH. , #4145 ) ;
#9208 = SURFACE_SIDE_STYLE ('',( #6984 ) ) ;
#9209 = ORIENTED_EDGE ( 'NONE', *, *, #3599, .T. ) ;
#9210 = VECTOR ( 'NONE', #5516, 1000.000000000000000 ) ;
#9211 = FILL_AREA_STYLE_COLOUR ( '', #6765 ) ;
#9212 = VECTOR ( 'NONE', #2617, 1000.000000000000000 ) ;
#9213 = FILL_AREA_STYLE_COLOUR ( '', #3872 ) ;
#9214 = CARTESIAN_POINT ( 'NONE',  ( -4.120000000000000107, 0.000000000000000000, 4.290000000000000036 ) ) ;
#9215 =( LENGTH_UNIT ( ) NAMED_UNIT ( * ) SI_UNIT ( .MILLI., .METRE. ) );
#9216 = SURFACE_STYLE_USAGE ( .BOTH. , #7843 ) ;
#9217 =( NAMED_UNIT ( * ) SI_UNIT ( $, .STERADIAN. ) SOLID_ANGLE_UNIT ( ) );
#9218 = DIRECTION ( 'NONE',  ( 0.000000000000000000, -1.000000000000000000, 0.000000000000000000 ) ) ;
#9219 = DIRECTION ( 'NONE',  ( -1.000000000000000000, 0.000000000000000000, 0.000000000000000000 ) ) ;
#9220 = ORIENTED_EDGE ( 'NONE', *, *, #6878, .T. ) ;
#9221 = ORIENTED_EDGE ( 'NONE', *, *, #8885, .T. ) ;
#9222 = FACE_OUTER_BOUND ( 'NONE', #5670, .T. ) ;
#9223 = AXIS2_PLACEMENT_3D ( 'NONE', #6665, #5241, #1514 ) ;
#9224 = DIRECTION ( 'NONE',  ( 0.000000000000000000, 0.000000000000000000, -1.000000000000000000 ) ) ;
#9225 = VERTEX_POINT ( 'NONE', #6199 ) ;
#9226 = ORIENTED_EDGE ( 'NONE', *, *, #8990, .F. ) ;
#9227 = DIRECTION ( 'NONE',  ( -1.000000000000000000, 0.000000000000000000, 0.000000000000000000 ) ) ;
#9228 = AXIS2_PLACEMENT_3D ( 'NONE', #6382, #2780, #7696 ) ;
#9229 = CARTESIAN_POINT ( 'NONE',  ( -4.850000000000000533, 1.000000000000000000, 4.799999999999999822 ) ) ;
#9230 = FACE_OUTER_BOUND ( 'NONE', #6734, .T. ) ;
#9231 = PLANE ( 'NONE',  #1083 ) ;
#9232 = CARTESIAN_POINT ( 'NONE',  ( 4.850000000000000533, 0.9799999999999999822, 5.049999999999999822 ) ) ;
#9233 = PRESENTATION_LAYER_ASSIGNMENT (  '', '', ( #851 ) ) ;
#9234 = CARTESIAN_POINT ( 'NONE',  ( 4.419999999999999929, 0.000000000000000000, 4.290000000000000036 ) ) ;
#9235 = EDGE_CURVE ( 'NONE', #7731, #7625, #8396, .T. ) ;
#9236 = ADVANCED_FACE ( 'NONE', ( #2752 ), #310, .F. ) ;
#9237 = COLOUR_RGB ( '',1.000000000000000000, 0.8117647058823529438, 0.5019607843137254832 ) ;
#9238 = VECTOR ( 'NONE', #2429, 1000.000000000000000 ) ;
#9239 = CYLINDRICAL_SURFACE ( 'NONE', #8222, 0.2500000000000002220 ) ;
#9240 = CARTESIAN_POINT ( 'NONE',  ( -3.700000000000000178, 2.986019999999999897, 3.850000000000000089 ) ) ;
#9241 = UNCERTAINTY_MEASURE_WITH_UNIT (LENGTH_MEASURE( 1.000000000000000082E-05 ), #2862, 'distance_accuracy_value', 'NONE');
#9242 = CARTESIAN_POINT ( 'NONE',  ( -4.450000000000000178, 0.9799999999999999822, 3.299999999999999822 ) ) ;
#9243 = COLOUR_RGB ( '',1.000000000000000000, 0.8117647058823529438, 0.5019607843137254832 ) ;
#9244 = DIRECTION ( 'NONE',  ( -1.000000000000000000, 0.000000000000000000, 0.000000000000000000 ) ) ;
#9245 = AXIS2_PLACEMENT_3D ( 'NONE', #273, #2436, #6197 ) ;
#9246 = VERTEX_POINT ( 'NONE', #1899 ) ;
#9247 = SURFACE_SIDE_STYLE ('',( #2548 ) ) ;
#9248 = EDGE_CURVE ( 'NONE', #8435, #5349, #4119, .T. ) ;
#9249 = STYLED_ITEM ( 'NONE', ( #6070 ), #8825 ) ;
#9250 = ORIENTED_EDGE ( 'NONE', *, *, #2807, .F. ) ;
#9251 = FILL_AREA_STYLE ('',( #4835 ) ) ;
#9252 = DIRECTION ( 'NONE',  ( 0.000000000000000000, -1.000000000000000000, 0.000000000000000000 ) ) ;
#9253 = VECTOR ( 'NONE', #8740, 1000.000000000000000 ) ;
#9254 =( LENGTH_UNIT ( ) NAMED_UNIT ( * ) SI_UNIT ( .MILLI., .METRE. ) );
#9255 = PRESENTATION_LAYER_ASSIGNMENT (  '', '', ( #4272 ) ) ;
#9256 = COLOUR_RGB ( '',1.000000000000000000, 0.8117647058823529438, 0.5019607843137254832 ) ;
#9257 = DIRECTION ( 'NONE',  ( 0.000000000000000000, 1.000000000000000000, 0.000000000000000000 ) ) ;
#9258 = EDGE_CURVE ( 'NONE', #2000, #2092, #553, .T. ) ;
#9259 = PRESENTATION_STYLE_ASSIGNMENT (( #4849 ) ) ;
#9260 = VECTOR ( 'NONE', #4273, 1000.000000000000000 ) ;
#9261 = CARTESIAN_POINT ( 'NONE',  ( -4.450000000000000178, 1.000000000000000000, -1.100000000000000089 ) ) ;
#9262 = ORIENTED_EDGE ( 'NONE', *, *, #7053, .T. ) ;
#9263 = MECHANICAL_DESIGN_GEOMETRIC_PRESENTATION_REPRESENTATION (  '', ( #3649 ), #5178 ) ;
#9264 = CARTESIAN_POINT ( 'NONE',  ( 4.850000000000000533, 0.02000000000000000042, -0.8500000000000499378 ) ) ;
#9265 =( NAMED_UNIT ( * ) SI_UNIT ( $, .STERADIAN. ) SOLID_ANGLE_UNIT ( ) );
#9266 = DIRECTION ( 'NONE',  ( 1.000000000000000000, 0.000000000000000000, 0.000000000000000000 ) ) ;
#9267 = PRESENTATION_STYLE_ASSIGNMENT (( #8475 ) ) ;
#9268 = SURFACE_STYLE_USAGE ( .BOTH. , #6385 ) ;
#9269 = VERTEX_POINT ( 'NONE', #1954 ) ;
#9270 = ORIENTED_EDGE ( 'NONE', *, *, #1684, .T. ) ;
#9271 = VECTOR ( 'NONE', #4601, 1000.000000000000000 ) ;
#9272 =( NAMED_UNIT ( * ) PLANE_ANGLE_UNIT ( ) SI_UNIT ( $, .RADIAN. ) );
#9273 = FACE_OUTER_BOUND ( 'NONE', #8563, .T. ) ;
#9274 = LINE ( 'NONE', #6292, #493 ) ;
#9275 = ORIENTED_EDGE ( 'NONE', *, *, #5596, .T. ) ;
#9276 = ORIENTED_EDGE ( 'NONE', *, *, #1843, .T. ) ;
#9277 = VERTEX_POINT ( 'NONE', #4876 ) ;
#9278 = CARTESIAN_POINT ( 'NONE',  ( -4.850000000000000533, 0.000000000000000000, 4.799999999999999822 ) ) ;
#9279 = LINE ( 'NONE', #8631, #7213 ) ;
#9280 = LINE ( 'NONE', #4960, #8411 ) ;
#9281 = COLOUR_RGB ( '',1.000000000000000000, 0.8117647058823529438, 0.5019607843137254832 ) ;
#9282 = SURFACE_STYLE_FILL_AREA ( #2641 ) ;
#9283 = LINE ( 'NONE', #1219, #2557 ) ;
#9284 =( LENGTH_UNIT ( ) NAMED_UNIT ( * ) SI_UNIT ( .MILLI., .METRE. ) );
#9285 = ORIENTED_EDGE ( 'NONE', *, *, #6673, .F. ) ;
#9286 = CARTESIAN_POINT ( 'NONE',  ( -4.100000000000000533, 2.500000000000000000, -4.250000000000000000 ) ) ;
#9287 = COLOUR_RGB ( '',1.000000000000000000, 0.8117647058823529438, 0.5019607843137254832 ) ;
#9288 = EDGE_CURVE ( 'NONE', #1247, #5003, #8343, .T. ) ;
#9289 = PLANE ( 'NONE',  #80 ) ;
#9290 = LINE ( 'NONE', #1173, #1618 ) ;
#9291 = PLANE ( 'NONE',  #8132 ) ;
#9292 = UNCERTAINTY_MEASURE_WITH_UNIT (LENGTH_MEASURE( 1.000000000000000082E-05 ), #818, 'distance_accuracy_value', 'NONE');
#9293 = PRESENTATION_STYLE_ASSIGNMENT (( #6414 ) ) ;
#9294 = FACE_OUTER_BOUND ( 'NONE', #4029, .T. ) ;
#9295 = ORIENTED_EDGE ( 'NONE', *, *, #2928, .F. ) ;
#9296 = FACE_OUTER_BOUND ( 'NONE', #8930, .T. ) ;
#9297 = EDGE_CURVE ( 'NONE', #3930, #2355, #7054, .T. ) ;
#9298 = EDGE_CURVE ( 'NONE', #6938, #3863, #4019, .T. ) ;
#9299 = ORIENTED_EDGE ( 'NONE', *, *, #95, .T. ) ;
#9300 = ORIENTED_EDGE ( 'NONE', *, *, #1556, .T. ) ;
#9301 = DIRECTION ( 'NONE',  ( 0.000000000000000000, -1.000000000000000000, 0.000000000000000000 ) ) ;
#9302 = CYLINDRICAL_SURFACE ( 'NONE', #7576, 0.2500000000000002220 ) ;
#9303 = DIRECTION ( 'NONE',  ( 0.000000000000000000, -1.000000000000000000, 0.000000000000000000 ) ) ;
#9304 = ORIENTED_EDGE ( 'NONE', *, *, #4142, .F. ) ;
#9305 = ORIENTED_EDGE ( 'NONE', *, *, #6931, .T. ) ;
#9306 = EDGE_CURVE ( 'NONE', #5366, #7625, #2703, .T. ) ;
#9307 = VECTOR ( 'NONE', #5374, 1000.000000000000000 ) ;
#9308 = SURFACE_STYLE_FILL_AREA ( #3526 ) ;
#9309 = LINE ( 'NONE', #4990, #6812 ) ;
#9310 = CARTESIAN_POINT ( 'NONE',  ( -4.850000000000000533, 0.9799999999999999822, -3.550000000000000266 ) ) ;
#9311 = FACE_OUTER_BOUND ( 'NONE', #720, .T. ) ;
#9312 = AXIS2_PLACEMENT_3D ( 'NONE', #598, #5013, #6446 ) ;
#9313 = SURFACE_SIDE_STYLE ('',( #2880 ) ) ;
#9314 = CARTESIAN_POINT ( 'NONE',  ( 4.850000000000000533, 0.02000000000000000042, 3.550000000000000266 ) ) ;
#9315 = ORIENTED_EDGE ( 'NONE', *, *, #7914, .T. ) ;
#9316 = EDGE_CURVE ( 'NONE', #4447, #7916, #5679, .T. ) ;
#9317 = ORIENTED_EDGE ( 'NONE', *, *, #3799, .F. ) ;
#9318 = ORIENTED_EDGE ( 'NONE', *, *, #164, .F. ) ;
#9319 = CARTESIAN_POINT ( 'NONE',  ( -4.120000000000000107, 0.000000000000000000, 4.590000000000000746 ) ) ;
#9320 = FACE_OUTER_BOUND ( 'NONE', #208, .T. ) ;
#9321 = COLOUR_RGB ( '',1.000000000000000000, 0.8117647058823529438, 0.5019607843137254832 ) ;
#9322 = FACE_OUTER_BOUND ( 'NONE', #6554, .T. ) ;
#9323 = CARTESIAN_POINT ( 'NONE',  ( 4.850000000000000533, 0.9799999999999999822, 5.049999999999999822 ) ) ;
#9324 = VECTOR ( 'NONE', #4668, 1000.000000000000000 ) ;
#9325 = DIRECTION ( 'NONE',  ( 0.000000000000000000, 1.000000000000000000, 0.000000000000000000 ) ) ;
#9326 = SURFACE_STYLE_FILL_AREA ( #2890 ) ;
#9327 = PRESENTATION_STYLE_ASSIGNMENT (( #6493 ) ) ;
#9328 = SURFACE_STYLE_USAGE ( .BOTH. , #3678 ) ;
#9329 = STYLED_ITEM ( 'NONE', ( #1446 ), #4528 ) ;
#9330 =( NAMED_UNIT ( * ) SI_UNIT ( $, .STERADIAN. ) SOLID_ANGLE_UNIT ( ) );
#9331 = STYLED_ITEM ( 'NONE', ( #4357 ), #6742 ) ;
#9332 = CARTESIAN_POINT ( 'NONE',  ( -4.850000000000000533, 1.000000000000000000, -2.200000000000000178 ) ) ;
#9333 = CARTESIAN_POINT ( 'NONE',  ( 1.734723475976809855E-15, 0.000000000000000000, 3.700000000000000178 ) ) ;
#9334 = MECHANICAL_DESIGN_GEOMETRIC_PRESENTATION_REPRESENTATION (  '', ( #5997 ), #8876 ) ;
#9335 = DIRECTION ( 'NONE',  ( 1.000000000000000000, 0.000000000000000000, 0.000000000000000000 ) ) ;
#9336 = PRESENTATION_LAYER_ASSIGNMENT (  '', '', ( #7977 ) ) ;
#9337 =( NAMED_UNIT ( * ) PLANE_ANGLE_UNIT ( ) SI_UNIT ( $, .RADIAN. ) );
#9338 = ADVANCED_FACE ( 'NONE', ( #9428 ), #6490, .F. ) ;
#9339 = DIRECTION ( 'NONE',  ( 1.000000000000000000, 0.000000000000000000, 0.000000000000000000 ) ) ;
#9340 = EDGE_LOOP ( 'NONE', ( #471, #7849, #2765, #3156, #8226, #8731, #5226 ) ) ;
#9341 =( NAMED_UNIT ( * ) PLANE_ANGLE_UNIT ( ) SI_UNIT ( $, .RADIAN. ) );
#9342 = VECTOR ( 'NONE', #8806, 1000.000000000000000 ) ;
#9343 = AXIS2_PLACEMENT_3D ( 'NONE', #3138, #8874, #5318 ) ;
#9344 = AXIS2_PLACEMENT_3D ( 'NONE', #5478, #403, #5577 ) ;
#9345 = ORIENTED_EDGE ( 'NONE', *, *, #2762, .F. ) ;
#9346 = LINE ( 'NONE', #2949, #1011 ) ;
#9347 = CARTESIAN_POINT ( 'NONE',  ( 4.850000000000000533, 0.02000000000000000042, 1.100000000000000089 ) ) ;
#9348 = ORIENTED_EDGE ( 'NONE', *, *, #955, .T. ) ;
#9349 = EDGE_CURVE ( 'NONE', #1538, #7085, #8718, .T. ) ;
#9350 = STYLED_ITEM ( 'NONE', ( #7245 ), #7483 ) ;
#9351 = EDGE_CURVE ( 'NONE', #2956, #7557, #3493, .T. ) ;
#9352 = SURFACE_STYLE_USAGE ( .BOTH. , #710 ) ;
#9353 = VERTEX_POINT ( 'NONE', #5772 ) ;
#9354 = PRESENTATION_STYLE_ASSIGNMENT (( #618 ) ) ;
#9355 = CARTESIAN_POINT ( 'NONE',  ( -4.850000000000000533, 0.000000000000000000, -2.899999999999999911 ) ) ;
#9356 =( NAMED_UNIT ( * ) SI_UNIT ( $, .STERADIAN. ) SOLID_ANGLE_UNIT ( ) );
#9357 = LINE ( 'NONE', #5190, #42 ) ;
#9358 =( NAMED_UNIT ( * ) PLANE_ANGLE_UNIT ( ) SI_UNIT ( $, .RADIAN. ) );
#9359 = CARTESIAN_POINT ( 'NONE',  ( 4.850000000000000533, 0.02000000000000000042, 1.500000000000000000 ) ) ;
#9360 = CARTESIAN_POINT ( 'NONE',  ( 1.734723475976809855E-15, 0.02000000000000000042, -1.800000000000000044 ) ) ;
#9361 = EDGE_CURVE ( 'NONE', #5518, #342, #4358, .T. ) ;
#9362 =( LENGTH_UNIT ( ) NAMED_UNIT ( * ) SI_UNIT ( .MILLI., .METRE. ) );
#9363 = LINE ( 'NONE', #1356, #5297 ) ;
#9364 = PRESENTATION_STYLE_ASSIGNMENT (( #5809 ) ) ;
#9365 = EDGE_LOOP ( 'NONE', ( #1707, #5401, #8043, #988 ) ) ;
#9366 = ORIENTED_EDGE ( 'NONE', *, *, #5338, .T. ) ;
#9367 = VECTOR ( 'NONE', #4505, 1000.000000000000000 ) ;
#9368 = EDGE_LOOP ( 'NONE', ( #8457, #1578, #3998, #5068 ) ) ;
#9369 = DIRECTION ( 'NONE',  ( 0.000000000000000000, 1.000000000000000000, 0.000000000000000000 ) ) ;
#9370 = CLOSED_SHELL ( 'NONE', ( #7000, #332, #2876, #6805, #3029, #5755, #280, #322, #6161, #3255, #8508, #429, #3161, #7098, #3963, #7456, #2111, #6908, #2031, #8196, #4890, #9076, #2096, #3657, #5457, #3693, #4084, #9154, #6047, #265, #2370, #1842 ) ) ;
#9371 =( NAMED_UNIT ( * ) PLANE_ANGLE_UNIT ( ) SI_UNIT ( $, .RADIAN. ) );
#9372 = DIRECTION ( 'NONE',  ( 1.000000000000000000, 0.000000000000000000, 0.000000000000000000 ) ) ;
#9373 = EDGE_CURVE ( 'NONE', #4447, #3654, #5862, .T. ) ;
#9374 = CARTESIAN_POINT ( 'NONE',  ( -4.850000000000000533, 0.000000000000000000, -5.049999999999999822 ) ) ;
#9375 = VECTOR ( 'NONE', #8064, 1000.000000000000000 ) ;
#9376 = FACE_OUTER_BOUND ( 'NONE', #6852, .T. ) ;
#9377 = CARTESIAN_POINT ( 'NONE',  ( 4.850000000000000533, 1.000000000000000000, -3.299999999999999822 ) ) ;
#9378 =( GEOMETRIC_REPRESENTATION_CONTEXT ( 3 ) GLOBAL_UNCERTAINTY_ASSIGNED_CONTEXT ( ( #4514 ) ) GLOBAL_UNIT_ASSIGNED_CONTEXT ( ( #4178, #7066, #1968 ) ) REPRESENTATION_CONTEXT ( 'NONE', 'WORKASPACE' ) );
#9379 = AXIS2_PLACEMENT_3D ( 'NONE', #6094, #8981, #2422 ) ;
#9380 = DIRECTION ( 'NONE',  ( 0.000000000000000000, 0.000000000000000000, -1.000000000000000000 ) ) ;
#9381 = CARTESIAN_POINT ( 'NONE',  ( 3.700000000000000178, 2.500000000000000000, 3.850000000000000089 ) ) ;
#9382 = UNCERTAINTY_MEASURE_WITH_UNIT (LENGTH_MEASURE( 1.000000000000000082E-05 ), #6386, 'distance_accuracy_value', 'NONE');
#9383 = STYLED_ITEM ( 'NONE', ( #7925 ), #5237 ) ;
#9384 = CARTESIAN_POINT ( 'NONE',  ( -3.700000000000000178, 2.299999999999999822, -3.850000000000000089 ) ) ;
#9385 = DIRECTION ( 'NONE',  ( -1.000000000000000000, 0.000000000000000000, 0.000000000000000000 ) ) ;
#9386 = VECTOR ( 'NONE', #2474, 1000.000000000000000 ) ;
#9387 = ORIENTED_EDGE ( 'NONE', *, *, #2611, .T. ) ;
#9388 =( NAMED_UNIT ( * ) SI_UNIT ( $, .STERADIAN. ) SOLID_ANGLE_UNIT ( ) );
#9389 = CARTESIAN_POINT ( 'NONE',  ( -3.950000000000000178, 0.000000000000000000, -1.800000000000000044 ) ) ;
#9390 = VECTOR ( 'NONE', #1963, 1000.000000000000000 ) ;
#9391 = ORIENTED_EDGE ( 'NONE', *, *, #2990, .F. ) ;
#9392 = AXIS2_PLACEMENT_3D ( 'NONE', #1402, #3615, #1307 ) ;
#9393 = ORIENTED_EDGE ( 'NONE', *, *, #2505, .F. ) ;
#9394 = AXIS2_PLACEMENT_3D ( 'NONE', #6356, #1910, #1285 ) ;
#9395 = CARTESIAN_POINT ( 'NONE',  ( 1.734723475976809855E-15, 0.000000000000000000, -3.700000000000000178 ) ) ;
#9396 = FACE_OUTER_BOUND ( 'NONE', #4697, .T. ) ;
#9397 = DIRECTION ( 'NONE',  ( -1.000000000000000000, 0.000000000000000000, 0.000000000000000000 ) ) ;
#9398 = CARTESIAN_POINT ( 'NONE',  ( 1.734723475976809855E-15, 0.02000000000000000042, -8.673617379884039416E-16 ) ) ;
#9399 = DIRECTION ( 'NONE',  ( 0.000000000000000000, 1.000000000000000000, 0.000000000000000000 ) ) ;
#9400 = PRESENTATION_LAYER_ASSIGNMENT (  '', '', ( #1330 ) ) ;
#9401 =( GEOMETRIC_REPRESENTATION_CONTEXT ( 3 ) GLOBAL_UNCERTAINTY_ASSIGNED_CONTEXT ( ( #5893 ) ) GLOBAL_UNIT_ASSIGNED_CONTEXT ( ( #8725, #8008, #5780 ) ) REPRESENTATION_CONTEXT ( 'NONE', 'WORKASPACE' ) );
#9402 = ORIENTED_EDGE ( 'NONE', *, *, #149, .T. ) ;
#9403 = UNCERTAINTY_MEASURE_WITH_UNIT (LENGTH_MEASURE( 1.000000000000000082E-05 ), #6827, 'distance_accuracy_value', 'NONE');
#9404 = ORIENTED_EDGE ( 'NONE', *, *, #2304, .F. ) ;
#9405 = STYLED_ITEM ( 'NONE', ( #4131 ), #5951 ) ;
#9406 = PLANE ( 'NONE',  #8486 ) ;
#9407 = ADVANCED_FACE ( 'NONE', ( #1409 ), #4914, .T. ) ;
#9408 = ORIENTED_EDGE ( 'NONE', *, *, #3136, .T. ) ;
#9409 = CARTESIAN_POINT ( 'NONE',  ( 4.850000000000000533, 0.000000000000000000, 4.150000000000000355 ) ) ;
#9410 = EDGE_CURVE ( 'NONE', #8970, #3532, #7908, .T. ) ;
#9411 = PLANE ( 'NONE',  #2049 ) ;
#9412 = SURFACE_STYLE_USAGE ( .BOTH. , #8 ) ;
#9413 = CARTESIAN_POINT ( 'NONE',  ( 4.850000000000000533, 0.9799999999999999822, 2.449999999999999734 ) ) ;
#9414 = COLOUR_RGB ( '',1.000000000000000000, 0.8117647058823529438, 0.5019607843137254832 ) ;
#9415 = SURFACE_SIDE_STYLE ('',( #4480 ) ) ;
#9416 = CARTESIAN_POINT ( 'NONE',  ( 4.120000000000000107, 0.000000000000000000, -4.590000000000000746 ) ) ;
#9417 = SURFACE_SIDE_STYLE ('',( #6529 ) ) ;
#9418 = PRESENTATION_STYLE_ASSIGNMENT (( #4352 ) ) ;
#9419 = SURFACE_STYLE_FILL_AREA ( #6530 ) ;
#9420 = ORIENTED_EDGE ( 'NONE', *, *, #1070, .T. ) ;
#9421 = ORIENTED_EDGE ( 'NONE', *, *, #5526, .T. ) ;
#9422 = EDGE_CURVE ( 'NONE', #3377, #8987, #1097, .T. ) ;
#9423 = DIRECTION ( 'NONE',  ( 0.000000000000000000, 1.000000000000000000, 0.000000000000000000 ) ) ;
#9424 = EDGE_CURVE ( 'NONE', #3961, #3285, #6885, .T. ) ;
#9425 = FACE_OUTER_BOUND ( 'NONE', #5077, .T. ) ;
#9426 = CARTESIAN_POINT ( 'NONE',  ( -4.850000000000000533, 0.02000000000000000042, -5.049999999999999822 ) ) ;
#9427 = DIRECTION ( 'NONE',  ( 1.000000000000000000, 0.000000000000000000, 0.000000000000000000 ) ) ;
#9428 = FACE_OUTER_BOUND ( 'NONE', #8833, .T. ) ;
#9429 = LINE ( 'NONE', #508, #9260 ) ;
#9430 = DIRECTION ( 'NONE',  ( -1.000000000000000000, 0.000000000000000000, 0.000000000000000000 ) ) ;
#9431 = ORIENTED_EDGE ( 'NONE', *, *, #2550, .F. ) ;
#9432 = CARTESIAN_POINT ( 'NONE',  ( -4.850000000000000533, 0.02000000000000000042, -5.049999999999999822 ) ) ;
#9433 = COLOUR_RGB ( '',1.000000000000000000, 0.8117647058823529438, 0.5019607843137254832 ) ;
#9434 = EDGE_CURVE ( 'NONE', #5236, #4685, #1601, .T. ) ;
#9435 = LINE ( 'NONE', #6587, #6603 ) ;
#9436 = DIRECTION ( 'NONE',  ( 0.000000000000000000, 0.000000000000000000, -1.000000000000000000 ) ) ;
#9437 = DIRECTION ( 'NONE',  ( 0.000000000000000000, 1.000000000000000000, 0.000000000000000000 ) ) ;
#9438 = CARTESIAN_POINT ( 'NONE',  ( -4.450000000000000178, 0.9799999999999999822, 2.200000000000000178 ) ) ;
#9439 = COLOUR_RGB ( '',1.000000000000000000, 0.8117647058823529438, 0.5019607843137254832 ) ;
#9440 = DIRECTION ( 'NONE',  ( -1.000000000000000000, 0.000000000000000000, 0.000000000000000000 ) ) ;
#9441 = ORIENTED_EDGE ( 'NONE', *, *, #5766, .T. ) ;
#9442 = LINE ( 'NONE', #7346, #739 ) ;
#9443 = CARTESIAN_POINT ( 'NONE',  ( -4.850000000000000533, 1.000000000000000000, -3.700000000000000178 ) ) ;
#9444 = DIRECTION ( 'NONE',  ( -1.000000000000000000, 0.000000000000000000, 0.000000000000000000 ) ) ;
#9445 = ORIENTED_EDGE ( 'NONE', *, *, #4070, .F. ) ;
#9446 = EDGE_CURVE ( 'NONE', #2418, #3522, #8371, .T. ) ;
#9447 = ORIENTED_EDGE ( 'NONE', *, *, #8028, .F. ) ;
#9448 = CARTESIAN_POINT ( 'NONE',  ( 4.850000000000000533, 0.000000000000000000, -0.4000000000000989986 ) ) ;
#9449 = DIRECTION ( 'NONE',  ( 0.000000000000000000, 1.000000000000000000, 0.000000000000000000 ) ) ;
ENDSEC;
END-ISO-10303-21;
