ISO-10303-21;
HEADER;
FILE_DESCRIPTION (( 'STEP AP214' ),
    '1' );
FILE_NAME ('3012.STEP',
    '2013-05-02T20:00:08',
    ( 'Richard Maletta' ),
    ( '' ),
    'SwSTEP 2.0',
    'SolidWorks 2009',
    '' );
FILE_SCHEMA (( 'AUTOMOTIVE_DESIGN' ));
ENDSEC;

DATA;
#1 = DIRECTION ( 'NONE',  ( 0.0000000000000000000, 0.0000000000000000000, 1.000000000000000000 ) ) ;
#2 = AXIS2_PLACEMENT_3D ( 'NONE', #5, #1, #4 ) ;
#3 = PLANE ( 'NONE',  #2 ) ;
#4 = DIRECTION ( 'NONE',  ( 1.000000000000000000, 0.0000000000000000000, -0.0000000000000000000 ) ) ;
#5 = CARTESIAN_POINT ( 'NONE',  ( -0.003000000000000005700, 0.006999999999999999300, 0.2769999999999998600 ) ) ;
#6 = ORIENTED_EDGE ( 'NONE', *, *, #3447, .T. ) ;
#7 = ORIENTED_EDGE ( 'NONE', *, *, #3423, .T. ) ;
#8 = EDGE_LOOP ( 'NONE', ( #7, #21, #55, #52 ) ) ;
#9 = EDGE_LOOP ( 'NONE', ( #34, #140, #136, #198, #167, #249 ) ) ;
#10 = EDGE_LOOP ( 'NONE', ( #50, #13, #46, #45 ) ) ;
#11 = ORIENTED_EDGE ( 'NONE', *, *, #133, .T. ) ;
#12 = VERTEX_POINT ( 'NONE', #3549 ) ;
#13 = ORIENTED_EDGE ( 'NONE', *, *, #3633, .F. ) ;
#14 = VERTEX_POINT ( 'NONE', #3567 ) ;
#15 = EDGE_CURVE ( 'NONE', #3398, #3611, #911, .T. ) ;
#16 = ORIENTED_EDGE ( 'NONE', *, *, #15, .T. ) ;
#17 = EDGE_CURVE ( 'NONE', #80, #91, #906, .T. ) ;
#18 = VERTEX_POINT ( 'NONE', #902 ) ;
#19 = EDGE_CURVE ( 'NONE', #14, #128, #901, .T. ) ;
#20 = EDGE_CURVE ( 'NONE', #3420, #3609, #896, .T. ) ;
#21 = ORIENTED_EDGE ( 'NONE', *, *, #20, .T. ) ;
#22 = EDGE_LOOP ( 'NONE', ( #106, #77 ) ) ;
#23 = ORIENTED_EDGE ( 'NONE', *, *, #139, .T. ) ;
#24 = ORIENTED_EDGE ( 'NONE', *, *, #15, .F. ) ;
#25 = ADVANCED_FACE ( 'NONE', ( #891 ), #890, .F. ) ;
#26 = EDGE_CURVE ( 'NONE', #54, #692, #885, .T. ) ;
#27 = VERTEX_POINT ( 'NONE', #881 ) ;
#28 = EDGE_CURVE ( 'NONE', #3611, #3624, #944, .T. ) ;
#29 = VERTEX_POINT ( 'NONE', #940 ) ;
#30 = ORIENTED_EDGE ( 'NONE', *, *, #3626, .F. ) ;
#31 = ORIENTED_EDGE ( 'NONE', *, *, #28, .F. ) ;
#32 = ORIENTED_EDGE ( 'NONE', *, *, #26, .F. ) ;
#33 = ORIENTED_EDGE ( 'NONE', *, *, #3381, .F. ) ;
#34 = ORIENTED_EDGE ( 'NONE', *, *, #35, .T. ) ;
#35 = EDGE_CURVE ( 'NONE', #29, #708, #939, .T. ) ;
#36 = EDGE_LOOP ( 'NONE', ( #33, #30, #31, #24 ) ) ;
#37 = EDGE_LOOP ( 'NONE', ( #118, #83 ) ) ;
#38 = ORIENTED_EDGE ( 'NONE', *, *, #93, .F. ) ;
#39 = ADVANCED_FACE ( 'NONE', ( #935 ), #934, .T. ) ;
#40 = ADVANCED_FACE ( 'NONE', ( #932, #928, #927 ), #926, .F. ) ;
#41 = VERTEX_POINT ( 'NONE', #921 ) ;
#42 = ORIENTED_EDGE ( 'NONE', *, *, #3471, .F. ) ;
#43 = EDGE_CURVE ( 'NONE', #48, #14, #920, .T. ) ;
#44 = ORIENTED_EDGE ( 'NONE', *, *, #43, .T. ) ;
#45 = ORIENTED_EDGE ( 'NONE', *, *, #69, .F. ) ;
#46 = ORIENTED_EDGE ( 'NONE', *, *, #47, .F. ) ;
#47 = EDGE_CURVE ( 'NONE', #41, #3632, #916, .T. ) ;
#48 = VERTEX_POINT ( 'NONE', #912 ) ;
#49 = EDGE_CURVE ( 'NONE', #12, #3624, #975, .T. ) ;
#50 = ORIENTED_EDGE ( 'NONE', *, *, #49, .T. ) ;
#51 = EDGE_CURVE ( 'NONE', #3609, #3632, #971, .T. ) ;
#52 = ORIENTED_EDGE ( 'NONE', *, *, #3631, .T. ) ;
#53 = ADVANCED_FACE ( 'NONE', ( #967 ), #966, .T. ) ;
#54 = VERTEX_POINT ( 'NONE', #961 ) ;
#55 = ORIENTED_EDGE ( 'NONE', *, *, #51, .T. ) ;
#56 = ADVANCED_FACE ( 'NONE', ( #960, #959 ), #958, .T. ) ;
#57 = ORIENTED_EDGE ( 'NONE', *, *, #59, .T. ) ;
#58 = ORIENTED_EDGE ( 'NONE', *, *, #640, .T. ) ;
#59 = EDGE_CURVE ( 'NONE', #27, #61, #953, .T. ) ;
#60 = ORIENTED_EDGE ( 'NONE', *, *, #64, .T. ) ;
#61 = VERTEX_POINT ( 'NONE', #949 ) ;
#62 = ORIENTED_EDGE ( 'NONE', *, *, #3615, .T. ) ;
#63 = ORIENTED_EDGE ( 'NONE', *, *, #17, .T. ) ;
#64 = EDGE_CURVE ( 'NONE', #3611, #27, #948, .T. ) ;
#65 = EDGE_LOOP ( 'NONE', ( #67, #62, #60, #57 ) ) ;
#66 = EDGE_CURVE ( 'NONE', #3609, #61, #1009, .T. ) ;
#67 = ORIENTED_EDGE ( 'NONE', *, *, #66, .F. ) ;
#68 = ADVANCED_FACE ( 'NONE', ( #1005 ), #1003, .T. ) ;
#69 = EDGE_CURVE ( 'NONE', #12, #41, #1004, .T. ) ;
#70 = VERTEX_POINT ( 'NONE', #995 ) ;
#71 = ORIENTED_EDGE ( 'NONE', *, *, #28, .T. ) ;
#72 = ORIENTED_EDGE ( 'NONE', *, *, #101, .T. ) ;
#73 = EDGE_LOOP ( 'NONE', ( #168, #103, #38, #86, #3623, #32 ) ) ;
#74 = ORIENTED_EDGE ( 'NONE', *, *, #64, .F. ) ;
#75 = ORIENTED_EDGE ( 'NONE', *, *, #96, .T. ) ;
#76 = EDGE_LOOP ( 'NONE', ( #74, #71, #95, #94 ) ) ;
#77 = ORIENTED_EDGE ( 'NONE', *, *, #616, .T. ) ;
#78 = VERTEX_POINT ( 'NONE', #994 ) ;
#79 = ORIENTED_EDGE ( 'NONE', *, *, #66, .T. ) ;
#80 = VERTEX_POINT ( 'NONE', #993 ) ;
#81 = ORIENTED_EDGE ( 'NONE', *, *, #47, .T. ) ;
#82 = VERTEX_POINT ( 'NONE', #992 ) ;
#83 = ORIENTED_EDGE ( 'NONE', *, *, #601, .F. ) ;
#84 = ORIENTED_EDGE ( 'NONE', *, *, #117, .T. ) ;
#85 = VERTEX_POINT ( 'NONE', #991 ) ;
#86 = ORIENTED_EDGE ( 'NONE', *, *, #3627, .T. ) ;
#87 = ADVANCED_FACE ( 'NONE', ( #990, #989 ), #988, .F. ) ;
#88 = EDGE_CURVE ( 'NONE', #27, #12, #983, .T. ) ;
#89 = ORIENTED_EDGE ( 'NONE', *, *, #102, .F. ) ;
#90 = ORIENTED_EDGE ( 'NONE', *, *, #670, .T. ) ;
#91 = VERTEX_POINT ( 'NONE', #979 ) ;
#92 = ORIENTED_EDGE ( 'NONE', *, *, #113, .T. ) ;
#93 = EDGE_CURVE ( 'NONE', #70, #3629, #978, .T. ) ;
#94 = ORIENTED_EDGE ( 'NONE', *, *, #88, .F. ) ;
#95 = ORIENTED_EDGE ( 'NONE', *, *, #49, .F. ) ;
#96 = EDGE_CURVE ( 'NONE', #128, #78, #1038, .T. ) ;
#97 = EDGE_LOOP ( 'NONE', ( #98, #89, #90, #84 ) ) ;
#98 = ORIENTED_EDGE ( 'NONE', *, *, #614, .F. ) ;
#99 = EDGE_CURVE ( 'NONE', #18, #54, #1034, .T. ) ;
#100 = EDGE_LOOP ( 'NONE', ( #104, #114, #124, #125 ) ) ;
#101 = EDGE_CURVE ( 'NONE', #598, #80, #1029, .T. ) ;
#102 = EDGE_CURVE ( 'NONE', #611, #603, #1025, .T. ) ;
#103 = ORIENTED_EDGE ( 'NONE', *, *, #3635, .F. ) ;
#104 = ORIENTED_EDGE ( 'NONE', *, *, #108, .F. ) ;
#105 = ADVANCED_FACE ( 'NONE', ( #1020 ), #1019, .T. ) ;
#106 = ORIENTED_EDGE ( 'NONE', *, *, #102, .T. ) ;
#107 = ORIENTED_EDGE ( 'NONE', *, *, #108, .T. ) ;
#108 = EDGE_CURVE ( 'NONE', #61, #41, #1017, .T. ) ;
#109 = EDGE_LOOP ( 'NONE', ( #110, #79, #107, #81 ) ) ;
#110 = ORIENTED_EDGE ( 'NONE', *, *, #51, .F. ) ;
#111 = ORIENTED_EDGE ( 'NONE', *, *, #112, .T. ) ;
#112 = EDGE_CURVE ( 'NONE', #78, #82, #1010, .T. ) ;
#113 = EDGE_CURVE ( 'NONE', #642, #85, #1068, .T. ) ;
#114 = ORIENTED_EDGE ( 'NONE', *, *, #59, .F. ) ;
#115 = EDGE_LOOP ( 'NONE', ( #132, #116, #159, #155 ) ) ;
#116 = ORIENTED_EDGE ( 'NONE', *, *, #672, .T. ) ;
#117 = EDGE_CURVE ( 'NONE', #669, #605, #1063, .T. ) ;
#118 = ORIENTED_EDGE ( 'NONE', *, *, #117, .F. ) ;
#119 = EDGE_LOOP ( 'NONE', ( #120, #141, #134, #138 ) ) ;
#120 = ORIENTED_EDGE ( 'NONE', *, *, #121, .F. ) ;
#121 = EDGE_CURVE ( 'NONE', #135, #143, #1058, .T. ) ;
#122 = ADVANCED_FACE ( 'NONE', ( #1054 ), #1053, .T. ) ;
#123 = ORIENTED_EDGE ( 'NONE', *, *, #126, .T. ) ;
#124 = ORIENTED_EDGE ( 'NONE', *, *, #88, .T. ) ;
#125 = ORIENTED_EDGE ( 'NONE', *, *, #69, .T. ) ;
#126 = EDGE_CURVE ( 'NONE', #85, #593, #1047, .T. ) ;
#127 = ADVANCED_FACE ( 'NONE', ( #1043 ), #1040, .F. ) ;
#128 = VERTEX_POINT ( 'NONE', #1103 ) ;
#129 = VERTEX_POINT ( 'NONE', #1100 ) ;
#130 = ORIENTED_EDGE ( 'NONE', *, *, #19, .T. ) ;
#131 = EDGE_CURVE ( 'NONE', #129, #503, #1098, .T. ) ;
#132 = ORIENTED_EDGE ( 'NONE', *, *, #131, .F. ) ;
#133 = EDGE_CURVE ( 'NONE', #91, #48, #1099, .T. ) ;
#134 = ORIENTED_EDGE ( 'NONE', *, *, #763, .F. ) ;
#135 = VERTEX_POINT ( 'NONE', #1090 ) ;
#136 = ORIENTED_EDGE ( 'NONE', *, *, #719, .T. ) ;
#137 = EDGE_CURVE ( 'NONE', #91, #143, #1089, .T. ) ;
#138 = ORIENTED_EDGE ( 'NONE', *, *, #137, .T. ) ;
#139 = EDGE_CURVE ( 'NONE', #82, #2869, #1084, .T. ) ;
#140 = ORIENTED_EDGE ( 'NONE', *, *, #677, .T. ) ;
#141 = ORIENTED_EDGE ( 'NONE', *, *, #142, .F. ) ;
#142 = EDGE_CURVE ( 'NONE', #510, #135, #1080, .T. ) ;
#143 = VERTEX_POINT ( 'NONE', #1075 ) ;
#144 = ORIENTED_EDGE ( 'NONE', *, *, #516, .T. ) ;
#145 = EDGE_LOOP ( 'NONE', ( #144, #171, #172, #170 ) ) ;
#146 = EDGE_LOOP ( 'NONE', ( #147, #150, #152, #148 ) ) ;
#147 = ORIENTED_EDGE ( 'NONE', *, *, #17, .F. ) ;
#148 = ORIENTED_EDGE ( 'NONE', *, *, #137, .F. ) ;
#149 = ADVANCED_FACE ( 'NONE', ( #1074 ), #1073, .F. ) ;
#150 = ORIENTED_EDGE ( 'NONE', *, *, #160, .F. ) ;
#151 = EDGE_CURVE ( 'NONE', #143, #666, #1130, .T. ) ;
#152 = ORIENTED_EDGE ( 'NONE', *, *, #151, .F. ) ;
#153 = ORIENTED_EDGE ( 'NONE', *, *, #161, .F. ) ;
#154 = EDGE_CURVE ( 'NONE', #3309, #219, #1126, .T. ) ;
#155 = ORIENTED_EDGE ( 'NONE', *, *, #630, .T. ) ;
#156 = ADVANCED_FACE ( 'NONE', ( #1122 ), #1120, .T. ) ;
#157 = EDGE_LOOP ( 'NONE', ( #289, #352, #340, #339, #403, #515, #508, #486, #622, #617, #618, #620, #3522, #3515 ) ) ;
#158 = VERTEX_POINT ( 'NONE', #1121 ) ;
#159 = ORIENTED_EDGE ( 'NONE', *, *, #160, .T. ) ;
#160 = EDGE_CURVE ( 'NONE', #666, #80, #1115, .T. ) ;
#161 = EDGE_CURVE ( 'NONE', #185, #158, #1110, .T. ) ;
#162 = EDGE_LOOP ( 'NONE', ( #164, #165, #153, #188 ) ) ;
#163 = EDGE_CURVE ( 'NONE', #129, #158, #1105, .T. ) ;
#164 = ORIENTED_EDGE ( 'NONE', *, *, #672, .F. ) ;
#165 = ORIENTED_EDGE ( 'NONE', *, *, #163, .T. ) ;
#166 = ORIENTED_EDGE ( 'NONE', *, *, #177, .T. ) ;
#167 = ORIENTED_EDGE ( 'NONE', *, *, #248, .T. ) ;
#168 = ORIENTED_EDGE ( 'NONE', *, *, #99, .F. ) ;
#169 = ADVANCED_FACE ( 'NONE', ( #1165 ), #1164, .F. ) ;
#170 = ORIENTED_EDGE ( 'NONE', *, *, #131, .T. ) ;
#171 = ORIENTED_EDGE ( 'NONE', *, *, #142, .T. ) ;
#172 = ORIENTED_EDGE ( 'NONE', *, *, #173, .T. ) ;
#173 = EDGE_CURVE ( 'NONE', #135, #129, #1162, .T. ) ;
#174 = ADVANCED_FACE ( 'NONE', ( #1155 ), #1154, .F. ) ;
#175 = ORIENTED_EDGE ( 'NONE', *, *, #183, .F. ) ;
#176 = VERTEX_POINT ( 'NONE', #1149 ) ;
#177 = EDGE_CURVE ( 'NONE', #176, #135, #1148, .T. ) ;
#178 = VERTEX_POINT ( 'NONE', #1144 ) ;
#179 = EDGE_CURVE ( 'NONE', #178, #176, #1143, .T. ) ;
#180 = ORIENTED_EDGE ( 'NONE', *, *, #179, .T. ) ;
#181 = EDGE_LOOP ( 'NONE', ( #182, #175, #180, #166 ) ) ;
#182 = ORIENTED_EDGE ( 'NONE', *, *, #121, .T. ) ;
#183 = EDGE_CURVE ( 'NONE', #178, #143, #1139, .T. ) ;
#184 = ADVANCED_FACE ( 'NONE', ( #1195 ), #1134, .F. ) ;
#185 = VERTEX_POINT ( 'NONE', #1190 ) ;
#186 = EDGE_CURVE ( 'NONE', #666, #185, #1189, .T. ) ;
#187 = VERTEX_POINT ( 'NONE', #1185 ) ;
#188 = ORIENTED_EDGE ( 'NONE', *, *, #186, .F. ) ;
#189 = VERTEX_POINT ( 'NONE', #1184 ) ;
#190 = VERTEX_POINT ( 'NONE', #1183 ) ;
#191 = ORIENTED_EDGE ( 'NONE', *, *, #192, .T. ) ;
#192 = EDGE_CURVE ( 'NONE', #190, #187, #1182, .T. ) ;
#193 = ORIENTED_EDGE ( 'NONE', *, *, #194, .T. ) ;
#194 = EDGE_CURVE ( 'NONE', #189, #190, #1178, .T. ) ;
#195 = ORIENTED_EDGE ( 'NONE', *, *, #232, .F. ) ;
#196 = ORIENTED_EDGE ( 'NONE', *, *, #213, .T. ) ;
#197 = VERTEX_POINT ( 'NONE', #1174 ) ;
#198 = ORIENTED_EDGE ( 'NONE', *, *, #154, .T. ) ;
#199 = EDGE_LOOP ( 'NONE', ( #200, #202, #203, #204, #193, #191, #216, #196 ) ) ;
#200 = ORIENTED_EDGE ( 'NONE', *, *, #183, .T. ) ;
#201 = EDGE_CURVE ( 'NONE', #185, #189, #1173, .T. ) ;
#202 = ORIENTED_EDGE ( 'NONE', *, *, #151, .T. ) ;
#203 = ORIENTED_EDGE ( 'NONE', *, *, #186, .T. ) ;
#204 = ORIENTED_EDGE ( 'NONE', *, *, #201, .T. ) ;
#205 = EDGE_LOOP ( 'NONE', ( #245, #242, #240, #238 ) ) ;
#206 = VERTEX_POINT ( 'NONE', #1169 ) ;
#207 = ADVANCED_FACE ( 'NONE', ( #1168 ), #1166, .T. ) ;
#208 = EDGE_CURVE ( 'NONE', #197, #176, #1226, .T. ) ;
#209 = ORIENTED_EDGE ( 'NONE', *, *, #173, .F. ) ;
#210 = EDGE_LOOP ( 'NONE', ( #209, #211, #212, #195, #229, #226, #215, #224 ) ) ;
#211 = ORIENTED_EDGE ( 'NONE', *, *, #177, .F. ) ;
#212 = ORIENTED_EDGE ( 'NONE', *, *, #208, .F. ) ;
#213 = EDGE_CURVE ( 'NONE', #206, #178, #1222, .T. ) ;
#214 = ADVANCED_FACE ( 'NONE', ( #1218 ), #1216, .F. ) ;
#215 = ORIENTED_EDGE ( 'NONE', *, *, #223, .F. ) ;
#216 = ORIENTED_EDGE ( 'NONE', *, *, #217, .T. ) ;
#217 = EDGE_CURVE ( 'NONE', #187, #206, #1217, .T. ) ;
#218 = VERTEX_POINT ( 'NONE', #1208 ) ;
#219 = VERTEX_POINT ( 'NONE', #1207 ) ;
#220 = VERTEX_POINT ( 'NONE', #1206 ) ;
#221 = VERTEX_POINT ( 'NONE', #1205 ) ;
#222 = VERTEX_POINT ( 'NONE', #1204 ) ;
#223 = EDGE_CURVE ( 'NONE', #158, #218, #1203, .T. ) ;
#224 = ORIENTED_EDGE ( 'NONE', *, *, #163, .F. ) ;
#225 = ADVANCED_FACE ( 'NONE', ( #1199 ), #1198, .F. ) ;
#226 = ORIENTED_EDGE ( 'NONE', *, *, #227, .F. ) ;
#227 = EDGE_CURVE ( 'NONE', #218, #221, #1196, .T. ) ;
#228 = EDGE_CURVE ( 'NONE', #222, #29, #1253, .T. ) ;
#229 = ORIENTED_EDGE ( 'NONE', *, *, #230, .F. ) ;
#230 = EDGE_CURVE ( 'NONE', #221, #220, #1248, .T. ) ;
#231 = EDGE_LOOP ( 'NONE', ( #254, #316, #253, #250 ) ) ;
#232 = EDGE_CURVE ( 'NONE', #220, #197, #1244, .T. ) ;
#233 = ORIENTED_EDGE ( 'NONE', *, *, #227, .T. ) ;
#234 = ORIENTED_EDGE ( 'NONE', *, *, #194, .F. ) ;
#235 = ORIENTED_EDGE ( 'NONE', *, *, #243, .T. ) ;
#236 = EDGE_CURVE ( 'NONE', #190, #221, #1240, .T. ) ;
#237 = ORIENTED_EDGE ( 'NONE', *, *, #236, .F. ) ;
#238 = ORIENTED_EDGE ( 'NONE', *, *, #161, .T. ) ;
#239 = EDGE_LOOP ( 'NONE', ( #233, #237, #234, #235 ) ) ;
#240 = ORIENTED_EDGE ( 'NONE', *, *, #201, .F. ) ;
#241 = ADVANCED_FACE ( 'NONE', ( #1236 ), #1234, .F. ) ;
#242 = ORIENTED_EDGE ( 'NONE', *, *, #243, .F. ) ;
#243 = EDGE_CURVE ( 'NONE', #189, #218, #1235, .T. ) ;
#244 = ORIENTED_EDGE ( 'NONE', *, *, #179, .F. ) ;
#245 = ORIENTED_EDGE ( 'NONE', *, *, #223, .T. ) ;
#246 = ORIENTED_EDGE ( 'NONE', *, *, #208, .T. ) ;
#247 = EDGE_LOOP ( 'NONE', ( #246, #244, #278, #277 ) ) ;
#248 = EDGE_CURVE ( 'NONE', #219, #222, #1288, .T. ) ;
#249 = ORIENTED_EDGE ( 'NONE', *, *, #228, .T. ) ;
#250 = ORIENTED_EDGE ( 'NONE', *, *, #251, .T. ) ;
#251 = EDGE_CURVE ( 'NONE', #187, #220, #1284, .T. ) ;
#252 = ADVANCED_FACE ( 'NONE', ( #1280 ), #1278, .F. ) ;
#253 = ORIENTED_EDGE ( 'NONE', *, *, #217, .F. ) ;
#254 = ORIENTED_EDGE ( 'NONE', *, *, #232, .T. ) ;
#255 = ADVANCED_FACE ( 'NONE', ( #1273 ), #1279, .F. ) ;
#256 = ORIENTED_EDGE ( 'NONE', *, *, #292, .F. ) ;
#257 = VERTEX_POINT ( 'NONE', #1268 ) ;
#258 = EDGE_LOOP ( 'NONE', ( #256, #282, #275, #290 ) ) ;
#259 = VERTEX_POINT ( 'NONE', #1267 ) ;
#260 = EDGE_LOOP ( 'NONE', ( #261, #263, #267 ) ) ;
#261 = ORIENTED_EDGE ( 'NONE', *, *, #270, .F. ) ;
#262 = VERTEX_POINT ( 'NONE', #1266 ) ;
#263 = ORIENTED_EDGE ( 'NONE', *, *, #791, .T. ) ;
#264 = ADVANCED_FACE ( 'NONE', ( #1265 ), #1264, .T. ) ;
#265 = ORIENTED_EDGE ( 'NONE', *, *, #292, .T. ) ;
#266 = ORIENTED_EDGE ( 'NONE', *, *, #697, .F. ) ;
#267 = ORIENTED_EDGE ( 'NONE', *, *, #268, .F. ) ;
#268 = EDGE_CURVE ( 'NONE', #262, #3309, #1323, .T. ) ;
#269 = EDGE_CURVE ( 'NONE', #308, #344, #1319, .T. ) ;
#270 = EDGE_CURVE ( 'NONE', #323, #262, #1315, .T. ) ;
#271 = EDGE_CURVE ( 'NONE', #3397, #274, #1310, .T. ) ;
#272 = EDGE_CURVE ( 'NONE', #274, #713, #1306, .T. ) ;
#273 = ORIENTED_EDGE ( 'NONE', *, *, #271, .F. ) ;
#274 = VERTEX_POINT ( 'NONE', #1302 ) ;
#275 = ORIENTED_EDGE ( 'NONE', *, *, #270, .T. ) ;
#276 = EDGE_LOOP ( 'NONE', ( #266, #265, #286 ) ) ;
#277 = ORIENTED_EDGE ( 'NONE', *, *, #317, .T. ) ;
#278 = ORIENTED_EDGE ( 'NONE', *, *, #213, .F. ) ;
#279 = EDGE_LOOP ( 'NONE', ( #305, #300, #296, #293 ) ) ;
#280 = ADVANCED_FACE ( 'NONE', ( #1301 ), #1300, .T. ) ;
#281 = ORIENTED_EDGE ( 'NONE', *, *, #291, .T. ) ;
#282 = ORIENTED_EDGE ( 'NONE', *, *, #802, .T. ) ;
#283 = ADVANCED_FACE ( 'NONE', ( #1298 ), #1292, .F. ) ;
#284 = ORIENTED_EDGE ( 'NONE', *, *, #272, .F. ) ;
#285 = EDGE_CURVE ( 'NONE', #257, #709, #1356, .T. ) ;
#286 = ORIENTED_EDGE ( 'NONE', *, *, #285, .T. ) ;
#287 = EDGE_CURVE ( 'NONE', #257, #262, #1350, .T. ) ;
#288 = ADVANCED_FACE ( 'NONE', ( #1346 ), #1344, .F. ) ;
#289 = ORIENTED_EDGE ( 'NONE', *, *, #269, .F. ) ;
#290 = ORIENTED_EDGE ( 'NONE', *, *, #287, .F. ) ;
#291 = EDGE_CURVE ( 'NONE', #321, #709, #1345, .T. ) ;
#292 = EDGE_CURVE ( 'NONE', #678, #257, #1335, .T. ) ;
#293 = ORIENTED_EDGE ( 'NONE', *, *, #268, .T. ) ;
#294 = EDGE_CURVE ( 'NONE', #262, #298, #1330, .T. ) ;
#295 = ADVANCED_FACE ( 'NONE', ( #1324 ), #1326, .F. ) ;
#296 = ORIENTED_EDGE ( 'NONE', *, *, #294, .F. ) ;
#297 = EDGE_LOOP ( 'NONE', ( #281, #318, #319, #314 ) ) ;
#298 = VERTEX_POINT ( 'NONE', #1387 ) ;
#299 = EDGE_CURVE ( 'NONE', #298, #301, #1386, .T. ) ;
#300 = ORIENTED_EDGE ( 'NONE', *, *, #299, .F. ) ;
#301 = VERTEX_POINT ( 'NONE', #1382 ) ;
#302 = EDGE_CURVE ( 'NONE', #3309, #301, #1381, .T. ) ;
#303 = ORIENTED_EDGE ( 'NONE', *, *, #307, .T. ) ;
#304 = ORIENTED_EDGE ( 'NONE', *, *, #699, .T. ) ;
#305 = ORIENTED_EDGE ( 'NONE', *, *, #302, .T. ) ;
#306 = ORIENTED_EDGE ( 'NONE', *, *, #3307, .T. ) ;
#307 = EDGE_CURVE ( 'NONE', #298, #313, #1376, .T. ) ;
#308 = VERTEX_POINT ( 'NONE', #1372 ) ;
#309 = ORIENTED_EDGE ( 'NONE', *, *, #287, .T. ) ;
#310 = ORIENTED_EDGE ( 'NONE', *, *, #294, .T. ) ;
#311 = ADVANCED_FACE ( 'NONE', ( #1371 ), #1370, .T. ) ;
#312 = EDGE_LOOP ( 'NONE', ( #309, #310, #303, #337 ) ) ;
#313 = VERTEX_POINT ( 'NONE', #1365 ) ;
#314 = ORIENTED_EDGE ( 'NONE', *, *, #315, .T. ) ;
#315 = EDGE_CURVE ( 'NONE', #313, #321, #1362, .T. ) ;
#316 = ORIENTED_EDGE ( 'NONE', *, *, #317, .F. ) ;
#317 = EDGE_CURVE ( 'NONE', #206, #197, #1421, .T. ) ;
#318 = ORIENTED_EDGE ( 'NONE', *, *, #285, .F. ) ;
#319 = ORIENTED_EDGE ( 'NONE', *, *, #320, .F. ) ;
#320 = EDGE_CURVE ( 'NONE', #313, #257, #1417, .T. ) ;
#321 = VERTEX_POINT ( 'NONE', #1413 ) ;
#322 = ORIENTED_EDGE ( 'NONE', *, *, #719, .F. ) ;
#323 = VERTEX_POINT ( 'NONE', #1412 ) ;
#324 = VERTEX_POINT ( 'NONE', #1411 ) ;
#325 = EDGE_CURVE ( 'NONE', #324, #2296, #1410, .T. ) ;
#326 = EDGE_LOOP ( 'NONE', ( #322, #331, #330, #333 ) ) ;
#327 = ORIENTED_EDGE ( 'NONE', *, *, #325, .F. ) ;
#328 = EDGE_LOOP ( 'NONE', ( #347, #341, #343, #329 ) ) ;
#329 = ORIENTED_EDGE ( 'NONE', *, *, #338, .F. ) ;
#330 = ORIENTED_EDGE ( 'NONE', *, *, #332, .F. ) ;
#331 = ORIENTED_EDGE ( 'NONE', *, *, #291, .F. ) ;
#332 = EDGE_CURVE ( 'NONE', #301, #321, #1406, .T. ) ;
#333 = ORIENTED_EDGE ( 'NONE', *, *, #302, .F. ) ;
#334 = ADVANCED_FACE ( 'NONE', ( #1402 ), #1400, .T. ) ;
#335 = EDGE_LOOP ( 'NONE', ( #366, #368, #369 ) ) ;
#336 = ADVANCED_FACE ( 'NONE', ( #1395 ), #1401, .F. ) ;
#337 = ORIENTED_EDGE ( 'NONE', *, *, #320, .T. ) ;
#338 = EDGE_CURVE ( 'NONE', #342, #349, #1451, .T. ) ;
#339 = ORIENTED_EDGE ( 'NONE', *, *, #411, .F. ) ;
#340 = ORIENTED_EDGE ( 'NONE', *, *, #345, .F. ) ;
#341 = ORIENTED_EDGE ( 'NONE', *, *, #332, .T. ) ;
#342 = VERTEX_POINT ( 'NONE', #1447 ) ;
#343 = ORIENTED_EDGE ( 'NONE', *, *, #407, .T. ) ;
#344 = VERTEX_POINT ( 'NONE', #1446 ) ;
#345 = EDGE_CURVE ( 'NONE', #259, #365, #1445, .T. ) ;
#346 = EDGE_CURVE ( 'NONE', #365, #308, #1441, .T. ) ;
#347 = ORIENTED_EDGE ( 'NONE', *, *, #348, .F. ) ;
#348 = EDGE_CURVE ( 'NONE', #301, #342, #1437, .T. ) ;
#349 = VERTEX_POINT ( 'NONE', #1432 ) ;
#350 = ORIENTED_EDGE ( 'NONE', *, *, #315, .F. ) ;
#351 = ORIENTED_EDGE ( 'NONE', *, *, #353, .F. ) ;
#352 = ORIENTED_EDGE ( 'NONE', *, *, #346, .F. ) ;
#353 = EDGE_CURVE ( 'NONE', #349, #313, #1431, .T. ) ;
#354 = ADVANCED_FACE ( 'NONE', ( #1427 ), #1426, .T. ) ;
#355 = ORIENTED_EDGE ( 'NONE', *, *, #356, .F. ) ;
#356 = EDGE_CURVE ( 'NONE', #357, #358, #1485, .T. ) ;
#357 = VERTEX_POINT ( 'NONE', #1481 ) ;
#358 = VERTEX_POINT ( 'NONE', #1480 ) ;
#359 = ORIENTED_EDGE ( 'NONE', *, *, #376, .T. ) ;
#360 = VERTEX_POINT ( 'NONE', #1479 ) ;
#361 = EDGE_LOOP ( 'NONE', ( #364, #355, #374, #379 ) ) ;
#362 = EDGE_CURVE ( 'NONE', #313, #358, #1478, .T. ) ;
#363 = ADVANCED_FACE ( 'NONE', ( #1474 ), #1473, .F. ) ;
#364 = ORIENTED_EDGE ( 'NONE', *, *, #362, .T. ) ;
#365 = VERTEX_POINT ( 'NONE', #1468 ) ;
#366 = ORIENTED_EDGE ( 'NONE', *, *, #299, .T. ) ;
#367 = EDGE_CURVE ( 'NONE', #342, #298, #1467, .T. ) ;
#368 = ORIENTED_EDGE ( 'NONE', *, *, #348, .T. ) ;
#369 = ORIENTED_EDGE ( 'NONE', *, *, #367, .T. ) ;
#370 = ORIENTED_EDGE ( 'NONE', *, *, #372, .F. ) ;
#371 = ADVANCED_FACE ( 'NONE', ( #1463 ), #1462, .F. ) ;
#372 = EDGE_CURVE ( 'NONE', #357, #360, #1455, .T. ) ;
#373 = EDGE_LOOP ( 'NONE', ( #359, #378, #370, #641 ) ) ;
#374 = ORIENTED_EDGE ( 'NONE', *, *, #381, .F. ) ;
#375 = VERTEX_POINT ( 'NONE', #1517 ) ;
#376 = EDGE_CURVE ( 'NONE', #358, #375, #1516, .T. ) ;
#377 = EDGE_CURVE ( 'NONE', #360, #375, #1511, .T. ) ;
#378 = ORIENTED_EDGE ( 'NONE', *, *, #377, .F. ) ;
#379 = ORIENTED_EDGE ( 'NONE', *, *, #353, .T. ) ;
#380 = ADVANCED_FACE ( 'NONE', ( #1507 ), #1506, .T. ) ;
#381 = EDGE_CURVE ( 'NONE', #349, #357, #1501, .T. ) ;
#382 = ORIENTED_EDGE ( 'NONE', *, *, #381, .T. ) ;
#383 = ORIENTED_EDGE ( 'NONE', *, *, #338, .T. ) ;
#384 = EDGE_LOOP ( 'NONE', ( #383, #382, #412, #414 ) ) ;
#385 = VERTEX_POINT ( 'NONE', #1497 ) ;
#386 = ORIENTED_EDGE ( 'NONE', *, *, #367, .F. ) ;
#387 = VERTEX_POINT ( 'NONE', #1496 ) ;
#388 = ORIENTED_EDGE ( 'NONE', *, *, #377, .T. ) ;
#389 = ADVANCED_FACE ( 'NONE', ( #1495 ), #1494, .F. ) ;
#390 = ORIENTED_EDGE ( 'NONE', *, *, #391, .F. ) ;
#391 = EDGE_CURVE ( 'NONE', #360, #342, #1489, .T. ) ;
#392 = ORIENTED_EDGE ( 'NONE', *, *, #362, .F. ) ;
#393 = EDGE_LOOP ( 'NONE', ( #395, #386, #390, #388 ) ) ;
#394 = ADVANCED_FACE ( 'NONE', ( #1547 ), #1546, .F. ) ;
#395 = ORIENTED_EDGE ( 'NONE', *, *, #396, .T. ) ;
#396 = EDGE_CURVE ( 'NONE', #375, #298, #1544, .T. ) ;
#397 = EDGE_CURVE ( 'NONE', #387, #433, #1537, .T. ) ;
#398 = ORIENTED_EDGE ( 'NONE', *, *, #307, .F. ) ;
#399 = VERTEX_POINT ( 'NONE', #1533 ) ;
#400 = EDGE_LOOP ( 'NONE', ( #398, #410, #401, #392 ) ) ;
#401 = ORIENTED_EDGE ( 'NONE', *, *, #376, .F. ) ;
#402 = EDGE_LOOP ( 'NONE', ( #406, #435, #419, #420 ) ) ;
#403 = ORIENTED_EDGE ( 'NONE', *, *, #405, .F. ) ;
#404 = ADVANCED_FACE ( 'NONE', ( #1532 ), #1531, .T. ) ;
#405 = EDGE_CURVE ( 'NONE', #385, #399, #1526, .T. ) ;
#406 = ORIENTED_EDGE ( 'NONE', *, *, #397, .F. ) ;
#407 = EDGE_CURVE ( 'NONE', #321, #349, #1522, .T. ) ;
#408 = EDGE_LOOP ( 'NONE', ( #409, #350, #351 ) ) ;
#409 = ORIENTED_EDGE ( 'NONE', *, *, #407, .F. ) ;
#410 = ORIENTED_EDGE ( 'NONE', *, *, #396, .F. ) ;
#411 = EDGE_CURVE ( 'NONE', #399, #259, #1580, .T. ) ;
#412 = ORIENTED_EDGE ( 'NONE', *, *, #372, .T. ) ;
#413 = ORIENTED_EDGE ( 'NONE', *, *, #426, .F. ) ;
#414 = ORIENTED_EDGE ( 'NONE', *, *, #391, .T. ) ;
#415 = EDGE_LOOP ( 'NONE', ( #413, #428, #446, #422 ) ) ;
#416 = ORIENTED_EDGE ( 'NONE', *, *, #429, .F. ) ;
#417 = ORIENTED_EDGE ( 'NONE', *, *, #230, .T. ) ;
#418 = ORIENTED_EDGE ( 'NONE', *, *, #447, .F. ) ;
#419 = ORIENTED_EDGE ( 'NONE', *, *, #236, .T. ) ;
#420 = ORIENTED_EDGE ( 'NONE', *, *, #429, .T. ) ;
#421 = EDGE_LOOP ( 'NONE', ( #417, #418, #438, #416 ) ) ;
#422 = ORIENTED_EDGE ( 'NONE', *, *, #251, .F. ) ;
#423 = EDGE_LOOP ( 'NONE', ( #442, #465, #463, #454 ) ) ;
#424 = ADVANCED_FACE ( 'NONE', ( #1576 ), #1575, .T. ) ;
#425 = VERTEX_POINT ( 'NONE', #1570 ) ;
#426 = EDGE_CURVE ( 'NONE', #425, #187, #1569, .T. ) ;
#427 = EDGE_CURVE ( 'NONE', #425, #443, #1563, .T. ) ;
#428 = ORIENTED_EDGE ( 'NONE', *, *, #427, .T. ) ;
#429 = EDGE_CURVE ( 'NONE', #221, #433, #1559, .T. ) ;
#430 = ADVANCED_FACE ( 'NONE', ( #1554 ), #1553, .F. ) ;
#431 = ORIENTED_EDGE ( 'NONE', *, *, #426, .T. ) ;
#432 = EDGE_LOOP ( 'NONE', ( #455, #457, #456, #431 ) ) ;
#433 = VERTEX_POINT ( 'NONE', #1548 ) ;
#434 = EDGE_CURVE ( 'NONE', #190, #387, #1613, .T. ) ;
#435 = ORIENTED_EDGE ( 'NONE', *, *, #434, .F. ) ;
#436 = ADVANCED_FACE ( 'NONE', ( #1608 ), #1607, .F. ) ;
#437 = EDGE_CURVE ( 'NONE', #433, #443, #1602, .T. ) ;
#438 = ORIENTED_EDGE ( 'NONE', *, *, #437, .F. ) ;
#439 = ORIENTED_EDGE ( 'NONE', *, *, #460, .T. ) ;
#440 = ORIENTED_EDGE ( 'NONE', *, *, #604, .T. ) ;
#441 = ADVANCED_FACE ( 'NONE', ( #1598 ), #1597, .T. ) ;
#442 = ORIENTED_EDGE ( 'NONE', *, *, #444, .T. ) ;
#443 = VERTEX_POINT ( 'NONE', #1595 ) ;
#444 = EDGE_CURVE ( 'NONE', #445, #433, #1591, .T. ) ;
#445 = VERTEX_POINT ( 'NONE', #1587 ) ;
#446 = ORIENTED_EDGE ( 'NONE', *, *, #447, .T. ) ;
#447 = EDGE_CURVE ( 'NONE', #443, #220, #1585, .T. ) ;
#448 = EDGE_LOOP ( 'NONE', ( #450, #451 ) ) ;
#449 = EDGE_CURVE ( 'NONE', #663, #662, #1586, .T. ) ;
#450 = ORIENTED_EDGE ( 'NONE', *, *, #668, .F. ) ;
#451 = ORIENTED_EDGE ( 'NONE', *, *, #449, .F. ) ;
#452 = ADVANCED_FACE ( 'NONE', ( #1641, #1640 ), #1639, .T. ) ;
#453 = EDGE_LOOP ( 'NONE', ( #440, #439 ) ) ;
#454 = ORIENTED_EDGE ( 'NONE', *, *, #461, .T. ) ;
#455 = ORIENTED_EDGE ( 'NONE', *, *, #192, .F. ) ;
#456 = ORIENTED_EDGE ( 'NONE', *, *, #458, .T. ) ;
#457 = ORIENTED_EDGE ( 'NONE', *, *, #434, .T. ) ;
#458 = EDGE_CURVE ( 'NONE', #387, #425, #1637, .T. ) ;
#459 = EDGE_LOOP ( 'NONE', ( #469, #467, #484, #476 ) ) ;
#460 = EDGE_CURVE ( 'NONE', #656, #607, #1630, .T. ) ;
#461 = EDGE_CURVE ( 'NONE', #464, #445, #1625, .T. ) ;
#462 = ADVANCED_FACE ( 'NONE', ( #1621, #1620 ), #1619, .F. ) ;
#463 = ORIENTED_EDGE ( 'NONE', *, *, #466, .T. ) ;
#464 = VERTEX_POINT ( 'NONE', #1678 ) ;
#465 = ORIENTED_EDGE ( 'NONE', *, *, #437, .T. ) ;
#466 = EDGE_CURVE ( 'NONE', #443, #464, #1677, .T. ) ;
#467 = ORIENTED_EDGE ( 'NONE', *, *, #482, .F. ) ;
#468 = EDGE_LOOP ( 'NONE', ( #501, #500, #502, #499 ) ) ;
#469 = ORIENTED_EDGE ( 'NONE', *, *, #458, .F. ) ;
#470 = ORIENTED_EDGE ( 'NONE', *, *, #491, .T. ) ;
#471 = EDGE_LOOP ( 'NONE', ( #472, #473, #470, #488 ) ) ;
#472 = ORIENTED_EDGE ( 'NONE', *, *, #397, .T. ) ;
#473 = ORIENTED_EDGE ( 'NONE', *, *, #444, .F. ) ;
#474 = EDGE_CURVE ( 'NONE', #425, #477, #1673, .T. ) ;
#475 = ADVANCED_FACE ( 'NONE', ( #1669 ), #1668, .F. ) ;
#476 = ORIENTED_EDGE ( 'NONE', *, *, #474, .F. ) ;
#477 = VERTEX_POINT ( 'NONE', #1663 ) ;
#478 = ORIENTED_EDGE ( 'NONE', *, *, #460, .F. ) ;
#479 = ORIENTED_EDGE ( 'NONE', *, *, #665, .F. ) ;
#480 = ORIENTED_EDGE ( 'NONE', *, *, #449, .T. ) ;
#481 = ORIENTED_EDGE ( 'NONE', *, *, #609, .T. ) ;
#482 = EDGE_CURVE ( 'NONE', #483, #387, #1662, .T. ) ;
#483 = VERTEX_POINT ( 'NONE', #1658 ) ;
#484 = ORIENTED_EDGE ( 'NONE', *, *, #485, .F. ) ;
#485 = EDGE_CURVE ( 'NONE', #477, #483, #1656, .T. ) ;
#486 = ORIENTED_EDGE ( 'NONE', *, *, #516, .F. ) ;
#487 = EDGE_LOOP ( 'NONE', ( #479, #480, #481, #478 ) ) ;
#488 = ORIENTED_EDGE ( 'NONE', *, *, #482, .T. ) ;
#489 = ADVANCED_FACE ( 'NONE', ( #1652 ), #1651, .F. ) ;
#490 = ORIENTED_EDGE ( 'NONE', *, *, #523, .F. ) ;
#491 = EDGE_CURVE ( 'NONE', #445, #483, #1708, .T. ) ;
#492 = ORIENTED_EDGE ( 'NONE', *, *, #466, .F. ) ;
#493 = CLOSED_SHELL ( 'NONE', ( #659, #608, #671, #650, #638, #681, #712, #40, #3559, #3551, #3561, #3564, #590, #626, #782, #776, #781, #814, #786, #767, #600, #757, #727, #799, #731, #517, #527, #1137, #897, #580, #585, #534, #3410, #3337, #3022, #3348, #3294, #3286, #3376, #3375, #3380, #3392, #3527, #3525, #3456, #3458, #3469, #3489, #3494, #3492, #3511, #3518, #880, #808, #869, #850, #857, #539, #543, #550, #3404, #586, #3426, #3213, #3303, #3292, #3310, #3340, #3329, #3365, #3586, #3575, #3592, #3608, #3622, #3638, #39, #25, #53, #68, #56, #87, #105, #127, #122, #169, #156, #149, #174, #184, #207, #214, #225, #241, #255, #252, #280, #264, #288, #283, #295, #311, #336, #334, #354, #371, #363, #380, #394, #389, #424, #404, #430, #441, #436, #452, #462, #475, #496, #489, #504 ) ) ;
#494 = EDGE_CURVE ( 'NONE', #464, #477, #1704, .T. ) ;
#495 = ORIENTED_EDGE ( 'NONE', *, *, #494, .F. ) ;
#496 = ADVANCED_FACE ( 'NONE', ( #1700 ), #1699, .F. ) ;
#497 = ORIENTED_EDGE ( 'NONE', *, *, #526, .T. ) ;
#498 = EDGE_LOOP ( 'NONE', ( #1456, #1339, #572, #561 ) ) ;
#499 = ORIENTED_EDGE ( 'NONE', *, *, #494, .T. ) ;
#500 = ORIENTED_EDGE ( 'NONE', *, *, #491, .F. ) ;
#501 = ORIENTED_EDGE ( 'NONE', *, *, #485, .T. ) ;
#502 = ORIENTED_EDGE ( 'NONE', *, *, #461, .F. ) ;
#503 = VERTEX_POINT ( 'NONE', #1694 ) ;
#504 = ADVANCED_FACE ( 'NONE', ( #1693 ), #1692, .F. ) ;
#505 = ORIENTED_EDGE ( 'NONE', *, *, #780, .F. ) ;
#506 = EDGE_CURVE ( 'NONE', #510, #507, #1687, .T. ) ;
#507 = VERTEX_POINT ( 'NONE', #1683 ) ;
#508 = ORIENTED_EDGE ( 'NONE', *, *, #506, .F. ) ;
#509 = EDGE_CURVE ( 'NONE', #507, #385, #1682, .T. ) ;
#510 = VERTEX_POINT ( 'NONE', #1739 ) ;
#511 = ORIENTED_EDGE ( 'NONE', *, *, #427, .F. ) ;
#512 = ORIENTED_EDGE ( 'NONE', *, *, #474, .T. ) ;
#513 = EDGE_LOOP ( 'NONE', ( #511, #512, #495, #492 ) ) ;
#514 = EDGE_LOOP ( 'NONE', ( #490, #528, #505, #497 ) ) ;
#515 = ORIENTED_EDGE ( 'NONE', *, *, #509, .F. ) ;
#516 = EDGE_CURVE ( 'NONE', #503, #510, #1738, .T. ) ;
#517 = ADVANCED_FACE ( 'NONE', ( #1734 ), #1733, .T. ) ;
#518 = VERTEX_POINT ( 'NONE', #1728 ) ;
#519 = VERTEX_POINT ( 'NONE', #1727 ) ;
#520 = ORIENTED_EDGE ( 'NONE', *, *, #3554, .F. ) ;
#521 = ORIENTED_EDGE ( 'NONE', *, *, #530, .T. ) ;
#522 = ORIENTED_EDGE ( 'NONE', *, *, #531, .T. ) ;
#523 = EDGE_CURVE ( 'NONE', #519, #518, #1726, .T. ) ;
#524 = ORIENTED_EDGE ( 'NONE', *, *, #530, .F. ) ;
#525 = EDGE_LOOP ( 'NONE', ( #524, #3287, #3280, #3336 ) ) ;
#526 = EDGE_CURVE ( 'NONE', #128, #518, #1722, .T. ) ;
#527 = ADVANCED_FACE ( 'NONE', ( #1717 ), #1716, .F. ) ;
#528 = ORIENTED_EDGE ( 'NONE', *, *, #529, .F. ) ;
#529 = EDGE_CURVE ( 'NONE', #399, #519, #1711, .T. ) ;
#530 = EDGE_CURVE ( 'NONE', #518, #533, #1770, .T. ) ;
#531 = EDGE_CURVE ( 'NONE', #533, #584, #1766, .T. ) ;
#532 = ORIENTED_EDGE ( 'NONE', *, *, #3437, .T. ) ;
#533 = VERTEX_POINT ( 'NONE', #1762 ) ;
#534 = ADVANCED_FACE ( 'NONE', ( #1761 ), #1760, .T. ) ;
#535 = EDGE_LOOP ( 'NONE', ( #537, #843, #846, #559 ) ) ;
#536 = EDGE_CURVE ( 'NONE', #842, #861, #1758, .T. ) ;
#537 = ORIENTED_EDGE ( 'NONE', *, *, #536, .F. ) ;
#538 = ORIENTED_EDGE ( 'NONE', *, *, #868, .T. ) ;
#539 = ADVANCED_FACE ( 'NONE', ( #1750 ), #1749, .T. ) ;
#540 = EDGE_CURVE ( 'NONE', #862, #864, #1744, .T. ) ;
#541 = ORIENTED_EDGE ( 'NONE', *, *, #636, .T. ) ;
#542 = ORIENTED_EDGE ( 'NONE', *, *, #540, .T. ) ;
#543 = ADVANCED_FACE ( 'NONE', ( #1740 ), #1803, .T. ) ;
#544 = EDGE_LOOP ( 'NONE', ( #545, #552, #556, #558 ) ) ;
#545 = ORIENTED_EDGE ( 'NONE', *, *, #555, .F. ) ;
#546 = VERTEX_POINT ( 'NONE', #1798 ) ;
#547 = ORIENTED_EDGE ( 'NONE', *, *, #575, .F. ) ;
#548 = EDGE_LOOP ( 'NONE', ( #3408, #3405, #3414, #3409 ) ) ;
#549 = ORIENTED_EDGE ( 'NONE', *, *, #551, .F. ) ;
#550 = ADVANCED_FACE ( 'NONE', ( #1797 ), #1796, .F. ) ;
#551 = EDGE_CURVE ( 'NONE', #862, #861, #1791, .T. ) ;
#552 = ORIENTED_EDGE ( 'NONE', *, *, #856, .F. ) ;
#553 = EDGE_CURVE ( 'NONE', #873, #845, #1786, .T. ) ;
#554 = ORIENTED_EDGE ( 'NONE', *, *, #526, .F. ) ;
#555 = EDGE_CURVE ( 'NONE', #3498, #842, #1782, .T. ) ;
#556 = ORIENTED_EDGE ( 'NONE', *, *, #553, .T. ) ;
#557 = EDGE_LOOP ( 'NONE', ( #578, #569, #547, #554 ) ) ;
#558 = ORIENTED_EDGE ( 'NONE', *, *, #844, .T. ) ;
#559 = ORIENTED_EDGE ( 'NONE', *, *, #551, .T. ) ;
#560 = ORIENTED_EDGE ( 'NONE', *, *, #574, .F. ) ;
#561 = ORIENTED_EDGE ( 'NONE', *, *, #831, .T. ) ;
#562 = EDGE_CURVE ( 'NONE', #845, #862, #1778, .T. ) ;
#563 = EDGE_LOOP ( 'NONE', ( #565, #587, #1643, #1364 ) ) ;
#564 = EDGE_LOOP ( 'NONE', ( #749, #589, #573, #571 ) ) ;
#565 = ORIENTED_EDGE ( 'NONE', *, *, #1378, .T. ) ;
#566 = EDGE_LOOP ( 'NONE', ( #304, #284, #273, #3396 ) ) ;
#567 = EDGE_LOOP ( 'NONE', ( #560, #582, #521, #522 ) ) ;
#568 = VERTEX_POINT ( 'NONE', #1773 ) ;
#569 = ORIENTED_EDGE ( 'NONE', *, *, #583, .F. ) ;
#570 = EDGE_CURVE ( 'NONE', #519, #738, #1836, .T. ) ;
#571 = ORIENTED_EDGE ( 'NONE', *, *, #1657, .T. ) ;
#572 = ORIENTED_EDGE ( 'NONE', *, *, #583, .T. ) ;
#573 = ORIENTED_EDGE ( 'NONE', *, *, #570, .T. ) ;
#574 = EDGE_CURVE ( 'NONE', #519, #584, #1832, .T. ) ;
#575 = EDGE_CURVE ( 'NONE', #518, #576, #1828, .T. ) ;
#576 = VERTEX_POINT ( 'NONE', #1824 ) ;
#577 = ORIENTED_EDGE ( 'NONE', *, *, #3285, .F. ) ;
#578 = ORIENTED_EDGE ( 'NONE', *, *, #19, .F. ) ;
#579 = EDGE_CURVE ( 'NONE', #738, #576, #1823, .T. ) ;
#580 = ADVANCED_FACE ( 'NONE', ( #1818 ), #1817, .T. ) ;
#581 = EDGE_CURVE ( 'NONE', #730, #568, #1815, .T. ) ;
#582 = ORIENTED_EDGE ( 'NONE', *, *, #523, .T. ) ;
#583 = EDGE_CURVE ( 'NONE', #576, #14, #1808, .T. ) ;
#584 = VERTEX_POINT ( 'NONE', #1862 ) ;
#585 = ADVANCED_FACE ( 'NONE', ( #1861 ), #1860, .T. ) ;
#586 = ADVANCED_FACE ( 'NONE', ( #1858 ), #1893, .F. ) ;
#587 = ORIENTED_EDGE ( 'NONE', *, *, #579, .F. ) ;
#588 = ORIENTED_EDGE ( 'NONE', *, *, #654, .T. ) ;
#589 = ORIENTED_EDGE ( 'NONE', *, *, #529, .T. ) ;
#590 = ADVANCED_FACE ( 'NONE', ( #1892 ), #1887, .F. ) ;
#591 = EDGE_LOOP ( 'NONE', ( #629, #632, #631, #588 ) ) ;
#592 = EDGE_CURVE ( 'NONE', #593, #598, #1881, .T. ) ;
#593 = VERTEX_POINT ( 'NONE', #1877 ) ;
#594 = EDGE_LOOP ( 'NONE', ( #597, #653, #644, #647 ) ) ;
#595 = ORIENTED_EDGE ( 'NONE', *, *, #670, .F. ) ;
#596 = ORIENTED_EDGE ( 'NONE', *, *, #228, .F. ) ;
#597 = ORIENTED_EDGE ( 'NONE', *, *, #592, .F. ) ;
#598 = VERTEX_POINT ( 'NONE', #1876 ) ;
#599 = EDGE_LOOP ( 'NONE', ( #596, #661, #755, #756 ) ) ;
#600 = ADVANCED_FACE ( 'NONE', ( #1875 ), #1874, .F. ) ;
#601 = EDGE_CURVE ( 'NONE', #605, #669, #1868, .T. ) ;
#602 = EDGE_CURVE ( 'NONE', #795, #222, #1923, .T. ) ;
#603 = VERTEX_POINT ( 'NONE', #1919 ) ;
#604 = EDGE_CURVE ( 'NONE', #607, #656, #1918, .T. ) ;
#605 = VERTEX_POINT ( 'NONE', #1913 ) ;
#606 = ORIENTED_EDGE ( 'NONE', *, *, #601, .T. ) ;
#607 = VERTEX_POINT ( 'NONE', #1912 ) ;
#608 = ADVANCED_FACE ( 'NONE', ( #1911 ), #1910, .F. ) ;
#609 = EDGE_CURVE ( 'NONE', #662, #607, #1905, .T. ) ;
#610 = EDGE_LOOP ( 'NONE', ( #615, #613, #606, #595 ) ) ;
#611 = VERTEX_POINT ( 'NONE', #1901 ) ;
#612 = ORIENTED_EDGE ( 'NONE', *, *, #609, .F. ) ;
#613 = ORIENTED_EDGE ( 'NONE', *, *, #614, .T. ) ;
#614 = EDGE_CURVE ( 'NONE', #603, #605, #1900, .T. ) ;
#615 = ORIENTED_EDGE ( 'NONE', *, *, #616, .F. ) ;
#616 = EDGE_CURVE ( 'NONE', #603, #611, #1896, .T. ) ;
#617 = ORIENTED_EDGE ( 'NONE', *, *, #648, .F. ) ;
#618 = ORIENTED_EDGE ( 'NONE', *, *, #619, .F. ) ;
#619 = EDGE_CURVE ( 'NONE', #624, #643, #1952, .T. ) ;
#620 = ORIENTED_EDGE ( 'NONE', *, *, #621, .F. ) ;
#621 = EDGE_CURVE ( 'NONE', #684, #624, #1947, .T. ) ;
#622 = ORIENTED_EDGE ( 'NONE', *, *, #623, .F. ) ;
#623 = EDGE_CURVE ( 'NONE', #655, #503, #1942, .T. ) ;
#624 = VERTEX_POINT ( 'NONE', #1938 ) ;
#625 = ORIENTED_EDGE ( 'NONE', *, *, #506, .T. ) ;
#626 = ADVANCED_FACE ( 'NONE', ( #1937 ), #1936, .F. ) ;
#627 = ORIENTED_EDGE ( 'NONE', *, *, #840, .F. ) ;
#628 = EDGE_LOOP ( 'NONE', ( #625, #627, #774, #812 ) ) ;
#629 = ORIENTED_EDGE ( 'NONE', *, *, #623, .T. ) ;
#630 = EDGE_CURVE ( 'NONE', #80, #503, #1931, .T. ) ;
#631 = ORIENTED_EDGE ( 'NONE', *, *, #101, .F. ) ;
#632 = ORIENTED_EDGE ( 'NONE', *, *, #630, .F. ) ;
#633 = EDGE_CURVE ( 'NONE', #634, #700, #1927, .T. ) ;
#634 = VERTEX_POINT ( 'NONE', #1985 ) ;
#635 = ORIENTED_EDGE ( 'NONE', *, *, #636, .F. ) ;
#636 = EDGE_CURVE ( 'NONE', #637, #634, #1984, .T. ) ;
#637 = VERTEX_POINT ( 'NONE', #1980 ) ;
#638 = ADVANCED_FACE ( 'NONE', ( #1979 ), #1978, .T. ) ;
#639 = ORIENTED_EDGE ( 'NONE', *, *, #640, .F. ) ;
#640 = EDGE_CURVE ( 'NONE', #649, #642, #1973, .T. ) ;
#641 = ORIENTED_EDGE ( 'NONE', *, *, #356, .T. ) ;
#642 = VERTEX_POINT ( 'NONE', #1968 ) ;
#643 = VERTEX_POINT ( 'NONE', #1967 ) ;
#644 = ORIENTED_EDGE ( 'NONE', *, *, #648, .T. ) ;
#645 = EDGE_LOOP ( 'NONE', ( #639, #651, #683, #702 ) ) ;
#646 = EDGE_CURVE ( 'NONE', #593, #643, #1966, .T. ) ;
#647 = ORIENTED_EDGE ( 'NONE', *, *, #654, .F. ) ;
#648 = EDGE_CURVE ( 'NONE', #643, #655, #1962, .T. ) ;
#649 = VERTEX_POINT ( 'NONE', #1957 ) ;
#650 = ADVANCED_FACE ( 'NONE', ( #1956 ), #1955, .T. ) ;
#651 = ORIENTED_EDGE ( 'NONE', *, *, #652, .T. ) ;
#652 = EDGE_CURVE ( 'NONE', #649, #682, #2013, .T. ) ;
#653 = ORIENTED_EDGE ( 'NONE', *, *, #646, .T. ) ;
#654 = EDGE_CURVE ( 'NONE', #598, #655, #2009, .T. ) ;
#655 = VERTEX_POINT ( 'NONE', #2005 ) ;
#656 = VERTEX_POINT ( 'NONE', #2004 ) ;
#657 = ORIENTED_EDGE ( 'NONE', *, *, #604, .F. ) ;
#658 = MANIFOLD_SOLID_BREP ( 'NONE', #493 ) ;
#659 = ADVANCED_FACE ( 'NONE', ( #2042 ), #2041, .F. ) ;
#660 = EDGE_LOOP ( 'NONE', ( #667, #664, #657, #612 ) ) ;
#661 = ORIENTED_EDGE ( 'NONE', *, *, #602, .F. ) ;
#662 = VERTEX_POINT ( 'NONE', #2040 ) ;
#663 = VERTEX_POINT ( 'NONE', #2035 ) ;
#664 = ORIENTED_EDGE ( 'NONE', *, *, #665, .T. ) ;
#665 = EDGE_CURVE ( 'NONE', #663, #656, #2034, .T. ) ;
#666 = VERTEX_POINT ( 'NONE', #2030 ) ;
#667 = ORIENTED_EDGE ( 'NONE', *, *, #668, .T. ) ;
#668 = EDGE_CURVE ( 'NONE', #662, #663, #2029, .T. ) ;
#669 = VERTEX_POINT ( 'NONE', #2024 ) ;
#670 = EDGE_CURVE ( 'NONE', #611, #669, #2023, .T. ) ;
#671 = ADVANCED_FACE ( 'NONE', ( #2019 ), #2077, .T. ) ;
#672 = EDGE_CURVE ( 'NONE', #129, #666, #2073, .T. ) ;
#673 = VERTEX_POINT ( 'NONE', #2069 ) ;
#674 = EDGE_CURVE ( 'NONE', #673, #637, #2068, .T. ) ;
#675 = EDGE_CURVE ( 'NONE', #642, #684, #2064, .T. ) ;
#676 = ORIENTED_EDGE ( 'NONE', *, *, #633, .F. ) ;
#677 = EDGE_CURVE ( 'NONE', #708, #709, #2060, .T. ) ;
#678 = VERTEX_POINT ( 'NONE', #2056 ) ;
#679 = EDGE_CURVE ( 'NONE', #682, #684, #2055, .T. ) ;
#680 = EDGE_LOOP ( 'NONE', ( #685, #688, #715, #693 ) ) ;
#681 = ADVANCED_FACE ( 'NONE', ( #2050 ), #2049, .T. ) ;
#682 = VERTEX_POINT ( 'NONE', #2047 ) ;
#683 = ORIENTED_EDGE ( 'NONE', *, *, #679, .T. ) ;
#684 = VERTEX_POINT ( 'NONE', #2108 ) ;
#685 = ORIENTED_EDGE ( 'NONE', *, *, #686, .T. ) ;
#686 = EDGE_CURVE ( 'NONE', #692, #687, #2107, .T. ) ;
#687 = VERTEX_POINT ( 'NONE', #2103 ) ;
#688 = ORIENTED_EDGE ( 'NONE', *, *, #689, .T. ) ;
#689 = EDGE_CURVE ( 'NONE', #687, #714, #2102, .T. ) ;
#690 = ORIENTED_EDGE ( 'NONE', *, *, #691, .T. ) ;
#691 = EDGE_CURVE ( 'NONE', #703, #678, #2098, .T. ) ;
#692 = VERTEX_POINT ( 'NONE', #2094 ) ;
#693 = ORIENTED_EDGE ( 'NONE', *, *, #694, .F. ) ;
#694 = EDGE_CURVE ( 'NONE', #692, #711, #2093, .T. ) ;
#695 = EDGE_LOOP ( 'NONE', ( #698, #676, #635, #701, #760, #741, #752, #754, #830, #792, #825, #789 ) ) ;
#696 = ORIENTED_EDGE ( 'NONE', *, *, #697, .T. ) ;
#697 = EDGE_CURVE ( 'NONE', #678, #709, #2089, .T. ) ;
#698 = ORIENTED_EDGE ( 'NONE', *, *, #699, .F. ) ;
#699 = EDGE_CURVE ( 'NONE', #700, #713, #2085, .T. ) ;
#700 = VERTEX_POINT ( 'NONE', #2079 ) ;
#701 = ORIENTED_EDGE ( 'NONE', *, *, #674, .F. ) ;
#702 = ORIENTED_EDGE ( 'NONE', *, *, #675, .F. ) ;
#703 = VERTEX_POINT ( 'NONE', #2078 ) ;
#704 = ORIENTED_EDGE ( 'NONE', *, *, #677, .F. ) ;
#705 = EDGE_CURVE ( 'NONE', #703, #708, #2144, .T. ) ;
#706 = ORIENTED_EDGE ( 'NONE', *, *, #570, .F. ) ;
#707 = ORIENTED_EDGE ( 'NONE', *, *, #705, .F. ) ;
#708 = VERTEX_POINT ( 'NONE', #2140 ) ;
#709 = VERTEX_POINT ( 'NONE', #2139 ) ;
#710 = EDGE_LOOP ( 'NONE', ( #690, #696, #704, #707 ) ) ;
#711 = VERTEX_POINT ( 'NONE', #2138 ) ;
#712 = ADVANCED_FACE ( 'NONE', ( #2137, #2136, #2135, #2134 ), #2133, .T. ) ;
#713 = VERTEX_POINT ( 'NONE', #2132 ) ;
#714 = VERTEX_POINT ( 'NONE', #2127 ) ;
#715 = ORIENTED_EDGE ( 'NONE', *, *, #716, .F. ) ;
#716 = EDGE_CURVE ( 'NONE', #711, #714, #2126, .T. ) ;
#717 = EDGE_CURVE ( 'NONE', #3629, #3547, #2122, .T. ) ;
#718 = ORIENTED_EDGE ( 'NONE', *, *, #3625, .T. ) ;
#719 = EDGE_CURVE ( 'NONE', #709, #3309, #2118, .T. ) ;
#720 = ORIENTED_EDGE ( 'NONE', *, *, #740, .T. ) ;
#721 = EDGE_LOOP ( 'NONE', ( #726, #723, #724, #736 ) ) ;
#722 = ORIENTED_EDGE ( 'NONE', *, *, #3635, .T. ) ;
#723 = ORIENTED_EDGE ( 'NONE', *, *, #740, .F. ) ;
#724 = ORIENTED_EDGE ( 'NONE', *, *, #99, .T. ) ;
#725 = EDGE_LOOP ( 'NONE', ( #732, #797, #798, #520 ) ) ;
#726 = ORIENTED_EDGE ( 'NONE', *, *, #3546, .F. ) ;
#727 = ADVANCED_FACE ( 'NONE', ( #2114 ), #2111, .F. ) ;
#728 = ORIENTED_EDGE ( 'NONE', *, *, #26, .T. ) ;
#729 = ORIENTED_EDGE ( 'NONE', *, *, #694, .T. ) ;
#730 = VERTEX_POINT ( 'NONE', #2175 ) ;
#731 = ADVANCED_FACE ( 'NONE', ( #2174 ), #2173, .T. ) ;
#732 = ORIENTED_EDGE ( 'NONE', *, *, #733, .F. ) ;
#733 = EDGE_CURVE ( 'NONE', #70, #3534, #2168, .T. ) ;
#734 = ORIENTED_EDGE ( 'NONE', *, *, #3552, .F. ) ;
#735 = ORIENTED_EDGE ( 'NONE', *, *, #737, .F. ) ;
#736 = ORIENTED_EDGE ( 'NONE', *, *, #737, .T. ) ;
#737 = EDGE_CURVE ( 'NONE', #54, #3569, #2164, .T. ) ;
#738 = VERTEX_POINT ( 'NONE', #2160 ) ;
#739 = EDGE_LOOP ( 'NONE', ( #734, #735, #728, #729 ) ) ;
#740 = EDGE_CURVE ( 'NONE', #18, #3545, #2159, .T. ) ;
#741 = ORIENTED_EDGE ( 'NONE', *, *, #750, .F. ) ;
#742 = ORIENTED_EDGE ( 'NONE', *, *, #717, .F. ) ;
#743 = VERTEX_POINT ( 'NONE', #2155 ) ;
#744 = EDGE_CURVE ( 'NONE', #751, #673, #2154, .T. ) ;
#745 = ORIENTED_EDGE ( 'NONE', *, *, #3544, .F. ) ;
#746 = VERTEX_POINT ( 'NONE', #2149 ) ;
#747 = EDGE_CURVE ( 'NONE', #759, #743, #2148, .T. ) ;
#748 = ORIENTED_EDGE ( 'NONE', *, *, #879, .F. ) ;
#749 = ORIENTED_EDGE ( 'NONE', *, *, #405, .T. ) ;
#750 = EDGE_CURVE ( 'NONE', #746, #751, #2208, .T. ) ;
#751 = VERTEX_POINT ( 'NONE', #2204 ) ;
#752 = ORIENTED_EDGE ( 'NONE', *, *, #753, .F. ) ;
#753 = EDGE_CURVE ( 'NONE', #743, #746, #2203, .T. ) ;
#754 = ORIENTED_EDGE ( 'NONE', *, *, #747, .F. ) ;
#755 = ORIENTED_EDGE ( 'NONE', *, *, #766, .T. ) ;
#756 = ORIENTED_EDGE ( 'NONE', *, *, #827, .T. ) ;
#757 = ADVANCED_FACE ( 'NONE', ( #2199 ), #2198, .T. ) ;
#758 = EDGE_LOOP ( 'NONE', ( #745, #742, #722, #720 ) ) ;
#759 = VERTEX_POINT ( 'NONE', #2193 ) ;
#760 = ORIENTED_EDGE ( 'NONE', *, *, #744, .F. ) ;
#761 = EDGE_LOOP ( 'NONE', ( #778, #785, #816, #779 ) ) ;
#762 = EDGE_CURVE ( 'NONE', #784, #769, #2192, .T. ) ;
#763 = EDGE_CURVE ( 'NONE', #91, #510, #2188, .T. ) ;
#764 = ORIENTED_EDGE ( 'NONE', *, *, #766, .F. ) ;
#765 = ORIENTED_EDGE ( 'NONE', *, *, #154, .F. ) ;
#766 = EDGE_CURVE ( 'NONE', #795, #841, #2184, .T. ) ;
#767 = ADVANCED_FACE ( 'NONE', ( #2179 ), #2176, .T. ) ;
#768 = ORIENTED_EDGE ( 'NONE', *, *, #248, .F. ) ;
#769 = VERTEX_POINT ( 'NONE', #2239 ) ;
#770 = ORIENTED_EDGE ( 'NONE', *, *, #835, .F. ) ;
#771 = ORIENTED_EDGE ( 'NONE', *, *, #879, .T. ) ;
#772 = ORIENTED_EDGE ( 'NONE', *, *, #602, .T. ) ;
#773 = ORIENTED_EDGE ( 'NONE', *, *, #831, .F. ) ;
#774 = ORIENTED_EDGE ( 'NONE', *, *, #133, .F. ) ;
#775 = EDGE_CURVE ( 'NONE', #78, #259, #2238, .T. ) ;
#776 = ADVANCED_FACE ( 'NONE', ( #2234 ), #2233, .F. ) ;
#777 = EDGE_LOOP ( 'NONE', ( #783, #773, #824, #796 ) ) ;
#778 = ORIENTED_EDGE ( 'NONE', *, *, #411, .T. ) ;
#779 = ORIENTED_EDGE ( 'NONE', *, *, #780, .T. ) ;
#780 = EDGE_CURVE ( 'NONE', #128, #399, #2231, .T. ) ;
#781 = ADVANCED_FACE ( 'NONE', ( #2224 ), #2222, .F. ) ;
#782 = ADVANCED_FACE ( 'NONE', ( #2217 ), #2223, .F. ) ;
#783 = ORIENTED_EDGE ( 'NONE', *, *, #509, .T. ) ;
#784 = VERTEX_POINT ( 'NONE', #2214 ) ;
#785 = ORIENTED_EDGE ( 'NONE', *, *, #775, .F. ) ;
#786 = ADVANCED_FACE ( 'NONE', ( #2211 ), #2210, .T. ) ;
#787 = ORIENTED_EDGE ( 'NONE', *, *, #691, .F. ) ;
#788 = EDGE_LOOP ( 'NONE', ( #790, #832, #834, #765 ) ) ;
#789 = ORIENTED_EDGE ( 'NONE', *, *, #822, .F. ) ;
#790 = ORIENTED_EDGE ( 'NONE', *, *, #791, .F. ) ;
#791 = EDGE_CURVE ( 'NONE', #323, #3309, #2266, .T. ) ;
#792 = ORIENTED_EDGE ( 'NONE', *, *, #762, .F. ) ;
#793 = EDGE_CURVE ( 'NONE', #841, #703, #2262, .T. ) ;
#794 = EDGE_LOOP ( 'NONE', ( #817, #818, #820, #813 ) ) ;
#795 = VERTEX_POINT ( 'NONE', #2258 ) ;
#796 = ORIENTED_EDGE ( 'NONE', *, *, #840, .T. ) ;
#797 = ORIENTED_EDGE ( 'NONE', *, *, #93, .T. ) ;
#798 = ORIENTED_EDGE ( 'NONE', *, *, #717, .T. ) ;
#799 = ADVANCED_FACE ( 'NONE', ( #2257 ), #2256, .T. ) ;
#800 = EDGE_LOOP ( 'NONE', ( #803, #804, #805, #807 ) ) ;
#801 = ORIENTED_EDGE ( 'NONE', *, *, #847, .T. ) ;
#802 = EDGE_CURVE ( 'NONE', #678, #323, #2251, .T. ) ;
#803 = ORIENTED_EDGE ( 'NONE', *, *, #3556, .T. ) ;
#804 = ORIENTED_EDGE ( 'NONE', *, *, #3520, .T. ) ;
#805 = ORIENTED_EDGE ( 'NONE', *, *, #806, .T. ) ;
#806 = EDGE_CURVE ( 'NONE', #3510, #3499, #2247, .T. ) ;
#807 = ORIENTED_EDGE ( 'NONE', *, *, #3495, .T. ) ;
#808 = ADVANCED_FACE ( 'NONE', ( #2243 ), #2303, .T. ) ;
#809 = EDGE_LOOP ( 'NONE', ( #810, #865, #866 ) ) ;
#810 = ORIENTED_EDGE ( 'NONE', *, *, #863, .F. ) ;
#811 = ORIENTED_EDGE ( 'NONE', *, *, #802, .F. ) ;
#812 = ORIENTED_EDGE ( 'NONE', *, *, #763, .T. ) ;
#813 = ORIENTED_EDGE ( 'NONE', *, *, #775, .T. ) ;
#814 = ADVANCED_FACE ( 'NONE', ( #2242 ), #2298, .T. ) ;
#815 = ORIENTED_EDGE ( 'NONE', *, *, #35, .F. ) ;
#816 = ORIENTED_EDGE ( 'NONE', *, *, #96, .F. ) ;
#817 = ORIENTED_EDGE ( 'NONE', *, *, #345, .T. ) ;
#818 = ORIENTED_EDGE ( 'NONE', *, *, #819, .F. ) ;
#819 = EDGE_CURVE ( 'NONE', #82, #365, #2295, .T. ) ;
#820 = ORIENTED_EDGE ( 'NONE', *, *, #112, .F. ) ;
#821 = EDGE_LOOP ( 'NONE', ( #815, #826, #828, #829 ) ) ;
#822 = EDGE_CURVE ( 'NONE', #713, #839, #2288, .T. ) ;
#823 = EDGE_LOOP ( 'NONE', ( #787, #837, #764, #748, #3400, #811 ) ) ;
#824 = ORIENTED_EDGE ( 'NONE', *, *, #43, .F. ) ;
#825 = ORIENTED_EDGE ( 'NONE', *, *, #838, .F. ) ;
#826 = ORIENTED_EDGE ( 'NONE', *, *, #827, .F. ) ;
#827 = EDGE_CURVE ( 'NONE', #841, #29, #2284, .T. ) ;
#828 = ORIENTED_EDGE ( 'NONE', *, *, #793, .T. ) ;
#829 = ORIENTED_EDGE ( 'NONE', *, *, #705, .T. ) ;
#830 = ORIENTED_EDGE ( 'NONE', *, *, #833, .F. ) ;
#831 = EDGE_CURVE ( 'NONE', #14, #385, #2280, .T. ) ;
#832 = ORIENTED_EDGE ( 'NONE', *, *, #852, .T. ) ;
#833 = EDGE_CURVE ( 'NONE', #769, #759, #2276, .T. ) ;
#834 = ORIENTED_EDGE ( 'NONE', *, *, #835, .T. ) ;
#835 = EDGE_CURVE ( 'NONE', #546, #219, #2272, .T. ) ;
#836 = EDGE_LOOP ( 'NONE', ( #768, #770, #771, #772 ) ) ;
#837 = ORIENTED_EDGE ( 'NONE', *, *, #793, .F. ) ;
#838 = EDGE_CURVE ( 'NONE', #839, #784, #2333, .T. ) ;
#839 = VERTEX_POINT ( 'NONE', #2329 ) ;
#840 = EDGE_CURVE ( 'NONE', #48, #507, #2328, .T. ) ;
#841 = VERTEX_POINT ( 'NONE', #2324 ) ;
#842 = VERTEX_POINT ( 'NONE', #2323 ) ;
#843 = ORIENTED_EDGE ( 'NONE', *, *, #844, .F. ) ;
#844 = EDGE_CURVE ( 'NONE', #845, #842, #2322, .T. ) ;
#845 = VERTEX_POINT ( 'NONE', #2318 ) ;
#846 = ORIENTED_EDGE ( 'NONE', *, *, #562, .T. ) ;
#847 = EDGE_CURVE ( 'NONE', #2869, #867, #2317, .T. ) ;
#848 = ORIENTED_EDGE ( 'NONE', *, *, #849, .T. ) ;
#849 = EDGE_CURVE ( 'NONE', #864, #873, #2313, .T. ) ;
#850 = ADVANCED_FACE ( 'NONE', ( #2309 ), #2308, .F. ) ;
#851 = EDGE_LOOP ( 'NONE', ( #853, #854, #855 ) ) ;
#852 = EDGE_CURVE ( 'NONE', #323, #546, #2368, .T. ) ;
#853 = ORIENTED_EDGE ( 'NONE', *, *, #3517, .T. ) ;
#854 = ORIENTED_EDGE ( 'NONE', *, *, #872, .T. ) ;
#855 = ORIENTED_EDGE ( 'NONE', *, *, #856, .T. ) ;
#856 = EDGE_CURVE ( 'NONE', #873, #3498, #2364, .T. ) ;
#857 = ADVANCED_FACE ( 'NONE', ( #2360 ), #2358, .T. ) ;
#858 = EDGE_LOOP ( 'NONE', ( #859, #549, #542, #538 ) ) ;
#859 = ORIENTED_EDGE ( 'NONE', *, *, #860, .F. ) ;
#860 = EDGE_CURVE ( 'NONE', #861, #3488, #2359, .T. ) ;
#861 = VERTEX_POINT ( 'NONE', #2349 ) ;
#862 = VERTEX_POINT ( 'NONE', #2348 ) ;
#863 = EDGE_CURVE ( 'NONE', #3510, #864, #2347, .T. ) ;
#864 = VERTEX_POINT ( 'NONE', #2342 ) ;
#865 = ORIENTED_EDGE ( 'NONE', *, *, #3507, .F. ) ;
#866 = ORIENTED_EDGE ( 'NONE', *, *, #868, .F. ) ;
#867 = VERTEX_POINT ( 'NONE', #2341 ) ;
#868 = EDGE_CURVE ( 'NONE', #864, #3488, #2340, .T. ) ;
#869 = ADVANCED_FACE ( 'NONE', ( #2336 ), #2335, .T. ) ;
#870 = EDGE_LOOP ( 'NONE', ( #871, #874, #875, #848 ) ) ;
#871 = ORIENTED_EDGE ( 'NONE', *, *, #872, .F. ) ;
#872 = EDGE_CURVE ( 'NONE', #3499, #873, #2396, .T. ) ;
#873 = VERTEX_POINT ( 'NONE', #2389 ) ;
#874 = ORIENTED_EDGE ( 'NONE', *, *, #806, .F. ) ;
#875 = ORIENTED_EDGE ( 'NONE', *, *, #863, .T. ) ;
#876 = ORIENTED_EDGE ( 'NONE', *, *, #877, .F. ) ;
#877 = EDGE_CURVE ( 'NONE', #3488, #3498, #2388, .T. ) ;
#878 = ORIENTED_EDGE ( 'NONE', *, *, #3509, .F. ) ;
#879 = EDGE_CURVE ( 'NONE', #546, #795, #2384, .T. ) ;
#880 = ADVANCED_FACE ( 'NONE', ( #2380 ), #2378, .F. ) ;
#881 = CARTESIAN_POINT ( 'NONE',  ( 0.4570000000000004100, -0.1459999999999999400, 0.06249999999999997900 ) ) ;
#882 = DIRECTION ( 'NONE',  ( 2.543611853704188500E-016, -0.0000000000000000000, -1.000000000000000000 ) ) ;
#883 = VECTOR ( 'NONE', #882, 39.37007874015748100 ) ;
#884 = CARTESIAN_POINT ( 'NONE',  ( 0.2170000000000000300, 0.01000000000000000000, -0.1409999999999999000 ) ) ;
#885 = LINE ( 'NONE', #884, #883 ) ;
#886 = DIRECTION ( 'NONE',  ( 0.0000000000000000000, -1.000000000000000000, 0.0000000000000000000 ) ) ;
#887 = DIRECTION ( 'NONE',  ( 0.0000000000000000000, 0.0000000000000000000, -1.000000000000000000 ) ) ;
#888 = AXIS2_PLACEMENT_3D ( 'NONE', #889, #887, #886 ) ;
#889 = CARTESIAN_POINT ( 'NONE',  ( 0.3420000000000003600, -0.1259999999999999500, -0.06250000000000000000 ) ) ;
#890 = CYLINDRICAL_SURFACE ( 'NONE', #888, 0.009999999999999995000 ) ;
#891 = FACE_OUTER_BOUND ( 'NONE', #8, .T. ) ;
#892 = DIRECTION ( 'NONE',  ( -1.000000000000000000, 0.0000000000000000000, 0.0000000000000000000 ) ) ;
#893 = DIRECTION ( 'NONE',  ( -0.0000000000000000000, -0.0000000000000000000, 1.000000000000000000 ) ) ;
#894 = CARTESIAN_POINT ( 'NONE',  ( 0.3420000000000003600, -0.1259999999999999500, 0.06250000000000000000 ) ) ;
#895 = AXIS2_PLACEMENT_3D ( 'NONE', #894, #893, #892 ) ;
#896 = CIRCLE ( 'NONE', #895, 0.01000000000000003000 ) ;
#897 = ADVANCED_FACE ( 'NONE', ( #2373 ), #2369, .F. ) ;
#898 = DIRECTION ( 'NONE',  ( 1.000000000000000000, 0.0000000000000000000, 0.0000000000000000000 ) ) ;
#899 = VECTOR ( 'NONE', #898, 39.37007874015748100 ) ;
#900 = CARTESIAN_POINT ( 'NONE',  ( -0.1249999999999999600, 0.01000000000000000000, 0.3239999999999999000 ) ) ;
#901 = LINE ( 'NONE', #900, #899 ) ;
#902 = CARTESIAN_POINT ( 'NONE',  ( 0.1240000000000005300, 0.01000000000000000000, -0.006749564458608579500 ) ) ;
#903 = DIRECTION ( 'NONE',  ( 0.0000000000000000000, 0.0000000000000000000, 1.000000000000000000 ) ) ;
#904 = VECTOR ( 'NONE', #903, 39.37007874015748100 ) ;
#905 = CARTESIAN_POINT ( 'NONE',  ( -0.3120000000000001100, 0.01000000000000000000, -0.1250000000000000000 ) ) ;
#906 = LINE ( 'NONE', #905, #904 ) ;
#907 = DIRECTION ( 'NONE',  ( -1.000000000000000000, 0.0000000000000000000, 0.0000000000000000000 ) ) ;
#908 = DIRECTION ( 'NONE',  ( -0.0000000000000000000, -0.0000000000000000000, 1.000000000000000000 ) ) ;
#909 = CARTESIAN_POINT ( 'NONE',  ( 0.3420000000000003600, -0.1259999999999999500, 0.06250000000000000000 ) ) ;
#910 = AXIS2_PLACEMENT_3D ( 'NONE', #909, #908, #907 ) ;
#911 = CIRCLE ( 'NONE', #910, 0.01999999999999999000 ) ;
#912 = CARTESIAN_POINT ( 'NONE',  ( -0.3019999999999998800, 0.01000000000000000000, 0.1250000000000000000 ) ) ;
#913 = DIRECTION ( 'NONE',  ( -1.000000000000000000, -0.0000000000000000000, -0.0000000000000000000 ) ) ;
#914 = VECTOR ( 'NONE', #913, 39.37007874015748100 ) ;
#915 = CARTESIAN_POINT ( 'NONE',  ( 0.3320000000000004100, -0.1359999999999999300, -0.06250000000000000000 ) ) ;
#916 = LINE ( 'NONE', #915, #914 ) ;
#917 = DIRECTION ( 'NONE',  ( 0.6645968621233677700, 0.0000000000000000000, 0.7472021218223173800 ) ) ;
#918 = VECTOR ( 'NONE', #917, 39.37007874015748900 ) ;
#919 = CARTESIAN_POINT ( 'NONE',  ( -0.3019999999999998800, 0.01000000000000000000, 0.1250000000000000000 ) ) ;
#920 = LINE ( 'NONE', #919, #918 ) ;
#921 = CARTESIAN_POINT ( 'NONE',  ( 0.4570000000000004100, -0.1359999999999999300, -0.06250000000000000000 ) ) ;
#922 = DIRECTION ( 'NONE',  ( 0.0000000000000000000, -0.0000000000000000000, 1.000000000000000000 ) ) ;
#923 = DIRECTION ( 'NONE',  ( 0.0000000000000000000, 1.000000000000000000, 0.0000000000000000000 ) ) ;
#924 = CARTESIAN_POINT ( 'NONE',  ( 0.1769999999999998800, 0.0000000000000000000, -0.1249999999999999400 ) ) ;
#925 = AXIS2_PLACEMENT_3D ( 'NONE', #924, #923, #922 ) ;
#926 = PLANE ( 'NONE',  #925 ) ;
#927 = FACE_BOUND ( 'NONE', #3521, .T. ) ;
#928 = FACE_OUTER_BOUND ( 'NONE', #157, .T. ) ;
#929 = DIRECTION ( 'NONE',  ( 0.0000000000000000000, -1.000000000000000000, 0.0000000000000000000 ) ) ;
#930 = DIRECTION ( 'NONE',  ( 0.0000000000000000000, 0.0000000000000000000, -1.000000000000000000 ) ) ;
#931 = AXIS2_PLACEMENT_3D ( 'NONE', #933, #930, #929 ) ;
#932 = FACE_BOUND ( 'NONE', #9, .T. ) ;
#933 = CARTESIAN_POINT ( 'NONE',  ( 0.3420000000000003600, -0.1259999999999999500, -0.06250000000000000000 ) ) ;
#934 = CYLINDRICAL_SURFACE ( 'NONE', #931, 0.01999999999999999000 ) ;
#935 = FACE_OUTER_BOUND ( 'NONE', #36, .T. ) ;
#936 = DIRECTION ( 'NONE',  ( 3.052334224445023800E-015, -0.0000000000000000000, -1.000000000000000000 ) ) ;
#937 = VECTOR ( 'NONE', #936, 39.37007874015748100 ) ;
#938 = CARTESIAN_POINT ( 'NONE',  ( -0.1240000000000001400, 0.0000000000000000000, -0.1409999999999999000 ) ) ;
#939 = LINE ( 'NONE', #938, #937 ) ;
#940 = CARTESIAN_POINT ( 'NONE',  ( -0.1240000000000006100, 0.0000000000000000000, -0.006749564458608596000 ) ) ;
#941 = DIRECTION ( 'NONE',  ( 0.0000000000000000000, 0.0000000000000000000, -1.000000000000000000 ) ) ;
#942 = VECTOR ( 'NONE', #941, 39.37007874015748100 ) ;
#943 = CARTESIAN_POINT ( 'NONE',  ( 0.3420000000000003600, -0.1459999999999999400, -0.06250000000000000000 ) ) ;
#944 = LINE ( 'NONE', #943, #942 ) ;
#945 = DIRECTION ( 'NONE',  ( 1.000000000000000000, 0.0000000000000000000, -1.365923996832131400E-016 ) ) ;
#946 = VECTOR ( 'NONE', #945, 39.37007874015748100 ) ;
#947 = CARTESIAN_POINT ( 'NONE',  ( 0.4570000000000004100, -0.1459999999999999400, 0.06249999999999997900 ) ) ;
#948 = LINE ( 'NONE', #947, #946 ) ;
#949 = CARTESIAN_POINT ( 'NONE',  ( 0.4570000000000004100, -0.1359999999999999300, 0.06249999999999997900 ) ) ;
#950 = DIRECTION ( 'NONE',  ( -4.107869966337225200E-017, 1.000000000000000000, 0.0000000000000000000 ) ) ;
#951 = VECTOR ( 'NONE', #950, 39.37007874015748100 ) ;
#952 = CARTESIAN_POINT ( 'NONE',  ( 0.4570000000000004100, -0.1459999999999999400, 0.06249999999999997900 ) ) ;
#953 = LINE ( 'NONE', #952, #951 ) ;
#954 = DIRECTION ( 'NONE',  ( 0.0000000000000000000, -0.0000000000000000000, -1.000000000000000000 ) ) ;
#955 = DIRECTION ( 'NONE',  ( 0.0000000000000000000, -1.000000000000000000, 0.0000000000000000000 ) ) ;
#956 = CARTESIAN_POINT ( 'NONE',  ( 0.3320000000000004100, -0.1459999999999999400, -0.06250000000000000000 ) ) ;
#957 = AXIS2_PLACEMENT_3D ( 'NONE', #956, #955, #954 ) ;
#958 = PLANE ( 'NONE',  #957 ) ;
#959 = FACE_OUTER_BOUND ( 'NONE', #76, .T. ) ;
#960 = FACE_BOUND ( 'NONE', #22, .T. ) ;
#961 = CARTESIAN_POINT ( 'NONE',  ( 0.2170000000000000000, 0.01000000000000000000, -0.006749564458608604600 ) ) ;
#962 = DIRECTION ( 'NONE',  ( -1.000000000000000000, 0.0000000000000000000, -0.0000000000000000000 ) ) ;
#963 = DIRECTION ( 'NONE',  ( 0.0000000000000000000, 0.0000000000000000000, -1.000000000000000000 ) ) ;
#964 = CARTESIAN_POINT ( 'NONE',  ( 0.3320000000000004100, -0.1459999999999999400, -0.06250000000000000000 ) ) ;
#965 = AXIS2_PLACEMENT_3D ( 'NONE', #964, #963, #962 ) ;
#966 = PLANE ( 'NONE',  #965 ) ;
#967 = FACE_OUTER_BOUND ( 'NONE', #10, .T. ) ;
#968 = DIRECTION ( 'NONE',  ( -0.0000000000000000000, -0.0000000000000000000, -1.000000000000000000 ) ) ;
#969 = VECTOR ( 'NONE', #968, 39.37007874015748100 ) ;
#970 = CARTESIAN_POINT ( 'NONE',  ( 0.3420000000000003600, -0.1359999999999999300, 0.06249999999999999300 ) ) ;
#971 = LINE ( 'NONE', #970, #969 ) ;
#972 = DIRECTION ( 'NONE',  ( -1.000000000000000000, 0.0000000000000000000, 0.0000000000000000000 ) ) ;
#973 = VECTOR ( 'NONE', #972, 39.37007874015748100 ) ;
#974 = CARTESIAN_POINT ( 'NONE',  ( 0.3320000000000004100, -0.1459999999999999400, -0.06250000000000000000 ) ) ;
#975 = LINE ( 'NONE', #974, #973 ) ;
#976 = DIRECTION ( 'NONE',  ( -1.000000000000000000, -0.0000000000000000000, -0.0000000000000000000 ) ) ;
#977 = CARTESIAN_POINT ( 'NONE',  ( 0.1240000000000000100, 0.01000000000000000000, -0.1409999999999999000 ) ) ;
#978 = LINE ( 'NONE', #977, #1039 ) ;
#979 = CARTESIAN_POINT ( 'NONE',  ( -0.3120000000000001100, 0.01000000000000000000, 0.1250000000000000000 ) ) ;
#980 = DIRECTION ( 'NONE',  ( 0.0000000000000000000, 0.0000000000000000000, -1.000000000000000000 ) ) ;
#981 = VECTOR ( 'NONE', #980, 39.37007874015748100 ) ;
#982 = CARTESIAN_POINT ( 'NONE',  ( 0.4570000000000004100, -0.1459999999999999400, -0.06250000000000000000 ) ) ;
#983 = LINE ( 'NONE', #982, #981 ) ;
#984 = DIRECTION ( 'NONE',  ( 0.0000000000000000000, -0.0000000000000000000, -1.000000000000000000 ) ) ;
#985 = DIRECTION ( 'NONE',  ( 0.0000000000000000000, -1.000000000000000000, 0.0000000000000000000 ) ) ;
#986 = CARTESIAN_POINT ( 'NONE',  ( 0.3320000000000004100, -0.1359999999999999300, -0.06250000000000000000 ) ) ;
#987 = AXIS2_PLACEMENT_3D ( 'NONE', #986, #985, #984 ) ;
#988 = PLANE ( 'NONE',  #987 ) ;
#989 = FACE_OUTER_BOUND ( 'NONE', #109, .T. ) ;
#990 = FACE_BOUND ( 'NONE', #37, .T. ) ;
#991 = CARTESIAN_POINT ( 'NONE',  ( -0.09005209782894693600, 0.01000000000000000000, -0.2148056919579878200 ) ) ;
#992 = CARTESIAN_POINT ( 'NONE',  ( 0.3119999999999998300, 0.01000000000000003100, 0.1250000000000000000 ) ) ;
#993 = CARTESIAN_POINT ( 'NONE',  ( -0.3119999999999998300, 0.01000000000000003100, -0.1250000000000000000 ) ) ;
#994 = CARTESIAN_POINT ( 'NONE',  ( 0.3019999999999998800, 0.01000000000000000000, 0.1250000000000000000 ) ) ;
#995 = CARTESIAN_POINT ( 'NONE',  ( 0.1250000000000000000, 0.01000000000000000400, -0.1409999999999999900 ) ) ;
#996 = DIRECTION ( 'NONE',  ( -4.107869966337225200E-017, 1.000000000000000000, 0.0000000000000000000 ) ) ;
#997 = VECTOR ( 'NONE', #996, 39.37007874015748100 ) ;
#998 = CARTESIAN_POINT ( 'NONE',  ( 0.4570000000000004100, -0.1459999999999999400, -0.06250000000000000000 ) ) ;
#999 = DIRECTION ( 'NONE',  ( 1.000000000000000000, 0.0000000000000000000, -1.365923996832131400E-016 ) ) ;
#1000 = DIRECTION ( 'NONE',  ( 1.365923996832131400E-016, 5.611038162886015400E-033, 1.000000000000000000 ) ) ;
#1001 = CARTESIAN_POINT ( 'NONE',  ( 0.4570000000000004100, -0.1459999999999999400, 0.06249999999999997900 ) ) ;
#1002 = AXIS2_PLACEMENT_3D ( 'NONE', #1001, #1000, #999 ) ;
#1003 = PLANE ( 'NONE',  #1002 ) ;
#1004 = LINE ( 'NONE', #998, #997 ) ;
#1005 = FACE_OUTER_BOUND ( 'NONE', #65, .T. ) ;
#1006 = DIRECTION ( 'NONE',  ( 1.000000000000000000, -0.0000000000000000000, -1.365923996832131400E-016 ) ) ;
#1007 = VECTOR ( 'NONE', #1006, 39.37007874015748100 ) ;
#1008 = CARTESIAN_POINT ( 'NONE',  ( 0.3320000000000004100, -0.1359999999999999300, 0.06250000000000000000 ) ) ;
#1009 = LINE ( 'NONE', #1008, #1007 ) ;
#1010 = LINE ( 'NONE', #1071, #1070 ) ;
#1011 = DIRECTION ( 'NONE',  ( -0.0000000000000000000, -0.0000000000000000000, -1.000000000000000000 ) ) ;
#1012 = VECTOR ( 'NONE', #1011, 39.37007874015748100 ) ;
#1013 = CARTESIAN_POINT ( 'NONE',  ( 0.4570000000000004100, -0.1359999999999999300, -0.06250000000000000000 ) ) ;
#1014 = DIRECTION ( 'NONE',  ( -4.107869966337225200E-017, 1.000000000000000000, 0.0000000000000000000 ) ) ;
#1015 = DIRECTION ( 'NONE',  ( 1.000000000000000000, 4.107869966337225200E-017, -0.0000000000000000000 ) ) ;
#1016 = CARTESIAN_POINT ( 'NONE',  ( 0.4570000000000004100, -0.1459999999999999400, -0.06250000000000000000 ) ) ;
#1017 = LINE ( 'NONE', #1013, #1012 ) ;
#1018 = AXIS2_PLACEMENT_3D ( 'NONE', #1016, #1015, #1014 ) ;
#1019 = PLANE ( 'NONE',  #1018 ) ;
#1020 = FACE_OUTER_BOUND ( 'NONE', #100, .T. ) ;
#1021 = DIRECTION ( 'NONE',  ( 0.0000000000000000000, 0.0000000000000000000, -1.000000000000000000 ) ) ;
#1022 = DIRECTION ( 'NONE',  ( -0.0000000000000000000, 1.000000000000000000, -0.0000000000000000000 ) ) ;
#1023 = CARTESIAN_POINT ( 'NONE',  ( 0.3945000000000004100, -0.1459999999999999400, -4.268512490100411300E-018 ) ) ;
#1024 = AXIS2_PLACEMENT_3D ( 'NONE', #1023, #1022, #1021 ) ;
#1025 = CIRCLE ( 'NONE', #1024, 0.02349999999999999300 ) ;
#1026 = DIRECTION ( 'NONE',  ( -1.000000000000000000, -0.0000000000000000000, -0.0000000000000000000 ) ) ;
#1027 = VECTOR ( 'NONE', #1026, 39.37007874015748100 ) ;
#1028 = CARTESIAN_POINT ( 'NONE',  ( -0.3120000000000001100, 0.01000000000000000000, -0.1250000000000000000 ) ) ;
#1029 = LINE ( 'NONE', #1028, #1027 ) ;
#1030 = DIRECTION ( 'NONE',  ( 0.0000000000000000000, 0.0000000000000000000, -1.000000000000000000 ) ) ;
#1031 = DIRECTION ( 'NONE',  ( 0.0000000000000000000, 1.000000000000000000, -0.0000000000000000000 ) ) ;
#1032 = CARTESIAN_POINT ( 'NONE',  ( 0.1705000000000002600, 0.01000000000000000000, 0.06499999999999996100 ) ) ;
#1033 = AXIS2_PLACEMENT_3D ( 'NONE', #1032, #1031, #1030 ) ;
#1034 = CIRCLE ( 'NONE', #1033, 0.08549999999999997900 ) ;
#1035 = DIRECTION ( 'NONE',  ( 0.6645968621233676600, -0.0000000000000000000, -0.7472021218223174900 ) ) ;
#1036 = VECTOR ( 'NONE', #1035, 39.37007874015748100 ) ;
#1037 = CARTESIAN_POINT ( 'NONE',  ( 0.3019999999999998800, 0.01000000000000000000, 0.1250000000000000000 ) ) ;
#1038 = LINE ( 'NONE', #1037, #1036 ) ;
#1039 = VECTOR ( 'NONE', #976, 39.37007874015748100 ) ;
#1040 = CYLINDRICAL_SURFACE ( 'NONE', #1042, 0.02349999999999996900 ) ;
#1041 = CARTESIAN_POINT ( 'NONE',  ( 0.3945000000000004100, -0.1459999999999999400, -4.268512490100411300E-018 ) ) ;
#1042 = AXIS2_PLACEMENT_3D ( 'NONE', #1041, #1102, #1101 ) ;
#1043 = FACE_OUTER_BOUND ( 'NONE', #97, .T. ) ;
#1044 = DIRECTION ( 'NONE',  ( 0.0000000000000000000, 0.0000000000000000000, -1.000000000000000000 ) ) ;
#1045 = DIRECTION ( 'NONE',  ( 0.0000000000000000000, 1.000000000000000000, -0.0000000000000000000 ) ) ;
#1046 = AXIS2_PLACEMENT_3D ( 'NONE', #1051, #1045, #1044 ) ;
#1047 = CIRCLE ( 'NONE', #1046, 0.1249999999999999900 ) ;
#1048 = DIRECTION ( 'NONE',  ( 1.000000000000000000, 0.0000000000000000000, 0.0000000000000000000 ) ) ;
#1049 = DIRECTION ( 'NONE',  ( 0.0000000000000000000, -0.0000000000000000000, 1.000000000000000000 ) ) ;
#1050 = CARTESIAN_POINT ( 'NONE',  ( -0.3119999999999998300, -0.009999999999999998500, 0.1250000000000000000 ) ) ;
#1051 = CARTESIAN_POINT ( 'NONE',  ( -0.1769999999999998800, 0.01000000000000000000, -0.1249999999999999400 ) ) ;
#1052 = AXIS2_PLACEMENT_3D ( 'NONE', #1050, #1049, #1048 ) ;
#1053 = PLANE ( 'NONE',  #1052 ) ;
#1054 = FACE_OUTER_BOUND ( 'NONE', #119, .T. ) ;
#1055 = DIRECTION ( 'NONE',  ( -1.000000000000000000, 3.532562060772754300E-015, -0.0000000000000000000 ) ) ;
#1056 = VECTOR ( 'NONE', #1055, 39.37007874015748100 ) ;
#1057 = CARTESIAN_POINT ( 'NONE',  ( -0.3319999999999999100, -0.009999999999999925600, 0.1250000000000000000 ) ) ;
#1058 = LINE ( 'NONE', #1057, #1056 ) ;
#1059 = DIRECTION ( 'NONE',  ( 0.0000000000000000000, 0.0000000000000000000, -1.000000000000000000 ) ) ;
#1060 = DIRECTION ( 'NONE',  ( -0.0000000000000000000, 1.000000000000000000, -0.0000000000000000000 ) ) ;
#1061 = CARTESIAN_POINT ( 'NONE',  ( 0.3945000000000004100, -0.1359999999999999300, -4.268512490100411300E-018 ) ) ;
#1062 = AXIS2_PLACEMENT_3D ( 'NONE', #1061, #1060, #1059 ) ;
#1063 = CIRCLE ( 'NONE', #1062, 0.02349999999999999300 ) ;
#1064 = DIRECTION ( 'NONE',  ( 0.0000000000000000000, 0.0000000000000000000, 1.000000000000000000 ) ) ;
#1065 = DIRECTION ( 'NONE',  ( -0.0000000000000000000, -1.000000000000000000, -0.0000000000000000000 ) ) ;
#1066 = CARTESIAN_POINT ( 'NONE',  ( 7.303219981961819300E-019, 0.01000000000000000000, -0.3220000000000000100 ) ) ;
#1067 = AXIS2_PLACEMENT_3D ( 'NONE', #1066, #1065, #1064 ) ;
#1068 = CIRCLE ( 'NONE', #1067, 0.1400000000000000400 ) ;
#1069 = DIRECTION ( 'NONE',  ( 1.000000000000000000, -0.0000000000000000000, -0.0000000000000000000 ) ) ;
#1070 = VECTOR ( 'NONE', #1069, 39.37007874015748100 ) ;
#1071 = CARTESIAN_POINT ( 'NONE',  ( 0.3119999999999998300, 0.01000000000000000000, 0.1250000000000000000 ) ) ;
#1072 = AXIS2_PLACEMENT_3D ( 'NONE', #1133, #1132, #1131 ) ;
#1073 = CYLINDRICAL_SURFACE ( 'NONE', #1072, 0.01000000000000003000 ) ;
#1074 = FACE_OUTER_BOUND ( 'NONE', #145, .T. ) ;
#1075 = CARTESIAN_POINT ( 'NONE',  ( -0.3319999999999999100, -0.009999999999999925600, 0.1250000000000000000 ) ) ;
#1076 = DIRECTION ( 'NONE',  ( -1.000000000000000000, 0.0000000000000000000, 0.0000000000000000000 ) ) ;
#1077 = DIRECTION ( 'NONE',  ( -0.0000000000000000000, -0.0000000000000000000, 1.000000000000000000 ) ) ;
#1078 = CARTESIAN_POINT ( 'NONE',  ( -0.3119999999999998300, -0.009999999999999998500, 0.1250000000000000000 ) ) ;
#1079 = AXIS2_PLACEMENT_3D ( 'NONE', #1078, #1077, #1076 ) ;
#1080 = CIRCLE ( 'NONE', #1079, 0.01000000000000003000 ) ;
#1081 = DIRECTION ( 'NONE',  ( -0.0000000000000000000, -0.0000000000000000000, -1.000000000000000000 ) ) ;
#1082 = VECTOR ( 'NONE', #1081, 39.37007874015748100 ) ;
#1083 = CARTESIAN_POINT ( 'NONE',  ( 0.3119999999999998300, 0.01000000000000000000, -0.1250000000000000000 ) ) ;
#1084 = LINE ( 'NONE', #1083, #1082 ) ;
#1085 = DIRECTION ( 'NONE',  ( -1.000000000000000000, 0.0000000000000000000, 0.0000000000000000000 ) ) ;
#1086 = DIRECTION ( 'NONE',  ( -0.0000000000000000000, -0.0000000000000000000, 1.000000000000000000 ) ) ;
#1087 = CARTESIAN_POINT ( 'NONE',  ( -0.3119999999999998300, -0.009999999999999998500, 0.1250000000000000000 ) ) ;
#1088 = AXIS2_PLACEMENT_3D ( 'NONE', #1087, #1086, #1085 ) ;
#1089 = CIRCLE ( 'NONE', #1088, 0.02000000000000005900 ) ;
#1090 = CARTESIAN_POINT ( 'NONE',  ( -0.3219999999999999000, -0.009999999999999962000, 0.1250000000000000000 ) ) ;
#1091 = DIRECTION ( 'NONE',  ( 1.000000000000000000, 0.0000000000000000000, 0.0000000000000000000 ) ) ;
#1092 = VECTOR ( 'NONE', #1091, 39.37007874015748100 ) ;
#1093 = CARTESIAN_POINT ( 'NONE',  ( -0.3120000000000001100, 0.01000000000000000000, 0.1250000000000000000 ) ) ;
#1094 = DIRECTION ( 'NONE',  ( -1.000000000000000000, 0.0000000000000000000, 0.0000000000000000000 ) ) ;
#1095 = DIRECTION ( 'NONE',  ( 0.0000000000000000000, 0.0000000000000000000, -1.000000000000000000 ) ) ;
#1096 = CARTESIAN_POINT ( 'NONE',  ( -0.3119999999999998300, -0.009999999999999998500, -0.1250000000000000000 ) ) ;
#1097 = AXIS2_PLACEMENT_3D ( 'NONE', #1096, #1095, #1094 ) ;
#1098 = CIRCLE ( 'NONE', #1097, 0.01000000000000003000 ) ;
#1099 = LINE ( 'NONE', #1093, #1092 ) ;
#1100 = CARTESIAN_POINT ( 'NONE',  ( -0.3219999999999999000, -0.009999999999999962000, -0.1250000000000000000 ) ) ;
#1101 = DIRECTION ( 'NONE',  ( -1.000000000000000000, 0.0000000000000000000, 0.0000000000000000000 ) ) ;
#1102 = DIRECTION ( 'NONE',  ( -4.107869966337225200E-017, 1.000000000000000000, 0.0000000000000000000 ) ) ;
#1103 = CARTESIAN_POINT ( 'NONE',  ( 0.1250000000000000300, 0.01000000000000000000, 0.3239999999999999000 ) ) ;
#1104 = CARTESIAN_POINT ( 'NONE',  ( -0.3220000000000002300, -0.1160000000000000100, -0.1250000000000000000 ) ) ;
#1105 = LINE ( 'NONE', #1104, #3566 ) ;
#1106 = DIRECTION ( 'NONE',  ( -0.0000000000000000000, -1.000000000000000000, -0.0000000000000000000 ) ) ;
#1107 = DIRECTION ( 'NONE',  ( 1.000000000000000000, -3.491483361109382900E-015, 0.0000000000000000000 ) ) ;
#1108 = VECTOR ( 'NONE', #1107, 39.37007874015748100 ) ;
#1109 = CARTESIAN_POINT ( 'NONE',  ( -0.3320000000000002400, -0.1159999999999999800, -0.1250000000000000000 ) ) ;
#1110 = LINE ( 'NONE', #1109, #1108 ) ;
#1111 = DIRECTION ( 'NONE',  ( -1.000000000000000000, 0.0000000000000000000, 0.0000000000000000000 ) ) ;
#1112 = DIRECTION ( 'NONE',  ( 0.0000000000000000000, 0.0000000000000000000, -1.000000000000000000 ) ) ;
#1113 = CARTESIAN_POINT ( 'NONE',  ( -0.3119999999999998300, -0.009999999999999998500, -0.1250000000000000000 ) ) ;
#1114 = AXIS2_PLACEMENT_3D ( 'NONE', #1113, #1112, #1111 ) ;
#1115 = CIRCLE ( 'NONE', #1114, 0.02000000000000005900 ) ;
#1116 = DIRECTION ( 'NONE',  ( -1.000000000000000000, 3.521522804332828700E-015, 0.0000000000000000000 ) ) ;
#1117 = DIRECTION ( 'NONE',  ( 0.0000000000000000000, 0.0000000000000000000, -1.000000000000000000 ) ) ;
#1118 = CARTESIAN_POINT ( 'NONE',  ( -0.3119999999999998300, -0.009999999999999998500, -0.1250000000000000000 ) ) ;
#1119 = AXIS2_PLACEMENT_3D ( 'NONE', #1118, #1117, #1116 ) ;
#1120 = CYLINDRICAL_SURFACE ( 'NONE', #1119, 0.02000000000000005900 ) ;
#1121 = CARTESIAN_POINT ( 'NONE',  ( -0.3220000000000002300, -0.1160000000000000100, -0.1250000000000000000 ) ) ;
#1122 = FACE_OUTER_BOUND ( 'NONE', #146, .T. ) ;
#1123 = DIRECTION ( 'NONE',  ( -1.000000000000000000, 0.0000000000000000000, 1.835919350580821900E-016 ) ) ;
#1124 = VECTOR ( 'NONE', #1123, 39.37007874015748100 ) ;
#1125 = CARTESIAN_POINT ( 'NONE',  ( -0.1240000000000001400, 0.0000000000000000000, -0.1409999999999999000 ) ) ;
#1126 = LINE ( 'NONE', #1125, #1124 ) ;
#1127 = DIRECTION ( 'NONE',  ( 0.0000000000000000000, 0.0000000000000000000, -1.000000000000000000 ) ) ;
#1128 = VECTOR ( 'NONE', #1127, 39.37007874015748100 ) ;
#1129 = CARTESIAN_POINT ( 'NONE',  ( -0.3319999999999999100, -0.009999999999999925600, 0.1250000000000000000 ) ) ;
#1130 = LINE ( 'NONE', #1129, #1128 ) ;
#1131 = DIRECTION ( 'NONE',  ( -1.000000000000000000, 3.628235616585339000E-015, 0.0000000000000000000 ) ) ;
#1132 = DIRECTION ( 'NONE',  ( 0.0000000000000000000, 0.0000000000000000000, -1.000000000000000000 ) ) ;
#1133 = CARTESIAN_POINT ( 'NONE',  ( -0.3119999999999998300, -0.009999999999999998500, -0.1250000000000000000 ) ) ;
#1134 = PLANE ( 'NONE',  #1194 ) ;
#1135 = DIRECTION ( 'NONE',  ( 3.532562060772754300E-015, 1.000000000000000000, -0.0000000000000000000 ) ) ;
#1136 = VECTOR ( 'NONE', #1135, 39.37007874015748100 ) ;
#1137 = ADVANCED_FACE ( 'NONE', ( #2429 ), #2428, .T. ) ;
#1138 = CARTESIAN_POINT ( 'NONE',  ( -0.3319999999999998500, 3.491483361109382400E-017, 0.1250000000000000000 ) ) ;
#1139 = LINE ( 'NONE', #1138, #1136 ) ;
#1140 = DIRECTION ( 'NONE',  ( 1.000000000000000000, -3.491483361109382900E-015, 0.0000000000000000000 ) ) ;
#1141 = VECTOR ( 'NONE', #1140, 39.37007874015748100 ) ;
#1142 = CARTESIAN_POINT ( 'NONE',  ( -0.3320000000000002400, -0.1159999999999999800, 0.1250000000000000000 ) ) ;
#1143 = LINE ( 'NONE', #1142, #1141 ) ;
#1144 = CARTESIAN_POINT ( 'NONE',  ( -0.3320000000000002400, -0.1159999999999999800, 0.1250000000000000000 ) ) ;
#1145 = DIRECTION ( 'NONE',  ( 3.532562060772754300E-015, 1.000000000000000000, 0.0000000000000000000 ) ) ;
#1146 = VECTOR ( 'NONE', #1145, 39.37007874015748100 ) ;
#1147 = CARTESIAN_POINT ( 'NONE',  ( -0.3219999999999997900, -4.107869966338275300E-019, 0.1250000000000000000 ) ) ;
#1148 = LINE ( 'NONE', #1147, #1146 ) ;
#1149 = CARTESIAN_POINT ( 'NONE',  ( -0.3220000000000002300, -0.1160000000000000100, 0.1250000000000000000 ) ) ;
#1150 = DIRECTION ( 'NONE',  ( 1.000000000000000000, 0.0000000000000000000, -0.0000000000000000000 ) ) ;
#1151 = DIRECTION ( 'NONE',  ( 0.0000000000000000000, 0.0000000000000000000, 1.000000000000000000 ) ) ;
#1152 = CARTESIAN_POINT ( 'NONE',  ( -0.3320000000000002400, -0.1159999999999999800, -0.1250000000000000000 ) ) ;
#1153 = AXIS2_PLACEMENT_3D ( 'NONE', #1152, #1151, #1150 ) ;
#1154 = PLANE ( 'NONE',  #1153 ) ;
#1155 = FACE_OUTER_BOUND ( 'NONE', #162, .T. ) ;
#1156 = DIRECTION ( 'NONE',  ( -0.0000000000000000000, 0.0000000000000000000, -1.000000000000000000 ) ) ;
#1157 = VECTOR ( 'NONE', #1156, 39.37007874015748100 ) ;
#1158 = CARTESIAN_POINT ( 'NONE',  ( -0.3219999999999999000, -0.009999999999999962000, 0.1250000000000000000 ) ) ;
#1159 = DIRECTION ( 'NONE',  ( 1.000000000000000000, 0.0000000000000000000, 0.0000000000000000000 ) ) ;
#1160 = DIRECTION ( 'NONE',  ( 0.0000000000000000000, -0.0000000000000000000, 1.000000000000000000 ) ) ;
#1161 = CARTESIAN_POINT ( 'NONE',  ( -0.3119999999999998300, -0.009999999999999998500, -0.1250000000000000000 ) ) ;
#1162 = LINE ( 'NONE', #1158, #1157 ) ;
#1163 = AXIS2_PLACEMENT_3D ( 'NONE', #1161, #1160, #1159 ) ;
#1164 = PLANE ( 'NONE',  #1163 ) ;
#1165 = FACE_OUTER_BOUND ( 'NONE', #115, .T. ) ;
#1166 = PLANE ( 'NONE',  #1167 ) ;
#1167 = AXIS2_PLACEMENT_3D ( 'NONE', #1229, #1228, #1227 ) ;
#1168 = FACE_OUTER_BOUND ( 'NONE', #199, .T. ) ;
#1169 = CARTESIAN_POINT ( 'NONE',  ( -0.3320000000000002400, -0.1159999999999999800, 0.06250000000000000000 ) ) ;
#1170 = DIRECTION ( 'NONE',  ( -0.0000000000000000000, -0.0000000000000000000, 1.000000000000000000 ) ) ;
#1171 = VECTOR ( 'NONE', #1170, 39.37007874015748100 ) ;
#1172 = CARTESIAN_POINT ( 'NONE',  ( -0.3320000000000002400, -0.1159999999999999800, 0.1250000000000000000 ) ) ;
#1173 = LINE ( 'NONE', #1172, #1171 ) ;
#1174 = CARTESIAN_POINT ( 'NONE',  ( -0.3220000000000002300, -0.1160000000000000100, 0.06250000000000000000 ) ) ;
#1175 = DIRECTION ( 'NONE',  ( -3.532562060772754300E-015, -1.000000000000000000, -0.0000000000000000000 ) ) ;
#1176 = VECTOR ( 'NONE', #1175, 39.37007874015748100 ) ;
#1177 = CARTESIAN_POINT ( 'NONE',  ( -0.3319999999999998500, 3.491483361109382400E-017, -0.06249999999999997900 ) ) ;
#1178 = LINE ( 'NONE', #1177, #1176 ) ;
#1179 = DIRECTION ( 'NONE',  ( -0.0000000000000000000, -0.0000000000000000000, 1.000000000000000000 ) ) ;
#1180 = VECTOR ( 'NONE', #1179, 39.37007874015748100 ) ;
#1181 = CARTESIAN_POINT ( 'NONE',  ( -0.3320000000000002900, -0.1259999999999999700, 0.1250000000000000000 ) ) ;
#1182 = LINE ( 'NONE', #1181, #1180 ) ;
#1183 = CARTESIAN_POINT ( 'NONE',  ( -0.3320000000000002900, -0.1259999999999999700, -0.06249999999999997900 ) ) ;
#1184 = CARTESIAN_POINT ( 'NONE',  ( -0.3320000000000002400, -0.1159999999999999800, -0.06249999999999997900 ) ) ;
#1185 = CARTESIAN_POINT ( 'NONE',  ( -0.3320000000000002900, -0.1259999999999999700, 0.06250000000000000000 ) ) ;
#1186 = DIRECTION ( 'NONE',  ( -3.532562060772754300E-015, -1.000000000000000000, 0.0000000000000000000 ) ) ;
#1187 = VECTOR ( 'NONE', #1186, 39.37007874015748100 ) ;
#1188 = CARTESIAN_POINT ( 'NONE',  ( -0.3319999999999998500, 3.491483361109382400E-017, -0.1250000000000000000 ) ) ;
#1189 = LINE ( 'NONE', #1188, #1187 ) ;
#1190 = CARTESIAN_POINT ( 'NONE',  ( -0.3320000000000002400, -0.1159999999999999800, -0.1250000000000000000 ) ) ;
#1191 = DIRECTION ( 'NONE',  ( -1.000000000000000000, 0.0000000000000000000, -0.0000000000000000000 ) ) ;
#1192 = DIRECTION ( 'NONE',  ( 0.0000000000000000000, 0.0000000000000000000, -1.000000000000000000 ) ) ;
#1193 = CARTESIAN_POINT ( 'NONE',  ( -0.3319999999999998500, 3.491483361109382400E-017, 0.1250000000000000000 ) ) ;
#1194 = AXIS2_PLACEMENT_3D ( 'NONE', #1193, #1192, #1191 ) ;
#1195 = FACE_OUTER_BOUND ( 'NONE', #181, .T. ) ;
#1196 = LINE ( 'NONE', #1256, #1255 ) ;
#1197 = AXIS2_PLACEMENT_3D ( 'NONE', #1259, #1258, #1257 ) ;
#1198 = PLANE ( 'NONE',  #1197 ) ;
#1199 = FACE_OUTER_BOUND ( 'NONE', #205, .T. ) ;
#1200 = DIRECTION ( 'NONE',  ( 0.0000000000000000000, 0.0000000000000000000, 1.000000000000000000 ) ) ;
#1201 = VECTOR ( 'NONE', #1200, 39.37007874015748100 ) ;
#1202 = CARTESIAN_POINT ( 'NONE',  ( -0.3220000000000002300, -0.1160000000000000100, -0.06250000000000000000 ) ) ;
#1203 = LINE ( 'NONE', #1202, #1201 ) ;
#1204 = CARTESIAN_POINT ( 'NONE',  ( -0.2170000000000000000, 0.0000000000000000000, -0.006749564458608551700 ) ) ;
#1205 = CARTESIAN_POINT ( 'NONE',  ( -0.3220000000000002900, -0.1260000000000000000, -0.06250000000000000000 ) ) ;
#1206 = CARTESIAN_POINT ( 'NONE',  ( -0.3220000000000003400, -0.1260000000000000000, 0.06250000000000000000 ) ) ;
#1207 = CARTESIAN_POINT ( 'NONE',  ( -0.2170000000000001400, 0.0000000000000000000, -0.1409999999999998800 ) ) ;
#1208 = CARTESIAN_POINT ( 'NONE',  ( -0.3220000000000002900, -0.1160000000000000100, -0.06250000000000000000 ) ) ;
#1209 = DIRECTION ( 'NONE',  ( 3.532562060772754300E-015, 1.000000000000000000, -0.0000000000000000000 ) ) ;
#1210 = VECTOR ( 'NONE', #1209, 39.37007874015748100 ) ;
#1211 = CARTESIAN_POINT ( 'NONE',  ( -0.3319999999999998500, 3.491483361109382400E-017, 0.06250000000000000000 ) ) ;
#1212 = DIRECTION ( 'NONE',  ( 3.532562060772754300E-015, 1.000000000000000000, 0.0000000000000000000 ) ) ;
#1213 = DIRECTION ( 'NONE',  ( -1.000000000000000000, 3.532562060772754300E-015, 0.0000000000000000000 ) ) ;
#1214 = CARTESIAN_POINT ( 'NONE',  ( -0.3219999999999997900, 0.0000000000000000000, 0.1250000000000000000 ) ) ;
#1215 = AXIS2_PLACEMENT_3D ( 'NONE', #1214, #1213, #1212 ) ;
#1216 = PLANE ( 'NONE',  #1215 ) ;
#1217 = LINE ( 'NONE', #1211, #1210 ) ;
#1218 = FACE_OUTER_BOUND ( 'NONE', #210, .T. ) ;
#1219 = DIRECTION ( 'NONE',  ( -0.0000000000000000000, -0.0000000000000000000, 1.000000000000000000 ) ) ;
#1220 = VECTOR ( 'NONE', #1219, 39.37007874015748100 ) ;
#1221 = CARTESIAN_POINT ( 'NONE',  ( -0.3320000000000002400, -0.1159999999999999800, 0.1250000000000000000 ) ) ;
#1222 = LINE ( 'NONE', #1221, #1220 ) ;
#1223 = DIRECTION ( 'NONE',  ( 0.0000000000000000000, 0.0000000000000000000, 1.000000000000000000 ) ) ;
#1224 = VECTOR ( 'NONE', #1223, 39.37007874015748100 ) ;
#1225 = CARTESIAN_POINT ( 'NONE',  ( -0.3220000000000002300, -0.1160000000000000100, 0.06250000000000000000 ) ) ;
#1226 = LINE ( 'NONE', #1225, #1224 ) ;
#1227 = DIRECTION ( 'NONE',  ( 3.532562060772754300E-015, 1.000000000000000000, 0.0000000000000000000 ) ) ;
#1228 = DIRECTION ( 'NONE',  ( -1.000000000000000000, 3.532562060772754300E-015, 0.0000000000000000000 ) ) ;
#1229 = CARTESIAN_POINT ( 'NONE',  ( -0.3319999999999998500, 3.491483361109382400E-017, 0.1250000000000000000 ) ) ;
#1230 = DIRECTION ( 'NONE',  ( 1.000000000000000000, 0.0000000000000000000, 0.0000000000000000000 ) ) ;
#1231 = DIRECTION ( 'NONE',  ( 0.0000000000000000000, -0.0000000000000000000, 1.000000000000000000 ) ) ;
#1232 = CARTESIAN_POINT ( 'NONE',  ( -0.3320000000000002400, -0.1259999999999999700, -0.06250000000000000000 ) ) ;
#1233 = AXIS2_PLACEMENT_3D ( 'NONE', #1232, #1231, #1230 ) ;
#1234 = PLANE ( 'NONE',  #1233 ) ;
#1235 = LINE ( 'NONE', #1291, #1290 ) ;
#1236 = FACE_OUTER_BOUND ( 'NONE', #239, .T. ) ;
#1237 = DIRECTION ( 'NONE',  ( 1.000000000000000000, -3.491483361109382900E-015, 0.0000000000000000000 ) ) ;
#1238 = VECTOR ( 'NONE', #1237, 39.37007874015748100 ) ;
#1239 = CARTESIAN_POINT ( 'NONE',  ( -0.3320000000000002400, -0.1259999999999999700, -0.06250000000000000000 ) ) ;
#1240 = LINE ( 'NONE', #1239, #1238 ) ;
#1241 = DIRECTION ( 'NONE',  ( 3.532562060772754300E-015, 1.000000000000000000, 0.0000000000000000000 ) ) ;
#1242 = VECTOR ( 'NONE', #1241, 39.37007874015748100 ) ;
#1243 = CARTESIAN_POINT ( 'NONE',  ( -0.3220000000000002900, -0.1260000000000000000, 0.06250000000000000000 ) ) ;
#1244 = LINE ( 'NONE', #1243, #1242 ) ;
#1245 = DIRECTION ( 'NONE',  ( 0.0000000000000000000, 0.0000000000000000000, 1.000000000000000000 ) ) ;
#1246 = VECTOR ( 'NONE', #1245, 39.37007874015748100 ) ;
#1247 = CARTESIAN_POINT ( 'NONE',  ( -0.3220000000000002900, -0.1260000000000000000, 0.06250000000000000000 ) ) ;
#1248 = LINE ( 'NONE', #1247, #1246 ) ;
#1249 = DIRECTION ( 'NONE',  ( 0.0000000000000000000, 0.0000000000000000000, 1.000000000000000000 ) ) ;
#1250 = DIRECTION ( 'NONE',  ( 0.0000000000000000000, 1.000000000000000000, 0.0000000000000000000 ) ) ;
#1251 = CARTESIAN_POINT ( 'NONE',  ( -0.1705000000000002600, 0.0000000000000000000, 0.06500000000000000200 ) ) ;
#1252 = AXIS2_PLACEMENT_3D ( 'NONE', #1251, #1250, #1249 ) ;
#1253 = CIRCLE ( 'NONE', #1252, 0.08549999999999997900 ) ;
#1254 = DIRECTION ( 'NONE',  ( -3.532562060772754300E-015, -1.000000000000000000, -0.0000000000000000000 ) ) ;
#1255 = VECTOR ( 'NONE', #1254, 39.37007874015748100 ) ;
#1256 = CARTESIAN_POINT ( 'NONE',  ( -0.3220000000000002900, -0.1260000000000000000, -0.06250000000000000000 ) ) ;
#1257 = DIRECTION ( 'NONE',  ( -1.000000000000000000, 3.491483361109382900E-015, 0.0000000000000000000 ) ) ;
#1258 = DIRECTION ( 'NONE',  ( 3.491483361109382900E-015, 1.000000000000000000, -0.0000000000000000000 ) ) ;
#1259 = CARTESIAN_POINT ( 'NONE',  ( -0.3320000000000002400, -0.1159999999999999800, -0.06250000000000000000 ) ) ;
#1260 = DIRECTION ( 'NONE',  ( 0.0000000000000000000, 0.0000000000000000000, -1.000000000000000000 ) ) ;
#1261 = DIRECTION ( 'NONE',  ( 1.000000000000000000, 9.184850993605056000E-017, -1.876269226417762400E-016 ) ) ;
#1262 = CARTESIAN_POINT ( 'NONE',  ( -0.1250000000000000000, 8.450062914116655200E-018, -0.1409999999999999300 ) ) ;
#1263 = AXIS2_PLACEMENT_3D ( 'NONE', #1262, #1261, #1260 ) ;
#1264 = CYLINDRICAL_SURFACE ( 'NONE', #1263, 0.009999999999999995000 ) ;
#1265 = FACE_OUTER_BOUND ( 'NONE', #258, .T. ) ;
#1266 = CARTESIAN_POINT ( 'NONE',  ( -0.2160000000000000300, 0.008660254037844416000, -0.1359999999999999500 ) ) ;
#1267 = CARTESIAN_POINT ( 'NONE',  ( 0.3019999999999998800, 0.0000000000000000000, 0.1250000000000000000 ) ) ;
#1268 = CARTESIAN_POINT ( 'NONE',  ( -0.1250000000000000000, 0.008660254037844424700, -0.1359999999999999800 ) ) ;
#1269 = DIRECTION ( 'NONE',  ( -1.000000000000000000, 0.0000000000000000000, -0.0000000000000000000 ) ) ;
#1270 = DIRECTION ( 'NONE',  ( 0.0000000000000000000, 0.0000000000000000000, -1.000000000000000000 ) ) ;
#1271 = CARTESIAN_POINT ( 'NONE',  ( -0.3320000000000002400, -0.1259999999999999700, 0.06250000000000000000 ) ) ;
#1272 = AXIS2_PLACEMENT_3D ( 'NONE', #1271, #1270, #1269 ) ;
#1273 = FACE_OUTER_BOUND ( 'NONE', #231, .T. ) ;
#1274 = DIRECTION ( 'NONE',  ( -1.000000000000000000, 3.491483361109382900E-015, 0.0000000000000000000 ) ) ;
#1275 = DIRECTION ( 'NONE',  ( 3.491483361109382900E-015, 1.000000000000000000, -0.0000000000000000000 ) ) ;
#1276 = CARTESIAN_POINT ( 'NONE',  ( -0.3320000000000002400, -0.1159999999999999800, 0.06250000000000000000 ) ) ;
#1277 = AXIS2_PLACEMENT_3D ( 'NONE', #1276, #1275, #1274 ) ;
#1278 = PLANE ( 'NONE',  #1277 ) ;
#1279 = PLANE ( 'NONE',  #1272 ) ;
#1280 = FACE_OUTER_BOUND ( 'NONE', #247, .T. ) ;
#1281 = DIRECTION ( 'NONE',  ( 1.000000000000000000, -3.491483361109382900E-015, 0.0000000000000000000 ) ) ;
#1282 = VECTOR ( 'NONE', #1281, 39.37007874015748100 ) ;
#1283 = CARTESIAN_POINT ( 'NONE',  ( -0.3320000000000002400, -0.1259999999999999700, 0.06250000000000000000 ) ) ;
#1284 = LINE ( 'NONE', #1283, #1282 ) ;
#1285 = DIRECTION ( 'NONE',  ( 1.017444741481675000E-015, 0.0000000000000000000, 1.000000000000000000 ) ) ;
#1286 = VECTOR ( 'NONE', #1285, 39.37007874015748100 ) ;
#1287 = CARTESIAN_POINT ( 'NONE',  ( -0.2170000000000001400, 0.0000000000000000000, -0.1409999999999998800 ) ) ;
#1288 = LINE ( 'NONE', #1287, #1286 ) ;
#1289 = DIRECTION ( 'NONE',  ( 1.000000000000000000, -3.491483361109382900E-015, -0.0000000000000000000 ) ) ;
#1290 = VECTOR ( 'NONE', #1289, 39.37007874015748100 ) ;
#1291 = CARTESIAN_POINT ( 'NONE',  ( -0.3320000000000001800, -0.1159999999999999800, -0.06250000000000000000 ) ) ;
#1292 = PLANE ( 'NONE',  #1294 ) ;
#1293 = CARTESIAN_POINT ( 'NONE',  ( -0.2160000000000000300, 0.008660254037844416000, -0.1359999999999999500 ) ) ;
#1294 = AXIS2_PLACEMENT_3D ( 'NONE', #1293, #1355, #1354 ) ;
#1295 = DIRECTION ( 'NONE',  ( 1.876269226417762200E-016, 0.0000000000000000000, 1.000000000000000000 ) ) ;
#1296 = DIRECTION ( 'NONE',  ( -1.000000000000000000, -9.184850993605056000E-017, 1.876269226417762200E-016 ) ) ;
#1297 = CARTESIAN_POINT ( 'NONE',  ( -0.2160000000000000300, 0.009999999999999995000, -0.1409999999999999900 ) ) ;
#1298 = FACE_OUTER_BOUND ( 'NONE', #279, .T. ) ;
#1299 = AXIS2_PLACEMENT_3D ( 'NONE', #1297, #1296, #1295 ) ;
#1300 = PLANE ( 'NONE',  #1299 ) ;
#1301 = FACE_OUTER_BOUND ( 'NONE', #260, .T. ) ;
#1302 = CARTESIAN_POINT ( 'NONE',  ( -0.003000000000000005700, 0.006999999999999999300, 0.2709999999999998500 ) ) ;
#1303 = DIRECTION ( 'NONE',  ( -0.0000000000000000000, 1.000000000000000000, -0.0000000000000000000 ) ) ;
#1304 = VECTOR ( 'NONE', #1303, 39.37007874015748100 ) ;
#1305 = CARTESIAN_POINT ( 'NONE',  ( -0.003000000000000005700, 0.006999999999999999300, 0.2709999999999998500 ) ) ;
#1306 = LINE ( 'NONE', #1305, #1304 ) ;
#1307 = DIRECTION ( 'NONE',  ( -1.349242453767371500E-016, 0.0000000000000000000, 1.000000000000000000 ) ) ;
#1308 = VECTOR ( 'NONE', #1307, 39.37007874015748100 ) ;
#1309 = CARTESIAN_POINT ( 'NONE',  ( -0.003000000000000000100, 0.006999999999999999300, 0.2274999999999998700 ) ) ;
#1310 = LINE ( 'NONE', #1309, #1308 ) ;
#1311 = DIRECTION ( 'NONE',  ( 0.0000000000000000000, 0.0000000000000000000, -1.000000000000000000 ) ) ;
#1312 = DIRECTION ( 'NONE',  ( 1.000000000000000000, 9.184850993605056000E-017, -1.876269226417762400E-016 ) ) ;
#1313 = CARTESIAN_POINT ( 'NONE',  ( -0.2160000000000000300, 9.184850993605090200E-020, -0.1409999999999999000 ) ) ;
#1314 = AXIS2_PLACEMENT_3D ( 'NONE', #1313, #1312, #1311 ) ;
#1315 = CIRCLE ( 'NONE', #1314, 0.009999999999999995000 ) ;
#1316 = DIRECTION ( 'NONE',  ( -1.000000000000000000, 0.0000000000000000000, 0.0000000000000000000 ) ) ;
#1317 = VECTOR ( 'NONE', #1316, 39.37007874015748100 ) ;
#1318 = CARTESIAN_POINT ( 'NONE',  ( 0.3119999999999998300, 0.0000000000000000000, -0.1250000000000000000 ) ) ;
#1319 = LINE ( 'NONE', #1318, #1317 ) ;
#1320 = DIRECTION ( 'NONE',  ( -0.0000000000000000000, -0.8660254037844414800, -0.4999999999999949500 ) ) ;
#1321 = VECTOR ( 'NONE', #1320, 39.37007874015748900 ) ;
#1322 = CARTESIAN_POINT ( 'NONE',  ( -0.2160000000000000300, 0.008660254037844416000, -0.1359999999999999500 ) ) ;
#1323 = LINE ( 'NONE', #1322, #1321 ) ;
#1324 = FACE_OUTER_BOUND ( 'NONE', #297, .T. ) ;
#1325 = AXIS2_PLACEMENT_3D ( 'NONE', #1390, #1389, #1388 ) ;
#1326 = PLANE ( 'NONE',  #1325 ) ;
#1327 = DIRECTION ( 'NONE',  ( 0.0000000000000000000, -0.4999999999999949500, 0.8660254037844414800 ) ) ;
#1328 = VECTOR ( 'NONE', #1327, 39.37007874015748900 ) ;
#1329 = CARTESIAN_POINT ( 'NONE',  ( -0.2160000000000000300, 0.008660254037844416000, -0.1359999999999999500 ) ) ;
#1330 = LINE ( 'NONE', #1329, #1328 ) ;
#1331 = DIRECTION ( 'NONE',  ( 0.0000000000000000000, 0.0000000000000000000, -1.000000000000000000 ) ) ;
#1332 = DIRECTION ( 'NONE',  ( 1.000000000000000000, 9.184850993605056000E-017, -1.876269226417762400E-016 ) ) ;
#1333 = CARTESIAN_POINT ( 'NONE',  ( -0.1250000000000000000, 8.450062914116655200E-018, -0.1409999999999999300 ) ) ;
#1334 = AXIS2_PLACEMENT_3D ( 'NONE', #1333, #1332, #1331 ) ;
#1335 = CIRCLE ( 'NONE', #1334, 0.009999999999999995000 ) ;
#1336 = DIRECTION ( 'NONE',  ( 0.0000000000000000000, 0.4999999999999949500, -0.8660254037844414800 ) ) ;
#1337 = VECTOR ( 'NONE', #1336, 39.37007874015748900 ) ;
#1338 = CARTESIAN_POINT ( 'NONE',  ( -0.1250000000000000000, 8.450062914116655200E-018, -0.1409999999999999300 ) ) ;
#1339 = ORIENTED_EDGE ( 'NONE', *, *, #579, .T. ) ;
#1340 = DIRECTION ( 'NONE',  ( 1.876269226417762200E-016, 0.0000000000000000000, 1.000000000000000000 ) ) ;
#1341 = DIRECTION ( 'NONE',  ( -1.000000000000000000, -9.184850993605056000E-017, 1.876269226417762200E-016 ) ) ;
#1342 = CARTESIAN_POINT ( 'NONE',  ( -0.1250000000000000000, 0.01000000000000000400, -0.1409999999999999900 ) ) ;
#1343 = AXIS2_PLACEMENT_3D ( 'NONE', #1342, #1341, #1340 ) ;
#1344 = PLANE ( 'NONE',  #1343 ) ;
#1345 = LINE ( 'NONE', #1338, #1337 ) ;
#1346 = FACE_OUTER_BOUND ( 'NONE', #276, .T. ) ;
#1347 = DIRECTION ( 'NONE',  ( -1.000000000000000000, -9.184850993605056000E-017, 1.876269226417762200E-016 ) ) ;
#1348 = VECTOR ( 'NONE', #1347, 39.37007874015748100 ) ;
#1349 = CARTESIAN_POINT ( 'NONE',  ( -0.2160000000000000300, 0.008660254037844416000, -0.1359999999999999500 ) ) ;
#1350 = LINE ( 'NONE', #1349, #1348 ) ;
#1351 = DIRECTION ( 'NONE',  ( -0.0000000000000000000, -0.8660254037844414800, -0.4999999999999949500 ) ) ;
#1352 = VECTOR ( 'NONE', #1351, 39.37007874015748900 ) ;
#1353 = CARTESIAN_POINT ( 'NONE',  ( -0.1250000000000000000, 0.008660254037844424700, -0.1359999999999999800 ) ) ;
#1354 = DIRECTION ( 'NONE',  ( -0.0000000000000000000, 0.0000000000000000000, -1.000000000000000000 ) ) ;
#1355 = DIRECTION ( 'NONE',  ( 1.000000000000000000, 0.0000000000000000000, -0.0000000000000000000 ) ) ;
#1356 = LINE ( 'NONE', #1353, #1352 ) ;
#1357 = VECTOR ( 'NONE', #1616, 39.37007874015748100 ) ;
#1358 = DIRECTION ( 'NONE',  ( 0.0000000000000000000, 3.414809992080342100E-015, 1.000000000000000000 ) ) ;
#1359 = DIRECTION ( 'NONE',  ( -0.0000000000000000000, -0.8660254037844414800, -0.4999999999999949500 ) ) ;
#1360 = VECTOR ( 'NONE', #1359, 39.37007874015748900 ) ;
#1361 = CARTESIAN_POINT ( 'NONE',  ( -0.1250000000000000000, -0.08433974596215462700, 0.02508072510390614200 ) ) ;
#1362 = LINE ( 'NONE', #1361, #1360 ) ;
#1363 = DIRECTION ( 'NONE',  ( 0.0000000000000000000, 0.0000000000000000000, -1.000000000000000000 ) ) ;
#1364 = ORIENTED_EDGE ( 'NONE', *, *, #581, .F. ) ;
#1365 = CARTESIAN_POINT ( 'NONE',  ( -0.1250000000000000300, -0.08433974596215462700, 0.02508072510390614200 ) ) ;
#1366 = DIRECTION ( 'NONE',  ( 0.0000000000000000000, -0.4999999999999949500, 0.8660254037844414800 ) ) ;
#1367 = DIRECTION ( 'NONE',  ( 1.427031841651970500E-017, 0.8660254037844415900, 0.4999999999999950000 ) ) ;
#1368 = CARTESIAN_POINT ( 'NONE',  ( -0.1250000000000000000, 0.008660254037844424700, -0.1359999999999999800 ) ) ;
#1369 = AXIS2_PLACEMENT_3D ( 'NONE', #1368, #1367, #1366 ) ;
#1370 = PLANE ( 'NONE',  #1369 ) ;
#1371 = FACE_OUTER_BOUND ( 'NONE', #312, .T. ) ;
#1372 = CARTESIAN_POINT ( 'NONE',  ( 0.3119999999999998300, 3.201384367575308300E-017, -0.1250000000000000000 ) ) ;
#1373 = DIRECTION ( 'NONE',  ( 1.000000000000000000, 1.876269226417762200E-016, -3.752538452835524400E-016 ) ) ;
#1374 = VECTOR ( 'NONE', #1373, 39.37007874015748100 ) ;
#1375 = CARTESIAN_POINT ( 'NONE',  ( -0.1250000000000000000, -0.08433974596215462700, 0.02508072510390614200 ) ) ;
#1376 = LINE ( 'NONE', #1375, #1374 ) ;
#1377 = DIRECTION ( 'NONE',  ( 0.0000000000000000000, -0.4999999999999949500, 0.8660254037844414800 ) ) ;
#1378 = EDGE_CURVE ( 'NONE', #730, #576, #2423, .T. ) ;
#1379 = VECTOR ( 'NONE', #1377, 39.37007874015748900 ) ;
#1380 = CARTESIAN_POINT ( 'NONE',  ( -0.2160000000000000300, 9.184850993605054100E-020, -0.1409999999999999000 ) ) ;
#1381 = LINE ( 'NONE', #1380, #1379 ) ;
#1382 = CARTESIAN_POINT ( 'NONE',  ( -0.2160000000000000300, -0.09299999999999901400, 0.02008072510390616900 ) ) ;
#1383 = DIRECTION ( 'NONE',  ( -0.0000000000000000000, -0.8660254037844414800, -0.4999999999999949500 ) ) ;
#1384 = VECTOR ( 'NONE', #1383, 39.37007874015748900 ) ;
#1385 = CARTESIAN_POINT ( 'NONE',  ( -0.2160000000000000300, -0.08433974596215464100, 0.02508072510390617700 ) ) ;
#1386 = LINE ( 'NONE', #1385, #1384 ) ;
#1387 = CARTESIAN_POINT ( 'NONE',  ( -0.2160000000000000300, -0.08433974596215464100, 0.02508072510390617700 ) ) ;
#1388 = DIRECTION ( 'NONE',  ( 0.0000000000000000000, 0.0000000000000000000, 1.000000000000000000 ) ) ;
#1389 = DIRECTION ( 'NONE',  ( -1.000000000000000000, 0.0000000000000000000, 0.0000000000000000000 ) ) ;
#1390 = CARTESIAN_POINT ( 'NONE',  ( -0.1250000000000000000, 0.008660254037844424700, -0.1359999999999999800 ) ) ;
#1391 = DIRECTION ( 'NONE',  ( 0.0000000000000000000, -0.4999999999999949500, 0.8660254037844414800 ) ) ;
#1392 = DIRECTION ( 'NONE',  ( 1.427031841651970500E-017, 0.8660254037844415900, 0.4999999999999950000 ) ) ;
#1393 = CARTESIAN_POINT ( 'NONE',  ( -0.1250000000000000000, 8.450062914116655200E-018, -0.1409999999999999300 ) ) ;
#1394 = AXIS2_PLACEMENT_3D ( 'NONE', #1393, #1392, #1391 ) ;
#1395 = FACE_OUTER_BOUND ( 'NONE', #326, .T. ) ;
#1396 = DIRECTION ( 'NONE',  ( -3.752538452835526300E-016, 0.0000000000000000000, -1.000000000000000000 ) ) ;
#1397 = DIRECTION ( 'NONE',  ( 1.000000000000000000, 1.876269226417763200E-016, -3.752538452835526300E-016 ) ) ;
#1398 = CARTESIAN_POINT ( 'NONE',  ( -0.1250000000000000300, -0.09299999999999901400, 0.02008072510390613800 ) ) ;
#1399 = AXIS2_PLACEMENT_3D ( 'NONE', #1398, #1397, #1396 ) ;
#1400 = PLANE ( 'NONE',  #1399 ) ;
#1401 = PLANE ( 'NONE',  #1394 ) ;
#1402 = FACE_OUTER_BOUND ( 'NONE', #408, .T. ) ;
#1403 = DIRECTION ( 'NONE',  ( 1.000000000000000000, 1.876269226417762200E-016, -3.752538452835524400E-016 ) ) ;
#1404 = VECTOR ( 'NONE', #1403, 39.37007874015748100 ) ;
#1405 = CARTESIAN_POINT ( 'NONE',  ( -0.1250000000000000000, -0.09299999999999905600, 0.02008072510390619000 ) ) ;
#1406 = LINE ( 'NONE', #1405, #1404 ) ;
#1407 = DIRECTION ( 'NONE',  ( -1.349242453767371500E-016, -0.0000000000000000000, -1.000000000000000000 ) ) ;
#1408 = VECTOR ( 'NONE', #1407, 39.37007874015748100 ) ;
#1409 = CARTESIAN_POINT ( 'NONE',  ( 0.003000000000000000100, 0.006999999999999999300, 0.2274999999999998700 ) ) ;
#1410 = LINE ( 'NONE', #1409, #1408 ) ;
#1411 = CARTESIAN_POINT ( 'NONE',  ( 0.003000000000000005700, 0.006999999999999999300, 0.2709999999999998500 ) ) ;
#1412 = CARTESIAN_POINT ( 'NONE',  ( -0.2160000000000000300, 0.009999999999999995000, -0.1409999999999999900 ) ) ;
#1413 = CARTESIAN_POINT ( 'NONE',  ( -0.1250000000000000000, -0.09299999999999905600, 0.02008072510390619000 ) ) ;
#1414 = DIRECTION ( 'NONE',  ( 0.0000000000000000000, 0.4999999999999949500, -0.8660254037844414800 ) ) ;
#1415 = VECTOR ( 'NONE', #1414, 39.37007874015748900 ) ;
#1416 = CARTESIAN_POINT ( 'NONE',  ( -0.1250000000000000000, 0.008660254037844424700, -0.1359999999999999800 ) ) ;
#1417 = LINE ( 'NONE', #1416, #1415 ) ;
#1418 = DIRECTION ( 'NONE',  ( 1.000000000000000000, -3.491483361109382900E-015, -0.0000000000000000000 ) ) ;
#1419 = VECTOR ( 'NONE', #1418, 39.37007874015748100 ) ;
#1420 = CARTESIAN_POINT ( 'NONE',  ( -0.3320000000000002400, -0.1159999999999999800, 0.06250000000000000000 ) ) ;
#1421 = LINE ( 'NONE', #1420, #1419 ) ;
#1422 = DIRECTION ( 'NONE',  ( 0.0000000000000000000, 0.0000000000000000000, 1.000000000000000000 ) ) ;
#1423 = DIRECTION ( 'NONE',  ( -1.000000000000000000, -1.876269226417762900E-016, 3.752538452835525800E-016 ) ) ;
#1424 = CARTESIAN_POINT ( 'NONE',  ( -0.2160000000000000300, -0.08433974596215464100, 0.02508072510390617700 ) ) ;
#1425 = AXIS2_PLACEMENT_3D ( 'NONE', #1424, #1423, #1422 ) ;
#1426 = CYLINDRICAL_SURFACE ( 'NONE', #1425, 0.01000000000000000000 ) ;
#1427 = FACE_OUTER_BOUND ( 'NONE', #328, .T. ) ;
#1428 = DIRECTION ( 'NONE',  ( -1.876269226417762200E-016, 1.000000000000000000, 5.551115123125782700E-017 ) ) ;
#1429 = VECTOR ( 'NONE', #1428, 39.37007874015748100 ) ;
#1430 = CARTESIAN_POINT ( 'NONE',  ( -0.1250000000000000300, -0.09433974596215462200, 0.02508072510390614200 ) ) ;
#1431 = LINE ( 'NONE', #1430, #1429 ) ;
#1432 = CARTESIAN_POINT ( 'NONE',  ( -0.1250000000000000300, -0.09433974596215462200, 0.02508072510390614200 ) ) ;
#1433 = DIRECTION ( 'NONE',  ( 0.0000000000000000000, 0.0000000000000000000, 1.000000000000000000 ) ) ;
#1434 = DIRECTION ( 'NONE',  ( -1.000000000000000000, -1.876269226417762900E-016, 3.752538452835525800E-016 ) ) ;
#1435 = CARTESIAN_POINT ( 'NONE',  ( -0.2160000000000000300, -0.08433974596215464100, 0.02508072510390617700 ) ) ;
#1436 = AXIS2_PLACEMENT_3D ( 'NONE', #1435, #1434, #1433 ) ;
#1437 = CIRCLE ( 'NONE', #1436, 0.009999999999999991500 ) ;
#1438 = DIRECTION ( 'NONE',  ( -0.0000000000000000000, -0.0000000000000000000, -1.000000000000000000 ) ) ;
#1439 = VECTOR ( 'NONE', #1438, 39.37007874015748100 ) ;
#1440 = CARTESIAN_POINT ( 'NONE',  ( 0.3119999999999998300, 0.0000000000000000000, -0.1250000000000000000 ) ) ;
#1441 = LINE ( 'NONE', #1440, #1439 ) ;
#1442 = DIRECTION ( 'NONE',  ( 1.000000000000000000, -0.0000000000000000000, -0.0000000000000000000 ) ) ;
#1443 = VECTOR ( 'NONE', #1442, 39.37007874015748100 ) ;
#1444 = CARTESIAN_POINT ( 'NONE',  ( 0.3119999999999998300, 0.0000000000000000000, 0.1250000000000000000 ) ) ;
#1445 = LINE ( 'NONE', #1444, #1443 ) ;
#1446 = CARTESIAN_POINT ( 'NONE',  ( 0.3019999999999999400, 0.0000000000000000000, -0.1250000000000000000 ) ) ;
#1447 = CARTESIAN_POINT ( 'NONE',  ( -0.2160000000000000300, -0.09433974596215463600, 0.02508072510390617700 ) ) ;
#1448 = DIRECTION ( 'NONE',  ( 1.000000000000000000, 1.876269226417763200E-016, -3.752538452835526300E-016 ) ) ;
#1449 = VECTOR ( 'NONE', #1448, 39.37007874015748100 ) ;
#1450 = CARTESIAN_POINT ( 'NONE',  ( -0.1250000000000000300, -0.09433974596215462200, 0.02508072510390614200 ) ) ;
#1451 = LINE ( 'NONE', #1450, #1449 ) ;
#1452 = DIRECTION ( 'NONE',  ( 1.000000000000000000, 3.671838701161645300E-016, 0.0000000000000000000 ) ) ;
#1453 = DIRECTION ( 'NONE',  ( 1.876269226417762200E-016, -1.000000000000000000, -5.551115123125782700E-017 ) ) ;
#1454 = AXIS2_PLACEMENT_3D ( 'NONE', #1460, #1453, #1452 ) ;
#1455 = CIRCLE ( 'NONE', #1454, 0.04649999999999998600 ) ;
#1456 = ORIENTED_EDGE ( 'NONE', *, *, #1657, .F. ) ;
#1457 = DIRECTION ( 'NONE',  ( -3.752538452835526300E-016, 0.0000000000000000000, -1.000000000000000000 ) ) ;
#1458 = DIRECTION ( 'NONE',  ( 1.000000000000000000, 1.876269226417763200E-016, -3.752538452835526300E-016 ) ) ;
#1459 = CARTESIAN_POINT ( 'NONE',  ( -0.2160000000000000300, -0.09299999999999901400, 0.02008072510390616900 ) ) ;
#1460 = CARTESIAN_POINT ( 'NONE',  ( -0.1704999999999999800, -0.09433974596215463600, 0.06198906205728071200 ) ) ;
#1461 = AXIS2_PLACEMENT_3D ( 'NONE', #1459, #1458, #1457 ) ;
#1462 = PLANE ( 'NONE',  #1461 ) ;
#1463 = FACE_OUTER_BOUND ( 'NONE', #335, .T. ) ;
#1464 = DIRECTION ( 'NONE',  ( -1.876269226417762200E-016, 1.000000000000000000, 5.551115123125782700E-017 ) ) ;
#1465 = VECTOR ( 'NONE', #1464, 39.37007874015748100 ) ;
#1466 = CARTESIAN_POINT ( 'NONE',  ( -0.2160000000000000300, -0.09433974596215463600, 0.02508072510390617700 ) ) ;
#1467 = LINE ( 'NONE', #1466, #1465 ) ;
#1468 = CARTESIAN_POINT ( 'NONE',  ( 0.3119999999999998300, 3.201384367575308300E-017, 0.1250000000000000000 ) ) ;
#1469 = DIRECTION ( 'NONE',  ( 3.671838701161643300E-016, 0.0000000000000000000, 1.000000000000000000 ) ) ;
#1470 = DIRECTION ( 'NONE',  ( -1.000000000000000000, -1.876269226417762200E-016, 3.671838701161643300E-016 ) ) ;
#1471 = CARTESIAN_POINT ( 'NONE',  ( -0.1250000000000000000, -0.09433974596215463600, 0.07158072510390614500 ) ) ;
#1472 = AXIS2_PLACEMENT_3D ( 'NONE', #1471, #1470, #1469 ) ;
#1473 = PLANE ( 'NONE',  #1472 ) ;
#1474 = FACE_OUTER_BOUND ( 'NONE', #361, .T. ) ;
#1475 = DIRECTION ( 'NONE',  ( 3.671838701161643800E-016, -3.671838701161643800E-016, 1.000000000000000000 ) ) ;
#1476 = VECTOR ( 'NONE', #1475, 39.37007874015748100 ) ;
#1477 = CARTESIAN_POINT ( 'NONE',  ( -0.1250000000000000000, -0.08433974596215464100, 0.07158072510390614500 ) ) ;
#1478 = LINE ( 'NONE', #1477, #1476 ) ;
#1479 = CARTESIAN_POINT ( 'NONE',  ( -0.2159999999999999700, -0.09433974596215465000, 0.07158072510390617300 ) ) ;
#1480 = CARTESIAN_POINT ( 'NONE',  ( -0.1250000000000000300, -0.08433974596215464100, 0.07158072510390614500 ) ) ;
#1481 = CARTESIAN_POINT ( 'NONE',  ( -0.1250000000000000300, -0.09433974596215463600, 0.07158072510390614500 ) ) ;
#1482 = DIRECTION ( 'NONE',  ( -1.876269226417762200E-016, 1.000000000000000000, 5.551115123125782700E-017 ) ) ;
#1483 = VECTOR ( 'NONE', #1482, 39.37007874015748100 ) ;
#1484 = CARTESIAN_POINT ( 'NONE',  ( -0.1250000000000000300, -0.09433974596215463600, 0.07158072510390614500 ) ) ;
#1485 = LINE ( 'NONE', #1484, #1483 ) ;
#1486 = DIRECTION ( 'NONE',  ( -1.468735480464657500E-015, 3.671838701161643800E-016, -1.000000000000000000 ) ) ;
#1487 = VECTOR ( 'NONE', #1486, 39.37007874015748100 ) ;
#1488 = CARTESIAN_POINT ( 'NONE',  ( -0.2160000000000000300, -0.09433974596215463600, 0.02508072510390617700 ) ) ;
#1489 = LINE ( 'NONE', #1488, #1487 ) ;
#1490 = DIRECTION ( 'NONE',  ( 1.000000000000000000, 1.876269226417762200E-016, 0.0000000000000000000 ) ) ;
#1491 = DIRECTION ( 'NONE',  ( -1.876269226417762200E-016, 1.000000000000000000, 5.551115123125782700E-017 ) ) ;
#1492 = CARTESIAN_POINT ( 'NONE',  ( -0.1704999999999999800, -0.09433974596215463600, 0.06198906205728071200 ) ) ;
#1493 = AXIS2_PLACEMENT_3D ( 'NONE', #1492, #1491, #1490 ) ;
#1494 = PLANE ( 'NONE',  #1493 ) ;
#1495 = FACE_OUTER_BOUND ( 'NONE', #384, .T. ) ;
#1496 = CARTESIAN_POINT ( 'NONE',  ( -0.3420000000000003600, -0.1359999999999999300, -0.06250000000000000000 ) ) ;
#1497 = CARTESIAN_POINT ( 'NONE',  ( -0.1249999999999999600, 0.0000000000000000000, 0.3239999999999999000 ) ) ;
#1498 = DIRECTION ( 'NONE',  ( 3.671838701161643800E-016, -3.671838701161643800E-016, 1.000000000000000000 ) ) ;
#1499 = VECTOR ( 'NONE', #1498, 39.37007874015748100 ) ;
#1500 = CARTESIAN_POINT ( 'NONE',  ( -0.1250000000000000000, -0.09433974596215463600, 0.07158072510390614500 ) ) ;
#1501 = LINE ( 'NONE', #1500, #1499 ) ;
#1502 = DIRECTION ( 'NONE',  ( -1.000000000000000000, -3.671838701161646800E-016, 0.0000000000000000000 ) ) ;
#1503 = DIRECTION ( 'NONE',  ( -1.876269226417762200E-016, 1.000000000000000000, 5.551115123125782700E-017 ) ) ;
#1504 = AXIS2_PLACEMENT_3D ( 'NONE', #1505, #1503, #1502 ) ;
#1505 = CARTESIAN_POINT ( 'NONE',  ( -0.1704999999999999800, -0.09433974596215463600, 0.06198906205728071200 ) ) ;
#1506 = CYLINDRICAL_SURFACE ( 'NONE', #1504, 0.04649999999999996500 ) ;
#1507 = FACE_OUTER_BOUND ( 'NONE', #373, .T. ) ;
#1508 = DIRECTION ( 'NONE',  ( -1.876269226417762200E-016, 1.000000000000000000, 5.551115123125782700E-017 ) ) ;
#1509 = VECTOR ( 'NONE', #1508, 39.37007874015748100 ) ;
#1510 = CARTESIAN_POINT ( 'NONE',  ( -0.2159999999999999700, -0.09433974596215465000, 0.07158072510390617300 ) ) ;
#1511 = LINE ( 'NONE', #1510, #1509 ) ;
#1512 = DIRECTION ( 'NONE',  ( 1.000000000000000000, 3.671838701161645300E-016, 0.0000000000000000000 ) ) ;
#1513 = DIRECTION ( 'NONE',  ( 1.876269226417762200E-016, -1.000000000000000000, -5.551115123125782700E-017 ) ) ;
#1514 = CARTESIAN_POINT ( 'NONE',  ( -0.1704999999999999800, -0.08433974596215464100, 0.06198906205728071200 ) ) ;
#1515 = AXIS2_PLACEMENT_3D ( 'NONE', #1514, #1513, #1512 ) ;
#1516 = CIRCLE ( 'NONE', #1515, 0.04649999999999998600 ) ;
#1517 = CARTESIAN_POINT ( 'NONE',  ( -0.2159999999999999700, -0.08433974596215465500, 0.07158072510390617300 ) ) ;
#1518 = DIRECTION ( 'NONE',  ( 0.0000000000000000000, 0.0000000000000000000, 1.000000000000000000 ) ) ;
#1519 = DIRECTION ( 'NONE',  ( -1.000000000000000000, -1.876269226417762900E-016, 3.752538452835525800E-016 ) ) ;
#1520 = CARTESIAN_POINT ( 'NONE',  ( -0.1250000000000000300, -0.08433974596215462700, 0.02508072510390614200 ) ) ;
#1521 = AXIS2_PLACEMENT_3D ( 'NONE', #1520, #1519, #1518 ) ;
#1522 = CIRCLE ( 'NONE', #1521, 0.01000000000000000400 ) ;
#1523 = DIRECTION ( 'NONE',  ( 1.000000000000000000, 0.0000000000000000000, 0.0000000000000000000 ) ) ;
#1524 = VECTOR ( 'NONE', #1523, 39.37007874015748100 ) ;
#1525 = CARTESIAN_POINT ( 'NONE',  ( -0.1249999999999999600, 0.0000000000000000000, 0.3239999999999999000 ) ) ;
#1526 = LINE ( 'NONE', #1525, #1524 ) ;
#1527 = DIRECTION ( 'NONE',  ( -1.000000000000000000, 0.0000000000000000000, -0.0000000000000000000 ) ) ;
#1528 = DIRECTION ( 'NONE',  ( 0.0000000000000000000, 0.0000000000000000000, -1.000000000000000000 ) ) ;
#1529 = CARTESIAN_POINT ( 'NONE',  ( -0.3420000000000003600, -0.1259999999999999500, -0.06250000000000000000 ) ) ;
#1530 = AXIS2_PLACEMENT_3D ( 'NONE', #1529, #1528, #1527 ) ;
#1531 = PLANE ( 'NONE',  #1530 ) ;
#1532 = FACE_OUTER_BOUND ( 'NONE', #402, .T. ) ;
#1533 = CARTESIAN_POINT ( 'NONE',  ( 0.1250000000000000300, 0.0000000000000000000, 0.3239999999999999000 ) ) ;
#1534 = DIRECTION ( 'NONE',  ( -0.0000000000000000000, -1.000000000000000000, -0.0000000000000000000 ) ) ;
#1535 = VECTOR ( 'NONE', #1534, 39.37007874015748100 ) ;
#1536 = CARTESIAN_POINT ( 'NONE',  ( -0.3420000000000003600, -0.1459999999999999400, -0.06250000000000000000 ) ) ;
#1537 = LINE ( 'NONE', #1536, #1535 ) ;
#1538 = DIRECTION ( 'NONE',  ( -1.468735480464657500E-015, 3.671838701161643800E-016, -1.000000000000000000 ) ) ;
#1539 = VECTOR ( 'NONE', #1538, 39.37007874015748100 ) ;
#1540 = CARTESIAN_POINT ( 'NONE',  ( -0.2160000000000000300, -0.08433974596215464100, 0.02508072510390617700 ) ) ;
#1541 = DIRECTION ( 'NONE',  ( -1.468735480464657500E-015, 0.0000000000000000000, -1.000000000000000000 ) ) ;
#1542 = DIRECTION ( 'NONE',  ( 1.000000000000000000, 1.876269226417763200E-016, -1.468735480464657500E-015 ) ) ;
#1543 = CARTESIAN_POINT ( 'NONE',  ( -0.2160000000000000300, -0.09433974596215463600, 0.02508072510390617700 ) ) ;
#1544 = LINE ( 'NONE', #1540, #1539 ) ;
#1545 = AXIS2_PLACEMENT_3D ( 'NONE', #1543, #1542, #1541 ) ;
#1546 = PLANE ( 'NONE',  #1545 ) ;
#1547 = FACE_OUTER_BOUND ( 'NONE', #393, .T. ) ;
#1548 = CARTESIAN_POINT ( 'NONE',  ( -0.3420000000000003600, -0.1459999999999999400, -0.06250000000000000000 ) ) ;
#1549 = DIRECTION ( 'NONE',  ( -1.000000000000000000, 0.0000000000000000000, -0.0000000000000000000 ) ) ;
#1550 = DIRECTION ( 'NONE',  ( 0.0000000000000000000, 0.0000000000000000000, -1.000000000000000000 ) ) ;
#1551 = CARTESIAN_POINT ( 'NONE',  ( -0.3420000000000003600, -0.1259999999999999500, 0.06250000000000000000 ) ) ;
#1552 = AXIS2_PLACEMENT_3D ( 'NONE', #1551, #1550, #1549 ) ;
#1553 = PLANE ( 'NONE',  #1552 ) ;
#1554 = FACE_OUTER_BOUND ( 'NONE', #415, .T. ) ;
#1555 = DIRECTION ( 'NONE',  ( 1.000000000000000000, 0.0000000000000000000, 0.0000000000000000000 ) ) ;
#1556 = DIRECTION ( 'NONE',  ( 0.0000000000000000000, 0.0000000000000000000, -1.000000000000000000 ) ) ;
#1557 = CARTESIAN_POINT ( 'NONE',  ( -0.3420000000000003600, -0.1259999999999999500, -0.06250000000000000000 ) ) ;
#1558 = AXIS2_PLACEMENT_3D ( 'NONE', #1557, #1556, #1555 ) ;
#1559 = CIRCLE ( 'NONE', #1558, 0.01999999999999999000 ) ;
#1560 = DIRECTION ( 'NONE',  ( 0.0000000000000000000, -1.000000000000000000, 5.611038162886015400E-033 ) ) ;
#1561 = VECTOR ( 'NONE', #1560, 39.37007874015748100 ) ;
#1562 = CARTESIAN_POINT ( 'NONE',  ( -0.3420000000000003600, -0.1359999999999998700, 0.06250000000000000000 ) ) ;
#1563 = LINE ( 'NONE', #1562, #1561 ) ;
#1564 = EDGE_CURVE ( 'NONE', #568, #738, #2419, .T. ) ;
#1565 = DIRECTION ( 'NONE',  ( 1.000000000000000000, 0.0000000000000000000, 0.0000000000000000000 ) ) ;
#1566 = DIRECTION ( 'NONE',  ( -0.0000000000000000000, -0.0000000000000000000, 1.000000000000000000 ) ) ;
#1567 = CARTESIAN_POINT ( 'NONE',  ( -0.3420000000000003600, -0.1259999999999999500, 0.06250000000000000000 ) ) ;
#1568 = AXIS2_PLACEMENT_3D ( 'NONE', #1567, #1566, #1565 ) ;
#1569 = CIRCLE ( 'NONE', #1568, 0.01000000000000003000 ) ;
#1570 = CARTESIAN_POINT ( 'NONE',  ( -0.3420000000000003600, -0.1359999999999999300, 0.06250000000000000000 ) ) ;
#1571 = DIRECTION ( 'NONE',  ( 1.000000000000000000, 1.876269226417762200E-016, 0.0000000000000000000 ) ) ;
#1572 = DIRECTION ( 'NONE',  ( -1.876269226417762200E-016, 1.000000000000000000, 5.551115123125782700E-017 ) ) ;
#1573 = CARTESIAN_POINT ( 'NONE',  ( -0.1704999999999999800, -0.08433974596215464100, 0.06198906205728071200 ) ) ;
#1574 = AXIS2_PLACEMENT_3D ( 'NONE', #1573, #1572, #1571 ) ;
#1575 = PLANE ( 'NONE',  #1574 ) ;
#1576 = FACE_OUTER_BOUND ( 'NONE', #400, .T. ) ;
#1577 = DIRECTION ( 'NONE',  ( 0.6645968621233676600, -0.0000000000000000000, -0.7472021218223174900 ) ) ;
#1578 = VECTOR ( 'NONE', #1577, 39.37007874015748100 ) ;
#1579 = CARTESIAN_POINT ( 'NONE',  ( 0.3019999999999998800, 0.0000000000000000000, 0.1250000000000000000 ) ) ;
#1580 = LINE ( 'NONE', #1579, #1578 ) ;
#1581 = DIRECTION ( 'NONE',  ( 1.000000000000000000, 0.0000000000000000000, 0.0000000000000000000 ) ) ;
#1582 = DIRECTION ( 'NONE',  ( -0.0000000000000000000, -0.0000000000000000000, 1.000000000000000000 ) ) ;
#1583 = CARTESIAN_POINT ( 'NONE',  ( -0.3420000000000003600, -0.1259999999999999500, 0.06250000000000000000 ) ) ;
#1584 = AXIS2_PLACEMENT_3D ( 'NONE', #1583, #1582, #1581 ) ;
#1585 = CIRCLE ( 'NONE', #1584, 0.01999999999999999000 ) ;
#1586 = CIRCLE ( 'NONE', #1646, 0.02349999999999999300 ) ;
#1587 = CARTESIAN_POINT ( 'NONE',  ( -0.4570000000000004100, -0.1459999999999999400, -0.06250000000000000000 ) ) ;
#1588 = DIRECTION ( 'NONE',  ( 1.000000000000000000, -0.0000000000000000000, -0.0000000000000000000 ) ) ;
#1589 = VECTOR ( 'NONE', #1588, 39.37007874015748100 ) ;
#1590 = CARTESIAN_POINT ( 'NONE',  ( -0.3320000000000004100, -0.1459999999999999400, -0.06250000000000000000 ) ) ;
#1591 = LINE ( 'NONE', #1590, #1589 ) ;
#1592 = DIRECTION ( 'NONE',  ( 0.0000000000000000000, -1.000000000000000000, 0.0000000000000000000 ) ) ;
#1593 = DIRECTION ( 'NONE',  ( -0.0000000000000000000, -0.0000000000000000000, 1.000000000000000000 ) ) ;
#1594 = AXIS2_PLACEMENT_3D ( 'NONE', #1596, #1593, #1592 ) ;
#1595 = CARTESIAN_POINT ( 'NONE',  ( -0.3420000000000003600, -0.1459999999999999400, 0.06250000000000000000 ) ) ;
#1596 = CARTESIAN_POINT ( 'NONE',  ( -0.3420000000000003600, -0.1259999999999999500, 0.06250000000000000000 ) ) ;
#1597 = CYLINDRICAL_SURFACE ( 'NONE', #1594, 0.01999999999999999000 ) ;
#1598 = FACE_OUTER_BOUND ( 'NONE', #421, .T. ) ;
#1599 = DIRECTION ( 'NONE',  ( 0.0000000000000000000, 0.0000000000000000000, 1.000000000000000000 ) ) ;
#1600 = VECTOR ( 'NONE', #1599, 39.37007874015748100 ) ;
#1601 = CARTESIAN_POINT ( 'NONE',  ( -0.3420000000000003600, -0.1459999999999999400, -0.06250000000000000000 ) ) ;
#1602 = LINE ( 'NONE', #1601, #1600 ) ;
#1603 = DIRECTION ( 'NONE',  ( 0.0000000000000000000, -1.000000000000000000, 0.0000000000000000000 ) ) ;
#1604 = DIRECTION ( 'NONE',  ( -0.0000000000000000000, -0.0000000000000000000, 1.000000000000000000 ) ) ;
#1605 = AXIS2_PLACEMENT_3D ( 'NONE', #1606, #1604, #1603 ) ;
#1606 = CARTESIAN_POINT ( 'NONE',  ( -0.3420000000000003600, -0.1259999999999999500, 0.06250000000000000000 ) ) ;
#1607 = CYLINDRICAL_SURFACE ( 'NONE', #1605, 0.009999999999999995000 ) ;
#1608 = FACE_OUTER_BOUND ( 'NONE', #432, .T. ) ;
#1609 = DIRECTION ( 'NONE',  ( 1.000000000000000000, 0.0000000000000000000, 0.0000000000000000000 ) ) ;
#1610 = DIRECTION ( 'NONE',  ( 0.0000000000000000000, 0.0000000000000000000, -1.000000000000000000 ) ) ;
#1611 = CARTESIAN_POINT ( 'NONE',  ( -0.3420000000000003600, -0.1259999999999999500, -0.06250000000000000000 ) ) ;
#1612 = AXIS2_PLACEMENT_3D ( 'NONE', #1611, #1610, #1609 ) ;
#1613 = CIRCLE ( 'NONE', #1612, 0.01000000000000003000 ) ;
#1614 = DIRECTION ( 'NONE',  ( -0.0000000000000000000, 0.0000000000000000000, -1.000000000000000000 ) ) ;
#1615 = DIRECTION ( 'NONE',  ( 0.0000000000000000000, -1.000000000000000000, -0.0000000000000000000 ) ) ;
#1616 = DIRECTION ( 'NONE',  ( -1.000000000000000000, -3.491483361109382900E-015, 0.0000000000000000000 ) ) ;
#1617 = CARTESIAN_POINT ( 'NONE',  ( -0.3320000000000004100, -0.1359999999999999300, -0.06250000000000000000 ) ) ;
#1618 = AXIS2_PLACEMENT_3D ( 'NONE', #1617, #1615, #1614 ) ;
#1619 = PLANE ( 'NONE',  #1618 ) ;
#1620 = FACE_OUTER_BOUND ( 'NONE', #459, .T. ) ;
#1621 = FACE_BOUND ( 'NONE', #453, .T. ) ;
#1622 = DIRECTION ( 'NONE',  ( -0.0000000000000000000, -0.0000000000000000000, -1.000000000000000000 ) ) ;
#1623 = VECTOR ( 'NONE', #1622, 39.37007874015748100 ) ;
#1624 = CARTESIAN_POINT ( 'NONE',  ( -0.4570000000000004100, -0.1459999999999999400, -0.06250000000000000000 ) ) ;
#1625 = LINE ( 'NONE', #1624, #1623 ) ;
#1626 = DIRECTION ( 'NONE',  ( 0.0000000000000000000, 0.0000000000000000000, -1.000000000000000000 ) ) ;
#1627 = DIRECTION ( 'NONE',  ( 0.0000000000000000000, -1.000000000000000000, 0.0000000000000000000 ) ) ;
#1628 = CARTESIAN_POINT ( 'NONE',  ( -0.3945000000000004100, -0.1359999999999999300, -4.268512490100411300E-018 ) ) ;
#1629 = AXIS2_PLACEMENT_3D ( 'NONE', #1628, #1627, #1626 ) ;
#1630 = CIRCLE ( 'NONE', #1629, 0.02349999999999999300 ) ;
#1631 = DIRECTION ( 'NONE',  ( -0.0000000000000000000, -0.0000000000000000000, 1.000000000000000000 ) ) ;
#1632 = VECTOR ( 'NONE', #1631, 39.37007874015748100 ) ;
#1633 = CARTESIAN_POINT ( 'NONE',  ( -0.3420000000000003600, -0.1359999999999999300, -0.06250000000000000000 ) ) ;
#1634 = DIRECTION ( 'NONE',  ( -0.0000000000000000000, 0.0000000000000000000, -1.000000000000000000 ) ) ;
#1635 = DIRECTION ( 'NONE',  ( 0.0000000000000000000, -1.000000000000000000, -0.0000000000000000000 ) ) ;
#1636 = CARTESIAN_POINT ( 'NONE',  ( -0.3320000000000004100, -0.1459999999999999400, -0.06250000000000000000 ) ) ;
#1637 = LINE ( 'NONE', #1633, #1632 ) ;
#1638 = AXIS2_PLACEMENT_3D ( 'NONE', #1636, #1635, #1634 ) ;
#1639 = PLANE ( 'NONE',  #1638 ) ;
#1640 = FACE_OUTER_BOUND ( 'NONE', #423, .T. ) ;
#1641 = FACE_BOUND ( 'NONE', #448, .T. ) ;
#1642 = DIRECTION ( 'NONE',  ( 0.0000000000000000000, 0.0000000000000000000, -1.000000000000000000 ) ) ;
#1643 = ORIENTED_EDGE ( 'NONE', *, *, #1564, .F. ) ;
#1644 = DIRECTION ( 'NONE',  ( 0.0000000000000000000, -1.000000000000000000, 0.0000000000000000000 ) ) ;
#1645 = CARTESIAN_POINT ( 'NONE',  ( -0.3945000000000004100, -0.1459999999999999400, -4.268512490100411300E-018 ) ) ;
#1646 = AXIS2_PLACEMENT_3D ( 'NONE', #1645, #1644, #1642 ) ;
#1647 = DIRECTION ( 'NONE',  ( 4.107869966337225200E-017, 1.000000000000000000, 0.0000000000000000000 ) ) ;
#1648 = DIRECTION ( 'NONE',  ( 1.000000000000000000, -4.107869966337225200E-017, 0.0000000000000000000 ) ) ;
#1649 = CARTESIAN_POINT ( 'NONE',  ( -0.4570000000000004100, -0.1459999999999999400, -0.06250000000000000000 ) ) ;
#1650 = AXIS2_PLACEMENT_3D ( 'NONE', #1649, #1648, #1647 ) ;
#1651 = PLANE ( 'NONE',  #1650 ) ;
#1652 = FACE_OUTER_BOUND ( 'NONE', #468, .T. ) ;
#1653 = DIRECTION ( 'NONE',  ( 0.0000000000000000000, 0.0000000000000000000, -1.000000000000000000 ) ) ;
#1654 = VECTOR ( 'NONE', #1653, 39.37007874015748100 ) ;
#1655 = CARTESIAN_POINT ( 'NONE',  ( -0.4570000000000004100, -0.1359999999999999300, -0.06250000000000000000 ) ) ;
#1656 = LINE ( 'NONE', #1655, #1654 ) ;
#1657 = EDGE_CURVE ( 'NONE', #738, #385, #2415, .T. ) ;
#1658 = CARTESIAN_POINT ( 'NONE',  ( -0.4570000000000004100, -0.1359999999999999300, -0.06250000000000000000 ) ) ;
#1659 = DIRECTION ( 'NONE',  ( 1.000000000000000000, 0.0000000000000000000, 0.0000000000000000000 ) ) ;
#1660 = VECTOR ( 'NONE', #1659, 39.37007874015748100 ) ;
#1661 = CARTESIAN_POINT ( 'NONE',  ( -0.3320000000000004100, -0.1359999999999999300, -0.06250000000000000000 ) ) ;
#1662 = LINE ( 'NONE', #1661, #1660 ) ;
#1663 = CARTESIAN_POINT ( 'NONE',  ( -0.4570000000000004100, -0.1359999999999999300, 0.06249999999999997900 ) ) ;
#1664 = DIRECTION ( 'NONE',  ( -1.000000000000000000, 0.0000000000000000000, -1.365923996832131400E-016 ) ) ;
#1665 = DIRECTION ( 'NONE',  ( 1.365923996832131400E-016, -5.611038162886015400E-033, -1.000000000000000000 ) ) ;
#1666 = CARTESIAN_POINT ( 'NONE',  ( -0.4570000000000004100, -0.1459999999999999400, 0.06249999999999997900 ) ) ;
#1667 = AXIS2_PLACEMENT_3D ( 'NONE', #1666, #1665, #1664 ) ;
#1668 = PLANE ( 'NONE',  #1667 ) ;
#1669 = FACE_OUTER_BOUND ( 'NONE', #513, .T. ) ;
#1670 = DIRECTION ( 'NONE',  ( -1.000000000000000000, 0.0000000000000000000, -1.365923996832131400E-016 ) ) ;
#1671 = VECTOR ( 'NONE', #1670, 39.37007874015748100 ) ;
#1672 = CARTESIAN_POINT ( 'NONE',  ( -0.4570000000000004100, -0.1359999999999999300, 0.06249999999999997900 ) ) ;
#1673 = LINE ( 'NONE', #1672, #1671 ) ;
#1674 = DIRECTION ( 'NONE',  ( -1.000000000000000000, -0.0000000000000000000, -1.365923996832131400E-016 ) ) ;
#1675 = VECTOR ( 'NONE', #1674, 39.37007874015748100 ) ;
#1676 = CARTESIAN_POINT ( 'NONE',  ( -0.3320000000000004100, -0.1459999999999999400, 0.06250000000000000000 ) ) ;
#1677 = LINE ( 'NONE', #1676, #1675 ) ;
#1678 = CARTESIAN_POINT ( 'NONE',  ( -0.4570000000000004100, -0.1459999999999999400, 0.06249999999999997900 ) ) ;
#1679 = DIRECTION ( 'NONE',  ( 0.6645968621233677700, 0.0000000000000000000, 0.7472021218223173800 ) ) ;
#1680 = VECTOR ( 'NONE', #1679, 39.37007874015748900 ) ;
#1681 = CARTESIAN_POINT ( 'NONE',  ( -0.3019999999999998800, 0.0000000000000000000, 0.1250000000000000000 ) ) ;
#1682 = LINE ( 'NONE', #1681, #1680 ) ;
#1683 = CARTESIAN_POINT ( 'NONE',  ( -0.3019999999999998800, 0.0000000000000000000, 0.1250000000000000000 ) ) ;
#1684 = DIRECTION ( 'NONE',  ( 1.000000000000000000, 0.0000000000000000000, 0.0000000000000000000 ) ) ;
#1685 = VECTOR ( 'NONE', #1684, 39.37007874015748100 ) ;
#1686 = CARTESIAN_POINT ( 'NONE',  ( -0.3120000000000001100, 0.0000000000000000000, 0.1250000000000000000 ) ) ;
#1687 = LINE ( 'NONE', #1686, #1685 ) ;
#1688 = DIRECTION ( 'NONE',  ( -1.000000000000000000, 0.0000000000000000000, 0.0000000000000000000 ) ) ;
#1689 = DIRECTION ( 'NONE',  ( 4.107869966337225200E-017, 1.000000000000000000, 0.0000000000000000000 ) ) ;
#1690 = AXIS2_PLACEMENT_3D ( 'NONE', #1691, #1689, #1688 ) ;
#1691 = CARTESIAN_POINT ( 'NONE',  ( -0.3945000000000004100, -0.1459999999999999400, -4.268512490100411300E-018 ) ) ;
#1692 = CYLINDRICAL_SURFACE ( 'NONE', #1690, 0.02349999999999996900 ) ;
#1693 = FACE_OUTER_BOUND ( 'NONE', #487, .T. ) ;
#1694 = CARTESIAN_POINT ( 'NONE',  ( -0.3119999999999998300, 3.201384367575308300E-017, -0.1250000000000000000 ) ) ;
#1695 = DIRECTION ( 'NONE',  ( 1.000000000000000000, 0.0000000000000000000, -0.0000000000000000000 ) ) ;
#1696 = DIRECTION ( 'NONE',  ( 0.0000000000000000000, -0.0000000000000000000, 1.000000000000000000 ) ) ;
#1697 = CARTESIAN_POINT ( 'NONE',  ( -0.3320000000000004100, -0.1459999999999999400, -0.06250000000000000000 ) ) ;
#1698 = AXIS2_PLACEMENT_3D ( 'NONE', #1697, #1696, #1695 ) ;
#1699 = PLANE ( 'NONE',  #1698 ) ;
#1700 = FACE_OUTER_BOUND ( 'NONE', #471, .T. ) ;
#1701 = DIRECTION ( 'NONE',  ( 4.107869966337225200E-017, 1.000000000000000000, 0.0000000000000000000 ) ) ;
#1702 = VECTOR ( 'NONE', #1701, 39.37007874015748100 ) ;
#1703 = CARTESIAN_POINT ( 'NONE',  ( -0.4570000000000004100, -0.1459999999999999400, 0.06249999999999997900 ) ) ;
#1704 = LINE ( 'NONE', #1703, #1702 ) ;
#1705 = DIRECTION ( 'NONE',  ( 4.107869966337225200E-017, 1.000000000000000000, 0.0000000000000000000 ) ) ;
#1706 = VECTOR ( 'NONE', #1705, 39.37007874015748100 ) ;
#1707 = CARTESIAN_POINT ( 'NONE',  ( -0.4570000000000004100, -0.1459999999999999400, -0.06250000000000000000 ) ) ;
#1708 = LINE ( 'NONE', #1707, #1706 ) ;
#1709 = CARTESIAN_POINT ( 'NONE',  ( 0.1250000000000000300, -0.009999999999999962000, 0.3239999999999999000 ) ) ;
#1710 = AXIS2_PLACEMENT_3D ( 'NONE', #1709, #1772, #1771 ) ;
#1711 = CIRCLE ( 'NONE', #1710, 0.009999999999999962000 ) ;
#1712 = DIRECTION ( 'NONE',  ( 0.0000000000000000000, 0.0000000000000000000, -1.000000000000000000 ) ) ;
#1713 = DIRECTION ( 'NONE',  ( 1.000000000000000000, 0.0000000000000000000, 0.0000000000000000000 ) ) ;
#1714 = CARTESIAN_POINT ( 'NONE',  ( -0.1249999999999999600, -0.009999999999999962000, 0.3239999999999999000 ) ) ;
#1715 = AXIS2_PLACEMENT_3D ( 'NONE', #1714, #1713, #1712 ) ;
#1716 = PLANE ( 'NONE',  #1715 ) ;
#1717 = FACE_OUTER_BOUND ( 'NONE', #498, .T. ) ;
#1718 = DIRECTION ( 'NONE',  ( 0.0000000000000000000, 8.537024980200826700E-016, 1.000000000000000000 ) ) ;
#1719 = DIRECTION ( 'NONE',  ( 1.000000000000000000, 0.0000000000000000000, 0.0000000000000000000 ) ) ;
#1720 = CARTESIAN_POINT ( 'NONE',  ( 0.1250000000000000300, -0.009999999999999962000, 0.3239999999999999000 ) ) ;
#1721 = AXIS2_PLACEMENT_3D ( 'NONE', #1720, #1719, #1718 ) ;
#1722 = CIRCLE ( 'NONE', #1721, 0.01999999999999999000 ) ;
#1723 = DIRECTION ( 'NONE',  ( -0.0000000000000000000, 0.0000000000000000000, 1.000000000000000000 ) ) ;
#1724 = VECTOR ( 'NONE', #1723, 39.37007874015748100 ) ;
#1725 = CARTESIAN_POINT ( 'NONE',  ( 0.1250000000000000300, -0.009999999999999962000, 0.3440000000000003100 ) ) ;
#1726 = LINE ( 'NONE', #1725, #1724 ) ;
#1727 = CARTESIAN_POINT ( 'NONE',  ( 0.1250000000000000300, -0.009999999999999927300, 0.3339999999999998500 ) ) ;
#1728 = CARTESIAN_POINT ( 'NONE',  ( 0.1250000000000000300, -0.009999999999999892700, 0.3439999999999998600 ) ) ;
#1729 = DIRECTION ( 'NONE',  ( 0.0000000000000000000, 0.0000000000000000000, -1.000000000000000000 ) ) ;
#1730 = DIRECTION ( 'NONE',  ( 1.000000000000000000, 0.0000000000000000000, 0.0000000000000000000 ) ) ;
#1731 = CARTESIAN_POINT ( 'NONE',  ( 0.1250000000000000300, -0.009999999999999962000, 0.3239999999999999000 ) ) ;
#1732 = AXIS2_PLACEMENT_3D ( 'NONE', #1731, #1730, #1729 ) ;
#1733 = PLANE ( 'NONE',  #1732 ) ;
#1734 = FACE_OUTER_BOUND ( 'NONE', #514, .T. ) ;
#1735 = DIRECTION ( 'NONE',  ( 0.0000000000000000000, 0.0000000000000000000, 1.000000000000000000 ) ) ;
#1736 = VECTOR ( 'NONE', #1735, 39.37007874015748100 ) ;
#1737 = CARTESIAN_POINT ( 'NONE',  ( -0.3120000000000001100, 0.0000000000000000000, -0.1250000000000000000 ) ) ;
#1738 = LINE ( 'NONE', #1737, #1736 ) ;
#1739 = CARTESIAN_POINT ( 'NONE',  ( -0.3119999999999998300, 3.201384367575308300E-017, 0.1250000000000000000 ) ) ;
#1740 = FACE_OUTER_BOUND ( 'NONE', #544, .T. ) ;
#1741 = DIRECTION ( 'NONE',  ( 1.468735480464657500E-015, 3.671838701161643800E-016, -1.000000000000000000 ) ) ;
#1742 = VECTOR ( 'NONE', #1741, 39.37007874015748100 ) ;
#1743 = CARTESIAN_POINT ( 'NONE',  ( 0.2160000000000000300, -0.09433974596215463600, 0.02508072510390617700 ) ) ;
#1744 = LINE ( 'NONE', #1743, #1742 ) ;
#1745 = DIRECTION ( 'NONE',  ( -1.000000000000000000, 3.671838701161645300E-016, 0.0000000000000000000 ) ) ;
#1746 = DIRECTION ( 'NONE',  ( 1.876269226417762200E-016, 1.000000000000000000, 5.551115123125782700E-017 ) ) ;
#1747 = AXIS2_PLACEMENT_3D ( 'NONE', #1748, #1746, #1745 ) ;
#1748 = CARTESIAN_POINT ( 'NONE',  ( 0.1704999999999999800, -0.09433974596215463600, 0.06198906205728071200 ) ) ;
#1749 = CYLINDRICAL_SURFACE ( 'NONE', #1747, 0.04649999999999998600 ) ;
#1750 = FACE_OUTER_BOUND ( 'NONE', #535, .T. ) ;
#1751 = DIRECTION ( 'NONE',  ( -1.000000000000000000, 3.671838701161645300E-016, 0.0000000000000000000 ) ) ;
#1752 = DIRECTION ( 'NONE',  ( 1.876269226417762200E-016, 1.000000000000000000, 5.551115123125782700E-017 ) ) ;
#1753 = CARTESIAN_POINT ( 'NONE',  ( 0.1704999999999999800, -0.08433974596215464100, 0.06198906205728071200 ) ) ;
#1754 = AXIS2_PLACEMENT_3D ( 'NONE', #1753, #1752, #1751 ) ;
#1755 = DIRECTION ( 'NONE',  ( 0.0000000000000000000, -1.000000000000000000, 3.414809992080329500E-015 ) ) ;
#1756 = DIRECTION ( 'NONE',  ( 0.0000000000000000000, 3.414809992080329500E-015, 1.000000000000000000 ) ) ;
#1757 = CARTESIAN_POINT ( 'NONE',  ( -0.1249999999999999600, 3.491483361109382400E-017, 0.3439999999999998600 ) ) ;
#1758 = CIRCLE ( 'NONE', #1754, 0.04649999999999998600 ) ;
#1759 = AXIS2_PLACEMENT_3D ( 'NONE', #1757, #1756, #1755 ) ;
#1760 = PLANE ( 'NONE',  #1759 ) ;
#1761 = FACE_OUTER_BOUND ( 'NONE', #525, .T. ) ;
#1762 = CARTESIAN_POINT ( 'NONE',  ( 0.1250000000000000300, -0.1199999999999999700, 0.3440000000000003100 ) ) ;
#1763 = DIRECTION ( 'NONE',  ( 0.0000000000000000000, -3.491483361109382900E-015, -1.000000000000000000 ) ) ;
#1764 = VECTOR ( 'NONE', #1763, 39.37007874015748100 ) ;
#1765 = CARTESIAN_POINT ( 'NONE',  ( 0.1250000000000000300, -0.1199999999999999700, 0.3440000000000003100 ) ) ;
#1766 = LINE ( 'NONE', #1765, #1764 ) ;
#1767 = DIRECTION ( 'NONE',  ( 0.0000000000000000000, -1.000000000000000000, 3.414809992080329500E-015 ) ) ;
#1768 = VECTOR ( 'NONE', #1767, 39.37007874015748100 ) ;
#1769 = CARTESIAN_POINT ( 'NONE',  ( 0.1250000000000000300, -0.1199999999999999700, 0.3440000000000003100 ) ) ;
#1770 = LINE ( 'NONE', #1769, #1768 ) ;
#1771 = DIRECTION ( 'NONE',  ( 0.0000000000000000000, 8.537024980200855300E-016, 1.000000000000000000 ) ) ;
#1772 = DIRECTION ( 'NONE',  ( 1.000000000000000000, 0.0000000000000000000, 0.0000000000000000000 ) ) ;
#1773 = CARTESIAN_POINT ( 'NONE',  ( -0.1249999999999999600, -0.1200000000000000000, 0.3340000000000002400 ) ) ;
#1774 = DIRECTION ( 'NONE',  ( -1.000000000000000000, 3.671838701161645300E-016, 0.0000000000000000000 ) ) ;
#1775 = DIRECTION ( 'NONE',  ( 1.876269226417762200E-016, 1.000000000000000000, 5.551115123125782700E-017 ) ) ;
#1776 = CARTESIAN_POINT ( 'NONE',  ( 0.1704999999999999800, -0.09433974596215463600, 0.06198906205728071200 ) ) ;
#1777 = AXIS2_PLACEMENT_3D ( 'NONE', #1776, #1775, #1774 ) ;
#1778 = CIRCLE ( 'NONE', #1777, 0.04649999999999998600 ) ;
#1779 = DIRECTION ( 'NONE',  ( -3.671838701161643800E-016, -3.671838701161643800E-016, 1.000000000000000000 ) ) ;
#1780 = VECTOR ( 'NONE', #1779, 39.37007874015748100 ) ;
#1781 = CARTESIAN_POINT ( 'NONE',  ( 0.1250000000000000000, -0.08433974596215464100, 0.07158072510390614500 ) ) ;
#1782 = LINE ( 'NONE', #1781, #1780 ) ;
#1783 = DIRECTION ( 'NONE',  ( -3.671838701161643800E-016, -3.671838701161643800E-016, 1.000000000000000000 ) ) ;
#1784 = VECTOR ( 'NONE', #1783, 39.37007874015748100 ) ;
#1785 = CARTESIAN_POINT ( 'NONE',  ( 0.1250000000000000000, -0.09433974596215463600, 0.07158072510390614500 ) ) ;
#1786 = LINE ( 'NONE', #1785, #1784 ) ;
#1787 = EDGE_LOOP ( 'NONE', ( #541, #577, #327, #306 ) ) ;
#1788 = DIRECTION ( 'NONE',  ( 1.876269226417762200E-016, 1.000000000000000000, 5.551115123125782700E-017 ) ) ;
#1789 = VECTOR ( 'NONE', #1788, 39.37007874015748100 ) ;
#1790 = CARTESIAN_POINT ( 'NONE',  ( 0.2159999999999999700, -0.09433974596215465000, 0.07158072510390617300 ) ) ;
#1791 = LINE ( 'NONE', #1790, #1789 ) ;
#1792 = DIRECTION ( 'NONE',  ( -1.000000000000000000, 1.876269226417762200E-016, 0.0000000000000000000 ) ) ;
#1793 = DIRECTION ( 'NONE',  ( 1.876269226417762200E-016, 1.000000000000000000, 5.551115123125782700E-017 ) ) ;
#1794 = CARTESIAN_POINT ( 'NONE',  ( 0.1704999999999999800, -0.09433974596215463600, 0.06198906205728071200 ) ) ;
#1795 = AXIS2_PLACEMENT_3D ( 'NONE', #1794, #1793, #1792 ) ;
#1796 = PLANE ( 'NONE',  #1795 ) ;
#1797 = FACE_OUTER_BOUND ( 'NONE', #548, .T. ) ;
#1798 = CARTESIAN_POINT ( 'NONE',  ( -0.2170000000000001400, 0.01000000000000000000, -0.1409999999999998800 ) ) ;
#1799 = DIRECTION ( 'NONE',  ( -3.671838701161643300E-016, 0.0000000000000000000, 1.000000000000000000 ) ) ;
#1800 = DIRECTION ( 'NONE',  ( -1.000000000000000000, 1.876269226417762200E-016, -3.671838701161643300E-016 ) ) ;
#1801 = CARTESIAN_POINT ( 'NONE',  ( 0.1250000000000000000, -0.09433974596215463600, 0.07158072510390614500 ) ) ;
#1802 = AXIS2_PLACEMENT_3D ( 'NONE', #1801, #1800, #1799 ) ;
#1803 = PLANE ( 'NONE',  #1802 ) ;
#1804 = DIRECTION ( 'NONE',  ( 0.0000000000000000000, 0.0000000000000000000, 1.000000000000000000 ) ) ;
#1805 = DIRECTION ( 'NONE',  ( -1.000000000000000000, -0.0000000000000000000, -0.0000000000000000000 ) ) ;
#1806 = CARTESIAN_POINT ( 'NONE',  ( -0.1249999999999999600, -0.009999999999999962000, 0.3239999999999999000 ) ) ;
#1807 = AXIS2_PLACEMENT_3D ( 'NONE', #1806, #1805, #1804 ) ;
#1808 = CIRCLE ( 'NONE', #1807, 0.01999999999999999000 ) ;
#1809 = DIRECTION ( 'NONE',  ( 0.0000000000000000000, -3.491483361109382900E-015, -1.000000000000000000 ) ) ;
#1810 = VECTOR ( 'NONE', #1809, 39.37007874015748100 ) ;
#1811 = CARTESIAN_POINT ( 'NONE',  ( -0.1249999999999999600, -0.1199999999999999700, 0.3440000000000003100 ) ) ;
#1812 = DIRECTION ( 'NONE',  ( 0.0000000000000000000, 0.0000000000000000000, 1.000000000000000000 ) ) ;
#1813 = DIRECTION ( 'NONE',  ( -1.000000000000000000, -0.0000000000000000000, 0.0000000000000000000 ) ) ;
#1814 = CARTESIAN_POINT ( 'NONE',  ( -0.1249999999999999600, 3.491483361109382400E-017, 0.3439999999999998600 ) ) ;
#1815 = LINE ( 'NONE', #1811, #1810 ) ;
#1816 = AXIS2_PLACEMENT_3D ( 'NONE', #1814, #1813, #1812 ) ;
#1817 = PLANE ( 'NONE',  #1816 ) ;
#1818 = FACE_OUTER_BOUND ( 'NONE', #563, .T. ) ;
#1819 = ORIENTED_EDGE ( 'NONE', *, *, #3411, .F. ) ;
#1820 = DIRECTION ( 'NONE',  ( 0.0000000000000000000, 0.0000000000000000000, 1.000000000000000000 ) ) ;
#1821 = VECTOR ( 'NONE', #1820, 39.37007874015748100 ) ;
#1822 = CARTESIAN_POINT ( 'NONE',  ( -0.1249999999999999600, -0.009999999999999962000, 0.3339999999999999100 ) ) ;
#1823 = LINE ( 'NONE', #1822, #1821 ) ;
#1824 = CARTESIAN_POINT ( 'NONE',  ( -0.1249999999999999600, -0.009999999999999962000, 0.3439999999999998600 ) ) ;
#1825 = DIRECTION ( 'NONE',  ( -1.000000000000000000, 0.0000000000000000000, 0.0000000000000000000 ) ) ;
#1826 = VECTOR ( 'NONE', #1825, 39.37007874015748100 ) ;
#1827 = CARTESIAN_POINT ( 'NONE',  ( -0.1249999999999999600, -0.009999999999999962000, 0.3439999999999998600 ) ) ;
#1828 = LINE ( 'NONE', #1827, #1826 ) ;
#1829 = DIRECTION ( 'NONE',  ( -0.0000000000000000000, -1.000000000000000000, 3.414809992080329500E-015 ) ) ;
#1830 = VECTOR ( 'NONE', #1829, 39.37007874015748100 ) ;
#1831 = CARTESIAN_POINT ( 'NONE',  ( 0.1250000000000000300, -0.0000000000000000000, 0.3339999999999998500 ) ) ;
#1832 = LINE ( 'NONE', #1831, #1830 ) ;
#1833 = DIRECTION ( 'NONE',  ( -1.000000000000000000, 0.0000000000000000000, -0.0000000000000000000 ) ) ;
#1834 = VECTOR ( 'NONE', #1833, 39.37007874015748100 ) ;
#1835 = CARTESIAN_POINT ( 'NONE',  ( 0.1250000000000000300, -0.009999999999999962000, 0.3339999999999998500 ) ) ;
#1836 = LINE ( 'NONE', #1835, #1834 ) ;
#1837 =( GEOMETRIC_REPRESENTATION_CONTEXT ( 3 ) GLOBAL_UNCERTAINTY_ASSIGNED_CONTEXT ( ( #1838 ) ) GLOBAL_UNIT_ASSIGNED_CONTEXT ( ( #1841, #1840, #1839 ) ) REPRESENTATION_CONTEXT ( 'NONE', 'WORKASPACE' ) );
#1838 = UNCERTAINTY_MEASURE_WITH_UNIT (LENGTH_MEASURE( 1.000000000000000100E-005 ), #1841, 'distance_accuracy_value', 'NONE');
#1839 =( NAMED_UNIT ( * ) SI_UNIT ( $, .STERADIAN. ) SOLID_ANGLE_UNIT ( ) );
#1840 =( NAMED_UNIT ( * ) PLANE_ANGLE_UNIT ( ) SI_UNIT ( $, .RADIAN. ) );
#1841 =( CONVERSION_BASED_UNIT ( 'INCH', #1842 ) LENGTH_UNIT ( ) NAMED_UNIT ( #1843 ) );
#1842 = LENGTH_MEASURE_WITH_UNIT ( LENGTH_MEASURE( 0.02539999999999999900 ), #1844 );
#1843 = DIMENSIONAL_EXPONENTS ( 1.000000000000000000, 0.0000000000000000000, 0.0000000000000000000, 0.0000000000000000000, 0.0000000000000000000, 0.0000000000000000000, 0.0000000000000000000 ) ;
#1844 =( LENGTH_UNIT ( ) NAMED_UNIT ( * ) SI_UNIT ( $, .METRE. ) );
#1845 = MECHANICAL_DESIGN_GEOMETRIC_PRESENTATION_REPRESENTATION (  '', ( #1847 ), #1837 ) ;
#1846 = PRESENTATION_LAYER_ASSIGNMENT (  '', '', ( #1847 ) ) ;
#1847 = STYLED_ITEM ( 'NONE', ( #1848 ), #586 ) ;
#1848 = PRESENTATION_STYLE_ASSIGNMENT (( #1849 ) ) ;
#1849 = SURFACE_STYLE_USAGE ( .BOTH. , #1850 ) ;
#1850 = SURFACE_SIDE_STYLE ('',( #1851 ) ) ;
#1851 = SURFACE_STYLE_FILL_AREA ( #1852 ) ;
#1852 = FILL_AREA_STYLE ('',( #1859 ) ) ;
#1853 = COLOUR_RGB ( '',0.8313725490196077800, 0.8392156862745098200, 0.8274509803921568100 ) ;
#1854 = DIRECTION ( 'NONE',  ( 0.0000000000000000000, 0.0000000000000000000, -1.000000000000000000 ) ) ;
#1855 = DIRECTION ( 'NONE',  ( 1.000000000000000000, 0.0000000000000000000, 0.0000000000000000000 ) ) ;
#1856 = CARTESIAN_POINT ( 'NONE',  ( 0.1250000000000000300, -0.1199999999999999700, 0.3440000000000003100 ) ) ;
#1857 = AXIS2_PLACEMENT_3D ( 'NONE', #1856, #1855, #1854 ) ;
#1858 = FACE_OUTER_BOUND ( 'NONE', #566, .T. ) ;
#1859 = FILL_AREA_STYLE_COLOUR ( '', #1853 ) ;
#1860 = PLANE ( 'NONE',  #1857 ) ;
#1861 = FACE_OUTER_BOUND ( 'NONE', #567, .T. ) ;
#1862 = CARTESIAN_POINT ( 'NONE',  ( 0.1250000000000000300, -0.1200000000000000000, 0.3340000000000002400 ) ) ;
#1864 = ORIENTED_EDGE ( 'NONE', *, *, #531, .F. ) ;
#1863 = DIRECTION ( 'NONE',  ( 0.0000000000000000000, 0.0000000000000000000, -1.000000000000000000 ) ) ;
#1865 = DIRECTION ( 'NONE',  ( -0.0000000000000000000, 1.000000000000000000, -0.0000000000000000000 ) ) ;
#1866 = CARTESIAN_POINT ( 'NONE',  ( 0.3945000000000004100, -0.1359999999999999300, -4.268512490100411300E-018 ) ) ;
#1867 = AXIS2_PLACEMENT_3D ( 'NONE', #1866, #1865, #1863 ) ;
#1868 = CIRCLE ( 'NONE', #1867, 0.02349999999999999300 ) ;
#1869 =( NAMED_UNIT ( * ) PLANE_ANGLE_UNIT ( ) SI_UNIT ( $, .RADIAN. ) );
#1870 = DIRECTION ( 'NONE',  ( 0.0000000000000000000, 0.0000000000000000000, -1.000000000000000000 ) ) ;
#1871 = DIRECTION ( 'NONE',  ( -0.0000000000000000000, -1.000000000000000000, -0.0000000000000000000 ) ) ;
#1872 = CARTESIAN_POINT ( 'NONE',  ( -0.1705000000000002600, 0.01000000000000000000, 0.06500000000000000200 ) ) ;
#1873 = AXIS2_PLACEMENT_3D ( 'NONE', #1872, #1871, #1870 ) ;
#1874 = CYLINDRICAL_SURFACE ( 'NONE', #1873, 0.08549999999999997900 ) ;
#1875 = FACE_OUTER_BOUND ( 'NONE', #599, .T. ) ;
#1876 = CARTESIAN_POINT ( 'NONE',  ( -0.3019999999999998800, 0.01000000000000000000, -0.1250000000000000000 ) ) ;
#1877 = CARTESIAN_POINT ( 'NONE',  ( -0.1769999999999998800, 0.01000000000000000000, -0.2499999999999999700 ) ) ;
#1878 = DIRECTION ( 'NONE',  ( 0.0000000000000000000, 0.0000000000000000000, -1.000000000000000000 ) ) ;
#1879 = DIRECTION ( 'NONE',  ( 0.0000000000000000000, 1.000000000000000000, -0.0000000000000000000 ) ) ;
#1880 = AXIS2_PLACEMENT_3D ( 'NONE', #1885, #1879, #1878 ) ;
#1881 = CIRCLE ( 'NONE', #1880, 0.1249999999999999900 ) ;
#1882 = DIRECTION ( 'NONE',  ( 1.000000000000000000, 0.0000000000000000000, -0.0000000000000000000 ) ) ;
#1883 = DIRECTION ( 'NONE',  ( 0.0000000000000000000, 0.0000000000000000000, 1.000000000000000000 ) ) ;
#1884 = CARTESIAN_POINT ( 'NONE',  ( -0.3120000000000001100, 0.01000000000000000000, -0.1250000000000000000 ) ) ;
#1885 = CARTESIAN_POINT ( 'NONE',  ( -0.1769999999999998800, 0.01000000000000000000, -0.1249999999999999400 ) ) ;
#1886 = AXIS2_PLACEMENT_3D ( 'NONE', #1884, #1883, #1882 ) ;
#1887 = PLANE ( 'NONE',  #1886 ) ;
#1888 = DIRECTION ( 'NONE',  ( -1.349242453767371500E-016, 0.0000000000000000000, 1.000000000000000000 ) ) ;
#1889 = DIRECTION ( 'NONE',  ( -1.000000000000000000, 0.0000000000000000000, -1.349242453767371500E-016 ) ) ;
#1890 = CARTESIAN_POINT ( 'NONE',  ( -0.003000000000000000100, 0.006999999999999999300, 0.2274999999999998700 ) ) ;
#1891 = AXIS2_PLACEMENT_3D ( 'NONE', #1890, #1889, #1888 ) ;
#1892 = FACE_OUTER_BOUND ( 'NONE', #591, .T. ) ;
#1893 = PLANE ( 'NONE',  #1891 ) ;
#1894 = CARTESIAN_POINT ( 'NONE',  ( 0.3945000000000004100, -0.1459999999999999400, -4.268512490100411300E-018 ) ) ;
#1895 = AXIS2_PLACEMENT_3D ( 'NONE', #1894, #1954, #1953 ) ;
#1896 = CIRCLE ( 'NONE', #1895, 0.02349999999999999300 ) ;
#1897 = DIRECTION ( 'NONE',  ( -4.107869966337225200E-017, 1.000000000000000000, 0.0000000000000000000 ) ) ;
#1898 = VECTOR ( 'NONE', #1897, 39.37007874015748100 ) ;
#1899 = CARTESIAN_POINT ( 'NONE',  ( 0.4180000000000003700, -0.1459999999999999400, -1.390687558617825300E-018 ) ) ;
#1900 = LINE ( 'NONE', #1899, #1898 ) ;
#1901 = CARTESIAN_POINT ( 'NONE',  ( 0.3710000000000004400, -0.1459999999999999400, -4.268512490100411300E-018 ) ) ;
#1902 = DIRECTION ( 'NONE',  ( 4.107869966337225200E-017, 1.000000000000000000, 0.0000000000000000000 ) ) ;
#1903 = VECTOR ( 'NONE', #1902, 39.37007874015748100 ) ;
#1904 = CARTESIAN_POINT ( 'NONE',  ( -0.4180000000000003700, -0.1459999999999999400, -4.268512490100411300E-018 ) ) ;
#1905 = LINE ( 'NONE', #1904, #1903 ) ;
#1906 = DIRECTION ( 'NONE',  ( -1.000000000000000000, 0.0000000000000000000, 0.0000000000000000000 ) ) ;
#1907 = DIRECTION ( 'NONE',  ( -4.107869966337225200E-017, 1.000000000000000000, 0.0000000000000000000 ) ) ;
#1908 = CARTESIAN_POINT ( 'NONE',  ( 0.3945000000000004100, -0.1459999999999999400, -4.268512490100411300E-018 ) ) ;
#1909 = AXIS2_PLACEMENT_3D ( 'NONE', #1908, #1907, #1906 ) ;
#1910 = CYLINDRICAL_SURFACE ( 'NONE', #1909, 0.02349999999999996900 ) ;
#1911 = FACE_OUTER_BOUND ( 'NONE', #610, .T. ) ;
#1912 = CARTESIAN_POINT ( 'NONE',  ( -0.4180000000000003700, -0.1359999999999999300, -4.268512490100411300E-018 ) ) ;
#1913 = CARTESIAN_POINT ( 'NONE',  ( 0.4180000000000003700, -0.1359999999999999300, -1.390687558617822000E-018 ) ) ;
#1914 = DIRECTION ( 'NONE',  ( 0.0000000000000000000, 0.0000000000000000000, -1.000000000000000000 ) ) ;
#1915 = DIRECTION ( 'NONE',  ( 0.0000000000000000000, -1.000000000000000000, 0.0000000000000000000 ) ) ;
#1916 = CARTESIAN_POINT ( 'NONE',  ( -0.3945000000000004100, -0.1359999999999999300, -4.268512490100411300E-018 ) ) ;
#1917 = AXIS2_PLACEMENT_3D ( 'NONE', #1916, #1915, #1914 ) ;
#1918 = CIRCLE ( 'NONE', #1917, 0.02349999999999999300 ) ;
#1919 = CARTESIAN_POINT ( 'NONE',  ( 0.4180000000000003700, -0.1459999999999999400, -1.390687558617822000E-018 ) ) ;
#1920 = DIRECTION ( 'NONE',  ( -0.0000000000000000000, -1.000000000000000000, -0.0000000000000000000 ) ) ;
#1921 = VECTOR ( 'NONE', #1920, 39.37007874015748100 ) ;
#1922 = CARTESIAN_POINT ( 'NONE',  ( -0.2170000000000000000, 0.01000000000000000000, -0.006749564458608551700 ) ) ;
#1923 = LINE ( 'NONE', #1922, #1921 ) ;
#1924 = DIRECTION ( 'NONE',  ( -1.000000000000000000, -0.0000000000000000000, -0.0000000000000000000 ) ) ;
#1925 = VECTOR ( 'NONE', #1924, 39.37007874015748100 ) ;
#1926 = CARTESIAN_POINT ( 'NONE',  ( -0.003000000000000000100, 0.01000000000000000000, 0.2274999999999998700 ) ) ;
#1927 = LINE ( 'NONE', #1926, #1925 ) ;
#1928 = DIRECTION ( 'NONE',  ( -0.0000000000000000000, -1.000000000000000000, -0.0000000000000000000 ) ) ;
#1929 = VECTOR ( 'NONE', #1928, 39.37007874015748100 ) ;
#1930 = CARTESIAN_POINT ( 'NONE',  ( -0.3120000000000001100, 0.01000000000000000000, -0.1250000000000000000 ) ) ;
#1931 = LINE ( 'NONE', #1930, #1929 ) ;
#1932 = DIRECTION ( 'NONE',  ( -1.000000000000000000, 0.0000000000000000000, -0.0000000000000000000 ) ) ;
#1933 = DIRECTION ( 'NONE',  ( 0.0000000000000000000, 0.0000000000000000000, -1.000000000000000000 ) ) ;
#1934 = CARTESIAN_POINT ( 'NONE',  ( -0.3120000000000001100, 0.01000000000000000000, 0.1250000000000000000 ) ) ;
#1935 = AXIS2_PLACEMENT_3D ( 'NONE', #1934, #1933, #1932 ) ;
#1936 = PLANE ( 'NONE',  #1935 ) ;
#1937 = FACE_OUTER_BOUND ( 'NONE', #628, .T. ) ;
#1938 = CARTESIAN_POINT ( 'NONE',  ( -0.09005209782894693600, 0.0000000000000000000, -0.2148056919579878200 ) ) ;
#1939 = DIRECTION ( 'NONE',  ( -1.000000000000000000, -0.0000000000000000000, -0.0000000000000000000 ) ) ;
#1940 = VECTOR ( 'NONE', #1939, 39.37007874015748100 ) ;
#1941 = CARTESIAN_POINT ( 'NONE',  ( -0.3120000000000001100, 0.0000000000000000000, -0.1250000000000000000 ) ) ;
#1942 = LINE ( 'NONE', #1941, #1940 ) ;
#1943 = DIRECTION ( 'NONE',  ( 0.0000000000000000000, 0.0000000000000000000, 1.000000000000000000 ) ) ;
#1944 = DIRECTION ( 'NONE',  ( -0.0000000000000000000, -1.000000000000000000, -0.0000000000000000000 ) ) ;
#1945 = CARTESIAN_POINT ( 'NONE',  ( 7.303219981961819300E-019, 0.0000000000000000000, -0.3220000000000000100 ) ) ;
#1946 = AXIS2_PLACEMENT_3D ( 'NONE', #1945, #1944, #1943 ) ;
#1947 = CIRCLE ( 'NONE', #1946, 0.1400000000000000400 ) ;
#1948 = DIRECTION ( 'NONE',  ( 0.0000000000000000000, 0.0000000000000000000, -1.000000000000000000 ) ) ;
#1949 = DIRECTION ( 'NONE',  ( 0.0000000000000000000, 1.000000000000000000, -0.0000000000000000000 ) ) ;
#1950 = CARTESIAN_POINT ( 'NONE',  ( -0.1769999999999998800, 0.0000000000000000000, -0.1249999999999999400 ) ) ;
#1951 = AXIS2_PLACEMENT_3D ( 'NONE', #1950, #1949, #1948 ) ;
#1952 = CIRCLE ( 'NONE', #1951, 0.1249999999999999900 ) ;
#1953 = DIRECTION ( 'NONE',  ( 0.0000000000000000000, 0.0000000000000000000, -1.000000000000000000 ) ) ;
#1954 = DIRECTION ( 'NONE',  ( -0.0000000000000000000, 1.000000000000000000, -0.0000000000000000000 ) ) ;
#1955 = CYLINDRICAL_SURFACE ( 'NONE', #2017, 0.1250000000000000600 ) ;
#1956 = FACE_OUTER_BOUND ( 'NONE', #645, .T. ) ;
#1957 = CARTESIAN_POINT ( 'NONE',  ( 0.1769999999999998800, 0.01000000000000000000, -0.2500000000000000000 ) ) ;
#1958 = DIRECTION ( 'NONE',  ( 0.0000000000000000000, 0.0000000000000000000, -1.000000000000000000 ) ) ;
#1959 = DIRECTION ( 'NONE',  ( 0.0000000000000000000, 1.000000000000000000, -0.0000000000000000000 ) ) ;
#1960 = CARTESIAN_POINT ( 'NONE',  ( -0.1769999999999998800, 0.0000000000000000000, -0.1249999999999999400 ) ) ;
#1961 = AXIS2_PLACEMENT_3D ( 'NONE', #1960, #1959, #1958 ) ;
#1962 = CIRCLE ( 'NONE', #1961, 0.1249999999999999900 ) ;
#1963 = DIRECTION ( 'NONE',  ( -0.0000000000000000000, -1.000000000000000000, -0.0000000000000000000 ) ) ;
#1964 = VECTOR ( 'NONE', #1963, 39.37007874015748100 ) ;
#1965 = CARTESIAN_POINT ( 'NONE',  ( -0.1769999999999998800, 0.01000000000000000000, -0.2499999999999999200 ) ) ;
#1966 = LINE ( 'NONE', #1965, #1964 ) ;
#1967 = CARTESIAN_POINT ( 'NONE',  ( -0.1769999999999998800, 0.0000000000000000000, -0.2499999999999999700 ) ) ;
#1968 = CARTESIAN_POINT ( 'NONE',  ( 0.09005209782894685300, 0.01000000000000000000, -0.2148056919579878200 ) ) ;
#1969 = DIRECTION ( 'NONE',  ( 0.0000000000000000000, 0.0000000000000000000, 1.000000000000000000 ) ) ;
#1970 = DIRECTION ( 'NONE',  ( 0.0000000000000000000, 1.000000000000000000, 0.0000000000000000000 ) ) ;
#1971 = CARTESIAN_POINT ( 'NONE',  ( 0.1769999999999998800, 0.01000000000000000000, -0.1249999999999999400 ) ) ;
#1972 = AXIS2_PLACEMENT_3D ( 'NONE', #1971, #1970, #1969 ) ;
#1973 = CIRCLE ( 'NONE', #1972, 0.1250000000000000600 ) ;
#1974 = DIRECTION ( 'NONE',  ( 1.000000000000000000, 0.0000000000000000000, -1.835919350580821900E-016 ) ) ;
#1975 = DIRECTION ( 'NONE',  ( 1.835919350580821900E-016, -0.0000000000000000000, 1.000000000000000000 ) ) ;
#1976 = CARTESIAN_POINT ( 'NONE',  ( -0.1240000000000001400, 0.01000000000000000000, -0.1409999999999999000 ) ) ;
#1977 = AXIS2_PLACEMENT_3D ( 'NONE', #1976, #1975, #1974 ) ;
#1978 = PLANE ( 'NONE',  #1977 ) ;
#1979 = FACE_OUTER_BOUND ( 'NONE', #710, .T. ) ;
#1980 = CARTESIAN_POINT ( 'NONE',  ( 0.003000000000000005700, 0.01000000000000000000, 0.2709999999999998500 ) ) ;
#1981 = DIRECTION ( 'NONE',  ( -1.349242453767371500E-016, -0.0000000000000000000, -1.000000000000000000 ) ) ;
#1982 = VECTOR ( 'NONE', #1981, 39.37007874015748100 ) ;
#1983 = CARTESIAN_POINT ( 'NONE',  ( 0.003000000000000000100, 0.01000000000000000000, 0.2274999999999998700 ) ) ;
#1984 = LINE ( 'NONE', #1983, #1982 ) ;
#1985 = CARTESIAN_POINT ( 'NONE',  ( 0.003000000000000000100, 0.01000000000000000000, 0.2274999999999998700 ) ) ;
#1986 = EDGE_LOOP ( 'NONE', ( #801, #718, #58, #92, #123, #3636, #72, #63, #11, #44, #130, #75, #111, #23 ) ) ;
#1987 = UNCERTAINTY_MEASURE_WITH_UNIT (LENGTH_MEASURE( 1.000000000000000100E-005 ), #1990, 'distance_accuracy_value', 'NONE');
#1988 =( NAMED_UNIT ( * ) SI_UNIT ( $, .STERADIAN. ) SOLID_ANGLE_UNIT ( ) );
#1989 =( NAMED_UNIT ( * ) PLANE_ANGLE_UNIT ( ) SI_UNIT ( $, .RADIAN. ) );
#1990 =( CONVERSION_BASED_UNIT ( 'INCH', #1991 ) LENGTH_UNIT ( ) NAMED_UNIT ( #1992 ) );
#1991 = LENGTH_MEASURE_WITH_UNIT ( LENGTH_MEASURE( 0.02539999999999999900 ), #1993 );
#1992 = DIMENSIONAL_EXPONENTS ( 1.000000000000000000, 0.0000000000000000000, 0.0000000000000000000, 0.0000000000000000000, 0.0000000000000000000, 0.0000000000000000000, 0.0000000000000000000 ) ;
#1993 =( LENGTH_UNIT ( ) NAMED_UNIT ( * ) SI_UNIT ( $, .METRE. ) );
#1994 = MECHANICAL_DESIGN_GEOMETRIC_PRESENTATION_REPRESENTATION (  '', ( #1996 ), #2043 ) ;
#1995 = PRESENTATION_LAYER_ASSIGNMENT (  '', '', ( #1996 ) ) ;
#1996 = STYLED_ITEM ( 'NONE', ( #1997 ), #658 ) ;
#1997 = PRESENTATION_STYLE_ASSIGNMENT (( #1998 ) ) ;
#1998 = SURFACE_STYLE_USAGE ( .BOTH. , #1999 ) ;
#1999 = SURFACE_SIDE_STYLE ('',( #2000 ) ) ;
#2000 = SURFACE_STYLE_FILL_AREA ( #2001 ) ;
#2001 = FILL_AREA_STYLE ('',( #2002 ) ) ;
#2002 = FILL_AREA_STYLE_COLOUR ( '', #2003 ) ;
#2003 = COLOUR_RGB ( '',0.8313725490196077800, 0.8392156862745098200, 0.8274509803921568100 ) ;
#2004 = CARTESIAN_POINT ( 'NONE',  ( -0.3710000000000004400, -0.1359999999999999300, -1.390687558617822000E-018 ) ) ;
#2005 = CARTESIAN_POINT ( 'NONE',  ( -0.3019999999999998800, 0.0000000000000000000, -0.1250000000000000000 ) ) ;
#2006 = DIRECTION ( 'NONE',  ( -0.0000000000000000000, -1.000000000000000000, -0.0000000000000000000 ) ) ;
#2007 = VECTOR ( 'NONE', #2006, 39.37007874015748100 ) ;
#2008 = CARTESIAN_POINT ( 'NONE',  ( -0.3019999999999998800, 0.01000000000000000000, -0.1250000000000000000 ) ) ;
#2009 = LINE ( 'NONE', #2008, #2007 ) ;
#2010 = DIRECTION ( 'NONE',  ( -0.0000000000000000000, -1.000000000000000000, -0.0000000000000000000 ) ) ;
#2011 = VECTOR ( 'NONE', #2010, 39.37007874015748100 ) ;
#2012 = CARTESIAN_POINT ( 'NONE',  ( 0.1769999999999998800, 0.01000000000000000000, -0.2500000000000000000 ) ) ;
#2013 = LINE ( 'NONE', #2012, #2011 ) ;
#2014 = DIRECTION ( 'NONE',  ( 0.0000000000000000000, 0.0000000000000000000, -1.000000000000000000 ) ) ;
#2015 = DIRECTION ( 'NONE',  ( -0.0000000000000000000, -1.000000000000000000, -0.0000000000000000000 ) ) ;
#2016 = CARTESIAN_POINT ( 'NONE',  ( 0.1769999999999998800, 0.01000000000000000000, -0.1249999999999999400 ) ) ;
#2017 = AXIS2_PLACEMENT_3D ( 'NONE', #2016, #2015, #2014 ) ;
#2018 = CARTESIAN_POINT ( 'NONE',  ( -0.1769999999999998800, 0.01000000000000000000, -0.1249999999999999400 ) ) ;
#2019 = FACE_OUTER_BOUND ( 'NONE', #594, .T. ) ;
#2020 = DIRECTION ( 'NONE',  ( -4.107869966337225200E-017, 1.000000000000000000, 0.0000000000000000000 ) ) ;
#2021 = VECTOR ( 'NONE', #2020, 39.37007874015748100 ) ;
#2022 = CARTESIAN_POINT ( 'NONE',  ( 0.3710000000000004400, -0.1459999999999999400, -4.268512490100411300E-018 ) ) ;
#2023 = LINE ( 'NONE', #2022, #2021 ) ;
#2024 = CARTESIAN_POINT ( 'NONE',  ( 0.3710000000000004400, -0.1359999999999999300, -4.268512490100411300E-018 ) ) ;
#2025 = DIRECTION ( 'NONE',  ( 0.0000000000000000000, 0.0000000000000000000, -1.000000000000000000 ) ) ;
#2026 = DIRECTION ( 'NONE',  ( 0.0000000000000000000, -1.000000000000000000, 0.0000000000000000000 ) ) ;
#2027 = CARTESIAN_POINT ( 'NONE',  ( -0.3945000000000004100, -0.1459999999999999400, -4.268512490100411300E-018 ) ) ;
#2028 = AXIS2_PLACEMENT_3D ( 'NONE', #2027, #2026, #2025 ) ;
#2029 = CIRCLE ( 'NONE', #2028, 0.02349999999999999300 ) ;
#2030 = CARTESIAN_POINT ( 'NONE',  ( -0.3319999999999999100, -0.009999999999999925600, -0.1250000000000000000 ) ) ;
#2031 = DIRECTION ( 'NONE',  ( 4.107869966337225200E-017, 1.000000000000000000, 0.0000000000000000000 ) ) ;
#2032 = VECTOR ( 'NONE', #2031, 39.37007874015748100 ) ;
#2033 = CARTESIAN_POINT ( 'NONE',  ( -0.3710000000000004400, -0.1459999999999999400, -1.390687558617825300E-018 ) ) ;
#2034 = LINE ( 'NONE', #2033, #2032 ) ;
#2035 = CARTESIAN_POINT ( 'NONE',  ( -0.3710000000000004400, -0.1459999999999999400, -1.390687558617822000E-018 ) ) ;
#2036 = DIRECTION ( 'NONE',  ( -1.000000000000000000, 0.0000000000000000000, 0.0000000000000000000 ) ) ;
#2037 = DIRECTION ( 'NONE',  ( 4.107869966337225200E-017, 1.000000000000000000, 0.0000000000000000000 ) ) ;
#2038 = CARTESIAN_POINT ( 'NONE',  ( -0.3945000000000004100, -0.1459999999999999400, -4.268512490100411300E-018 ) ) ;
#2039 = AXIS2_PLACEMENT_3D ( 'NONE', #2038, #2037, #2036 ) ;
#2040 = CARTESIAN_POINT ( 'NONE',  ( -0.4180000000000003700, -0.1459999999999999400, -4.268512490100411300E-018 ) ) ;
#2041 = CYLINDRICAL_SURFACE ( 'NONE', #2039, 0.02349999999999996900 ) ;
#2042 = FACE_OUTER_BOUND ( 'NONE', #660, .T. ) ;
#2043 =( GEOMETRIC_REPRESENTATION_CONTEXT ( 3 ) GLOBAL_UNCERTAINTY_ASSIGNED_CONTEXT ( ( #1987 ) ) GLOBAL_UNIT_ASSIGNED_CONTEXT ( ( #1990, #1989, #1988 ) ) REPRESENTATION_CONTEXT ( 'NONE', 'WORKASPACE' ) );
#2044 = DIRECTION ( 'NONE',  ( 1.000000000000000000, 0.0000000000000000000, -0.0000000000000000000 ) ) ;
#2045 = DIRECTION ( 'NONE',  ( 0.0000000000000000000, 0.0000000000000000000, 1.000000000000000000 ) ) ;
#2046 = CARTESIAN_POINT ( 'NONE',  ( 0.1240000000000000100, 0.01000000000000000000, -0.1409999999999999000 ) ) ;
#2047 = CARTESIAN_POINT ( 'NONE',  ( 0.1769999999999998800, 0.0000000000000000000, -0.2500000000000000000 ) ) ;
#2048 = AXIS2_PLACEMENT_3D ( 'NONE', #2046, #2045, #2044 ) ;
#2049 = PLANE ( 'NONE',  #2048 ) ;
#2050 = FACE_OUTER_BOUND ( 'NONE', #680, .T. ) ;
#2051 = DIRECTION ( 'NONE',  ( 0.0000000000000000000, 0.0000000000000000000, 1.000000000000000000 ) ) ;
#2052 = DIRECTION ( 'NONE',  ( 0.0000000000000000000, 1.000000000000000000, 0.0000000000000000000 ) ) ;
#2053 = CARTESIAN_POINT ( 'NONE',  ( 0.1769999999999998800, 0.0000000000000000000, -0.1249999999999999400 ) ) ;
#2054 = AXIS2_PLACEMENT_3D ( 'NONE', #2053, #2052, #2051 ) ;
#2055 = CIRCLE ( 'NONE', #2054, 0.1250000000000000600 ) ;
#2056 = CARTESIAN_POINT ( 'NONE',  ( -0.1250000000000000000, 0.01000000000000000400, -0.1409999999999999900 ) ) ;
#2057 = DIRECTION ( 'NONE',  ( -1.000000000000000000, 0.0000000000000000000, 1.835919350580821900E-016 ) ) ;
#2058 = VECTOR ( 'NONE', #2057, 39.37007874015748100 ) ;
#2059 = CARTESIAN_POINT ( 'NONE',  ( -0.1240000000000001400, 0.0000000000000000000, -0.1409999999999999000 ) ) ;
#2060 = LINE ( 'NONE', #2059, #2058 ) ;
#2061 = DIRECTION ( 'NONE',  ( -0.0000000000000000000, -1.000000000000000000, -0.0000000000000000000 ) ) ;
#2062 = VECTOR ( 'NONE', #2061, 39.37007874015748100 ) ;
#2063 = CARTESIAN_POINT ( 'NONE',  ( 0.09005209782894685300, 0.01000000000000000000, -0.2148056919579878200 ) ) ;
#2064 = LINE ( 'NONE', #2063, #2062 ) ;
#2065 = DIRECTION ( 'NONE',  ( -1.000000000000000000, 0.0000000000000000000, 0.0000000000000000000 ) ) ;
#2066 = VECTOR ( 'NONE', #2065, 39.37007874015748100 ) ;
#2067 = CARTESIAN_POINT ( 'NONE',  ( 0.04650000000000000000, 0.01000000000000000000, 0.2709999999999998500 ) ) ;
#2068 = LINE ( 'NONE', #2067, #2066 ) ;
#2069 = CARTESIAN_POINT ( 'NONE',  ( 0.04650000000000000000, 0.01000000000000000000, 0.2709999999999998500 ) ) ;
#2070 = DIRECTION ( 'NONE',  ( -1.000000000000000000, 3.532562060772754300E-015, -0.0000000000000000000 ) ) ;
#2071 = VECTOR ( 'NONE', #2070, 39.37007874015748100 ) ;
#2072 = CARTESIAN_POINT ( 'NONE',  ( -0.3219999999999999000, -0.009999999999999962000, -0.1250000000000000000 ) ) ;
#2073 = LINE ( 'NONE', #2072, #2071 ) ;
#2074 = DIRECTION ( 'NONE',  ( 0.0000000000000000000, 0.0000000000000000000, -1.000000000000000000 ) ) ;
#2075 = DIRECTION ( 'NONE',  ( -0.0000000000000000000, -1.000000000000000000, -0.0000000000000000000 ) ) ;
#2076 = AXIS2_PLACEMENT_3D ( 'NONE', #2018, #2075, #2074 ) ;
#2077 = CYLINDRICAL_SURFACE ( 'NONE', #2076, 0.1249999999999999900 ) ;
#2078 = CARTESIAN_POINT ( 'NONE',  ( -0.1240000000000001400, 0.01000000000000000000, -0.1409999999999999000 ) ) ;
#2079 = CARTESIAN_POINT ( 'NONE',  ( -0.003000000000000000100, 0.01000000000000000000, 0.2274999999999998700 ) ) ;
#2080 = EDGE_CURVE ( 'NONE', #2869, #2908, #2410, .T. ) ;
#2081 = ORIENTED_EDGE ( 'NONE', *, *, #3285, .T. ) ;
#2082 = DIRECTION ( 'NONE',  ( -1.349242453767371500E-016, 0.0000000000000000000, 1.000000000000000000 ) ) ;
#2083 = VECTOR ( 'NONE', #2082, 39.37007874015748100 ) ;
#2084 = CARTESIAN_POINT ( 'NONE',  ( -0.003000000000000000100, 0.01000000000000000000, 0.2274999999999998700 ) ) ;
#2085 = LINE ( 'NONE', #2084, #2083 ) ;
#2086 = DIRECTION ( 'NONE',  ( 1.061188283525715800E-016, -1.000000000000000000, 6.994405055138485400E-015 ) ) ;
#2087 = VECTOR ( 'NONE', #2086, 39.37007874015748100 ) ;
#2088 = CARTESIAN_POINT ( 'NONE',  ( -0.1250000000000000000, 0.01000000000000000400, -0.1409999999999999900 ) ) ;
#2089 = LINE ( 'NONE', #2088, #2087 ) ;
#2090 = DIRECTION ( 'NONE',  ( -0.0000000000000000000, -1.000000000000000000, -0.0000000000000000000 ) ) ;
#2091 = VECTOR ( 'NONE', #2090, 39.37007874015748100 ) ;
#2092 = CARTESIAN_POINT ( 'NONE',  ( 0.2170000000000000300, 0.01000000000000000000, -0.1409999999999999000 ) ) ;
#2093 = LINE ( 'NONE', #2092, #2091 ) ;
#2094 = CARTESIAN_POINT ( 'NONE',  ( 0.2170000000000000300, 0.01000000000000000000, -0.1409999999999999000 ) ) ;
#2095 = DIRECTION ( 'NONE',  ( -1.000000000000000000, 0.0000000000000000000, 1.835919350580821900E-016 ) ) ;
#2096 = VECTOR ( 'NONE', #2095, 39.37007874015748100 ) ;
#2097 = CARTESIAN_POINT ( 'NONE',  ( -0.1240000000000001400, 0.01000000000000000000, -0.1409999999999999000 ) ) ;
#2098 = LINE ( 'NONE', #2097, #2096 ) ;
#2099 = DIRECTION ( 'NONE',  ( -1.061188283525715800E-016, -1.000000000000000000, 6.994405055138485400E-015 ) ) ;
#2100 = VECTOR ( 'NONE', #2099, 39.37007874015748100 ) ;
#2101 = CARTESIAN_POINT ( 'NONE',  ( 0.2160000000000000300, 0.009999999999999995000, -0.1409999999999999900 ) ) ;
#2102 = LINE ( 'NONE', #2101, #2100 ) ;
#2103 = CARTESIAN_POINT ( 'NONE',  ( 0.2160000000000000300, 0.009999999999999995000, -0.1409999999999999900 ) ) ;
#2104 = DIRECTION ( 'NONE',  ( -1.000000000000000000, -0.0000000000000000000, -0.0000000000000000000 ) ) ;
#2105 = VECTOR ( 'NONE', #2104, 39.37007874015748100 ) ;
#2106 = CARTESIAN_POINT ( 'NONE',  ( 0.1240000000000000100, 0.01000000000000000000, -0.1409999999999999000 ) ) ;
#2107 = LINE ( 'NONE', #2106, #2105 ) ;
#2108 = CARTESIAN_POINT ( 'NONE',  ( 0.09005209782894685300, 0.0000000000000000000, -0.2148056919579878200 ) ) ;
#2109 = CARTESIAN_POINT ( 'NONE',  ( 0.1705000000000002600, 0.01000000000000000000, 0.06499999999999996100 ) ) ;
#2110 = AXIS2_PLACEMENT_3D ( 'NONE', #2109, #1106, #1363 ) ;
#2111 = CYLINDRICAL_SURFACE ( 'NONE', #2110, 0.08549999999999997900 ) ;
#2112 =( NAMED_UNIT ( * ) SI_UNIT ( $, .STERADIAN. ) SOLID_ANGLE_UNIT ( ) );
#2113 = VERTEX_POINT ( 'NONE', #2405 ) ;
#2114 = FACE_OUTER_BOUND ( 'NONE', #721, .T. ) ;
#2115 = DIRECTION ( 'NONE',  ( -1.000000000000000000, -9.184850993605056000E-017, 1.876269226417762200E-016 ) ) ;
#2116 = VECTOR ( 'NONE', #2115, 39.37007874015748100 ) ;
#2117 = CARTESIAN_POINT ( 'NONE',  ( -0.2160000000000000300, 9.184850993605054100E-020, -0.1409999999999999000 ) ) ;
#2118 = LINE ( 'NONE', #2117, #2116 ) ;
#2119 = DIRECTION ( 'NONE',  ( -0.0000000000000000000, -1.000000000000000000, -0.0000000000000000000 ) ) ;
#2120 = VECTOR ( 'NONE', #2119, 39.37007874015748100 ) ;
#2121 = CARTESIAN_POINT ( 'NONE',  ( 0.1240000000000000100, 0.01000000000000000000, -0.1409999999999999000 ) ) ;
#2122 = LINE ( 'NONE', #2121, #2120 ) ;
#2123 = DIRECTION ( 'NONE',  ( -1.000000000000000000, -0.0000000000000000000, -0.0000000000000000000 ) ) ;
#2124 = VECTOR ( 'NONE', #2123, 39.37007874015748100 ) ;
#2125 = CARTESIAN_POINT ( 'NONE',  ( 0.1240000000000000100, 0.0000000000000000000, -0.1409999999999999000 ) ) ;
#2126 = LINE ( 'NONE', #2125, #2124 ) ;
#2127 = CARTESIAN_POINT ( 'NONE',  ( 0.2160000000000000300, 0.0000000000000000000, -0.1409999999999999000 ) ) ;
#2128 = DIRECTION ( 'NONE',  ( 0.0000000000000000000, -0.0000000000000000000, 1.000000000000000000 ) ) ;
#2129 = DIRECTION ( 'NONE',  ( 0.0000000000000000000, 1.000000000000000000, 0.0000000000000000000 ) ) ;
#2130 = CARTESIAN_POINT ( 'NONE',  ( 0.1769999999999998800, 0.01000000000000000000, -0.1249999999999999400 ) ) ;
#2131 = AXIS2_PLACEMENT_3D ( 'NONE', #2130, #2129, #2128 ) ;
#2132 = CARTESIAN_POINT ( 'NONE',  ( -0.003000000000000009200, 0.01000000000000000000, 0.2709999999999998500 ) ) ;
#2133 = PLANE ( 'NONE',  #2131 ) ;
#2134 = FACE_BOUND ( 'NONE', #73, .T. ) ;
#2135 = FACE_OUTER_BOUND ( 'NONE', #1986, .T. ) ;
#2136 = FACE_BOUND ( 'NONE', #823, .T. ) ;
#2137 = FACE_BOUND ( 'NONE', #695, .T. ) ;
#2138 = CARTESIAN_POINT ( 'NONE',  ( 0.2170000000000000300, 0.0000000000000000000, -0.1409999999999999000 ) ) ;
#2139 = CARTESIAN_POINT ( 'NONE',  ( -0.1250000000000000000, 0.0000000000000000000, -0.1409999999999999000 ) ) ;
#2140 = CARTESIAN_POINT ( 'NONE',  ( -0.1240000000000001400, 0.0000000000000000000, -0.1409999999999999000 ) ) ;
#2141 = DIRECTION ( 'NONE',  ( -0.0000000000000000000, -1.000000000000000000, -0.0000000000000000000 ) ) ;
#2142 = VECTOR ( 'NONE', #2141, 39.37007874015748100 ) ;
#2143 = CARTESIAN_POINT ( 'NONE',  ( -0.1240000000000001400, 0.01000000000000000000, -0.1409999999999999000 ) ) ;
#2144 = LINE ( 'NONE', #2143, #2142 ) ;
#2145 = DIRECTION ( 'NONE',  ( 1.000000000000000000, -0.0000000000000000000, -0.0000000000000000000 ) ) ;
#2146 = VECTOR ( 'NONE', #2145, 39.37007874015748100 ) ;
#2147 = CARTESIAN_POINT ( 'NONE',  ( 0.003000000000000010900, 0.01000000000000000000, 0.3204999999999998400 ) ) ;
#2148 = LINE ( 'NONE', #2147, #2146 ) ;
#2149 = CARTESIAN_POINT ( 'NONE',  ( 0.003000000000000005700, 0.01000000000000000000, 0.2769999999999998600 ) ) ;
#2150 = DIRECTION ( 'NONE',  ( 0.0000000000000000000, 0.0000000000000000000, -1.000000000000000000 ) ) ;
#2151 = VECTOR ( 'NONE', #2150, 39.37007874015748100 ) ;
#2152 = EDGE_CURVE ( 'NONE', #2610, #365, #2403, .T. ) ;
#2153 = CARTESIAN_POINT ( 'NONE',  ( 0.04650000000000000000, 0.01000000000000000000, 0.2769999999999998600 ) ) ;
#2154 = LINE ( 'NONE', #2153, #2151 ) ;
#2155 = CARTESIAN_POINT ( 'NONE',  ( 0.003000000000000010900, 0.01000000000000000000, 0.3204999999999998400 ) ) ;
#2156 = DIRECTION ( 'NONE',  ( -0.0000000000000000000, -1.000000000000000000, -0.0000000000000000000 ) ) ;
#2157 = VECTOR ( 'NONE', #2156, 39.37007874015748100 ) ;
#2158 = CARTESIAN_POINT ( 'NONE',  ( 0.1240000000000005300, 0.01000000000000000000, -0.006749564458608579500 ) ) ;
#2159 = LINE ( 'NONE', #2158, #2157 ) ;
#2160 = CARTESIAN_POINT ( 'NONE',  ( -0.1249999999999999600, -0.009999999999999927300, 0.3339999999999998500 ) ) ;
#2161 = DIRECTION ( 'NONE',  ( -0.0000000000000000000, -1.000000000000000000, -0.0000000000000000000 ) ) ;
#2162 = VECTOR ( 'NONE', #2161, 39.37007874015748100 ) ;
#2163 = CARTESIAN_POINT ( 'NONE',  ( 0.2170000000000000000, 0.01000000000000000000, -0.006749564458608604600 ) ) ;
#2164 = LINE ( 'NONE', #2163, #2162 ) ;
#2165 = DIRECTION ( 'NONE',  ( -1.061188283525715800E-016, -1.000000000000000000, 6.994405055138485400E-015 ) ) ;
#2166 = VECTOR ( 'NONE', #2165, 39.37007874015748100 ) ;
#2167 = CARTESIAN_POINT ( 'NONE',  ( 0.1250000000000000000, 0.01000000000000000400, -0.1409999999999999900 ) ) ;
#2168 = LINE ( 'NONE', #2167, #2166 ) ;
#2169 = DIRECTION ( 'NONE',  ( 1.000000000000000000, 0.0000000000000000000, -0.0000000000000000000 ) ) ;
#2170 = DIRECTION ( 'NONE',  ( 0.0000000000000000000, 0.0000000000000000000, 1.000000000000000000 ) ) ;
#2171 = CARTESIAN_POINT ( 'NONE',  ( 0.1240000000000000100, 0.01000000000000000000, -0.1409999999999999000 ) ) ;
#2172 = AXIS2_PLACEMENT_3D ( 'NONE', #2171, #2170, #2169 ) ;
#2173 = PLANE ( 'NONE',  #2172 ) ;
#2174 = FACE_OUTER_BOUND ( 'NONE', #725, .T. ) ;
#2175 = CARTESIAN_POINT ( 'NONE',  ( -0.1249999999999999600, -0.1199999999999999700, 0.3440000000000003100 ) ) ;
#2176 = PLANE ( 'NONE',  #2178 ) ;
#2177 = CARTESIAN_POINT ( 'NONE',  ( -0.2170000000000001400, 0.01000000000000000000, -0.1409999999999998800 ) ) ;
#2178 = AXIS2_PLACEMENT_3D ( 'NONE', #2177, #2241, #2240 ) ;
#2179 = FACE_OUTER_BOUND ( 'NONE', #836, .T. ) ;
#2180 = DIRECTION ( 'NONE',  ( 0.0000000000000000000, 0.0000000000000000000, 1.000000000000000000 ) ) ;
#2181 = DIRECTION ( 'NONE',  ( 0.0000000000000000000, 1.000000000000000000, 0.0000000000000000000 ) ) ;
#2182 = CARTESIAN_POINT ( 'NONE',  ( -0.1705000000000002600, 0.01000000000000000000, 0.06500000000000000200 ) ) ;
#2183 = AXIS2_PLACEMENT_3D ( 'NONE', #2182, #2181, #2180 ) ;
#2184 = CIRCLE ( 'NONE', #2183, 0.08549999999999997900 ) ;
#2185 = DIRECTION ( 'NONE',  ( -0.0000000000000000000, -1.000000000000000000, -0.0000000000000000000 ) ) ;
#2186 = VECTOR ( 'NONE', #2185, 39.37007874015748100 ) ;
#2187 = CARTESIAN_POINT ( 'NONE',  ( -0.3120000000000001100, 0.01000000000000000000, 0.1250000000000000000 ) ) ;
#2188 = LINE ( 'NONE', #2187, #2186 ) ;
#2189 = DIRECTION ( 'NONE',  ( 1.000000000000000000, -0.0000000000000000000, -0.0000000000000000000 ) ) ;
#2190 = VECTOR ( 'NONE', #2189, 39.37007874015748100 ) ;
#2191 = CARTESIAN_POINT ( 'NONE',  ( -0.003000000000000005700, 0.01000000000000000000, 0.2769999999999998600 ) ) ;
#2192 = LINE ( 'NONE', #2191, #2190 ) ;
#2193 = CARTESIAN_POINT ( 'NONE',  ( -0.003000000000000010900, 0.01000000000000000000, 0.3204999999999998400 ) ) ;
#2194 = DIRECTION ( 'NONE',  ( -3.942598373241490300E-015, 0.0000000000000000000, -1.000000000000000000 ) ) ;
#2195 = DIRECTION ( 'NONE',  ( 1.000000000000000000, 0.0000000000000000000, -3.942598373241490300E-015 ) ) ;
#2196 = CARTESIAN_POINT ( 'NONE',  ( 0.1240000000000000100, 0.01000000000000000000, -0.1409999999999999000 ) ) ;
#2197 = AXIS2_PLACEMENT_3D ( 'NONE', #2196, #2195, #2194 ) ;
#2198 = PLANE ( 'NONE',  #2197 ) ;
#2199 = FACE_OUTER_BOUND ( 'NONE', #758, .T. ) ;
#2200 = DIRECTION ( 'NONE',  ( -1.226584048879429700E-016, -0.0000000000000000000, -1.000000000000000000 ) ) ;
#2201 = VECTOR ( 'NONE', #2200, 39.37007874015748100 ) ;
#2202 = CARTESIAN_POINT ( 'NONE',  ( 0.003000000000000005700, 0.01000000000000000000, 0.2769999999999998600 ) ) ;
#2203 = LINE ( 'NONE', #2202, #2201 ) ;
#2204 = CARTESIAN_POINT ( 'NONE',  ( 0.04650000000000000000, 0.01000000000000000000, 0.2769999999999998600 ) ) ;
#2205 = DIRECTION ( 'NONE',  ( 1.000000000000000000, -0.0000000000000000000, -0.0000000000000000000 ) ) ;
#2206 = VECTOR ( 'NONE', #2205, 39.37007874015748100 ) ;
#2207 = CARTESIAN_POINT ( 'NONE',  ( 0.04650000000000000000, 0.01000000000000000000, 0.2769999999999998600 ) ) ;
#2208 = LINE ( 'NONE', #2207, #2206 ) ;
#2209 = AXIS2_PLACEMENT_3D ( 'NONE', #2269, #2268, #2267 ) ;
#2210 = PLANE ( 'NONE',  #2209 ) ;
#2211 = FACE_OUTER_BOUND ( 'NONE', #788, .T. ) ;
#2212 = DIRECTION ( 'NONE',  ( -0.6645968621233677700, 0.0000000000000000000, -0.7472021218223171600 ) ) ;
#2213 = DIRECTION ( 'NONE',  ( 0.7472021218223172700, 0.0000000000000000000, -0.6645968621233678800 ) ) ;
#2214 = CARTESIAN_POINT ( 'NONE',  ( -0.04650000000000000000, 0.01000000000000000000, 0.2769999999999998600 ) ) ;
#2215 = CARTESIAN_POINT ( 'NONE',  ( -0.3019999999999998800, 0.01000000000000000000, 0.1250000000000000000 ) ) ;
#2216 = AXIS2_PLACEMENT_3D ( 'NONE', #2215, #2213, #2212 ) ;
#2217 = FACE_OUTER_BOUND ( 'NONE', #777, .T. ) ;
#2218 = DIRECTION ( 'NONE',  ( -1.000000000000000000, 0.0000000000000000000, -0.0000000000000000000 ) ) ;
#2219 = DIRECTION ( 'NONE',  ( 0.0000000000000000000, 0.0000000000000000000, -1.000000000000000000 ) ) ;
#2220 = CARTESIAN_POINT ( 'NONE',  ( 0.3119999999999998300, 0.01000000000000000000, 0.1250000000000000000 ) ) ;
#2221 = AXIS2_PLACEMENT_3D ( 'NONE', #2220, #2219, #2218 ) ;
#2222 = PLANE ( 'NONE',  #2221 ) ;
#2223 = PLANE ( 'NONE',  #2216 ) ;
#2224 = FACE_OUTER_BOUND ( 'NONE', #794, .T. ) ;
#2225 = DIRECTION ( 'NONE',  ( -0.0000000000000000000, -1.000000000000000000, -0.0000000000000000000 ) ) ;
#2226 = VECTOR ( 'NONE', #2225, 39.37007874015748100 ) ;
#2227 = CARTESIAN_POINT ( 'NONE',  ( 0.1250000000000000300, 0.01000000000000000000, 0.3239999999999999000 ) ) ;
#2228 = DIRECTION ( 'NONE',  ( -0.6645968621233676600, 0.0000000000000000000, 0.7472021218223173800 ) ) ;
#2229 = DIRECTION ( 'NONE',  ( -0.7472021218223174900, 0.0000000000000000000, -0.6645968621233677700 ) ) ;
#2230 = CARTESIAN_POINT ( 'NONE',  ( 0.3019999999999998800, 0.01000000000000000000, 0.1250000000000000000 ) ) ;
#2231 = LINE ( 'NONE', #2227, #2226 ) ;
#2232 = AXIS2_PLACEMENT_3D ( 'NONE', #2230, #2229, #2228 ) ;
#2233 = PLANE ( 'NONE',  #2232 ) ;
#2234 = FACE_OUTER_BOUND ( 'NONE', #761, .T. ) ;
#2235 = DIRECTION ( 'NONE',  ( -0.0000000000000000000, -1.000000000000000000, -0.0000000000000000000 ) ) ;
#2236 = VECTOR ( 'NONE', #2235, 39.37007874015748100 ) ;
#2237 = CARTESIAN_POINT ( 'NONE',  ( 0.3019999999999998800, 0.01000000000000000000, 0.1250000000000000000 ) ) ;
#2238 = LINE ( 'NONE', #2237, #2236 ) ;
#2239 = CARTESIAN_POINT ( 'NONE',  ( -0.003000000000000005700, 0.01000000000000000000, 0.2769999999999998600 ) ) ;
#2240 = DIRECTION ( 'NONE',  ( -1.017444741481675000E-015, 0.0000000000000000000, -1.000000000000000000 ) ) ;
#2241 = DIRECTION ( 'NONE',  ( 1.000000000000000000, 0.0000000000000000000, -1.017444741481675000E-015 ) ) ;
#2242 = FACE_OUTER_BOUND ( 'NONE', #821, .T. ) ;
#2243 = FACE_OUTER_BOUND ( 'NONE', #809, .T. ) ;
#2244 = DIRECTION ( 'NONE',  ( -1.000000000000000000, 1.876269226417762200E-016, -3.752538452835524400E-016 ) ) ;
#2245 = VECTOR ( 'NONE', #2244, 39.37007874015748100 ) ;
#2246 = CARTESIAN_POINT ( 'NONE',  ( 0.1250000000000000000, -0.09299999999999905600, 0.02008072510390619000 ) ) ;
#2247 = LINE ( 'NONE', #2246, #2245 ) ;
#2248 = DIRECTION ( 'NONE',  ( -1.000000000000000000, -9.184850993605054800E-017, 1.876269226417762200E-016 ) ) ;
#2249 = VECTOR ( 'NONE', #2248, 39.37007874015748100 ) ;
#2250 = CARTESIAN_POINT ( 'NONE',  ( -0.2160000000000000300, 0.009999999999999995000, -0.1409999999999999900 ) ) ;
#2251 = LINE ( 'NONE', #2250, #2249 ) ;
#2252 = DIRECTION ( 'NONE',  ( -2.543611853704188500E-016, 0.0000000000000000000, 1.000000000000000000 ) ) ;
#2253 = DIRECTION ( 'NONE',  ( -1.000000000000000000, 0.0000000000000000000, -2.543611853704188500E-016 ) ) ;
#2254 = CARTESIAN_POINT ( 'NONE',  ( 0.2170000000000000300, 0.01000000000000000000, -0.1409999999999999000 ) ) ;
#2255 = AXIS2_PLACEMENT_3D ( 'NONE', #2254, #2253, #2252 ) ;
#2256 = PLANE ( 'NONE',  #2255 ) ;
#2257 = FACE_OUTER_BOUND ( 'NONE', #739, .T. ) ;
#2258 = CARTESIAN_POINT ( 'NONE',  ( -0.2170000000000000000, 0.01000000000000000000, -0.006749564458608553500 ) ) ;
#2259 = DIRECTION ( 'NONE',  ( 3.052334224445023800E-015, -0.0000000000000000000, -1.000000000000000000 ) ) ;
#2260 = VECTOR ( 'NONE', #2259, 39.37007874015748100 ) ;
#2261 = CARTESIAN_POINT ( 'NONE',  ( -0.1240000000000001400, 0.01000000000000000000, -0.1409999999999999000 ) ) ;
#2262 = LINE ( 'NONE', #2261, #2260 ) ;
#2263 = DIRECTION ( 'NONE',  ( 1.061188283525715800E-016, -1.000000000000000000, 6.994405055138485400E-015 ) ) ;
#2264 = VECTOR ( 'NONE', #2263, 39.37007874015748100 ) ;
#2265 = CARTESIAN_POINT ( 'NONE',  ( -0.2160000000000000300, 0.009999999999999995000, -0.1409999999999999900 ) ) ;
#2266 = LINE ( 'NONE', #2265, #2264 ) ;
#2267 = DIRECTION ( 'NONE',  ( 1.000000000000000000, 0.0000000000000000000, -1.835919350580821900E-016 ) ) ;
#2268 = DIRECTION ( 'NONE',  ( 1.835919350580821900E-016, -0.0000000000000000000, 1.000000000000000000 ) ) ;
#2269 = CARTESIAN_POINT ( 'NONE',  ( -0.1240000000000001400, 0.01000000000000000000, -0.1409999999999999000 ) ) ;
#2270 = VECTOR ( 'NONE', #2334, 39.37007874015748100 ) ;
#2271 = CARTESIAN_POINT ( 'NONE',  ( -0.2170000000000001400, 0.01000000000000000000, -0.1409999999999998800 ) ) ;
#2272 = LINE ( 'NONE', #2271, #2270 ) ;
#2273 = DIRECTION ( 'NONE',  ( -1.226584048879429700E-016, 0.0000000000000000000, 1.000000000000000000 ) ) ;
#2274 = VECTOR ( 'NONE', #2273, 39.37007874015748100 ) ;
#2275 = CARTESIAN_POINT ( 'NONE',  ( -0.003000000000000005700, 0.01000000000000000000, 0.2769999999999998600 ) ) ;
#2276 = LINE ( 'NONE', #2275, #2274 ) ;
#2277 = DIRECTION ( 'NONE',  ( -0.0000000000000000000, -1.000000000000000000, -0.0000000000000000000 ) ) ;
#2278 = VECTOR ( 'NONE', #2277, 39.37007874015748100 ) ;
#2279 = CARTESIAN_POINT ( 'NONE',  ( -0.1249999999999999600, 0.01000000000000000000, 0.3239999999999999000 ) ) ;
#2280 = LINE ( 'NONE', #2279, #2278 ) ;
#2281 = DIRECTION ( 'NONE',  ( -0.0000000000000000000, -1.000000000000000000, -0.0000000000000000000 ) ) ;
#2282 = VECTOR ( 'NONE', #2281, 39.37007874015748100 ) ;
#2283 = CARTESIAN_POINT ( 'NONE',  ( -0.1240000000000006100, 0.01000000000000000000, -0.006749564458608579500 ) ) ;
#2284 = LINE ( 'NONE', #2283, #2282 ) ;
#2285 = DIRECTION ( 'NONE',  ( -1.000000000000000000, 0.0000000000000000000, 0.0000000000000000000 ) ) ;
#2286 = VECTOR ( 'NONE', #2285, 39.37007874015748100 ) ;
#2287 = CARTESIAN_POINT ( 'NONE',  ( -0.003000000000000005700, 0.01000000000000000000, 0.2709999999999998500 ) ) ;
#2288 = LINE ( 'NONE', #2287, #2286 ) ;
#2289 = DIRECTION ( 'NONE',  ( -0.0000000000000000000, -1.000000000000000000, -0.0000000000000000000 ) ) ;
#2290 = VECTOR ( 'NONE', #2289, 39.37007874015748100 ) ;
#2291 = CARTESIAN_POINT ( 'NONE',  ( 0.3119999999999998300, 0.01000000000000000000, 0.1250000000000000000 ) ) ;
#2292 = DIRECTION ( 'NONE',  ( -3.052334224445023800E-015, 0.0000000000000000000, 1.000000000000000000 ) ) ;
#2293 = DIRECTION ( 'NONE',  ( -1.000000000000000000, 0.0000000000000000000, -3.052334224445023800E-015 ) ) ;
#2294 = CARTESIAN_POINT ( 'NONE',  ( -0.1240000000000001400, 0.01000000000000000000, -0.1409999999999999000 ) ) ;
#2295 = LINE ( 'NONE', #2291, #2290 ) ;
#2296 = VERTEX_POINT ( 'NONE', #2404 ) ;
#2297 = AXIS2_PLACEMENT_3D ( 'NONE', #2294, #2293, #2292 ) ;
#2298 = PLANE ( 'NONE',  #2297 ) ;
#2299 = DIRECTION ( 'NONE',  ( 3.752538452835526300E-016, 0.0000000000000000000, -1.000000000000000000 ) ) ;
#2300 = DIRECTION ( 'NONE',  ( 1.000000000000000000, -1.876269226417763200E-016, 3.752538452835526300E-016 ) ) ;
#2301 = CARTESIAN_POINT ( 'NONE',  ( 0.2160000000000000300, -0.09299999999999901400, 0.02008072510390616900 ) ) ;
#2302 = AXIS2_PLACEMENT_3D ( 'NONE', #2301, #2300, #2299 ) ;
#2303 = PLANE ( 'NONE',  #2302 ) ;
#2304 = DIRECTION ( 'NONE',  ( 3.752538452835526300E-016, 0.0000000000000000000, -1.000000000000000000 ) ) ;
#2305 = DIRECTION ( 'NONE',  ( 1.000000000000000000, -1.876269226417763200E-016, 3.752538452835526300E-016 ) ) ;
#2306 = CARTESIAN_POINT ( 'NONE',  ( 0.1250000000000000300, -0.09299999999999901400, 0.02008072510390613800 ) ) ;
#2307 = AXIS2_PLACEMENT_3D ( 'NONE', #2306, #2305, #2304 ) ;
#2308 = PLANE ( 'NONE',  #2307 ) ;
#2309 = FACE_OUTER_BOUND ( 'NONE', #851, .T. ) ;
#2310 = DIRECTION ( 'NONE',  ( -1.000000000000000000, 1.876269226417763200E-016, -3.752538452835526300E-016 ) ) ;
#2311 = VECTOR ( 'NONE', #2310, 39.37007874015748100 ) ;
#2312 = CARTESIAN_POINT ( 'NONE',  ( 0.1250000000000000300, -0.09433974596215462200, 0.02508072510390614200 ) ) ;
#2313 = LINE ( 'NONE', #2312, #2311 ) ;
#2314 = DIRECTION ( 'NONE',  ( -1.000000000000000000, 0.0000000000000000000, 0.0000000000000000000 ) ) ;
#2315 = VECTOR ( 'NONE', #2314, 39.37007874015748100 ) ;
#2316 = CARTESIAN_POINT ( 'NONE',  ( 0.3119999999999998300, 0.01000000000000000000, -0.1250000000000000000 ) ) ;
#2317 = LINE ( 'NONE', #2316, #2315 ) ;
#2318 = CARTESIAN_POINT ( 'NONE',  ( 0.1250000000000000300, -0.09433974596215463600, 0.07158072510390614500 ) ) ;
#2319 = DIRECTION ( 'NONE',  ( 1.876269226417762200E-016, 1.000000000000000000, 5.551115123125782700E-017 ) ) ;
#2320 = VECTOR ( 'NONE', #2319, 39.37007874015748100 ) ;
#2321 = CARTESIAN_POINT ( 'NONE',  ( 0.1250000000000000300, -0.09433974596215463600, 0.07158072510390614500 ) ) ;
#2322 = LINE ( 'NONE', #2321, #2320 ) ;
#2323 = CARTESIAN_POINT ( 'NONE',  ( 0.1250000000000000300, -0.08433974596215464100, 0.07158072510390614500 ) ) ;
#2324 = CARTESIAN_POINT ( 'NONE',  ( -0.1240000000000006100, 0.01000000000000000000, -0.006749564458608579500 ) ) ;
#2325 = DIRECTION ( 'NONE',  ( -0.0000000000000000000, -1.000000000000000000, -0.0000000000000000000 ) ) ;
#2326 = VECTOR ( 'NONE', #2325, 39.37007874015748100 ) ;
#2327 = CARTESIAN_POINT ( 'NONE',  ( -0.3019999999999998800, 0.01000000000000000000, 0.1250000000000000000 ) ) ;
#2328 = LINE ( 'NONE', #2327, #2326 ) ;
#2329 = CARTESIAN_POINT ( 'NONE',  ( -0.04650000000000000000, 0.01000000000000000000, 0.2709999999999998500 ) ) ;
#2330 = DIRECTION ( 'NONE',  ( 0.0000000000000000000, 0.0000000000000000000, 1.000000000000000000 ) ) ;
#2331 = VECTOR ( 'NONE', #2330, 39.37007874015748100 ) ;
#2332 = CARTESIAN_POINT ( 'NONE',  ( -0.04650000000000000000, 0.01000000000000000000, 0.2709999999999998500 ) ) ;
#2333 = LINE ( 'NONE', #2332, #2331 ) ;
#2334 = DIRECTION ( 'NONE',  ( -0.0000000000000000000, -1.000000000000000000, -0.0000000000000000000 ) ) ;
#2335 = CYLINDRICAL_SURFACE ( 'NONE', #2398, 0.01000000000000000000 ) ;
#2336 = FACE_OUTER_BOUND ( 'NONE', #870, .T. ) ;
#2337 = DIRECTION ( 'NONE',  ( 1.876269226417762200E-016, 1.000000000000000000, 5.551115123125782700E-017 ) ) ;
#2338 = VECTOR ( 'NONE', #2337, 39.37007874015748100 ) ;
#2339 = CARTESIAN_POINT ( 'NONE',  ( 0.2160000000000000300, -0.09433974596215463600, 0.02508072510390617700 ) ) ;
#2340 = LINE ( 'NONE', #2339, #2338 ) ;
#2341 = CARTESIAN_POINT ( 'NONE',  ( 0.3019999999999999400, 0.01000000000000000000, -0.1250000000000000000 ) ) ;
#2342 = CARTESIAN_POINT ( 'NONE',  ( 0.2160000000000000300, -0.09433974596215463600, 0.02508072510390617700 ) ) ;
#2343 = DIRECTION ( 'NONE',  ( 0.0000000000000000000, 0.0000000000000000000, 1.000000000000000000 ) ) ;
#2344 = DIRECTION ( 'NONE',  ( -1.000000000000000000, 1.876269226417762900E-016, -3.752538452835525800E-016 ) ) ;
#2345 = CARTESIAN_POINT ( 'NONE',  ( 0.2160000000000000500, -0.08433974596215464100, 0.02508072510390617700 ) ) ;
#2346 = AXIS2_PLACEMENT_3D ( 'NONE', #2345, #2344, #2343 ) ;
#2347 = CIRCLE ( 'NONE', #2346, 0.009999999999999991500 ) ;
#2348 = CARTESIAN_POINT ( 'NONE',  ( 0.2159999999999999700, -0.09433974596215465000, 0.07158072510390617300 ) ) ;
#2349 = CARTESIAN_POINT ( 'NONE',  ( 0.2159999999999999700, -0.08433974596215465500, 0.07158072510390617300 ) ) ;
#2350 = DIRECTION ( 'NONE',  ( 1.468735480464657500E-015, 3.671838701161643800E-016, -1.000000000000000000 ) ) ;
#2351 = VECTOR ( 'NONE', #2350, 39.37007874015748100 ) ;
#2352 = CARTESIAN_POINT ( 'NONE',  ( 0.2160000000000000300, -0.08433974596215464100, 0.02508072510390617700 ) ) ;
#2353 = DIRECTION ( 'NONE',  ( 1.468735480464657500E-015, 0.0000000000000000000, -1.000000000000000000 ) ) ;
#2355 = ORIENTED_EDGE ( 'NONE', *, *, #2080, .T. ) ;
#2354 = DIRECTION ( 'NONE',  ( 1.000000000000000000, -1.876269226417763200E-016, 1.468735480464657500E-015 ) ) ;
#2356 = CARTESIAN_POINT ( 'NONE',  ( 0.2160000000000000300, -0.09433974596215463600, 0.02508072510390617700 ) ) ;
#2357 = AXIS2_PLACEMENT_3D ( 'NONE', #2356, #2354, #2353 ) ;
#2358 = PLANE ( 'NONE',  #2357 ) ;
#2359 = LINE ( 'NONE', #2352, #2351 ) ;
#2360 = FACE_OUTER_BOUND ( 'NONE', #858, .T. ) ;
#2361 = DIRECTION ( 'NONE',  ( 1.876269226417762200E-016, 1.000000000000000000, 5.551115123125782700E-017 ) ) ;
#2362 = VECTOR ( 'NONE', #2361, 39.37007874015748100 ) ;
#2363 = CARTESIAN_POINT ( 'NONE',  ( 0.1250000000000000300, -0.09433974596215462200, 0.02508072510390614200 ) ) ;
#2364 = LINE ( 'NONE', #2363, #2362 ) ;
#2365 = DIRECTION ( 'NONE',  ( -1.000000000000000000, 0.0000000000000000000, 1.835919350580821900E-016 ) ) ;
#2366 = VECTOR ( 'NONE', #2365, 39.37007874015748100 ) ;
#2367 = CARTESIAN_POINT ( 'NONE',  ( -0.1240000000000001400, 0.01000000000000000000, -0.1409999999999999000 ) ) ;
#2368 = LINE ( 'NONE', #2367, #2366 ) ;
#2369 = CYLINDRICAL_SURFACE ( 'NONE', #2372, 0.009999999999999962000 ) ;
#2370 = UNCERTAINTY_MEASURE_WITH_UNIT (LENGTH_MEASURE( 1.000000000000000100E-005 ), #3091, 'distance_accuracy_value', 'NONE');
#2371 = CARTESIAN_POINT ( 'NONE',  ( -0.1249999999999999600, -0.009999999999999962000, 0.3239999999999999000 ) ) ;
#2372 = AXIS2_PLACEMENT_3D ( 'NONE', #2371, #2379, #1358 ) ;
#2373 = FACE_OUTER_BOUND ( 'NONE', #564, .T. ) ;
#2374 = DIRECTION ( 'NONE',  ( 0.0000000000000000000, -0.4999999999999949500, 0.8660254037844414800 ) ) ;
#2375 = DIRECTION ( 'NONE',  ( -1.427031841651970500E-017, 0.8660254037844415900, 0.4999999999999950000 ) ) ;
#2376 = CARTESIAN_POINT ( 'NONE',  ( 0.1250000000000000000, 8.450062914116655200E-018, -0.1409999999999999300 ) ) ;
#2377 = AXIS2_PLACEMENT_3D ( 'NONE', #2376, #2375, #2374 ) ;
#2378 = PLANE ( 'NONE',  #2377 ) ;
#2379 = DIRECTION ( 'NONE',  ( -1.000000000000000000, -0.0000000000000000000, -0.0000000000000000000 ) ) ;
#2380 = FACE_OUTER_BOUND ( 'NONE', #800, .T. ) ;
#2381 = DIRECTION ( 'NONE',  ( 1.017444741481675000E-015, 0.0000000000000000000, 1.000000000000000000 ) ) ;
#2382 = VECTOR ( 'NONE', #2381, 39.37007874015748100 ) ;
#2383 = CARTESIAN_POINT ( 'NONE',  ( -0.2170000000000001400, 0.01000000000000000000, -0.1409999999999998800 ) ) ;
#2384 = LINE ( 'NONE', #2383, #2382 ) ;
#2385 = DIRECTION ( 'NONE',  ( -1.000000000000000000, 1.876269226417762200E-016, -3.752538452835524400E-016 ) ) ;
#2386 = VECTOR ( 'NONE', #2385, 39.37007874015748100 ) ;
#2387 = CARTESIAN_POINT ( 'NONE',  ( 0.1250000000000000000, -0.08433974596215462700, 0.02508072510390614200 ) ) ;
#2388 = LINE ( 'NONE', #2387, #2386 ) ;
#2389 = CARTESIAN_POINT ( 'NONE',  ( 0.1250000000000000300, -0.09433974596215462200, 0.02508072510390614200 ) ) ;
#2390 = DIRECTION ( 'NONE',  ( 0.0000000000000000000, 0.0000000000000000000, 1.000000000000000000 ) ) ;
#2391 = DIRECTION ( 'NONE',  ( -1.000000000000000000, 1.876269226417762900E-016, -3.752538452835525800E-016 ) ) ;
#2392 = CARTESIAN_POINT ( 'NONE',  ( 0.1250000000000000300, -0.08433974596215462700, 0.02508072510390614200 ) ) ;
#2393 = AXIS2_PLACEMENT_3D ( 'NONE', #2392, #2391, #2390 ) ;
#2394 = DIRECTION ( 'NONE',  ( 0.0000000000000000000, 0.0000000000000000000, 1.000000000000000000 ) ) ;
#2395 = DIRECTION ( 'NONE',  ( -1.000000000000000000, 1.876269226417762900E-016, -3.752538452835525800E-016 ) ) ;
#2396 = CIRCLE ( 'NONE', #2393, 0.01000000000000000400 ) ;
#2397 = CARTESIAN_POINT ( 'NONE',  ( 0.1250000000000000300, -0.08433974596215462700, 0.02508072510390614200 ) ) ;
#2398 = AXIS2_PLACEMENT_3D ( 'NONE', #2397, #2395, #2394 ) ;
#2399 = DIRECTION ( 'NONE',  ( 1.000000000000000000, 0.0000000000000000000, 0.0000000000000000000 ) ) ;
#2400 = DIRECTION ( 'NONE',  ( 0.0000000000000000000, 0.0000000000000000000, 1.000000000000000000 ) ) ;
#2401 = CARTESIAN_POINT ( 'NONE',  ( 0.3119999999999998300, -0.009999999999999998500, 0.1250000000000000000 ) ) ;
#2402 = AXIS2_PLACEMENT_3D ( 'NONE', #2401, #2400, #2399 ) ;
#2403 = CIRCLE ( 'NONE', #2402, 0.01000000000000003000 ) ;
#2404 = CARTESIAN_POINT ( 'NONE',  ( 0.003000000000000000100, 0.006999999999999999300, 0.2274999999999998700 ) ) ;
#2405 = CARTESIAN_POINT ( 'NONE',  ( 0.3319999999999999100, -0.009999999999999925600, 0.1250000000000000000 ) ) ;
#2406 = DIRECTION ( 'NONE',  ( 1.000000000000000000, 0.0000000000000000000, 0.0000000000000000000 ) ) ;
#2407 = DIRECTION ( 'NONE',  ( -0.0000000000000000000, -0.0000000000000000000, -1.000000000000000000 ) ) ;
#2408 = CARTESIAN_POINT ( 'NONE',  ( 0.3119999999999998300, -0.009999999999999998500, -0.1250000000000000000 ) ) ;
#2409 = AXIS2_PLACEMENT_3D ( 'NONE', #2408, #2407, #2406 ) ;
#2410 = CIRCLE ( 'NONE', #2409, 0.02000000000000005900 ) ;
#2411 = DIRECTION ( 'NONE',  ( 0.0000000000000000000, 0.0000000000000000000, 1.000000000000000000 ) ) ;
#2412 = DIRECTION ( 'NONE',  ( -1.000000000000000000, -0.0000000000000000000, -0.0000000000000000000 ) ) ;
#2413 = CARTESIAN_POINT ( 'NONE',  ( -0.1249999999999999600, -0.009999999999999962000, 0.3239999999999999000 ) ) ;
#2414 = AXIS2_PLACEMENT_3D ( 'NONE', #2413, #2412, #2411 ) ;
#2415 = CIRCLE ( 'NONE', #2414, 0.009999999999999962000 ) ;
#2416 = DIRECTION ( 'NONE',  ( -0.0000000000000000000, 1.000000000000000000, -3.414809992080329500E-015 ) ) ;
#2417 = VECTOR ( 'NONE', #2416, 39.37007874015748100 ) ;
#2418 = CARTESIAN_POINT ( 'NONE',  ( -0.1249999999999999600, 0.0000000000000000000, 0.3339999999999998500 ) ) ;
#2419 = LINE ( 'NONE', #2418, #2417 ) ;
#2420 = DIRECTION ( 'NONE',  ( 0.0000000000000000000, 1.000000000000000000, -3.414809992080329500E-015 ) ) ;
#2421 = VECTOR ( 'NONE', #2420, 39.37007874015748100 ) ;
#2422 = CARTESIAN_POINT ( 'NONE',  ( -0.1249999999999999600, 3.491483361109382400E-017, 0.3439999999999998600 ) ) ;
#2423 = LINE ( 'NONE', #2422, #2421 ) ;
#2424 = DIRECTION ( 'NONE',  ( 0.0000000000000000000, 3.414809992080330700E-015, 1.000000000000000000 ) ) ;
#2425 = DIRECTION ( 'NONE',  ( -1.000000000000000000, -0.0000000000000000000, -0.0000000000000000000 ) ) ;
#2426 = AXIS2_PLACEMENT_3D ( 'NONE', #2427, #2425, #2424 ) ;
#2427 = CARTESIAN_POINT ( 'NONE',  ( -0.1249999999999999600, -0.009999999999999962000, 0.3239999999999999000 ) ) ;
#2428 = CYLINDRICAL_SURFACE ( 'NONE', #2426, 0.01999999999999999000 ) ;
#2429 = FACE_OUTER_BOUND ( 'NONE', #557, .T. ) ;
#2430 =( NAMED_UNIT ( * ) PLANE_ANGLE_UNIT ( ) SI_UNIT ( $, .RADIAN. ) );
#2431 =( CONVERSION_BASED_UNIT ( 'INCH', #2432 ) LENGTH_UNIT ( ) NAMED_UNIT ( #2433 ) );
#2432 = LENGTH_MEASURE_WITH_UNIT ( LENGTH_MEASURE( 0.02539999999999999900 ), #2434 );
#2433 = DIMENSIONAL_EXPONENTS ( 1.000000000000000000, 0.0000000000000000000, 0.0000000000000000000, 0.0000000000000000000, 0.0000000000000000000, 0.0000000000000000000, 0.0000000000000000000 ) ;
#2434 =( LENGTH_UNIT ( ) NAMED_UNIT ( * ) SI_UNIT ( $, .METRE. ) );
#2435 = MECHANICAL_DESIGN_GEOMETRIC_PRESENTATION_REPRESENTATION (  '', ( #2437 ), #2488 ) ;
#2436 = PRESENTATION_LAYER_ASSIGNMENT (  '', '', ( #2437 ) ) ;
#2437 = STYLED_ITEM ( 'NONE', ( #2438 ), #3213 ) ;
#2438 = PRESENTATION_STYLE_ASSIGNMENT (( #2439 ) ) ;
#2439 = SURFACE_STYLE_USAGE ( .BOTH. , #2440 ) ;
#2440 = SURFACE_SIDE_STYLE ('',( #2441 ) ) ;
#2441 = SURFACE_STYLE_FILL_AREA ( #2447 ) ;
#2442 = COLOUR_RGB ( '',0.8313725490196077800, 0.8392156862745098200, 0.8274509803921568100 ) ;
#2443 = FACE_OUTER_BOUND ( 'NONE', #1787, .T. ) ;
#2444 = DIRECTION ( 'NONE',  ( -1.000000000000000000, 0.0000000000000000000, 0.0000000000000000000 ) ) ;
#2445 = DIRECTION ( 'NONE',  ( -0.0000000000000000000, 0.0000000000000000000, -1.000000000000000000 ) ) ;
#2446 = CARTESIAN_POINT ( 'NONE',  ( 0.3119999999999998300, -0.009999999999999998500, -0.1250000000000000000 ) ) ;
#2447 = FILL_AREA_STYLE ('',( #2448 ) ) ;
#2448 = FILL_AREA_STYLE_COLOUR ( '', #2442 ) ;
#2449 = AXIS2_PLACEMENT_3D ( 'NONE', #2446, #2445, #2444 ) ;
#2450 = PLANE ( 'NONE',  #2449 ) ;
#2451 = FACE_OUTER_BOUND ( 'NONE', #3327, .T. ) ;
#2452 = DIRECTION ( 'NONE',  ( 1.000000000000000000, 0.0000000000000000000, 0.0000000000000000000 ) ) ;
#2453 = DIRECTION ( 'NONE',  ( -0.0000000000000000000, -0.0000000000000000000, -1.000000000000000000 ) ) ;
#2454 = CARTESIAN_POINT ( 'NONE',  ( 0.3119999999999998300, -0.009999999999999998500, -0.1250000000000000000 ) ) ;
#2455 = AXIS2_PLACEMENT_3D ( 'NONE', #2454, #2453, #2452 ) ;
#2456 = CIRCLE ( 'NONE', #2455, 0.01000000000000003000 ) ;
#2457 = CARTESIAN_POINT ( 'NONE',  ( 0.3319999999999999100, -0.009999999999999925600, -0.1250000000000000000 ) ) ;
#2458 = CARTESIAN_POINT ( 'NONE',  ( 0.3119999999999998300, 0.01000000000000000000, -0.1250000000000000000 ) ) ;
#2459 = CARTESIAN_POINT ( 'NONE',  ( 0.3219999999999999000, -0.009999999999999962000, 0.1250000000000000000 ) ) ;
#2460 = DIRECTION ( 'NONE',  ( 0.0000000000000000000, 0.0000000000000000000, 1.000000000000000000 ) ) ;
#2461 = VECTOR ( 'NONE', #2460, 39.37007874015748100 ) ;
#2462 = CARTESIAN_POINT ( 'NONE',  ( 0.3319999999999999100, -0.009999999999999925600, 0.1250000000000000000 ) ) ;
#2463 = LINE ( 'NONE', #2462, #2461 ) ;
#2464 = FILL_AREA_STYLE ('',( #2465 ) ) ;
#2465 = FILL_AREA_STYLE_COLOUR ( '', #2466 ) ;
#2466 = COLOUR_RGB ( '',0.8313725490196077800, 0.8392156862745098200, 0.8274509803921568100 ) ;
#2467 = FACE_OUTER_BOUND ( 'NONE', #3050, .T. ) ;
#2468 = CARTESIAN_POINT ( 'NONE',  ( 0.04650000000000000000, 0.006999999999999999300, 0.2709999999999998500 ) ) ;
#2469 = DIRECTION ( 'NONE',  ( -1.000000000000000000, -0.0000000000000000000, -0.0000000000000000000 ) ) ;
#2470 = VECTOR ( 'NONE', #2469, 39.37007874015748100 ) ;
#2471 = CARTESIAN_POINT ( 'NONE',  ( -0.003000000000000000100, 0.006999999999999999300, 0.2274999999999998700 ) ) ;
#2472 = LINE ( 'NONE', #2471, #2470 ) ;
#2473 = DIRECTION ( 'NONE',  ( 1.000000000000000000, 3.628235616585339000E-015, 0.0000000000000000000 ) ) ;
#2474 = DIRECTION ( 'NONE',  ( 0.0000000000000000000, 0.0000000000000000000, 1.000000000000000000 ) ) ;
#2475 = CARTESIAN_POINT ( 'NONE',  ( 0.3119999999999998300, -0.009999999999999998500, 0.1250000000000000000 ) ) ;
#2476 = AXIS2_PLACEMENT_3D ( 'NONE', #2475, #2474, #2473 ) ;
#2477 = CYLINDRICAL_SURFACE ( 'NONE', #2476, 0.01000000000000003000 ) ;
#2478 = FACE_OUTER_BOUND ( 'NONE', #3416, .T. ) ;
#2479 = DIRECTION ( 'NONE',  ( -0.0000000000000000000, 1.000000000000000000, -0.0000000000000000000 ) ) ;
#2480 = VECTOR ( 'NONE', #2479, 39.37007874015748100 ) ;
#2481 = CARTESIAN_POINT ( 'NONE',  ( 0.003000000000000000100, 0.006999999999999999300, 0.2274999999999998700 ) ) ;
#2482 = LINE ( 'NONE', #2481, #2480 ) ;
#2483 = DIRECTION ( 'NONE',  ( -1.349242453767371500E-016, 0.0000000000000000000, -1.000000000000000000 ) ) ;
#2484 = DIRECTION ( 'NONE',  ( 1.000000000000000000, 0.0000000000000000000, -1.349242453767371500E-016 ) ) ;
#2485 = CARTESIAN_POINT ( 'NONE',  ( 0.003000000000000000100, 0.006999999999999999300, 0.2274999999999998700 ) ) ;
#2486 = AXIS2_PLACEMENT_3D ( 'NONE', #2485, #2484, #2483 ) ;
#2487 = PLANE ( 'NONE',  #2486 ) ;
#2488 =( GEOMETRIC_REPRESENTATION_CONTEXT ( 3 ) GLOBAL_UNCERTAINTY_ASSIGNED_CONTEXT ( ( #2489 ) ) GLOBAL_UNIT_ASSIGNED_CONTEXT ( ( #2431, #2430, #2490 ) ) REPRESENTATION_CONTEXT ( 'NONE', 'WORKASPACE' ) );
#2489 = UNCERTAINTY_MEASURE_WITH_UNIT (LENGTH_MEASURE( 1.000000000000000100E-005 ), #2431, 'distance_accuracy_value', 'NONE');
#2490 =( NAMED_UNIT ( * ) SI_UNIT ( $, .STERADIAN. ) SOLID_ANGLE_UNIT ( ) );
#2491 = CARTESIAN_POINT ( 'NONE',  ( 0.3119999999999998300, -0.009999999999999998500, 0.1250000000000000000 ) ) ;
#2492 = CYLINDRICAL_SURFACE ( 'NONE', #2542, 0.02000000000000005900 ) ;
#2493 = DIRECTION ( 'NONE',  ( 0.0000000000000000000, 0.0000000000000000000, -1.000000000000000000 ) ) ;
#2494 = DIRECTION ( 'NONE',  ( 1.000000000000000000, 0.0000000000000000000, 0.0000000000000000000 ) ) ;
#2495 = CARTESIAN_POINT ( 'NONE',  ( 0.04650000000000000000, 0.006999999999999999300, 0.2769999999999998600 ) ) ;
#2496 = AXIS2_PLACEMENT_3D ( 'NONE', #2495, #2494, #2493 ) ;
#2497 = FACE_OUTER_BOUND ( 'NONE', #3293, .T. ) ;
#2498 = PLANE ( 'NONE',  #2496 ) ;
#2499 =( GEOMETRIC_REPRESENTATION_CONTEXT ( 3 ) GLOBAL_UNCERTAINTY_ASSIGNED_CONTEXT ( ( #2500 ) ) GLOBAL_UNIT_ASSIGNED_CONTEXT ( ( #2503, #2502, #2501 ) ) REPRESENTATION_CONTEXT ( 'NONE', 'WORKASPACE' ) );
#2500 = UNCERTAINTY_MEASURE_WITH_UNIT (LENGTH_MEASURE( 1.000000000000000100E-005 ), #2503, 'distance_accuracy_value', 'NONE');
#2501 =( NAMED_UNIT ( * ) SI_UNIT ( $, .STERADIAN. ) SOLID_ANGLE_UNIT ( ) );
#2502 =( NAMED_UNIT ( * ) PLANE_ANGLE_UNIT ( ) SI_UNIT ( $, .RADIAN. ) );
#2503 =( CONVERSION_BASED_UNIT ( 'INCH', #2504 ) LENGTH_UNIT ( ) NAMED_UNIT ( #2505 ) );
#2504 = LENGTH_MEASURE_WITH_UNIT ( LENGTH_MEASURE( 0.02539999999999999900 ), #2506 );
#2505 = DIMENSIONAL_EXPONENTS ( 1.000000000000000000, 0.0000000000000000000, 0.0000000000000000000, 0.0000000000000000000, 0.0000000000000000000, 0.0000000000000000000, 0.0000000000000000000 ) ;
#2506 =( LENGTH_UNIT ( ) NAMED_UNIT ( * ) SI_UNIT ( $, .METRE. ) );
#2507 = MECHANICAL_DESIGN_GEOMETRIC_PRESENTATION_REPRESENTATION (  '', ( #2509 ), #2499 ) ;
#2508 = PRESENTATION_LAYER_ASSIGNMENT (  '', '', ( #2509 ) ) ;
#2509 = STYLED_ITEM ( 'NONE', ( #2510 ), #3292 ) ;
#2510 = PRESENTATION_STYLE_ASSIGNMENT (( #2511 ) ) ;
#2511 = SURFACE_STYLE_USAGE ( .BOTH. , #2512 ) ;
#2512 = SURFACE_SIDE_STYLE ('',( #2513 ) ) ;
#2513 = SURFACE_STYLE_FILL_AREA ( #2464 ) ;
#2514 = UNCERTAINTY_MEASURE_WITH_UNIT (LENGTH_MEASURE( 1.000000000000000100E-005 ), #2517, 'distance_accuracy_value', 'NONE');
#2515 =( NAMED_UNIT ( * ) SI_UNIT ( $, .STERADIAN. ) SOLID_ANGLE_UNIT ( ) );
#2516 =( NAMED_UNIT ( * ) PLANE_ANGLE_UNIT ( ) SI_UNIT ( $, .RADIAN. ) );
#2517 =( CONVERSION_BASED_UNIT ( 'INCH', #2518 ) LENGTH_UNIT ( ) NAMED_UNIT ( #2519 ) );
#2518 = LENGTH_MEASURE_WITH_UNIT ( LENGTH_MEASURE( 0.02539999999999999900 ), #2520 );
#2519 = DIMENSIONAL_EXPONENTS ( 1.000000000000000000, 0.0000000000000000000, 0.0000000000000000000, 0.0000000000000000000, 0.0000000000000000000, 0.0000000000000000000, 0.0000000000000000000 ) ;
#2520 =( LENGTH_UNIT ( ) NAMED_UNIT ( * ) SI_UNIT ( $, .METRE. ) );
#2521 = MECHANICAL_DESIGN_GEOMETRIC_PRESENTATION_REPRESENTATION (  '', ( #2523 ), #2574 ) ;
#2522 = PRESENTATION_LAYER_ASSIGNMENT (  '', '', ( #2523 ) ) ;
#2523 = STYLED_ITEM ( 'NONE', ( #2524 ), #3303 ) ;
#2524 = PRESENTATION_STYLE_ASSIGNMENT (( #2525 ) ) ;
#2525 = SURFACE_STYLE_USAGE ( .BOTH. , #2526 ) ;
#2526 = SURFACE_SIDE_STYLE ('',( #2527 ) ) ;
#2527 = SURFACE_STYLE_FILL_AREA ( #2528 ) ;
#2528 = FILL_AREA_STYLE ('',( #2535 ) ) ;
#2529 = COLOUR_RGB ( '',0.8313725490196077800, 0.8392156862745098200, 0.8274509803921568100 ) ;
#2530 = FACE_OUTER_BOUND ( 'NONE', #3299, .T. ) ;
#2531 = DIRECTION ( 'NONE',  ( -1.000000000000000000, 0.0000000000000000000, 0.0000000000000000000 ) ) ;
#2532 = VECTOR ( 'NONE', #2531, 39.37007874015748100 ) ;
#2533 = CARTESIAN_POINT ( 'NONE',  ( 0.04650000000000000000, 0.006999999999999999300, 0.2709999999999998500 ) ) ;
#2534 = LINE ( 'NONE', #2533, #2532 ) ;
#2535 = FILL_AREA_STYLE_COLOUR ( '', #2529 ) ;
#2536 = DIRECTION ( 'NONE',  ( -0.0000000000000000000, 1.000000000000000000, -0.0000000000000000000 ) ) ;
#2537 = VECTOR ( 'NONE', #2536, 39.37007874015748100 ) ;
#2538 = CARTESIAN_POINT ( 'NONE',  ( 0.04650000000000000000, 0.006999999999999999300, 0.2709999999999998500 ) ) ;
#2539 = LINE ( 'NONE', #2538, #2537 ) ;
#2540 = DIRECTION ( 'NONE',  ( 1.000000000000000000, 3.521522804332828700E-015, 0.0000000000000000000 ) ) ;
#2541 = DIRECTION ( 'NONE',  ( 0.0000000000000000000, 0.0000000000000000000, 1.000000000000000000 ) ) ;
#2542 = AXIS2_PLACEMENT_3D ( 'NONE', #2491, #2541, #2540 ) ;
#2543 =( NAMED_UNIT ( * ) PLANE_ANGLE_UNIT ( ) SI_UNIT ( $, .RADIAN. ) );
#2544 =( CONVERSION_BASED_UNIT ( 'INCH', #2545 ) LENGTH_UNIT ( ) NAMED_UNIT ( #2546 ) );
#2545 = LENGTH_MEASURE_WITH_UNIT ( LENGTH_MEASURE( 0.02539999999999999900 ), #2547 );
#2546 = DIMENSIONAL_EXPONENTS ( 1.000000000000000000, 0.0000000000000000000, 0.0000000000000000000, 0.0000000000000000000, 0.0000000000000000000, 0.0000000000000000000, 0.0000000000000000000 ) ;
#2547 =( LENGTH_UNIT ( ) NAMED_UNIT ( * ) SI_UNIT ( $, .METRE. ) );
#2548 = MECHANICAL_DESIGN_GEOMETRIC_PRESENTATION_REPRESENTATION (  '', ( #2550 ), #2598 ) ;
#2549 = PRESENTATION_LAYER_ASSIGNMENT (  '', '', ( #2550 ) ) ;
#2550 = STYLED_ITEM ( 'NONE', ( #2551 ), #3310 ) ;
#2551 = PRESENTATION_STYLE_ASSIGNMENT (( #2552 ) ) ;
#2552 = SURFACE_STYLE_USAGE ( .BOTH. , #2553 ) ;
#2553 = SURFACE_SIDE_STYLE ('',( #2554 ) ) ;
#2554 = SURFACE_STYLE_FILL_AREA ( #2555 ) ;
#2555 = FILL_AREA_STYLE ('',( #2556 ) ) ;
#2556 = FILL_AREA_STYLE_COLOUR ( '', #2557 ) ;
#2557 = COLOUR_RGB ( '',0.8313725490196077800, 0.8392156862745098200, 0.8274509803921568100 ) ;
#2558 = FACE_OUTER_BOUND ( 'NONE', #3311, .T. ) ;
#2559 = CARTESIAN_POINT ( 'NONE',  ( -0.2160000000000000300, 9.184850993605054100E-020, -0.1409999999999999000 ) ) ;
#2560 = CARTESIAN_POINT ( 'NONE',  ( 0.003000000000000005700, 0.006999999999999999300, 0.2769999999999998600 ) ) ;
#2561 = DIRECTION ( 'NONE',  ( -0.0000000000000000000, 1.000000000000000000, -0.0000000000000000000 ) ) ;
#2562 = VECTOR ( 'NONE', #2561, 39.37007874015748100 ) ;
#2563 = CARTESIAN_POINT ( 'NONE',  ( 0.003000000000000005700, 0.006999999999999999300, 0.2709999999999998500 ) ) ;
#2564 = LINE ( 'NONE', #2563, #2562 ) ;
#2565 = DIRECTION ( 'NONE',  ( 1.000000000000000000, -0.0000000000000000000, -0.0000000000000000000 ) ) ;
#2566 = VECTOR ( 'NONE', #2565, 39.37007874015748100 ) ;
#2567 = CARTESIAN_POINT ( 'NONE',  ( 0.04650000000000000000, 0.006999999999999999300, 0.2769999999999998600 ) ) ;
#2568 = LINE ( 'NONE', #2567, #2566 ) ;
#2569 = DIRECTION ( 'NONE',  ( -1.000000000000000000, 0.0000000000000000000, 0.0000000000000000000 ) ) ;
#2570 = DIRECTION ( 'NONE',  ( -0.0000000000000000000, 0.0000000000000000000, -1.000000000000000000 ) ) ;
#2571 = CARTESIAN_POINT ( 'NONE',  ( 0.04650000000000000000, 0.006999999999999999300, 0.2709999999999998500 ) ) ;
#2572 = AXIS2_PLACEMENT_3D ( 'NONE', #2571, #2570, #2569 ) ;
#2573 = PLANE ( 'NONE',  #2572 ) ;
#2574 =( GEOMETRIC_REPRESENTATION_CONTEXT ( 3 ) GLOBAL_UNCERTAINTY_ASSIGNED_CONTEXT ( ( #2514 ) ) GLOBAL_UNIT_ASSIGNED_CONTEXT ( ( #2517, #2516, #2515 ) ) REPRESENTATION_CONTEXT ( 'NONE', 'WORKASPACE' ) );
#2575 = LINE ( 'NONE', #2629, #2628 ) ;
#2576 = FILL_AREA_STYLE_COLOUR ( '', #2625 ) ;
#2577 = CARTESIAN_POINT ( 'NONE',  ( 0.3219999999999999000, -0.009999999999999962000, -0.1250000000000000000 ) ) ;
#2578 = CARTESIAN_POINT ( 'NONE',  ( 0.003000000000000010900, 0.006999999999999999300, 0.3204999999999998400 ) ) ;
#2579 = CARTESIAN_POINT ( 'NONE',  ( 0.04650000000000000000, 0.006999999999999999300, 0.2769999999999998600 ) ) ;
#2580 = DIRECTION ( 'NONE',  ( -0.0000000000000000000, 1.000000000000000000, -0.0000000000000000000 ) ) ;
#2581 = VECTOR ( 'NONE', #2580, 39.37007874015748100 ) ;
#2582 = CARTESIAN_POINT ( 'NONE',  ( 0.04650000000000000000, 0.006999999999999999300, 0.2769999999999998600 ) ) ;
#2583 = LINE ( 'NONE', #2582, #2581 ) ;
#2584 = DIRECTION ( 'NONE',  ( 0.0000000000000000000, 0.0000000000000000000, -1.000000000000000000 ) ) ;
#2585 = VECTOR ( 'NONE', #2584, 39.37007874015748100 ) ;
#2586 = CARTESIAN_POINT ( 'NONE',  ( 0.04650000000000000000, 0.006999999999999999300, 0.2769999999999998600 ) ) ;
#2587 = LINE ( 'NONE', #2586, #2585 ) ;
#2588 = DIRECTION ( 'NONE',  ( -1.000000000000000000, 0.0000000000000000000, 0.0000000000000000000 ) ) ;
#2589 = VECTOR ( 'NONE', #2588, 39.37007874015748100 ) ;
#2590 = ORIENTED_EDGE ( 'NONE', *, *, #2152, .F. ) ;
#2591 = CARTESIAN_POINT ( 'NONE',  ( -0.1249999999999999600, -0.1199999999999999700, 0.3440000000000003100 ) ) ;
#2592 = LINE ( 'NONE', #2591, #2589 ) ;
#2593 = DIRECTION ( 'NONE',  ( 1.000000000000000000, 0.0000000000000000000, -0.0000000000000000000 ) ) ;
#2594 = DIRECTION ( 'NONE',  ( 0.0000000000000000000, 0.0000000000000000000, 1.000000000000000000 ) ) ;
#2595 = CARTESIAN_POINT ( 'NONE',  ( 0.04650000000000000000, 0.006999999999999999300, 0.2769999999999998600 ) ) ;
#2596 = AXIS2_PLACEMENT_3D ( 'NONE', #2595, #2594, #2593 ) ;
#2597 = PLANE ( 'NONE',  #2596 ) ;
#2598 =( GEOMETRIC_REPRESENTATION_CONTEXT ( 3 ) GLOBAL_UNCERTAINTY_ASSIGNED_CONTEXT ( ( #2599 ) ) GLOBAL_UNIT_ASSIGNED_CONTEXT ( ( #2544, #2543, #2600 ) ) REPRESENTATION_CONTEXT ( 'NONE', 'WORKASPACE' ) );
#2599 = UNCERTAINTY_MEASURE_WITH_UNIT (LENGTH_MEASURE( 1.000000000000000100E-005 ), #2544, 'distance_accuracy_value', 'NONE');
#2600 =( NAMED_UNIT ( * ) SI_UNIT ( $, .STERADIAN. ) SOLID_ANGLE_UNIT ( ) );
#2601 = DIRECTION ( 'NONE',  ( 1.000000000000000000, 0.0000000000000000000, -0.0000000000000000000 ) ) ;
#2602 = DIRECTION ( 'NONE',  ( 0.0000000000000000000, 0.0000000000000000000, 1.000000000000000000 ) ) ;
#2603 = ORIENTED_EDGE ( 'NONE', *, *, #3288, .F. ) ;
#2604 = CARTESIAN_POINT ( 'NONE',  ( 0.003000000000000010900, 0.006999999999999999300, 0.3204999999999998400 ) ) ;
#2605 = AXIS2_PLACEMENT_3D ( 'NONE', #2604, #2602, #2601 ) ;
#2606 = PLANE ( 'NONE',  #2605 ) ;
#2607 =( GEOMETRIC_REPRESENTATION_CONTEXT ( 3 ) GLOBAL_UNCERTAINTY_ASSIGNED_CONTEXT ( ( #2609 ) ) GLOBAL_UNIT_ASSIGNED_CONTEXT ( ( #2613, #2612, #2611 ) ) REPRESENTATION_CONTEXT ( 'NONE', 'WORKASPACE' ) );
#2608 = EDGE_CURVE ( 'NONE', #2908, #2113, #2463, .T. ) ;
#2609 = UNCERTAINTY_MEASURE_WITH_UNIT (LENGTH_MEASURE( 1.000000000000000100E-005 ), #2613, 'distance_accuracy_value', 'NONE');
#2610 = VERTEX_POINT ( 'NONE', #2459 ) ;
#2611 =( NAMED_UNIT ( * ) SI_UNIT ( $, .STERADIAN. ) SOLID_ANGLE_UNIT ( ) );
#2612 =( NAMED_UNIT ( * ) PLANE_ANGLE_UNIT ( ) SI_UNIT ( $, .RADIAN. ) );
#2613 =( CONVERSION_BASED_UNIT ( 'INCH', #2614 ) LENGTH_UNIT ( ) NAMED_UNIT ( #2615 ) );
#2614 = LENGTH_MEASURE_WITH_UNIT ( LENGTH_MEASURE( 0.02539999999999999900 ), #2616 );
#2615 = DIMENSIONAL_EXPONENTS ( 1.000000000000000000, 0.0000000000000000000, 0.0000000000000000000, 0.0000000000000000000, 0.0000000000000000000, 0.0000000000000000000, 0.0000000000000000000 ) ;
#2616 =( LENGTH_UNIT ( ) NAMED_UNIT ( * ) SI_UNIT ( $, .METRE. ) );
#2617 = MECHANICAL_DESIGN_GEOMETRIC_PRESENTATION_REPRESENTATION (  '', ( #2619 ), #2607 ) ;
#2618 = PRESENTATION_LAYER_ASSIGNMENT (  '', '', ( #2619 ) ) ;
#2619 = STYLED_ITEM ( 'NONE', ( #2620 ), #3329 ) ;
#2620 = PRESENTATION_STYLE_ASSIGNMENT (( #2621 ) ) ;
#2621 = SURFACE_STYLE_USAGE ( .BOTH. , #2622 ) ;
#2622 = SURFACE_SIDE_STYLE ('',( #2623 ) ) ;
#2623 = SURFACE_STYLE_FILL_AREA ( #2624 ) ;
#2624 = FILL_AREA_STYLE ('',( #2576 ) ) ;
#2625 = COLOUR_RGB ( '',0.8313725490196077800, 0.8392156862745098200, 0.8274509803921568100 ) ;
#2626 = FACE_OUTER_BOUND ( 'NONE', #3319, .T. ) ;
#2627 = DIRECTION ( 'NONE',  ( -0.0000000000000000000, 1.000000000000000000, -0.0000000000000000000 ) ) ;
#2628 = VECTOR ( 'NONE', #2627, 39.37007874015748100 ) ;
#2629 = CARTESIAN_POINT ( 'NONE',  ( 0.003000000000000010900, 0.006999999999999999300, 0.3204999999999998400 ) ) ;
#2630 =( CONVERSION_BASED_UNIT ( 'INCH', #2631 ) LENGTH_UNIT ( ) NAMED_UNIT ( #2632 ) );
#2631 = LENGTH_MEASURE_WITH_UNIT ( LENGTH_MEASURE( 0.02539999999999999900 ), #2633 );
#2632 = DIMENSIONAL_EXPONENTS ( 1.000000000000000000, 0.0000000000000000000, 0.0000000000000000000, 0.0000000000000000000, 0.0000000000000000000, 0.0000000000000000000, 0.0000000000000000000 ) ;
#2633 =( LENGTH_UNIT ( ) NAMED_UNIT ( * ) SI_UNIT ( $, .METRE. ) );
#2634 = MECHANICAL_DESIGN_GEOMETRIC_PRESENTATION_REPRESENTATION (  '', ( #2636 ), #2684 ) ;
#2635 = PRESENTATION_LAYER_ASSIGNMENT (  '', '', ( #2636 ) ) ;
#2636 = STYLED_ITEM ( 'NONE', ( #2637 ), #3340 ) ;
#2637 = PRESENTATION_STYLE_ASSIGNMENT (( #2638 ) ) ;
#2638 = SURFACE_STYLE_USAGE ( .BOTH. , #2639 ) ;
#2639 = SURFACE_SIDE_STYLE ('',( #2640 ) ) ;
#2640 = SURFACE_STYLE_FILL_AREA ( #2648 ) ;
#2641 = COLOUR_RGB ( '',0.8313725490196077800, 0.8392156862745098200, 0.8274509803921568100 ) ;
#2642 = FACE_OUTER_BOUND ( 'NONE', #3338, .T. ) ;
#2643 = DIRECTION ( 'NONE',  ( 0.0000000000000000000, -3.491483361109382900E-015, -1.000000000000000000 ) ) ;
#2644 = DIRECTION ( 'NONE',  ( 0.0000000000000000000, -1.000000000000000000, 3.491483361109382900E-015 ) ) ;
#2645 = CARTESIAN_POINT ( 'NONE',  ( -0.1249999999999999600, -0.1199999999999999700, 0.3440000000000003100 ) ) ;
#2646 = AXIS2_PLACEMENT_3D ( 'NONE', #2645, #2644, #2643 ) ;
#2647 = PLANE ( 'NONE',  #2646 ) ;
#2648 = FILL_AREA_STYLE ('',( #2649 ) ) ;
#2649 = FILL_AREA_STYLE_COLOUR ( '', #2641 ) ;
#2650 = FACE_OUTER_BOUND ( 'NONE', #3281, .T. ) ;
#2651 = DIRECTION ( 'NONE',  ( -1.000000000000000000, -0.0000000000000000000, 0.0000000000000000000 ) ) ;
#2652 = VECTOR ( 'NONE', #2651, 39.37007874015748100 ) ;
#2653 = CARTESIAN_POINT ( 'NONE',  ( -0.1249999999999999600, -0.1200000000000000000, 0.3340000000000002400 ) ) ;
#2654 = LINE ( 'NONE', #2653, #2652 ) ;
#2655 = DIRECTION ( 'NONE',  ( 1.000000000000000000, 3.532562060772754300E-015, 0.0000000000000000000 ) ) ;
#2656 = VECTOR ( 'NONE', #2655, 39.37007874015748100 ) ;
#2657 = CARTESIAN_POINT ( 'NONE',  ( 0.3319999999999999100, -0.009999999999999927300, -0.1250000000000000000 ) ) ;
#2658 = LINE ( 'NONE', #2657, #2656 ) ;
#2659 = DIRECTION ( 'NONE',  ( -1.226584048879429700E-016, -0.0000000000000000000, -1.000000000000000000 ) ) ;
#2660 = VECTOR ( 'NONE', #2659, 39.37007874015748100 ) ;
#2661 = ORIENTED_EDGE ( 'NONE', *, *, #3314, .T. ) ;
#2662 = CARTESIAN_POINT ( 'NONE',  ( 0.003000000000000005700, 0.006999999999999999300, 0.2769999999999998600 ) ) ;
#2663 = LINE ( 'NONE', #2662, #2660 ) ;
#2664 = DIRECTION ( 'NONE',  ( -1.000000000000000000, 0.0000000000000000000, 0.0000000000000000000 ) ) ;
#2665 = DIRECTION ( 'NONE',  ( -0.0000000000000000000, 0.0000000000000000000, -1.000000000000000000 ) ) ;
#2666 = CARTESIAN_POINT ( 'NONE',  ( 0.3119999999999998300, -0.009999999999999998500, 0.1250000000000000000 ) ) ;
#2667 = AXIS2_PLACEMENT_3D ( 'NONE', #2666, #2665, #2664 ) ;
#2668 = PLANE ( 'NONE',  #2667 ) ;
#2669 = CARTESIAN_POINT ( 'NONE',  ( 0.3220000000000002300, -0.1160000000000000100, -0.1250000000000000000 ) ) ;
#2670 = FACE_OUTER_BOUND ( 'NONE', #2931, .T. ) ;
#2671 = DIRECTION ( 'NONE',  ( -0.0000000000000000000, 1.000000000000000000, -0.0000000000000000000 ) ) ;
#2672 = VECTOR ( 'NONE', #2671, 39.37007874015748100 ) ;
#2673 = CARTESIAN_POINT ( 'NONE',  ( 0.003000000000000005700, 0.006999999999999999300, 0.2769999999999998600 ) ) ;
#2674 = LINE ( 'NONE', #2673, #2672 ) ;
#2675 = DIRECTION ( 'NONE',  ( -1.226584048879429700E-016, 0.0000000000000000000, 1.000000000000000000 ) ) ;
#2676 = VECTOR ( 'NONE', #2675, 39.37007874015748100 ) ;
#2677 = CARTESIAN_POINT ( 'NONE',  ( -0.003000000000000005700, 0.006999999999999999300, 0.2769999999999998600 ) ) ;
#2678 = LINE ( 'NONE', #2677, #2676 ) ;
#2679 = DIRECTION ( 'NONE',  ( -1.226584048879429700E-016, 0.0000000000000000000, -1.000000000000000000 ) ) ;
#2680 = DIRECTION ( 'NONE',  ( 1.000000000000000000, 0.0000000000000000000, -1.226584048879429700E-016 ) ) ;
#2681 = CARTESIAN_POINT ( 'NONE',  ( 0.003000000000000005700, 0.006999999999999999300, 0.2769999999999998600 ) ) ;
#2682 = AXIS2_PLACEMENT_3D ( 'NONE', #2681, #2680, #2679 ) ;
#2683 = PLANE ( 'NONE',  #2682 ) ;
#2684 =( GEOMETRIC_REPRESENTATION_CONTEXT ( 3 ) GLOBAL_UNCERTAINTY_ASSIGNED_CONTEXT ( ( #2685 ) ) GLOBAL_UNIT_ASSIGNED_CONTEXT ( ( #2630, #2687, #2686 ) ) REPRESENTATION_CONTEXT ( 'NONE', 'WORKASPACE' ) );
#2685 = UNCERTAINTY_MEASURE_WITH_UNIT (LENGTH_MEASURE( 1.000000000000000100E-005 ), #2630, 'distance_accuracy_value', 'NONE');
#2686 =( NAMED_UNIT ( * ) SI_UNIT ( $, .STERADIAN. ) SOLID_ANGLE_UNIT ( ) );
#2687 =( NAMED_UNIT ( * ) PLANE_ANGLE_UNIT ( ) SI_UNIT ( $, .RADIAN. ) );
#2688 = UNCERTAINTY_MEASURE_WITH_UNIT (LENGTH_MEASURE( 1.000000000000000100E-005 ), #2691, 'distance_accuracy_value', 'NONE');
#2689 =( NAMED_UNIT ( * ) SI_UNIT ( $, .STERADIAN. ) SOLID_ANGLE_UNIT ( ) );
#2690 =( NAMED_UNIT ( * ) PLANE_ANGLE_UNIT ( ) SI_UNIT ( $, .RADIAN. ) );
#2691 =( CONVERSION_BASED_UNIT ( 'INCH', #2692 ) LENGTH_UNIT ( ) NAMED_UNIT ( #2693 ) );
#2692 = LENGTH_MEASURE_WITH_UNIT ( LENGTH_MEASURE( 0.02539999999999999900 ), #2694 );
#2693 = DIMENSIONAL_EXPONENTS ( 1.000000000000000000, 0.0000000000000000000, 0.0000000000000000000, 0.0000000000000000000, 0.0000000000000000000, 0.0000000000000000000, 0.0000000000000000000 ) ;
#2694 =( LENGTH_UNIT ( ) NAMED_UNIT ( * ) SI_UNIT ( $, .METRE. ) );
#2695 = MECHANICAL_DESIGN_GEOMETRIC_PRESENTATION_REPRESENTATION (  '', ( #2697 ), #2744 ) ;
#2696 = PRESENTATION_LAYER_ASSIGNMENT (  '', '', ( #2697 ) ) ;
#2697 = STYLED_ITEM ( 'NONE', ( #2698 ), #3365 ) ;
#2698 = PRESENTATION_STYLE_ASSIGNMENT (( #2699 ) ) ;
#2699 = SURFACE_STYLE_USAGE ( .BOTH. , #2700 ) ;
#2700 = SURFACE_SIDE_STYLE ('',( #2701 ) ) ;
#2701 = SURFACE_STYLE_FILL_AREA ( #2702 ) ;
#2702 = FILL_AREA_STYLE ('',( #2703 ) ) ;
#2703 = FILL_AREA_STYLE_COLOUR ( '', #2704 ) ;
#2704 = COLOUR_RGB ( '',0.8313725490196077800, 0.8392156862745098200, 0.8274509803921568100 ) ;
#2705 = FACE_OUTER_BOUND ( 'NONE', #3354, .T. ) ;
#2706 = CARTESIAN_POINT ( 'NONE',  ( 0.3220000000000002300, -0.1160000000000000100, 0.1250000000000000000 ) ) ;
#2707 = DIRECTION ( 'NONE',  ( -0.0000000000000000000, 1.000000000000000000, -0.0000000000000000000 ) ) ;
#2708 = VECTOR ( 'NONE', #2707, 39.37007874015748100 ) ;
#2709 = CARTESIAN_POINT ( 'NONE',  ( -0.003000000000000010900, 0.006999999999999999300, 0.3204999999999998400 ) ) ;
#2710 = LINE ( 'NONE', #2709, #2708 ) ;
#2711 = DIRECTION ( 'NONE',  ( 1.000000000000000000, 3.532562060772754300E-015, -0.0000000000000000000 ) ) ;
#2712 = VECTOR ( 'NONE', #2711, 39.37007874015748100 ) ;
#2713 = CARTESIAN_POINT ( 'NONE',  ( 0.3219999999999999000, -0.009999999999999962000, 0.1250000000000000000 ) ) ;
#2714 = LINE ( 'NONE', #2713, #2712 ) ;
#2715 = CARTESIAN_POINT ( 'NONE',  ( 0.3320000000000002400, -0.1159999999999999800, 0.1250000000000000000 ) ) ;
#2716 = CARTESIAN_POINT ( 'NONE',  ( -0.003000000000000010900, 0.006999999999999999300, 0.3204999999999998400 ) ) ;
#2717 = FACE_OUTER_BOUND ( 'NONE', #3358, .T. ) ;
#2718 = FACE_OUTER_BOUND ( 'NONE', #3372, .T. ) ;
#2719 = DIRECTION ( 'NONE',  ( -3.532562060772754300E-015, 1.000000000000000000, 0.0000000000000000000 ) ) ;
#2720 = VECTOR ( 'NONE', #2719, 39.37007874015748100 ) ;
#2721 = CARTESIAN_POINT ( 'NONE',  ( 0.3319999999999998500, 3.491483361109382400E-017, 0.1250000000000000000 ) ) ;
#2722 = LINE ( 'NONE', #2721, #2720 ) ;
#2723 = DIRECTION ( 'NONE',  ( -3.532562060772754300E-015, 1.000000000000000000, -0.0000000000000000000 ) ) ;
#2724 = VECTOR ( 'NONE', #2723, 39.37007874015748100 ) ;
#2725 = CARTESIAN_POINT ( 'NONE',  ( 0.3219999999999997900, 0.0000000000000000000, 0.1250000000000000000 ) ) ;
#2726 = LINE ( 'NONE', #2725, #2724 ) ;
#2727 = DIRECTION ( 'NONE',  ( -0.0000000000000000000, -0.0000000000000000000, 1.000000000000000000 ) ) ;
#2728 = VECTOR ( 'NONE', #2727, 39.37007874015748100 ) ;
#2729 = CARTESIAN_POINT ( 'NONE',  ( 0.3219999999999999000, -0.009999999999999962000, -0.1250000000000000000 ) ) ;
#2730 = LINE ( 'NONE', #2729, #2728 ) ;
#2731 = DIRECTION ( 'NONE',  ( -1.000000000000000000, -3.491483361109382900E-015, 0.0000000000000000000 ) ) ;
#2732 = VECTOR ( 'NONE', #2731, 39.37007874015748100 ) ;
#2733 = CARTESIAN_POINT ( 'NONE',  ( 0.3320000000000002400, -0.1159999999999999800, 0.1250000000000000000 ) ) ;
#2734 = LINE ( 'NONE', #2733, #2732 ) ;
#2735 = DIRECTION ( 'NONE',  ( 3.532562060772754300E-015, -1.000000000000000000, -0.0000000000000000000 ) ) ;
#2736 = VECTOR ( 'NONE', #2735, 39.37007874015748100 ) ;
#2737 = CARTESIAN_POINT ( 'NONE',  ( 0.3219999999999997900, 0.0000000000000000000, -0.1250000000000000000 ) ) ;
#2738 = LINE ( 'NONE', #2737, #2736 ) ;
#2739 = DIRECTION ( 'NONE',  ( -1.226584048879429700E-016, 0.0000000000000000000, 1.000000000000000000 ) ) ;
#2740 = DIRECTION ( 'NONE',  ( -1.000000000000000000, 0.0000000000000000000, -1.226584048879429700E-016 ) ) ;
#2741 = CARTESIAN_POINT ( 'NONE',  ( -0.003000000000000005700, 0.006999999999999999300, 0.2769999999999998600 ) ) ;
#2742 = AXIS2_PLACEMENT_3D ( 'NONE', #2741, #2740, #2739 ) ;
#2743 = PLANE ( 'NONE',  #2742 ) ;
#2744 =( GEOMETRIC_REPRESENTATION_CONTEXT ( 3 ) GLOBAL_UNCERTAINTY_ASSIGNED_CONTEXT ( ( #2688 ) ) GLOBAL_UNIT_ASSIGNED_CONTEXT ( ( #2691, #2690, #2689 ) ) REPRESENTATION_CONTEXT ( 'NONE', 'WORKASPACE' ) );
#2745 = CARTESIAN_POINT ( 'NONE',  ( 0.3220000000000002300, -0.1160000000000000100, 0.06250000000000000000 ) ) ;
#2746 = DIRECTION ( 'NONE',  ( 3.532562060772754300E-015, -1.000000000000000000, 0.0000000000000000000 ) ) ;
#2747 = VECTOR ( 'NONE', #2746, 39.37007874015748100 ) ;
#2748 = CARTESIAN_POINT ( 'NONE',  ( 0.3320000000000002900, -0.1259999999999999700, -0.06250000000000000000 ) ) ;
#2749 = LINE ( 'NONE', #2748, #2747 ) ;
#2750 = DIRECTION ( 'NONE',  ( -3.532562060772754300E-015, 1.000000000000000000, 0.0000000000000000000 ) ) ;
#2751 = VECTOR ( 'NONE', #2750, 39.37007874015748100 ) ;
#2752 = CARTESIAN_POINT ( 'NONE',  ( 0.3320000000000002900, -0.1259999999999999700, 0.06250000000000000000 ) ) ;
#2753 = LINE ( 'NONE', #2752, #2751 ) ;
#2754 = DIRECTION ( 'NONE',  ( -0.0000000000000000000, -0.0000000000000000000, 1.000000000000000000 ) ) ;
#2755 = VECTOR ( 'NONE', #2754, 39.37007874015748100 ) ;
#2756 = CARTESIAN_POINT ( 'NONE',  ( 0.3220000000000002900, -0.1260000000000000000, 0.1250000000000000000 ) ) ;
#2757 = DIRECTION ( 'NONE',  ( -3.532562060772754300E-015, 1.000000000000000000, 0.0000000000000000000 ) ) ;
#2758 = DIRECTION ( 'NONE',  ( 1.000000000000000000, 3.532562060772754300E-015, -0.0000000000000000000 ) ) ;
#2759 = CARTESIAN_POINT ( 'NONE',  ( 0.3319999999999998500, 3.491483361109382400E-017, 0.1250000000000000000 ) ) ;
#2760 = AXIS2_PLACEMENT_3D ( 'NONE', #2759, #2758, #2757 ) ;
#2761 = PLANE ( 'NONE',  #2760 ) ;
#2762 = LINE ( 'NONE', #2756, #2755 ) ;
#2763 = FACE_OUTER_BOUND ( 'NONE', #3422, .T. ) ;
#2764 = DIRECTION ( 'NONE',  ( 0.0000000000000000000, 0.0000000000000000000, 1.000000000000000000 ) ) ;
#2765 = VECTOR ( 'NONE', #2764, 39.37007874015748100 ) ;
#2766 = CARTESIAN_POINT ( 'NONE',  ( 0.3320000000000002400, -0.1159999999999999800, 0.06250000000000000000 ) ) ;
#2767 = DIRECTION ( 'NONE',  ( 1.000000000000000000, 0.0000000000000000000, -0.0000000000000000000 ) ) ;
#2768 = DIRECTION ( 'NONE',  ( 0.0000000000000000000, 0.0000000000000000000, 1.000000000000000000 ) ) ;
#2769 = CARTESIAN_POINT ( 'NONE',  ( 0.3319999999999998500, 3.491483361109382400E-017, 0.1250000000000000000 ) ) ;
#2770 = LINE ( 'NONE', #2766, #2765 ) ;
#2771 = AXIS2_PLACEMENT_3D ( 'NONE', #2769, #2768, #2767 ) ;
#2772 = PLANE ( 'NONE',  #2771 ) ;
#2773 = DIRECTION ( 'NONE',  ( -1.000000000000000000, 0.0000000000000000000, 0.0000000000000000000 ) ) ;
#2774 = DIRECTION ( 'NONE',  ( 0.0000000000000000000, 0.0000000000000000000, -1.000000000000000000 ) ) ;
#2775 = CARTESIAN_POINT ( 'NONE',  ( 0.3320000000000002400, -0.1159999999999999800, -0.1250000000000000000 ) ) ;
#2776 = AXIS2_PLACEMENT_3D ( 'NONE', #2775, #2774, #2773 ) ;
#2777 = PLANE ( 'NONE',  #2776 ) ;
#2778 = DIRECTION ( 'NONE',  ( 0.0000000000000000000, 0.0000000000000000000, 1.000000000000000000 ) ) ;
#2779 = VECTOR ( 'NONE', #2778, 39.37007874015748100 ) ;
#2780 = CARTESIAN_POINT ( 'NONE',  ( 0.3320000000000002900, -0.1259999999999999700, 0.06250000000000000000 ) ) ;
#2781 = LINE ( 'NONE', #2780, #2779 ) ;
#2782 = CARTESIAN_POINT ( 'NONE',  ( 0.3320000000000002900, -0.1259999999999999700, 0.06250000000000000000 ) ) ;
#2783 = CARTESIAN_POINT ( 'NONE',  ( 0.3320000000000002400, -0.1159999999999999800, 0.06250000000000000000 ) ) ;
#2784 = CARTESIAN_POINT ( 'NONE',  ( 0.3320000000000002900, -0.1259999999999999700, -0.06250000000000000000 ) ) ;
#2785 = DIRECTION ( 'NONE',  ( 1.000000000000000000, 0.0000000000000000000, 0.0000000000000000000 ) ) ;
#2786 = DIRECTION ( 'NONE',  ( 0.0000000000000000000, 0.0000000000000000000, 1.000000000000000000 ) ) ;
#2787 = CARTESIAN_POINT ( 'NONE',  ( 0.3119999999999998300, -0.009999999999999998500, 0.1250000000000000000 ) ) ;
#2788 = AXIS2_PLACEMENT_3D ( 'NONE', #2787, #2786, #2785 ) ;
#2789 = CIRCLE ( 'NONE', #2788, 0.02000000000000005900 ) ;
#2790 = DIRECTION ( 'NONE',  ( 0.0000000000000000000, -1.000000000000000000, 3.414809992080329500E-015 ) ) ;
#2791 = DIRECTION ( 'NONE',  ( 0.0000000000000000000, 3.414809992080329500E-015, 1.000000000000000000 ) ) ;
#2792 = CARTESIAN_POINT ( 'NONE',  ( -0.1249999999999999600, 0.0000000000000000000, 0.3339999999999998500 ) ) ;
#2793 = AXIS2_PLACEMENT_3D ( 'NONE', #2792, #2791, #2790 ) ;
#2794 = PLANE ( 'NONE',  #2793 ) ;
#2795 = DIRECTION ( 'NONE',  ( -1.000000000000000000, 1.876269226417762200E-016, 0.0000000000000000000 ) ) ;
#2796 = DIRECTION ( 'NONE',  ( 1.876269226417762200E-016, 1.000000000000000000, 5.551115123125782700E-017 ) ) ;
#2797 = CARTESIAN_POINT ( 'NONE',  ( 0.1704999999999999800, -0.08433974596215464100, 0.06198906205728071200 ) ) ;
#2798 = AXIS2_PLACEMENT_3D ( 'NONE', #2797, #2796, #2795 ) ;
#2799 = FACE_OUTER_BOUND ( 'NONE', #3300, .T. ) ;
#2800 = PLANE ( 'NONE',  #2798 ) ;
#2801 = FACE_OUTER_BOUND ( 'NONE', #3390, .T. ) ;
#2802 = CARTESIAN_POINT ( 'NONE',  ( 0.3320000000000002400, -0.1159999999999999800, -0.06250000000000000000 ) ) ;
#2803 = CARTESIAN_POINT ( 'NONE',  ( 0.3220000000000002900, -0.1260000000000000000, 0.06250000000000000000 ) ) ;
#2804 = DIRECTION ( 'NONE',  ( -3.532562060772754300E-015, 1.000000000000000000, 0.0000000000000000000 ) ) ;
#2805 = DIRECTION ( 'NONE',  ( 1.000000000000000000, 3.532562060772754300E-015, -0.0000000000000000000 ) ) ;
#2806 = CARTESIAN_POINT ( 'NONE',  ( 0.3219999999999997900, 0.0000000000000000000, 0.1250000000000000000 ) ) ;
#2807 = AXIS2_PLACEMENT_3D ( 'NONE', #2806, #2805, #2804 ) ;
#2808 = CARTESIAN_POINT ( 'NONE',  ( -0.003000000000000000100, 0.006999999999999999300, 0.2274999999999998700 ) ) ;
#2809 = PLANE ( 'NONE',  #2807 ) ;
#2810 = FACE_OUTER_BOUND ( 'NONE', #3441, .T. ) ;
#2811 = CARTESIAN_POINT ( 'NONE',  ( -0.003000000000000000100, 0.006999999999999999300, 0.2274999999999998700 ) ) ;
#2812 = AXIS2_PLACEMENT_3D ( 'NONE', #2811, #2867, #2866 ) ;
#2813 = PLANE ( 'NONE',  #2812 ) ;
#2814 =( GEOMETRIC_REPRESENTATION_CONTEXT ( 3 ) GLOBAL_UNCERTAINTY_ASSIGNED_CONTEXT ( ( #2815 ) ) GLOBAL_UNIT_ASSIGNED_CONTEXT ( ( #2818, #2817, #2816 ) ) REPRESENTATION_CONTEXT ( 'NONE', 'WORKASPACE' ) );
#2815 = UNCERTAINTY_MEASURE_WITH_UNIT (LENGTH_MEASURE( 1.000000000000000100E-005 ), #2818, 'distance_accuracy_value', 'NONE');
#2816 =( NAMED_UNIT ( * ) SI_UNIT ( $, .STERADIAN. ) SOLID_ANGLE_UNIT ( ) );
#2817 =( NAMED_UNIT ( * ) PLANE_ANGLE_UNIT ( ) SI_UNIT ( $, .RADIAN. ) );
#2818 =( CONVERSION_BASED_UNIT ( 'INCH', #2819 ) LENGTH_UNIT ( ) NAMED_UNIT ( #2820 ) );
#2819 = LENGTH_MEASURE_WITH_UNIT ( LENGTH_MEASURE( 0.02539999999999999900 ), #2821 );
#2820 = DIMENSIONAL_EXPONENTS ( 1.000000000000000000, 0.0000000000000000000, 0.0000000000000000000, 0.0000000000000000000, 0.0000000000000000000, 0.0000000000000000000, 0.0000000000000000000 ) ;
#2821 =( LENGTH_UNIT ( ) NAMED_UNIT ( * ) SI_UNIT ( $, .METRE. ) );
#2822 = MECHANICAL_DESIGN_GEOMETRIC_PRESENTATION_REPRESENTATION (  '', ( #2824 ), #2814 ) ;
#2823 = PRESENTATION_LAYER_ASSIGNMENT (  '', '', ( #2824 ) ) ;
#2824 = STYLED_ITEM ( 'NONE', ( #2825 ), #3426 ) ;
#2825 = PRESENTATION_STYLE_ASSIGNMENT (( #2826 ) ) ;
#2826 = SURFACE_STYLE_USAGE ( .BOTH. , #2827 ) ;
#2827 = SURFACE_SIDE_STYLE ('',( #2828 ) ) ;
#2828 = SURFACE_STYLE_FILL_AREA ( #2829 ) ;
#2829 = FILL_AREA_STYLE ('',( #2836 ) ) ;
#2830 = COLOUR_RGB ( '',0.8313725490196077800, 0.8392156862745098200, 0.8274509803921568100 ) ;
#2831 = FACE_OUTER_BOUND ( 'NONE', #3399, .T. ) ;
#2832 = DIRECTION ( 'NONE',  ( 0.0000000000000000000, 0.0000000000000000000, 1.000000000000000000 ) ) ;
#2833 = VECTOR ( 'NONE', #2832, 39.37007874015748100 ) ;
#2834 = CARTESIAN_POINT ( 'NONE',  ( 0.3320000000000002400, -0.1159999999999999800, -0.06250000000000000000 ) ) ;
#2835 = LINE ( 'NONE', #2834, #2833 ) ;
#2836 = FILL_AREA_STYLE_COLOUR ( '', #2830 ) ;
#2837 = CARTESIAN_POINT ( 'NONE',  ( 0.3320000000000002400, -0.1159999999999999800, -0.1250000000000000000 ) ) ;
#2838 = LINE ( 'NONE', #2837, #1357 ) ;
#2839 = DIRECTION ( 'NONE',  ( -3.532562060772754300E-015, 1.000000000000000000, -0.0000000000000000000 ) ) ;
#2840 = VECTOR ( 'NONE', #2839, 39.37007874015748100 ) ;
#2841 = CARTESIAN_POINT ( 'NONE',  ( 0.3219999999999997900, 0.0000000000000000000, 0.06250000000000000000 ) ) ;
#2842 = LINE ( 'NONE', #2841, #2840 ) ;
#2843 = DIRECTION ( 'NONE',  ( -0.0000000000000000000, -0.0000000000000000000, 1.000000000000000000 ) ) ;
#2844 = VECTOR ( 'NONE', #2843, 39.37007874015748100 ) ;
#2845 = CARTESIAN_POINT ( 'NONE',  ( 0.3220000000000002300, -0.1160000000000000100, 0.1250000000000000000 ) ) ;
#2846 = LINE ( 'NONE', #2845, #2844 ) ;
#2847 = CARTESIAN_POINT ( 'NONE',  ( 0.3220000000000002300, -0.1160000000000000100, -0.06249999999999997900 ) ) ;
#2848 = ORIENTED_EDGE ( 'NONE', *, *, #2608, .F. ) ;
#2849 = DIRECTION ( 'NONE',  ( 3.532562060772754300E-015, -1.000000000000000000, 0.0000000000000000000 ) ) ;
#2850 = VECTOR ( 'NONE', #2849, 39.37007874015748100 ) ;
#2851 = CARTESIAN_POINT ( 'NONE',  ( 0.3320000000000002400, -0.1159999999999999800, -0.1250000000000000000 ) ) ;
#2852 = LINE ( 'NONE', #2851, #2850 ) ;
#2853 = DIRECTION ( 'NONE',  ( 3.532562060772754300E-015, -1.000000000000000000, -0.0000000000000000000 ) ) ;
#2854 = VECTOR ( 'NONE', #2853, 39.37007874015748100 ) ;
#2855 = CARTESIAN_POINT ( 'NONE',  ( 0.3219999999999997900, 0.0000000000000000000, -0.06249999999999997900 ) ) ;
#2856 = LINE ( 'NONE', #2855, #2854 ) ;
#2857 = DIRECTION ( 'NONE',  ( -0.0000000000000000000, -0.0000000000000000000, 1.000000000000000000 ) ) ;
#2858 = VECTOR ( 'NONE', #2857, 39.37007874015748100 ) ;
#2859 = CARTESIAN_POINT ( 'NONE',  ( 0.3220000000000002300, -0.1160000000000000100, 0.1250000000000000000 ) ) ;
#2860 = LINE ( 'NONE', #2859, #2858 ) ;
#2861 = CARTESIAN_POINT ( 'NONE',  ( 0.3220000000000003400, -0.1260000000000000000, -0.06250000000000000000 ) ) ;
#2862 = DIRECTION ( 'NONE',  ( -0.0000000000000000000, 1.000000000000000000, -0.0000000000000000000 ) ) ;
#2863 = VECTOR ( 'NONE', #2862, 39.37007874015748100 ) ;
#2864 = CARTESIAN_POINT ( 'NONE',  ( -0.003000000000000000100, 0.006999999999999999300, 0.2274999999999998700 ) ) ;
#2865 = LINE ( 'NONE', #2864, #2863 ) ;
#2866 = DIRECTION ( 'NONE',  ( -1.000000000000000000, 0.0000000000000000000, -0.0000000000000000000 ) ) ;
#2867 = DIRECTION ( 'NONE',  ( 0.0000000000000000000, 0.0000000000000000000, -1.000000000000000000 ) ) ;
#2868 = DIRECTION ( 'NONE',  ( -1.000000000000000000, -3.491483361109382900E-015, 0.0000000000000000000 ) ) ;
#2869 = VERTEX_POINT ( 'NONE', #2458 ) ;
#2870 = VECTOR ( 'NONE', #2868, 39.37007874015748100 ) ;
#2871 = CARTESIAN_POINT ( 'NONE',  ( 0.3320000000000002400, -0.1259999999999999700, -0.06250000000000000000 ) ) ;
#2872 = LINE ( 'NONE', #2871, #2870 ) ;
#2873 = DIRECTION ( 'NONE',  ( -1.876269226417762200E-016, 0.0000000000000000000, 1.000000000000000000 ) ) ;
#2874 = DIRECTION ( 'NONE',  ( -1.000000000000000000, 9.184850993605056000E-017, -1.876269226417762200E-016 ) ) ;
#2875 = CARTESIAN_POINT ( 'NONE',  ( 0.1250000000000000000, 0.01000000000000000400, -0.1409999999999999900 ) ) ;
#2876 = AXIS2_PLACEMENT_3D ( 'NONE', #2875, #2874, #2873 ) ;
#2877 = PLANE ( 'NONE',  #2876 ) ;
#2878 = FACE_OUTER_BOUND ( 'NONE', #3454, .T. ) ;
#2879 = CARTESIAN_POINT ( 'NONE',  ( 0.2160000000000000300, 0.008660254037844416000, -0.1359999999999999500 ) ) ;
#2880 = DIRECTION ( 'NONE',  ( 1.000000000000000000, 3.491483361109382900E-015, 0.0000000000000000000 ) ) ;
#2881 = DIRECTION ( 'NONE',  ( 3.491483361109382900E-015, -1.000000000000000000, 0.0000000000000000000 ) ) ;
#2882 = CARTESIAN_POINT ( 'NONE',  ( 0.3320000000000002400, -0.1159999999999999800, -0.06250000000000000000 ) ) ;
#2883 = AXIS2_PLACEMENT_3D ( 'NONE', #2882, #2881, #2880 ) ;
#2884 = FACE_OUTER_BOUND ( 'NONE', #3478, .T. ) ;
#2885 = DIRECTION ( 'NONE',  ( -1.000000000000000000, 0.0000000000000000000, 0.0000000000000000000 ) ) ;
#2886 = DIRECTION ( 'NONE',  ( 0.0000000000000000000, 0.0000000000000000000, -1.000000000000000000 ) ) ;
#2887 = CARTESIAN_POINT ( 'NONE',  ( 0.3320000000000002400, -0.1259999999999999700, -0.06250000000000000000 ) ) ;
#2888 = AXIS2_PLACEMENT_3D ( 'NONE', #2887, #2886, #2885 ) ;
#2889 = PLANE ( 'NONE',  #2888 ) ;
#2890 = PLANE ( 'NONE',  #2883 ) ;
#2891 = FACE_OUTER_BOUND ( 'NONE', #3457, .T. ) ;
#2892 = DIRECTION ( 'NONE',  ( -1.000000000000000000, -3.491483361109382900E-015, -0.0000000000000000000 ) ) ;
#2893 = VECTOR ( 'NONE', #2892, 39.37007874015748100 ) ;
#2894 = CARTESIAN_POINT ( 'NONE',  ( 0.3320000000000001800, -0.1159999999999999800, 0.06250000000000000000 ) ) ;
#2895 = LINE ( 'NONE', #2894, #2893 ) ;
#2896 = DIRECTION ( 'NONE',  ( -1.000000000000000000, -3.491483361109382900E-015, 0.0000000000000000000 ) ) ;
#2897 = VECTOR ( 'NONE', #2896, 39.37007874015748100 ) ;
#2898 = CARTESIAN_POINT ( 'NONE',  ( 0.3320000000000002400, -0.1259999999999999700, 0.06250000000000000000 ) ) ;
#2899 = LINE ( 'NONE', #2898, #2897 ) ;
#2900 = CARTESIAN_POINT ( 'NONE',  ( 0.3320000000000002400, -0.1159999999999999800, -0.1250000000000000000 ) ) ;
#2901 = AXIS2_PLACEMENT_3D ( 'NONE', #2903, #2962, #2961 ) ;
#2902 = PLANE ( 'NONE',  #2901 ) ;
#2903 = CARTESIAN_POINT ( 'NONE',  ( 0.1250000000000000000, 0.008660254037844424700, -0.1359999999999999800 ) ) ;
#2904 = DIRECTION ( 'NONE',  ( 0.0000000000000000000, 0.0000000000000000000, -1.000000000000000000 ) ) ;
#2905 = DIRECTION ( 'NONE',  ( 1.000000000000000000, -9.184850993605056000E-017, 1.876269226417762400E-016 ) ) ;
#2906 = AXIS2_PLACEMENT_3D ( 'NONE', #2909, #2905, #2904 ) ;
#2907 = FACE_OUTER_BOUND ( 'NONE', #3493, .T. ) ;
#2908 = VERTEX_POINT ( 'NONE', #2457 ) ;
#2909 = CARTESIAN_POINT ( 'NONE',  ( 0.2160000000000000300, 9.184850993605054100E-020, -0.1409999999999999000 ) ) ;
#2910 = CYLINDRICAL_SURFACE ( 'NONE', #2906, 0.009999999999999995000 ) ;
#2911 = FACE_OUTER_BOUND ( 'NONE', #3485, .T. ) ;
#2912 = CARTESIAN_POINT ( 'NONE',  ( 0.2160000000000000300, -0.08433974596215464100, 0.02508072510390617700 ) ) ;
#2913 = DIRECTION ( 'NONE',  ( 0.0000000000000000000, 0.0000000000000000000, -1.000000000000000000 ) ) ;
#2914 = DIRECTION ( 'NONE',  ( 1.000000000000000000, -9.184850993605056000E-017, 1.876269226417762400E-016 ) ) ;
#2915 = CARTESIAN_POINT ( 'NONE',  ( 0.2160000000000000300, 9.184850993605062500E-020, -0.1409999999999999000 ) ) ;
#2916 = AXIS2_PLACEMENT_3D ( 'NONE', #2915, #2914, #2913 ) ;
#2917 = CIRCLE ( 'NONE', #2916, 0.009999999999999995000 ) ;
#2918 = DIRECTION ( 'NONE',  ( 0.0000000000000000000, -0.8660254037844414800, -0.4999999999999949500 ) ) ;
#2919 = VECTOR ( 'NONE', #2918, 39.37007874015748900 ) ;
#2920 = CARTESIAN_POINT ( 'NONE',  ( 0.1250000000000000000, 0.008660254037844424700, -0.1359999999999999800 ) ) ;
#2921 = LINE ( 'NONE', #2920, #2919 ) ;
#2922 = CARTESIAN_POINT ( 'NONE',  ( 0.1250000000000000000, 0.008660254037844424700, -0.1359999999999999800 ) ) ;
#2923 = DIRECTION ( 'NONE',  ( 0.0000000000000000000, 0.0000000000000000000, -1.000000000000000000 ) ) ;
#2924 = DIRECTION ( 'NONE',  ( 1.000000000000000000, -9.184850993605056000E-017, 1.876269226417762400E-016 ) ) ;
#2925 = CARTESIAN_POINT ( 'NONE',  ( 0.1250000000000000000, 8.450062914116655200E-018, -0.1409999999999999300 ) ) ;
#2926 = AXIS2_PLACEMENT_3D ( 'NONE', #2925, #2924, #2923 ) ;
#2927 = CIRCLE ( 'NONE', #2926, 0.009999999999999995000 ) ;
#2928 = DIRECTION ( 'NONE',  ( -1.000000000000000000, -3.491483361109382900E-015, -0.0000000000000000000 ) ) ;
#2929 = VECTOR ( 'NONE', #2928, 39.37007874015748100 ) ;
#2930 = CARTESIAN_POINT ( 'NONE',  ( 0.3320000000000002400, -0.1159999999999999800, -0.06250000000000000000 ) ) ;
#2931 = EDGE_LOOP ( 'NONE', ( #2590, #3356, #3349, #3332 ) ) ;
#2932 = LINE ( 'NONE', #2930, #2929 ) ;
#2933 = LINE ( 'NONE', #2998, #2997 ) ;
#2934 = DIRECTION ( 'NONE',  ( 0.0000000000000000000, -0.8660254037844414800, -0.4999999999999949500 ) ) ;
#2935 = VECTOR ( 'NONE', #2934, 39.37007874015748900 ) ;
#2936 = CARTESIAN_POINT ( 'NONE',  ( 0.2160000000000000300, -0.08433974596215464100, 0.02508072510390617700 ) ) ;
#2937 = LINE ( 'NONE', #2936, #2935 ) ;
#2938 = DIRECTION ( 'NONE',  ( -0.0000000000000000000, 0.4999999999999949500, -0.8660254037844414800 ) ) ;
#2939 = VECTOR ( 'NONE', #2938, 39.37007874015748900 ) ;
#2940 = CARTESIAN_POINT ( 'NONE',  ( 0.1250000000000000000, 0.008660254037844424700, -0.1359999999999999800 ) ) ;
#2941 = LINE ( 'NONE', #2940, #2939 ) ;
#2942 = DIRECTION ( 'NONE',  ( 1.000000000000000000, -9.184850993605056000E-017, 1.876269226417762200E-016 ) ) ;
#2943 = VECTOR ( 'NONE', #2942, 39.37007874015748100 ) ;
#2944 = CARTESIAN_POINT ( 'NONE',  ( 0.2160000000000000300, 0.008660254037844416000, -0.1359999999999999500 ) ) ;
#2945 = LINE ( 'NONE', #2944, #2943 ) ;
#2946 = CARTESIAN_POINT ( 'NONE',  ( 0.1250000000000000300, -0.09299999999999901400, 0.02008072510390613800 ) ) ;
#2947 = CARTESIAN_POINT ( 'NONE',  ( 0.1250000000000000000, -0.08433974596215462700, 0.02508072510390614200 ) ) ;
#2948 = DIRECTION ( 'NONE',  ( 0.0000000000000000000, -0.8660254037844414800, -0.4999999999999949500 ) ) ;
#2949 = VECTOR ( 'NONE', #2948, 39.37007874015748900 ) ;
#2950 = CARTESIAN_POINT ( 'NONE',  ( 0.2160000000000000300, 0.008660254037844416000, -0.1359999999999999500 ) ) ;
#2951 = LINE ( 'NONE', #2950, #2949 ) ;
#2952 = DIRECTION ( 'NONE',  ( -0.0000000000000000000, 0.4999999999999949500, -0.8660254037844414800 ) ) ;
#2953 = VECTOR ( 'NONE', #2952, 39.37007874015748900 ) ;
#2954 = CARTESIAN_POINT ( 'NONE',  ( 0.1250000000000000000, 8.450062914116655200E-018, -0.1409999999999999300 ) ) ;
#2955 = DIRECTION ( 'NONE',  ( -1.876269226417762200E-016, 0.0000000000000000000, 1.000000000000000000 ) ) ;
#2956 = DIRECTION ( 'NONE',  ( -1.000000000000000000, 9.184850993605056000E-017, -1.876269226417762200E-016 ) ) ;
#2957 = CARTESIAN_POINT ( 'NONE',  ( 0.2160000000000000300, 0.009999999999999995000, -0.1409999999999999900 ) ) ;
#2958 = LINE ( 'NONE', #2954, #2953 ) ;
#2959 = AXIS2_PLACEMENT_3D ( 'NONE', #2957, #2956, #2955 ) ;
#2960 = PLANE ( 'NONE',  #2959 ) ;
#2961 = DIRECTION ( 'NONE',  ( 0.0000000000000000000, 0.0000000000000000000, 1.000000000000000000 ) ) ;
#2962 = DIRECTION ( 'NONE',  ( -1.000000000000000000, -0.0000000000000000000, 0.0000000000000000000 ) ) ;
#2963 = FACE_OUTER_BOUND ( 'NONE', #3474, .T. ) ;
#2964 = CARTESIAN_POINT ( 'NONE',  ( 0.3320000000000002400, -0.1159999999999999800, 0.06250000000000000000 ) ) ;
#2965 = AXIS2_PLACEMENT_3D ( 'NONE', #2964, #3028, #3027 ) ;
#2966 = FACE_OUTER_BOUND ( 'NONE', #3432, .T. ) ;
#2967 = DIRECTION ( 'NONE',  ( 1.000000000000000000, 0.0000000000000000000, -0.0000000000000000000 ) ) ;
#2968 = DIRECTION ( 'NONE',  ( 0.0000000000000000000, -0.0000000000000000000, 1.000000000000000000 ) ) ;
#2969 = CARTESIAN_POINT ( 'NONE',  ( 0.3320000000000002400, -0.1259999999999999700, 0.06250000000000000000 ) ) ;
#2970 = AXIS2_PLACEMENT_3D ( 'NONE', #2969, #2968, #2967 ) ;
#2971 = PLANE ( 'NONE',  #2970 ) ;
#2972 = PLANE ( 'NONE',  #2965 ) ;
#2973 = FACE_OUTER_BOUND ( 'NONE', #3451, .T. ) ;
#2974 = DIRECTION ( 'NONE',  ( 0.0000000000000000000, -0.4999999999999949500, 0.8660254037844414800 ) ) ;
#2975 = VECTOR ( 'NONE', #2974, 39.37007874015748900 ) ;
#2976 = CARTESIAN_POINT ( 'NONE',  ( 0.2160000000000000300, 9.184850993605054100E-020, -0.1409999999999999000 ) ) ;
#2977 = DIRECTION ( 'NONE',  ( 0.0000000000000000000, -0.4999999999999949500, 0.8660254037844414800 ) ) ;
#2978 = DIRECTION ( 'NONE',  ( -1.427031841651970500E-017, 0.8660254037844415900, 0.4999999999999950000 ) ) ;
#2979 = CARTESIAN_POINT ( 'NONE',  ( 0.1250000000000000000, 0.008660254037844424700, -0.1359999999999999800 ) ) ;
#2980 = AXIS2_PLACEMENT_3D ( 'NONE', #2979, #2978, #2977 ) ;
#2981 = PLANE ( 'NONE',  #2980 ) ;
#2982 = LINE ( 'NONE', #2976, #2975 ) ;
#2983 = FACE_OUTER_BOUND ( 'NONE', #3519, .T. ) ;
#2984 = DIRECTION ( 'NONE',  ( 0.0000000000000000000, -0.8660254037844414800, -0.4999999999999949500 ) ) ;
#2985 = VECTOR ( 'NONE', #2984, 39.37007874015748900 ) ;
#2986 = CARTESIAN_POINT ( 'NONE',  ( 0.1250000000000000000, -0.08433974596215462700, 0.02508072510390614200 ) ) ;
#2987 = LINE ( 'NONE', #2986, #2985 ) ;
#2988 = DIRECTION ( 'NONE',  ( 0.0000000000000000000, 0.0000000000000000000, -1.000000000000000000 ) ) ;
#2989 = DIRECTION ( 'NONE',  ( 1.000000000000000000, 0.0000000000000000000, 0.0000000000000000000 ) ) ;
#2990 = CARTESIAN_POINT ( 'NONE',  ( 0.2160000000000000300, 0.008660254037844416000, -0.1359999999999999500 ) ) ;
#2991 = EDGE_CURVE ( 'NONE', #308, #3325, #2456, .T. ) ;
#2992 = AXIS2_PLACEMENT_3D ( 'NONE', #2990, #2989, #2988 ) ;
#2993 = PLANE ( 'NONE',  #2992 ) ;
#2994 = FACE_OUTER_BOUND ( 'NONE', #3516, .T. ) ;
#2995 = CARTESIAN_POINT ( 'NONE',  ( 0.2160000000000000300, -0.09299999999999907000, 0.02008072510390622500 ) ) ;
#2996 = DIRECTION ( 'NONE',  ( 0.0000000000000000000, -0.4999999999999949500, 0.8660254037844414800 ) ) ;
#2997 = VECTOR ( 'NONE', #2996, 39.37007874015748900 ) ;
#2998 = CARTESIAN_POINT ( 'NONE',  ( 0.2160000000000000300, 0.008660254037844416000, -0.1359999999999999500 ) ) ;
#2999 = DIRECTION ( 'NONE',  ( 2.543611853704188500E-016, -0.0000000000000000000, -1.000000000000000000 ) ) ;
#3000 = VECTOR ( 'NONE', #2999, 39.37007874015748100 ) ;
#3001 = CARTESIAN_POINT ( 'NONE',  ( 0.2170000000000000300, 0.0000000000000000000, -0.1409999999999999000 ) ) ;
#3002 = LINE ( 'NONE', #3001, #3000 ) ;
#3003 = ORIENTED_EDGE ( 'NONE', *, *, #3560, .F. ) ;
#3004 = DIRECTION ( 'NONE',  ( 0.0000000000000000000, 0.0000000000000000000, -1.000000000000000000 ) ) ;
#3005 = DIRECTION ( 'NONE',  ( -0.0000000000000000000, -1.000000000000000000, -0.0000000000000000000 ) ) ;
#3006 = CARTESIAN_POINT ( 'NONE',  ( 0.1769999999999998800, 0.01000000000000000000, -0.1249999999999999400 ) ) ;
#3007 = AXIS2_PLACEMENT_3D ( 'NONE', #3006, #3005, #3004 ) ;
#3008 = CYLINDRICAL_SURFACE ( 'NONE', #3007, 0.1250000000000000600 ) ;
#3009 = FACE_OUTER_BOUND ( 'NONE', #3529, .T. ) ;
#3010 = CARTESIAN_POINT ( 'NONE',  ( 0.1240000000000000000, 0.0000000000000000000, -0.1409999999999999000 ) ) ;
#3011 = DIRECTION ( 'NONE',  ( 0.0000000000000000000, 0.0000000000000000000, -1.000000000000000000 ) ) ;
#3012 = DIRECTION ( 'NONE',  ( 0.0000000000000000000, 1.000000000000000000, -0.0000000000000000000 ) ) ;
#3013 = CARTESIAN_POINT ( 'NONE',  ( 0.1705000000000002600, 0.0000000000000000000, 0.06499999999999996100 ) ) ;
#3014 = AXIS2_PLACEMENT_3D ( 'NONE', #3013, #3012, #3011 ) ;
#3015 = CIRCLE ( 'NONE', #3014, 0.08549999999999997900 ) ;
#3016 = CARTESIAN_POINT ( 'NONE',  ( 0.1240000000000005300, 0.0000000000000000000, -0.006749564458608579500 ) ) ;
#3017 = DIRECTION ( 'NONE',  ( 3.942598373241490300E-015, 0.0000000000000000000, 1.000000000000000000 ) ) ;
#3018 = VECTOR ( 'NONE', #3017, 39.37007874015748100 ) ;
#3019 = CARTESIAN_POINT ( 'NONE',  ( 0.1240000000000000100, 0.0000000000000000000, -0.1409999999999999000 ) ) ;
#3020 = LINE ( 'NONE', #3019, #3018 ) ;
#3021 = CARTESIAN_POINT ( 'NONE',  ( 0.1250000000000000000, 8.450062914116655200E-018, -0.1409999999999999300 ) ) ;
#3022 = ADVANCED_FACE ( 'NONE', ( #2451 ), #2450, .T. ) ;
#3023 = DIRECTION ( 'NONE',  ( 0.0000000000000000000, 0.0000000000000000000, 1.000000000000000000 ) ) ;
#3024 = DIRECTION ( 'NONE',  ( 0.0000000000000000000, 1.000000000000000000, 0.0000000000000000000 ) ) ;
#3025 = AXIS2_PLACEMENT_3D ( 'NONE', #3029, #3024, #3023 ) ;
#3026 = CIRCLE ( 'NONE', #3025, 0.1250000000000000600 ) ;
#3027 = DIRECTION ( 'NONE',  ( 1.000000000000000000, 3.491483361109382900E-015, 0.0000000000000000000 ) ) ;
#3028 = DIRECTION ( 'NONE',  ( 3.491483361109382900E-015, -1.000000000000000000, 0.0000000000000000000 ) ) ;
#3029 = CARTESIAN_POINT ( 'NONE',  ( 0.1769999999999998800, 0.0000000000000000000, -0.1249999999999999400 ) ) ;
#3030 = FACE_OUTER_BOUND ( 'NONE', #3553, .T. ) ;
#3031 = DIRECTION ( 'NONE',  ( -0.0000000000000000000, -1.000000000000000000, -0.0000000000000000000 ) ) ;
#3032 = VECTOR ( 'NONE', #3031, 39.37007874015748100 ) ;
#3033 = CARTESIAN_POINT ( 'NONE',  ( -0.09005209782894693600, 0.01000000000000000000, -0.2148056919579878200 ) ) ;
#3034 = LINE ( 'NONE', #3033, #3032 ) ;
#3035 = DIRECTION ( 'NONE',  ( 0.0000000000000000000, 0.0000000000000000000, -1.000000000000000000 ) ) ;
#3036 = DIRECTION ( 'NONE',  ( -0.0000000000000000000, -1.000000000000000000, -0.0000000000000000000 ) ) ;
#3037 = CARTESIAN_POINT ( 'NONE',  ( 7.303219981961819300E-019, 0.01000000000000000000, -0.3220000000000000100 ) ) ;
#3038 = AXIS2_PLACEMENT_3D ( 'NONE', #3037, #3036, #3035 ) ;
#3039 = CYLINDRICAL_SURFACE ( 'NONE', #3038, 0.1400000000000000100 ) ;
#3040 = FACE_OUTER_BOUND ( 'NONE', #3530, .T. ) ;
#3041 = DIRECTION ( 'NONE',  ( -0.0000000000000000000, -1.000000000000000000, -0.0000000000000000000 ) ) ;
#3042 = VECTOR ( 'NONE', #3041, 39.37007874015748100 ) ;
#3043 = CARTESIAN_POINT ( 'NONE',  ( 0.3119999999999998300, 0.01000000000000000000, -0.1250000000000000000 ) ) ;
#3044 = DIRECTION ( 'NONE',  ( 1.000000000000000000, 0.0000000000000000000, -0.0000000000000000000 ) ) ;
#3045 = DIRECTION ( 'NONE',  ( 0.0000000000000000000, -0.0000000000000000000, 1.000000000000000000 ) ) ;
#3046 = CARTESIAN_POINT ( 'NONE',  ( 0.3119999999999998300, 0.01000000000000000000, -0.1250000000000000000 ) ) ;
#3047 = AXIS2_PLACEMENT_3D ( 'NONE', #3046, #3045, #3044 ) ;
#3048 = PLANE ( 'NONE',  #3047 ) ;
#3049 = LINE ( 'NONE', #3043, #3042 ) ;
#3050 = EDGE_LOOP ( 'NONE', ( #3110, #3318, #3316, #3321 ) ) ;
#3051 = FACE_OUTER_BOUND ( 'NONE', #3555, .T. ) ;
#3052 = DIRECTION ( 'NONE',  ( -0.0000000000000000000, -1.000000000000000000, -0.0000000000000000000 ) ) ;
#3053 = VECTOR ( 'NONE', #3052, 39.37007874015748100 ) ;
#3054 = CARTESIAN_POINT ( 'NONE',  ( 0.3019999999999999400, 0.01000000000000000000, -0.1250000000000000000 ) ) ;
#3055 = LINE ( 'NONE', #3054, #3053 ) ;
#3056 = DIRECTION ( 'NONE',  ( 1.000000000000000000, -9.184850993605056000E-017, 1.876269226417762200E-016 ) ) ;
#3057 = VECTOR ( 'NONE', #3056, 39.37007874015748100 ) ;
#3058 = CARTESIAN_POINT ( 'NONE',  ( 0.2160000000000000300, 9.184850993605054100E-020, -0.1409999999999999000 ) ) ;
#3059 = LINE ( 'NONE', #3058, #3057 ) ;
#3060 = DIRECTION ( 'NONE',  ( -1.000000000000000000, -0.0000000000000000000, -0.0000000000000000000 ) ) ;
#3061 = VECTOR ( 'NONE', #3060, 39.37007874015748100 ) ;
#3062 = CARTESIAN_POINT ( 'NONE',  ( 0.1240000000000000100, 0.0000000000000000000, -0.1409999999999999000 ) ) ;
#3063 = LINE ( 'NONE', #3062, #3061 ) ;
#3064 = CARTESIAN_POINT ( 'NONE',  ( -0.04650000000000000000, 0.006999999999999999300, 0.2709999999999998500 ) ) ;
#3065 = PLANE ( 'NONE',  #3121 ) ;
#3066 =( GEOMETRIC_REPRESENTATION_CONTEXT ( 3 ) GLOBAL_UNCERTAINTY_ASSIGNED_CONTEXT ( ( #3067 ) ) GLOBAL_UNIT_ASSIGNED_CONTEXT ( ( #3070, #3069, #3068 ) ) REPRESENTATION_CONTEXT ( 'NONE', 'WORKASPACE' ) );
#3067 = UNCERTAINTY_MEASURE_WITH_UNIT (LENGTH_MEASURE( 1.000000000000000100E-005 ), #3070, 'distance_accuracy_value', 'NONE');
#3068 =( NAMED_UNIT ( * ) SI_UNIT ( $, .STERADIAN. ) SOLID_ANGLE_UNIT ( ) );
#3069 =( NAMED_UNIT ( * ) PLANE_ANGLE_UNIT ( ) SI_UNIT ( $, .RADIAN. ) );
#3070 =( CONVERSION_BASED_UNIT ( 'INCH', #3071 ) LENGTH_UNIT ( ) NAMED_UNIT ( #3072 ) );
#3071 = LENGTH_MEASURE_WITH_UNIT ( LENGTH_MEASURE( 0.02539999999999999900 ), #3073 );
#3072 = DIMENSIONAL_EXPONENTS ( 1.000000000000000000, 0.0000000000000000000, 0.0000000000000000000, 0.0000000000000000000, 0.0000000000000000000, 0.0000000000000000000, 0.0000000000000000000 ) ;
#3073 =( LENGTH_UNIT ( ) NAMED_UNIT ( * ) SI_UNIT ( $, .METRE. ) );
#3074 = MECHANICAL_DESIGN_GEOMETRIC_PRESENTATION_REPRESENTATION (  '', ( #3076 ), #3066 ) ;
#3075 = PRESENTATION_LAYER_ASSIGNMENT (  '', '', ( #3076 ) ) ;
#3076 = STYLED_ITEM ( 'NONE', ( #3077 ), #3575 ) ;
#3077 = PRESENTATION_STYLE_ASSIGNMENT (( #3078 ) ) ;
#3078 = SURFACE_STYLE_USAGE ( .BOTH. , #3079 ) ;
#3079 = SURFACE_SIDE_STYLE ('',( #3080 ) ) ;
#3080 = SURFACE_STYLE_FILL_AREA ( #3081 ) ;
#3081 = FILL_AREA_STYLE ('',( #3082 ) ) ;
#3082 = FILL_AREA_STYLE_COLOUR ( '', #3083 ) ;
#3083 = COLOUR_RGB ( '',0.8313725490196077800, 0.8392156862745098200, 0.8274509803921568100 ) ;
#3084 = FACE_OUTER_BOUND ( 'NONE', #3574, .T. ) ;
#3085 = DIRECTION ( 'NONE',  ( 0.0000000000000000000, 0.0000000000000000000, -1.000000000000000000 ) ) ;
#3086 = DIRECTION ( 'NONE',  ( -0.0000000000000000000, -1.000000000000000000, -0.0000000000000000000 ) ) ;
#3087 = AXIS2_PLACEMENT_3D ( 'NONE', #3089, #3086, #3085 ) ;
#3088 = CARTESIAN_POINT ( 'NONE',  ( 0.2170000000000000000, 0.0000000000000000000, -0.006749564458608604600 ) ) ;
#3089 = CARTESIAN_POINT ( 'NONE',  ( -0.1769999999999998800, 0.01000000000000000000, -0.1249999999999999400 ) ) ;
#3090 = CYLINDRICAL_SURFACE ( 'NONE', #3087, 0.1249999999999999900 ) ;
#3091 =( CONVERSION_BASED_UNIT ( 'INCH', #3092 ) LENGTH_UNIT ( ) NAMED_UNIT ( #3093 ) );
#3092 = LENGTH_MEASURE_WITH_UNIT ( LENGTH_MEASURE( 0.02539999999999999900 ), #3094 );
#3093 = DIMENSIONAL_EXPONENTS ( 1.000000000000000000, 0.0000000000000000000, 0.0000000000000000000, 0.0000000000000000000, 0.0000000000000000000, 0.0000000000000000000, 0.0000000000000000000 ) ;
#3094 =( LENGTH_UNIT ( ) NAMED_UNIT ( * ) SI_UNIT ( $, .METRE. ) );
#3095 = MECHANICAL_DESIGN_GEOMETRIC_PRESENTATION_REPRESENTATION (  '', ( #3097 ), #3570 ) ;
#3096 = PRESENTATION_LAYER_ASSIGNMENT (  '', '', ( #3097 ) ) ;
#3097 = STYLED_ITEM ( 'NONE', ( #3098 ), #3586 ) ;
#3098 = PRESENTATION_STYLE_ASSIGNMENT (( #3099 ) ) ;
#3099 = SURFACE_STYLE_USAGE ( .BOTH. , #3100 ) ;
#3100 = SURFACE_SIDE_STYLE ('',( #3101 ) ) ;
#3101 = SURFACE_STYLE_FILL_AREA ( #3102 ) ;
#3102 = FILL_AREA_STYLE ('',( #3109 ) ) ;
#3103 = COLOUR_RGB ( '',0.8313725490196077800, 0.8392156862745098200, 0.8274509803921568100 ) ;
#3104 = FACE_OUTER_BOUND ( 'NONE', #3583, .T. ) ;
#3105 = DIRECTION ( 'NONE',  ( -0.0000000000000000000, 1.000000000000000000, -0.0000000000000000000 ) ) ;
#3106 = VECTOR ( 'NONE', #3105, 39.37007874015748100 ) ;
#3107 = CARTESIAN_POINT ( 'NONE',  ( -0.003000000000000005700, 0.006999999999999999300, 0.2769999999999998600 ) ) ;
#3108 = LINE ( 'NONE', #3107, #3106 ) ;
#3109 = FILL_AREA_STYLE_COLOUR ( '', #3103 ) ;
#3110 = ORIENTED_EDGE ( 'NONE', *, *, #744, .T. ) ;
#3111 = CARTESIAN_POINT ( 'NONE',  ( -0.04650000000000000000, 0.006999999999999999300, 0.2769999999999998600 ) ) ;
#3112 = DIRECTION ( 'NONE',  ( -0.0000000000000000000, 1.000000000000000000, -0.0000000000000000000 ) ) ;
#3113 = VECTOR ( 'NONE', #3112, 39.37007874015748100 ) ;
#3114 = CARTESIAN_POINT ( 'NONE',  ( -0.04650000000000000000, 0.006999999999999999300, 0.2769999999999998600 ) ) ;
#3115 = LINE ( 'NONE', #3114, #3113 ) ;
#3116 = DIRECTION ( 'NONE',  ( 1.000000000000000000, -0.0000000000000000000, -0.0000000000000000000 ) ) ;
#3117 = VECTOR ( 'NONE', #3116, 39.37007874015748100 ) ;
#3118 = CARTESIAN_POINT ( 'NONE',  ( -0.003000000000000005700, 0.006999999999999999300, 0.2769999999999998600 ) ) ;
#3119 = DIRECTION ( 'NONE',  ( 0.0000000000000000000, 0.0000000000000000000, 1.000000000000000000 ) ) ;
#3120 = DIRECTION ( 'NONE',  ( -1.000000000000000000, 0.0000000000000000000, 0.0000000000000000000 ) ) ;
#3121 = AXIS2_PLACEMENT_3D ( 'NONE', #3064, #3120, #3119 ) ;
#3122 = LINE ( 'NONE', #3118, #3117 ) ;
#3123 = LINE ( 'NONE', #3177, #3176 ) ;
#3124 = CARTESIAN_POINT ( 'NONE',  ( -0.04650000000000000000, 0.006999999999999999300, 0.2709999999999998500 ) ) ;
#3125 = DIRECTION ( 'NONE',  ( -1.000000000000000000, 0.0000000000000000000, 0.0000000000000000000 ) ) ;
#3126 = DIRECTION ( 'NONE',  ( -0.0000000000000000000, 0.0000000000000000000, -1.000000000000000000 ) ) ;
#3127 = CARTESIAN_POINT ( 'NONE',  ( -0.003000000000000005700, 0.006999999999999999300, 0.2709999999999998500 ) ) ;
#3128 = AXIS2_PLACEMENT_3D ( 'NONE', #3127, #3126, #3125 ) ;
#3129 = PLANE ( 'NONE',  #3128 ) ;
#3130 =( GEOMETRIC_REPRESENTATION_CONTEXT ( 3 ) GLOBAL_UNCERTAINTY_ASSIGNED_CONTEXT ( ( #3131 ) ) GLOBAL_UNIT_ASSIGNED_CONTEXT ( ( #3134, #3133, #3132 ) ) REPRESENTATION_CONTEXT ( 'NONE', 'WORKASPACE' ) );
#3131 = UNCERTAINTY_MEASURE_WITH_UNIT (LENGTH_MEASURE( 1.000000000000000100E-005 ), #3134, 'distance_accuracy_value', 'NONE');
#3132 =( NAMED_UNIT ( * ) SI_UNIT ( $, .STERADIAN. ) SOLID_ANGLE_UNIT ( ) );
#3133 =( NAMED_UNIT ( * ) PLANE_ANGLE_UNIT ( ) SI_UNIT ( $, .RADIAN. ) );
#3134 =( CONVERSION_BASED_UNIT ( 'INCH', #3135 ) LENGTH_UNIT ( ) NAMED_UNIT ( #3136 ) );
#3135 = LENGTH_MEASURE_WITH_UNIT ( LENGTH_MEASURE( 0.02539999999999999900 ), #3137 );
#3136 = DIMENSIONAL_EXPONENTS ( 1.000000000000000000, 0.0000000000000000000, 0.0000000000000000000, 0.0000000000000000000, 0.0000000000000000000, 0.0000000000000000000, 0.0000000000000000000 ) ;
#3137 =( LENGTH_UNIT ( ) NAMED_UNIT ( * ) SI_UNIT ( $, .METRE. ) );
#3138 = MECHANICAL_DESIGN_GEOMETRIC_PRESENTATION_REPRESENTATION (  '', ( #3140 ), #3130 ) ;
#3139 = PRESENTATION_LAYER_ASSIGNMENT (  '', '', ( #3140 ) ) ;
#3140 = STYLED_ITEM ( 'NONE', ( #3141 ), #3592 ) ;
#3141 = PRESENTATION_STYLE_ASSIGNMENT (( #3142 ) ) ;
#3142 = SURFACE_STYLE_USAGE ( .BOTH. , #3143 ) ;
#3143 = SURFACE_SIDE_STYLE ('',( #3144 ) ) ;
#3144 = SURFACE_STYLE_FILL_AREA ( #3145 ) ;
#3145 = FILL_AREA_STYLE ('',( #3146 ) ) ;
#3146 = FILL_AREA_STYLE_COLOUR ( '', #3147 ) ;
#3147 = COLOUR_RGB ( '',0.8313725490196077800, 0.8392156862745098200, 0.8274509803921568100 ) ;
#3148 = FACE_OUTER_BOUND ( 'NONE', #3587, .T. ) ;
#3149 = CARTESIAN_POINT ( 'NONE',  ( -0.003000000000000005700, 0.006999999999999999300, 0.2769999999999998600 ) ) ;
#3150 = AXIS2_PLACEMENT_3D ( 'NONE', #3207, #3206, #3205 ) ;
#3151 = PLANE ( 'NONE',  #3150 ) ;
#3152 =( GEOMETRIC_REPRESENTATION_CONTEXT ( 3 ) GLOBAL_UNCERTAINTY_ASSIGNED_CONTEXT ( ( #3153 ) ) GLOBAL_UNIT_ASSIGNED_CONTEXT ( ( #3156, #3155, #3154 ) ) REPRESENTATION_CONTEXT ( 'NONE', 'WORKASPACE' ) );
#3153 = UNCERTAINTY_MEASURE_WITH_UNIT (LENGTH_MEASURE( 1.000000000000000100E-005 ), #3156, 'distance_accuracy_value', 'NONE');
#3154 =( NAMED_UNIT ( * ) SI_UNIT ( $, .STERADIAN. ) SOLID_ANGLE_UNIT ( ) );
#3155 =( NAMED_UNIT ( * ) PLANE_ANGLE_UNIT ( ) SI_UNIT ( $, .RADIAN. ) );
#3156 =( CONVERSION_BASED_UNIT ( 'INCH', #3157 ) LENGTH_UNIT ( ) NAMED_UNIT ( #3158 ) );
#3157 = LENGTH_MEASURE_WITH_UNIT ( LENGTH_MEASURE( 0.02539999999999999900 ), #3159 );
#3158 = DIMENSIONAL_EXPONENTS ( 1.000000000000000000, 0.0000000000000000000, 0.0000000000000000000, 0.0000000000000000000, 0.0000000000000000000, 0.0000000000000000000, 0.0000000000000000000 ) ;
#3159 =( LENGTH_UNIT ( ) NAMED_UNIT ( * ) SI_UNIT ( $, .METRE. ) );
#3160 = MECHANICAL_DESIGN_GEOMETRIC_PRESENTATION_REPRESENTATION (  '', ( #3162 ), #3152 ) ;
#3161 = PRESENTATION_LAYER_ASSIGNMENT (  '', '', ( #3162 ) ) ;
#3162 = STYLED_ITEM ( 'NONE', ( #3163 ), #3608 ) ;
#3163 = PRESENTATION_STYLE_ASSIGNMENT (( #3164 ) ) ;
#3164 = SURFACE_STYLE_USAGE ( .BOTH. , #3165 ) ;
#3165 = SURFACE_SIDE_STYLE ('',( #3166 ) ) ;
#3166 = SURFACE_STYLE_FILL_AREA ( #3167 ) ;
#3167 = FILL_AREA_STYLE ('',( #3174 ) ) ;
#3168 = COLOUR_RGB ( '',0.8313725490196077800, 0.8392156862745098200, 0.8274509803921568100 ) ;
#3169 = FACE_OUTER_BOUND ( 'NONE', #3607, .T. ) ;
#3170 = DIRECTION ( 'NONE',  ( 0.0000000000000000000, 0.0000000000000000000, 1.000000000000000000 ) ) ;
#3171 = VECTOR ( 'NONE', #3170, 39.37007874015748100 ) ;
#3172 = CARTESIAN_POINT ( 'NONE',  ( -0.04650000000000000000, 0.006999999999999999300, 0.2709999999999998500 ) ) ;
#3173 = LINE ( 'NONE', #3172, #3171 ) ;
#3174 = FILL_AREA_STYLE_COLOUR ( '', #3168 ) ;
#3175 = DIRECTION ( 'NONE',  ( -0.0000000000000000000, 1.000000000000000000, -0.0000000000000000000 ) ) ;
#3176 = VECTOR ( 'NONE', #3175, 39.37007874015748100 ) ;
#3177 = CARTESIAN_POINT ( 'NONE',  ( -0.04650000000000000000, 0.006999999999999999300, 0.2709999999999998500 ) ) ;
#3178 = DIRECTION ( 'NONE',  ( -1.000000000000000000, 0.0000000000000000000, 0.0000000000000000000 ) ) ;
#3179 = DIRECTION ( 'NONE',  ( 0.0000000000000000000, 0.0000000000000000000, -1.000000000000000000 ) ) ;
#3180 = CARTESIAN_POINT ( 'NONE',  ( 0.3420000000000003600, -0.1259999999999999500, -0.06250000000000000000 ) ) ;
#3181 = AXIS2_PLACEMENT_3D ( 'NONE', #3180, #3179, #3178 ) ;
#3182 = CIRCLE ( 'NONE', #3181, 0.01999999999999999000 ) ;
#3183 = DIRECTION ( 'NONE',  ( 0.0000000000000000000, 0.0000000000000000000, 1.000000000000000000 ) ) ;
#3184 = DIRECTION ( 'NONE',  ( 0.0000000000000000000, 1.000000000000000000, 0.0000000000000000000 ) ) ;
#3185 = CARTESIAN_POINT ( 'NONE',  ( 0.1769999999999998800, 0.01000000000000000000, -0.1249999999999999400 ) ) ;
#3186 = AXIS2_PLACEMENT_3D ( 'NONE', #3185, #3184, #3183 ) ;
#3187 = CIRCLE ( 'NONE', #3186, 0.1250000000000000600 ) ;
#3188 = CARTESIAN_POINT ( 'NONE',  ( 0.3420000000000003600, -0.1459999999999999400, -0.06250000000000000000 ) ) ;
#3189 = DIRECTION ( 'NONE',  ( 1.000000000000000000, 0.0000000000000000000, 0.0000000000000000000 ) ) ;
#3190 = DIRECTION ( 'NONE',  ( 0.0000000000000000000, -0.0000000000000000000, 1.000000000000000000 ) ) ;
#3191 = CARTESIAN_POINT ( 'NONE',  ( 0.3420000000000003600, -0.1259999999999999500, 0.06250000000000000000 ) ) ;
#3192 = AXIS2_PLACEMENT_3D ( 'NONE', #3191, #3190, #3189 ) ;
#3193 = PLANE ( 'NONE',  #3192 ) ;
#3194 = FACE_OUTER_BOUND ( 'NONE', #3616, .T. ) ;
#3195 = DIRECTION ( 'NONE',  ( 0.0000000000000000000, -1.000000000000000000, 5.611038162886015400E-033 ) ) ;
#3196 = VECTOR ( 'NONE', #3195, 39.37007874015748100 ) ;
#3197 = CARTESIAN_POINT ( 'NONE',  ( 0.3420000000000003600, -0.1459999999999999400, 0.06250000000000000000 ) ) ;
#3198 = LINE ( 'NONE', #3197, #3196 ) ;
#3199 = DIRECTION ( 'NONE',  ( -1.000000000000000000, 0.0000000000000000000, 0.0000000000000000000 ) ) ;
#3200 = VECTOR ( 'NONE', #3199, 39.37007874015748100 ) ;
#3201 = CARTESIAN_POINT ( 'NONE',  ( -0.003000000000000005700, 0.006999999999999999300, 0.2709999999999998500 ) ) ;
#3202 = LINE ( 'NONE', #3201, #3200 ) ;
#3203 = CARTESIAN_POINT ( 'NONE',  ( 0.3420000000000003600, -0.1459999999999999400, 0.06250000000000000000 ) ) ;
#3204 = CARTESIAN_POINT ( 'NONE',  ( 0.3420000000000003600, -0.1359999999999999300, 0.06250000000000000000 ) ) ;
#3205 = DIRECTION ( 'NONE',  ( 0.0000000000000000000, -0.0000000000000000000, -1.000000000000000000 ) ) ;
#3206 = DIRECTION ( 'NONE',  ( 0.0000000000000000000, -1.000000000000000000, 0.0000000000000000000 ) ) ;
#3207 = CARTESIAN_POINT ( 'NONE',  ( -0.003000000000000005700, 0.006999999999999999300, 0.2709999999999998500 ) ) ;
#3208 = CARTESIAN_POINT ( 'NONE',  ( 0.0000000000000000000, 0.0000000000000000000, 0.0000000000000000000 ) ) ;
#3209 = DIRECTION ( 'NONE',  ( 1.000000000000000000, -0.0000000000000000000, -0.0000000000000000000 ) ) ;
#3210 = VECTOR ( 'NONE', #3209, 39.37007874015748100 ) ;
#3211 = CARTESIAN_POINT ( 'NONE',  ( 0.003000000000000010900, 0.006999999999999999300, 0.3204999999999998400 ) ) ;
#3213 = ADVANCED_FACE ( 'NONE', ( #2443 ), #2487, .F. ) ;
#3212 = DIRECTION ( 'NONE',  ( 1.000000000000000000, 0.0000000000000000000, 0.0000000000000000000 ) ) ;
#3214 = DIRECTION ( 'NONE',  ( 0.0000000000000000000, -0.0000000000000000000, 1.000000000000000000 ) ) ;
#3215 = CARTESIAN_POINT ( 'NONE',  ( 0.3420000000000003600, -0.1259999999999999500, -0.06250000000000000000 ) ) ;
#3216 = AXIS2_PLACEMENT_3D ( 'NONE', #3215, #3214, #3212 ) ;
#3217 = PLANE ( 'NONE',  #3216 ) ;
#3218 = LINE ( 'NONE', #3211, #3210 ) ;
#3219 = FACE_OUTER_BOUND ( 'NONE', #3634, .T. ) ;
#3220 = DIRECTION ( 'NONE',  ( 3.942598373241490300E-015, 0.0000000000000000000, 1.000000000000000000 ) ) ;
#3221 = VECTOR ( 'NONE', #3220, 39.37007874015748100 ) ;
#3222 = CARTESIAN_POINT ( 'NONE',  ( 0.1240000000000000100, 0.01000000000000000000, -0.1409999999999999000 ) ) ;
#3223 = LINE ( 'NONE', #3222, #3221 ) ;
#3224 = DIRECTION ( 'NONE',  ( 0.0000000000000000000, -1.000000000000000000, 0.0000000000000000000 ) ) ;
#3225 = VECTOR ( 'NONE', #3224, 39.37007874015748100 ) ;
#3226 = CARTESIAN_POINT ( 'NONE',  ( 0.3420000000000003600, -0.1359999999999998700, -0.06250000000000001400 ) ) ;
#3227 = LINE ( 'NONE', #3226, #3225 ) ;
#3228 = CARTESIAN_POINT ( 'NONE',  ( 0.3420000000000003600, -0.1359999999999999300, -0.06250000000000000000 ) ) ;
#3229 = DIRECTION ( 'NONE',  ( -1.000000000000000000, 0.0000000000000000000, 0.0000000000000000000 ) ) ;
#3230 = DIRECTION ( 'NONE',  ( 0.0000000000000000000, 0.0000000000000000000, -1.000000000000000000 ) ) ;
#3231 = CARTESIAN_POINT ( 'NONE',  ( 0.3420000000000003600, -0.1259999999999999500, -0.06250000000000000000 ) ) ;
#3232 = AXIS2_PLACEMENT_3D ( 'NONE', #3231, #3230, #3229 ) ;
#3233 = CIRCLE ( 'NONE', #3232, 0.01000000000000003000 ) ;
#3234 = CARTESIAN_POINT ( 'NONE',  ( 0.1240000000000000100, 0.01000000000000000000, -0.1409999999999999000 ) ) ;
#3235 = DIRECTION ( 'NONE',  ( 1.000000000000000000, -9.184850993605054800E-017, 1.876269226417762200E-016 ) ) ;
#3236 = VECTOR ( 'NONE', #3235, 39.37007874015748100 ) ;
#3237 = CARTESIAN_POINT ( 'NONE',  ( 0.2160000000000000300, 0.009999999999999995000, -0.1409999999999999900 ) ) ;
#3238 = LINE ( 'NONE', #3237, #3236 ) ;
#3239 = LENGTH_MEASURE_WITH_UNIT ( LENGTH_MEASURE( 0.02539999999999999900 ), #3241 );
#3240 = DIMENSIONAL_EXPONENTS ( 1.000000000000000000, 0.0000000000000000000, 0.0000000000000000000, 0.0000000000000000000, 0.0000000000000000000, 0.0000000000000000000, 0.0000000000000000000 ) ;
#3241 =( LENGTH_UNIT ( ) NAMED_UNIT ( * ) SI_UNIT ( $, .METRE. ) );
#3242 = MECHANICAL_DESIGN_GEOMETRIC_PRESENTATION_REPRESENTATION (  '', ( #3244 ), #3266 ) ;
#3243 = PRESENTATION_LAYER_ASSIGNMENT (  '', '', ( #3244 ) ) ;
#3244 = STYLED_ITEM ( 'NONE', ( #3245 ), #3254 ) ;
#3245 = PRESENTATION_STYLE_ASSIGNMENT (( #3246 ) ) ;
#3246 = SURFACE_STYLE_USAGE ( .BOTH. , #3247 ) ;
#3247 = SURFACE_SIDE_STYLE ('',( #3248 ) ) ;
#3248 = SURFACE_STYLE_FILL_AREA ( #3249 ) ;
#3249 = FILL_AREA_STYLE ('',( #3250 ) ) ;
#3250 = FILL_AREA_STYLE_COLOUR ( '', #3251 ) ;
#3251 = COLOUR_RGB ( '',0.8313725490196077800, 0.8392156862745098200, 0.8274509803921568100 ) ;
#3252 = APPLICATION_CONTEXT ( 'automotive_design' ) ;
#3253 = SHAPE_DEFINITION_REPRESENTATION ( #3282, #3254 ) ;
#3254 = ADVANCED_BREP_SHAPE_REPRESENTATION ( '3012', ( #658, #3265 ), #3255 ) ;
#3255 =( GEOMETRIC_REPRESENTATION_CONTEXT ( 3 ) GLOBAL_UNCERTAINTY_ASSIGNED_CONTEXT ( ( #3256 ) ) GLOBAL_UNIT_ASSIGNED_CONTEXT ( ( #3259, #3258, #3257 ) ) REPRESENTATION_CONTEXT ( 'NONE', 'WORKASPACE' ) );
#3256 = UNCERTAINTY_MEASURE_WITH_UNIT (LENGTH_MEASURE( 1.000000000000000100E-005 ), #3259, 'distance_accuracy_value', 'NONE');
#3257 =( NAMED_UNIT ( * ) SI_UNIT ( $, .STERADIAN. ) SOLID_ANGLE_UNIT ( ) );
#3258 =( NAMED_UNIT ( * ) PLANE_ANGLE_UNIT ( ) SI_UNIT ( $, .RADIAN. ) );
#3259 =( CONVERSION_BASED_UNIT ( 'INCH', #3260 ) LENGTH_UNIT ( ) NAMED_UNIT ( #3261 ) );
#3260 = LENGTH_MEASURE_WITH_UNIT ( LENGTH_MEASURE( 0.02539999999999999900 ), #3262 );
#3261 = DIMENSIONAL_EXPONENTS ( 1.000000000000000000, 0.0000000000000000000, 0.0000000000000000000, 0.0000000000000000000, 0.0000000000000000000, 0.0000000000000000000, 0.0000000000000000000 ) ;
#3262 =( LENGTH_UNIT ( ) NAMED_UNIT ( * ) SI_UNIT ( $, .METRE. ) );
#3263 = DIRECTION ( 'NONE',  ( 1.000000000000000000, 0.0000000000000000000, 0.0000000000000000000 ) ) ;
#3264 = DIRECTION ( 'NONE',  ( 0.0000000000000000000, 0.0000000000000000000, 1.000000000000000000 ) ) ;
#3265 = AXIS2_PLACEMENT_3D ( 'NONE', #3208, #3264, #3263 ) ;
#3266 =( GEOMETRIC_REPRESENTATION_CONTEXT ( 3 ) GLOBAL_UNCERTAINTY_ASSIGNED_CONTEXT ( ( #3267 ) ) GLOBAL_UNIT_ASSIGNED_CONTEXT ( ( #3270, #3269, #3268 ) ) REPRESENTATION_CONTEXT ( 'NONE', 'WORKASPACE' ) );
#3267 = UNCERTAINTY_MEASURE_WITH_UNIT (LENGTH_MEASURE( 1.000000000000000100E-005 ), #3270, 'distance_accuracy_value', 'NONE');
#3268 =( NAMED_UNIT ( * ) SI_UNIT ( $, .STERADIAN. ) SOLID_ANGLE_UNIT ( ) );
#3269 =( NAMED_UNIT ( * ) PLANE_ANGLE_UNIT ( ) SI_UNIT ( $, .RADIAN. ) );
#3270 =( CONVERSION_BASED_UNIT ( 'INCH', #3239 ) LENGTH_UNIT ( ) NAMED_UNIT ( #3240 ) );
#3271 = PRODUCT_RELATED_PRODUCT_CATEGORY ( 'part', '', ( #3277 ) ) ;
#3272 = PRODUCT_DEFINITION_FORMATION_WITH_SPECIFIED_SOURCE ( 'ANY', '', #3277, .NOT_KNOWN. ) ;
#3273 = PRODUCT_DEFINITION ( 'UNKNOWN', '', #3272, #3274 ) ;
#3274 = PRODUCT_DEFINITION_CONTEXT ( 'detailed design', #3276, 'design' ) ;
#3275 = APPLICATION_PROTOCOL_DEFINITION ( 'draft international standard', 'automotive_design', 1998, #3276 ) ;
#3276 = APPLICATION_CONTEXT ( 'automotive_design' ) ;
#3277 = PRODUCT ( '3012', '3012', '', ( #3278 ) ) ;
#3278 = PRODUCT_CONTEXT ( 'NONE', #3252, 'mechanical' ) ;
#3279 = APPLICATION_PROTOCOL_DEFINITION ( 'draft international standard', 'automotive_design', 1998, #3252 ) ;
#3280 = ORIENTED_EDGE ( 'NONE', *, *, #1378, .F. ) ;
#3281 = EDGE_LOOP ( 'NONE', ( #3342, #1864, #2661, #3284 ) ) ;
#3282 = PRODUCT_DEFINITION_SHAPE ( 'NONE', 'NONE',  #3273 ) ;
#3283 = ORIENTED_EDGE ( 'NONE', *, *, #1564, .T. ) ;
#3284 = ORIENTED_EDGE ( 'NONE', *, *, #581, .T. ) ;
#3285 = EDGE_CURVE ( 'NONE', #2296, #634, #2482, .T. ) ;
#3286 = ADVANCED_FACE ( 'NONE', ( #2478 ), #2477, .F. ) ;
#3287 = ORIENTED_EDGE ( 'NONE', *, *, #575, .T. ) ;
#3288 = EDGE_CURVE ( 'NONE', #2296, #3397, #2472, .T. ) ;
#3289 = ORIENTED_EDGE ( 'NONE', *, *, #3295, .T. ) ;
#3290 = ORIENTED_EDGE ( 'NONE', *, *, #2080, .F. ) ;
#3291 = VERTEX_POINT ( 'NONE', #2468 ) ;
#3292 = ADVANCED_FACE ( 'NONE', ( #2467 ), #2498, .F. ) ;
#3293 = EDGE_LOOP ( 'NONE', ( #3296, #1819, #2848, #3290 ) ) ;
#3294 = ADVANCED_FACE ( 'NONE', ( #2497 ), #2492, .T. ) ;
#3295 = EDGE_CURVE ( 'NONE', #3291, #673, #2539, .T. ) ;
#3296 = ORIENTED_EDGE ( 'NONE', *, *, #139, .F. ) ;
#3297 = ORIENTED_EDGE ( 'NONE', *, *, #3307, .F. ) ;
#3298 = ORIENTED_EDGE ( 'NONE', *, *, #3302, .F. ) ;
#3299 = EDGE_LOOP ( 'NONE', ( #3301, #3297, #3298, #3289 ) ) ;
#3300 = EDGE_LOOP ( 'NONE', ( #706, #3324, #3415, #3283 ) ) ;
#3301 = ORIENTED_EDGE ( 'NONE', *, *, #674, .T. ) ;
#3302 = EDGE_CURVE ( 'NONE', #3291, #324, #2534, .T. ) ;
#3303 = ADVANCED_FACE ( 'NONE', ( #2530 ), #2573, .F. ) ;
#3304 = ORIENTED_EDGE ( 'NONE', *, *, #3317, .F. ) ;
#3305 = ORIENTED_EDGE ( 'NONE', *, *, #3306, .F. ) ;
#3306 = EDGE_CURVE ( 'NONE', #3308, #3320, #2568, .T. ) ;
#3307 = EDGE_CURVE ( 'NONE', #324, #637, #2564, .T. ) ;
#3308 = VERTEX_POINT ( 'NONE', #2560 ) ;
#3309 = VERTEX_POINT ( 'NONE', #2559 ) ;
#3310 = ADVANCED_FACE ( 'NONE', ( #2558 ), #2597, .F. ) ;
#3311 = EDGE_LOOP ( 'NONE', ( #3313, #3304, #3305, #3347 ) ) ;
#3312 = ORIENTED_EDGE ( 'NONE', *, *, #2991, .T. ) ;
#3313 = ORIENTED_EDGE ( 'NONE', *, *, #750, .T. ) ;
#3314 = EDGE_CURVE ( 'NONE', #533, #730, #2592, .T. ) ;
#3315 = EDGE_CURVE ( 'NONE', #3320, #3291, #2587, .T. ) ;
#3316 = ORIENTED_EDGE ( 'NONE', *, *, #3315, .F. ) ;
#3317 = EDGE_CURVE ( 'NONE', #3320, #751, #2583, .T. ) ;
#3318 = ORIENTED_EDGE ( 'NONE', *, *, #3295, .F. ) ;
#3319 = EDGE_LOOP ( 'NONE', ( #3573, #3571, #3572, #3364 ) ) ;
#3320 = VERTEX_POINT ( 'NONE', #2579 ) ;
#3321 = ORIENTED_EDGE ( 'NONE', *, *, #3317, .T. ) ;
#3322 = ORIENTED_EDGE ( 'NONE', *, *, #3346, .F. ) ;
#3323 = VERTEX_POINT ( 'NONE', #2578 ) ;
#3324 = ORIENTED_EDGE ( 'NONE', *, *, #574, .T. ) ;
#3325 = VERTEX_POINT ( 'NONE', #2577 ) ;
#3326 = ORIENTED_EDGE ( 'NONE', *, *, #3328, .T. ) ;
#3327 = EDGE_LOOP ( 'NONE', ( #3333, #3407, #3003, #2355 ) ) ;
#3328 = EDGE_CURVE ( 'NONE', #3323, #743, #2575, .T. ) ;
#3329 = ADVANCED_FACE ( 'NONE', ( #2626 ), #2606, .F. ) ;
#3330 = ORIENTED_EDGE ( 'NONE', *, *, #3331, .F. ) ;
#3331 = EDGE_CURVE ( 'NONE', #3323, #3308, #2663, .T. ) ;
#3332 = ORIENTED_EDGE ( 'NONE', *, *, #819, .T. ) ;
#3333 = ORIENTED_EDGE ( 'NONE', *, *, #3334, .F. ) ;
#3334 = EDGE_CURVE ( 'NONE', #3325, #2908, #2658, .T. ) ;
#3335 = EDGE_CURVE ( 'NONE', #584, #568, #2654, .T. ) ;
#3336 = ORIENTED_EDGE ( 'NONE', *, *, #3314, .F. ) ;
#3337 = ADVANCED_FACE ( 'NONE', ( #2650 ), #2647, .T. ) ;
#3338 = EDGE_LOOP ( 'NONE', ( #3339, #3322, #3330, #3326 ) ) ;
#3339 = ORIENTED_EDGE ( 'NONE', *, *, #753, .T. ) ;
#3340 = ADVANCED_FACE ( 'NONE', ( #2642 ), #2683, .F. ) ;
#3341 = ORIENTED_EDGE ( 'NONE', *, *, #833, .T. ) ;
#3342 = ORIENTED_EDGE ( 'NONE', *, *, #3335, .F. ) ;
#3343 = ORIENTED_EDGE ( 'NONE', *, *, #3345, .F. ) ;
#3344 = ORIENTED_EDGE ( 'NONE', *, *, #3361, .F. ) ;
#3345 = EDGE_CURVE ( 'NONE', #3589, #3353, #2678, .T. ) ;
#3346 = EDGE_CURVE ( 'NONE', #3308, #746, #2674, .T. ) ;
#3347 = ORIENTED_EDGE ( 'NONE', *, *, #3346, .T. ) ;
#3348 = ADVANCED_FACE ( 'NONE', ( #2670 ), #2668, .F. ) ;
#3349 = ORIENTED_EDGE ( 'NONE', *, *, #3411, .T. ) ;
#3350 = VERTEX_POINT ( 'NONE', #2669 ) ;
#3351 = ORIENTED_EDGE ( 'NONE', *, *, #3366, .F. ) ;
#3352 = ORIENTED_EDGE ( 'NONE', *, *, #3334, .T. ) ;
#3353 = VERTEX_POINT ( 'NONE', #2716 ) ;
#3354 = EDGE_LOOP ( 'NONE', ( #3341, #3344, #3343, #3584 ) ) ;
#3355 = ORIENTED_EDGE ( 'NONE', *, *, #3360, .F. ) ;
#3356 = ORIENTED_EDGE ( 'NONE', *, *, #3360, .T. ) ;
#3357 = VERTEX_POINT ( 'NONE', #2715 ) ;
#3358 = EDGE_LOOP ( 'NONE', ( #3362, #3355, #3374, #3377 ) ) ;
#3359 = ORIENTED_EDGE ( 'NONE', *, *, #3368, .T. ) ;
#3360 = EDGE_CURVE ( 'NONE', #2610, #2113, #2714, .T. ) ;
#3361 = EDGE_CURVE ( 'NONE', #3353, #759, #2710, .T. ) ;
#3362 = ORIENTED_EDGE ( 'NONE', *, *, #3373, .T. ) ;
#3363 = VERTEX_POINT ( 'NONE', #2706 ) ;
#3364 = ORIENTED_EDGE ( 'NONE', *, *, #3361, .T. ) ;
#3365 = ADVANCED_FACE ( 'NONE', ( #2705 ), #2743, .F. ) ;
#3366 = EDGE_CURVE ( 'NONE', #3325, #3350, #2738, .T. ) ;
#3367 = EDGE_CURVE ( 'NONE', #3357, #3363, #2734, .T. ) ;
#3368 = EDGE_CURVE ( 'NONE', #3325, #2610, #2730, .T. ) ;
#3369 = EDGE_CURVE ( 'NONE', #3363, #2610, #2726, .T. ) ;
#3370 = ORIENTED_EDGE ( 'NONE', *, *, #3373, .F. ) ;
#3371 = ORIENTED_EDGE ( 'NONE', *, *, #3437, .F. ) ;
#3372 = EDGE_LOOP ( 'NONE', ( #3351, #3352, #532, #3402 ) ) ;
#3373 = EDGE_CURVE ( 'NONE', #3357, #2113, #2722, .T. ) ;
#3374 = ORIENTED_EDGE ( 'NONE', *, *, #3369, .F. ) ;
#3375 = ADVANCED_FACE ( 'NONE', ( #2718 ), #2777, .T. ) ;
#3376 = ADVANCED_FACE ( 'NONE', ( #2717 ), #2772, .T. ) ;
#3377 = ORIENTED_EDGE ( 'NONE', *, *, #3367, .F. ) ;
#3378 = ORIENTED_EDGE ( 'NONE', *, *, #2152, .T. ) ;
#3379 = EDGE_CURVE ( 'NONE', #3419, #3357, #2770, .T. ) ;
#3380 = ADVANCED_FACE ( 'NONE', ( #2763 ), #2761, .T. ) ;
#3381 = EDGE_CURVE ( 'NONE', #3429, #3398, #2762, .T. ) ;
#3382 = ORIENTED_EDGE ( 'NONE', *, *, #3381, .T. ) ;
#3383 = ORIENTED_EDGE ( 'NONE', *, *, #3423, .F. ) ;
#3384 = EDGE_CURVE ( 'NONE', #3420, #3419, #2753, .T. ) ;
#3385 = EDGE_CURVE ( 'NONE', #3401, #3413, #2749, .T. ) ;
#3386 = ORIENTED_EDGE ( 'NONE', *, *, #3385, .F. ) ;
#3387 = ORIENTED_EDGE ( 'NONE', *, *, #3443, .T. ) ;
#3388 = VERTEX_POINT ( 'NONE', #2745 ) ;
#3389 = ORIENTED_EDGE ( 'NONE', *, *, #555, .T. ) ;
#3390 = EDGE_LOOP ( 'NONE', ( #3391, #3389, #3393, #3425 ) ) ;
#3391 = ORIENTED_EDGE ( 'NONE', *, *, #877, .T. ) ;
#3392 = ADVANCED_FACE ( 'NONE', ( #2810 ), #2809, .F. ) ;
#3393 = ORIENTED_EDGE ( 'NONE', *, *, #536, .T. ) ;
#3394 = ORIENTED_EDGE ( 'NONE', *, *, #3433, .T. ) ;
#3395 = ORIENTED_EDGE ( 'NONE', *, *, #633, .T. ) ;
#3396 = ORIENTED_EDGE ( 'NONE', *, *, #3427, .T. ) ;
#3397 = VERTEX_POINT ( 'NONE', #2808 ) ;
#3398 = VERTEX_POINT ( 'NONE', #2803 ) ;
#3399 = EDGE_LOOP ( 'NONE', ( #3395, #3412, #2603, #2081 ) ) ;
#3400 = ORIENTED_EDGE ( 'NONE', *, *, #852, .F. ) ;
#3401 = VERTEX_POINT ( 'NONE', #2802 ) ;
#3402 = ORIENTED_EDGE ( 'NONE', *, *, #3444, .T. ) ;
#3403 = ORIENTED_EDGE ( 'NONE', *, *, #3368, .F. ) ;
#3404 = ADVANCED_FACE ( 'NONE', ( #2801 ), #2800, .T. ) ;
#3405 = ORIENTED_EDGE ( 'NONE', *, *, #540, .F. ) ;
#3406 = ORIENTED_EDGE ( 'NONE', *, *, #2608, .T. ) ;
#3407 = ORIENTED_EDGE ( 'NONE', *, *, #2991, .F. ) ;
#3408 = ORIENTED_EDGE ( 'NONE', *, *, #849, .F. ) ;
#3409 = ORIENTED_EDGE ( 'NONE', *, *, #553, .F. ) ;
#3410 = ADVANCED_FACE ( 'NONE', ( #2799 ), #2794, .F. ) ;
#3411 = EDGE_CURVE ( 'NONE', #2113, #82, #2789, .T. ) ;
#3412 = ORIENTED_EDGE ( 'NONE', *, *, #3427, .F. ) ;
#3413 = VERTEX_POINT ( 'NONE', #2784 ) ;
#3414 = ORIENTED_EDGE ( 'NONE', *, *, #562, .F. ) ;
#3415 = ORIENTED_EDGE ( 'NONE', *, *, #3335, .T. ) ;
#3416 = EDGE_LOOP ( 'NONE', ( #3417, #3312, #3359, #3378 ) ) ;
#3417 = ORIENTED_EDGE ( 'NONE', *, *, #346, .T. ) ;
#3418 = ORIENTED_EDGE ( 'NONE', *, *, #3367, .T. ) ;
#3419 = VERTEX_POINT ( 'NONE', #2783 ) ;
#3420 = VERTEX_POINT ( 'NONE', #2782 ) ;
#3421 = ORIENTED_EDGE ( 'NONE', *, *, #3369, .T. ) ;
#3422 = EDGE_LOOP ( 'NONE', ( #3371, #3406, #3370, #3434, #3435, #3383, #3386, #3442 ) ) ;
#3423 = EDGE_CURVE ( 'NONE', #3413, #3420, #2781, .T. ) ;
#3424 = EDGE_CURVE ( 'NONE', #3445, #3401, #2835, .T. ) ;
#3425 = ORIENTED_EDGE ( 'NONE', *, *, #860, .T. ) ;
#3426 = ADVANCED_FACE ( 'NONE', ( #2831 ), #2813, .F. ) ;
#3427 = EDGE_CURVE ( 'NONE', #3397, #700, #2865, .T. ) ;
#3428 = ORIENTED_EDGE ( 'NONE', *, *, #3447, .F. ) ;
#3429 = VERTEX_POINT ( 'NONE', #2861 ) ;
#3430 = EDGE_CURVE ( 'NONE', #3388, #3363, #2860, .T. ) ;
#3431 = ORIENTED_EDGE ( 'NONE', *, *, #3430, .T. ) ;
#3432 = EDGE_LOOP ( 'NONE', ( #3448, #3446, #3526, #3418 ) ) ;
#3433 = EDGE_CURVE ( 'NONE', #3438, #3429, #2856, .T. ) ;
#3434 = ORIENTED_EDGE ( 'NONE', *, *, #3379, .F. ) ;
#3435 = ORIENTED_EDGE ( 'NONE', *, *, #3384, .F. ) ;
#3436 = ORIENTED_EDGE ( 'NONE', *, *, #3439, .T. ) ;
#3437 = EDGE_CURVE ( 'NONE', #2908, #3445, #2852, .T. ) ;
#3438 = VERTEX_POINT ( 'NONE', #2847 ) ;
#3439 = EDGE_CURVE ( 'NONE', #3350, #3438, #2846, .T. ) ;
#3440 = ORIENTED_EDGE ( 'NONE', *, *, #3366, .T. ) ;
#3441 = EDGE_LOOP ( 'NONE', ( #3403, #3440, #3436, #3394, #3382, #3387, #3431, #3421 ) ) ;
#3442 = ORIENTED_EDGE ( 'NONE', *, *, #3424, .F. ) ;
#3443 = EDGE_CURVE ( 'NONE', #3398, #3388, #2842, .T. ) ;
#3444 = EDGE_CURVE ( 'NONE', #3445, #3350, #2838, .T. ) ;
#3445 = VERTEX_POINT ( 'NONE', #2900 ) ;
#3446 = ORIENTED_EDGE ( 'NONE', *, *, #3452, .F. ) ;
#3447 = EDGE_CURVE ( 'NONE', #3420, #3398, #2899, .T. ) ;
#3448 = ORIENTED_EDGE ( 'NONE', *, *, #3430, .F. ) ;
#3449 = ORIENTED_EDGE ( 'NONE', *, *, #3477, .F. ) ;
#3450 = ORIENTED_EDGE ( 'NONE', *, *, #3385, .T. ) ;
#3451 = EDGE_LOOP ( 'NONE', ( #3524, #3428, #3459, #3455 ) ) ;
#3452 = EDGE_CURVE ( 'NONE', #3419, #3388, #2895, .T. ) ;
#3453 = ORIENTED_EDGE ( 'NONE', *, *, #3444, .F. ) ;
#3454 = EDGE_LOOP ( 'NONE', ( #3482, #3479, #3483 ) ) ;
#3455 = ORIENTED_EDGE ( 'NONE', *, *, #3452, .T. ) ;
#3456 = ADVANCED_FACE ( 'NONE', ( #2891 ), #2889, .T. ) ;
#3457 = EDGE_LOOP ( 'NONE', ( #3468, #3449, #3450, #3460 ) ) ;
#3458 = ADVANCED_FACE ( 'NONE', ( #2884 ), #2890, .T. ) ;
#3459 = ORIENTED_EDGE ( 'NONE', *, *, #3384, .T. ) ;
#3460 = ORIENTED_EDGE ( 'NONE', *, *, #3471, .T. ) ;
#3461 = ORIENTED_EDGE ( 'NONE', *, *, #3487, .T. ) ;
#3462 = ORIENTED_EDGE ( 'NONE', *, *, #3627, .F. ) ;
#3463 = ORIENTED_EDGE ( 'NONE', *, *, #3480, .T. ) ;
#3464 = VERTEX_POINT ( 'NONE', #2879 ) ;
#3465 = ORIENTED_EDGE ( 'NONE', *, *, #3501, .T. ) ;
#3466 = ORIENTED_EDGE ( 'NONE', *, *, #3477, .T. ) ;
#3467 = ORIENTED_EDGE ( 'NONE', *, *, #3424, .T. ) ;
#3468 = ORIENTED_EDGE ( 'NONE', *, *, #3433, .F. ) ;
#3469 = ADVANCED_FACE ( 'NONE', ( #2878 ), #2877, .T. ) ;
#3470 = ORIENTED_EDGE ( 'NONE', *, *, #3439, .F. ) ;
#3471 = EDGE_CURVE ( 'NONE', #3413, #3429, #2872, .T. ) ;
#3472 = ORIENTED_EDGE ( 'NONE', *, *, #3503, .T. ) ;
#3473 = ORIENTED_EDGE ( 'NONE', *, *, #689, .F. ) ;
#3474 = EDGE_LOOP ( 'NONE', ( #3473, #3461, #3475 ) ) ;
#3475 = ORIENTED_EDGE ( 'NONE', *, *, #3497, .T. ) ;
#3476 = ORIENTED_EDGE ( 'NONE', *, *, #3520, .F. ) ;
#3477 = EDGE_CURVE ( 'NONE', #3401, #3438, #2932, .T. ) ;
#3478 = EDGE_LOOP ( 'NONE', ( #3470, #3453, #3467, #3466 ) ) ;
#3479 = ORIENTED_EDGE ( 'NONE', *, *, #733, .T. ) ;
#3480 = EDGE_CURVE ( 'NONE', #70, #3481, #2927, .T. ) ;
#3481 = VERTEX_POINT ( 'NONE', #2922 ) ;
#3482 = ORIENTED_EDGE ( 'NONE', *, *, #3480, .F. ) ;
#3483 = ORIENTED_EDGE ( 'NONE', *, *, #3486, .F. ) ;
#3484 = ORIENTED_EDGE ( 'NONE', *, *, #3487, .F. ) ;
#3485 = EDGE_LOOP ( 'NONE', ( #3484, #3462, #3463, #3465 ) ) ;
#3486 = EDGE_CURVE ( 'NONE', #3481, #3534, #2921, .T. ) ;
#3487 = EDGE_CURVE ( 'NONE', #687, #3464, #2917, .T. ) ;
#3488 = VERTEX_POINT ( 'NONE', #2912 ) ;
#3489 = ADVANCED_FACE ( 'NONE', ( #2911 ), #2910, .T. ) ;
#3490 = ORIENTED_EDGE ( 'NONE', *, *, #3509, .T. ) ;
#3491 = ORIENTED_EDGE ( 'NONE', *, *, #3497, .F. ) ;
#3492 = ADVANCED_FACE ( 'NONE', ( #2907 ), #2902, .T. ) ;
#3493 = EDGE_LOOP ( 'NONE', ( #3496, #3502, #3472, #3500 ) ) ;
#3494 = ADVANCED_FACE ( 'NONE', ( #2963 ), #2960, .F. ) ;
#3495 = EDGE_CURVE ( 'NONE', #3499, #3534, #2958, .T. ) ;
#3496 = ORIENTED_EDGE ( 'NONE', *, *, #3495, .F. ) ;
#3497 = EDGE_CURVE ( 'NONE', #3464, #714, #2951, .T. ) ;
#3498 = VERTEX_POINT ( 'NONE', #2947 ) ;
#3499 = VERTEX_POINT ( 'NONE', #2946 ) ;
#3500 = ORIENTED_EDGE ( 'NONE', *, *, #3486, .T. ) ;
#3501 = EDGE_CURVE ( 'NONE', #3481, #3464, #2945, .T. ) ;
#3502 = ORIENTED_EDGE ( 'NONE', *, *, #3517, .F. ) ;
#3503 = EDGE_CURVE ( 'NONE', #3498, #3481, #2941, .T. ) ;
#3504 = ORIENTED_EDGE ( 'NONE', *, *, #3507, .T. ) ;
#3505 = ORIENTED_EDGE ( 'NONE', *, *, #3501, .F. ) ;
#3506 = ORIENTED_EDGE ( 'NONE', *, *, #3503, .F. ) ;
#3507 = EDGE_CURVE ( 'NONE', #3488, #3510, #2937, .T. ) ;
#3508 = ORIENTED_EDGE ( 'NONE', *, *, #847, .F. ) ;
#3509 = EDGE_CURVE ( 'NONE', #3464, #3488, #2933, .T. ) ;
#3510 = VERTEX_POINT ( 'NONE', #2995 ) ;
#3511 = ADVANCED_FACE ( 'NONE', ( #2994 ), #2993, .T. ) ;
#3512 = ORIENTED_EDGE ( 'NONE', *, *, #3552, .T. ) ;
#3513 = ORIENTED_EDGE ( 'NONE', *, *, #3544, .T. ) ;
#3514 = ORIENTED_EDGE ( 'NONE', *, *, #3556, .F. ) ;
#3515 = ORIENTED_EDGE ( 'NONE', *, *, #3528, .F. ) ;
#3516 = EDGE_LOOP ( 'NONE', ( #3476, #3491, #3490, #3504 ) ) ;
#3517 = EDGE_CURVE ( 'NONE', #3498, #3499, #2987, .T. ) ;
#3518 = ADVANCED_FACE ( 'NONE', ( #2983 ), #2981, .T. ) ;
#3519 = EDGE_LOOP ( 'NONE', ( #3505, #3506, #876, #878 ) ) ;
#3520 = EDGE_CURVE ( 'NONE', #714, #3510, #2982, .T. ) ;
#3521 = EDGE_LOOP ( 'NONE', ( #3513, #3568, #3512, #3533, #3514, #3557 ) ) ;
#3522 = ORIENTED_EDGE ( 'NONE', *, *, #679, .F. ) ;
#3523 = ORIENTED_EDGE ( 'NONE', *, *, #3558, .F. ) ;
#3524 = ORIENTED_EDGE ( 'NONE', *, *, #3443, .F. ) ;
#3525 = ADVANCED_FACE ( 'NONE', ( #2973 ), #2971, .T. ) ;
#3526 = ORIENTED_EDGE ( 'NONE', *, *, #3379, .T. ) ;
#3527 = ADVANCED_FACE ( 'NONE', ( #2966 ), #2972, .T. ) ;
#3528 = EDGE_CURVE ( 'NONE', #344, #682, #3026, .T. ) ;
#3529 = EDGE_LOOP ( 'NONE', ( #3562, #3537, #3538, #3540 ) ) ;
#3530 = EDGE_LOOP ( 'NONE', ( #3535, #3539, #3541, #3536 ) ) ;
#3531 = ORIENTED_EDGE ( 'NONE', *, *, #3560, .T. ) ;
#3532 = ORIENTED_EDGE ( 'NONE', *, *, #269, .T. ) ;
#3533 = ORIENTED_EDGE ( 'NONE', *, *, #716, .T. ) ;
#3534 = VERTEX_POINT ( 'NONE', #3021 ) ;
#3535 = ORIENTED_EDGE ( 'NONE', *, *, #621, .T. ) ;
#3536 = ORIENTED_EDGE ( 'NONE', *, *, #675, .T. ) ;
#3537 = ORIENTED_EDGE ( 'NONE', *, *, #3625, .F. ) ;
#3538 = ORIENTED_EDGE ( 'NONE', *, *, #3558, .T. ) ;
#3539 = ORIENTED_EDGE ( 'NONE', *, *, #3563, .F. ) ;
#3540 = ORIENTED_EDGE ( 'NONE', *, *, #3528, .T. ) ;
#3541 = ORIENTED_EDGE ( 'NONE', *, *, #113, .F. ) ;
#3542 = ORIENTED_EDGE ( 'NONE', *, *, #3563, .T. ) ;
#3543 = ORIENTED_EDGE ( 'NONE', *, *, #619, .T. ) ;
#3544 = EDGE_CURVE ( 'NONE', #3547, #3545, #3020, .T. ) ;
#3545 = VERTEX_POINT ( 'NONE', #3016 ) ;
#3546 = EDGE_CURVE ( 'NONE', #3545, #3569, #3015, .T. ) ;
#3547 = VERTEX_POINT ( 'NONE', #3010 ) ;
#3548 = ORIENTED_EDGE ( 'NONE', *, *, #646, .F. ) ;
#3549 = CARTESIAN_POINT ( 'NONE',  ( 0.4570000000000004100, -0.1459999999999999400, -0.06250000000000000000 ) ) ;
#3550 = ORIENTED_EDGE ( 'NONE', *, *, #126, .F. ) ;
#3551 = ADVANCED_FACE ( 'NONE', ( #3009 ), #3008, .T. ) ;
#3552 = EDGE_CURVE ( 'NONE', #3569, #711, #3002, .T. ) ;
#3553 = EDGE_LOOP ( 'NONE', ( #3548, #3550, #3542, #3543 ) ) ;
#3554 = EDGE_CURVE ( 'NONE', #3534, #3547, #3063, .T. ) ;
#3555 = EDGE_LOOP ( 'NONE', ( #3532, #3523, #3508, #3531 ) ) ;
#3556 = EDGE_CURVE ( 'NONE', #3534, #714, #3059, .T. ) ;
#3557 = ORIENTED_EDGE ( 'NONE', *, *, #3554, .T. ) ;
#3558 = EDGE_CURVE ( 'NONE', #867, #344, #3055, .T. ) ;
#3559 = ADVANCED_FACE ( 'NONE', ( #3051 ), #3048, .F. ) ;
#3560 = EDGE_CURVE ( 'NONE', #2869, #308, #3049, .T. ) ;
#3561 = ADVANCED_FACE ( 'NONE', ( #3040 ), #3039, .F. ) ;
#3562 = ORIENTED_EDGE ( 'NONE', *, *, #652, .F. ) ;
#3563 = EDGE_CURVE ( 'NONE', #85, #624, #3034, .T. ) ;
#3564 = ADVANCED_FACE ( 'NONE', ( #3030 ), #3090, .T. ) ;
#3565 = DIRECTION ( 'NONE',  ( -3.532562060772754300E-015, -1.000000000000000000, 0.0000000000000000000 ) ) ;
#3566 = VECTOR ( 'NONE', #3565, 39.37007874015748100 ) ;
#3567 = CARTESIAN_POINT ( 'NONE',  ( -0.1249999999999999600, 0.01000000000000000000, 0.3239999999999999000 ) ) ;
#3568 = ORIENTED_EDGE ( 'NONE', *, *, #3546, .T. ) ;
#3569 = VERTEX_POINT ( 'NONE', #3088 ) ;
#3570 =( GEOMETRIC_REPRESENTATION_CONTEXT ( 3 ) GLOBAL_UNCERTAINTY_ASSIGNED_CONTEXT ( ( #2370 ) ) GLOBAL_UNIT_ASSIGNED_CONTEXT ( ( #3091, #1869, #2112 ) ) REPRESENTATION_CONTEXT ( 'NONE', 'WORKASPACE' ) );
#3571 = ORIENTED_EDGE ( 'NONE', *, *, #3328, .F. ) ;
#3572 = ORIENTED_EDGE ( 'NONE', *, *, #3639, .F. ) ;
#3573 = ORIENTED_EDGE ( 'NONE', *, *, #747, .T. ) ;
#3574 = EDGE_LOOP ( 'NONE', ( #3593, #3594, #3599, #3596 ) ) ;
#3575 = ADVANCED_FACE ( 'NONE', ( #3084 ), #3065, .F. ) ;
#3576 = ORIENTED_EDGE ( 'NONE', *, *, #762, .T. ) ;
#3577 = ORIENTED_EDGE ( 'NONE', *, *, #3585, .F. ) ;
#3578 = EDGE_CURVE ( 'NONE', #3582, #3589, #3122, .T. ) ;
#3579 = ORIENTED_EDGE ( 'NONE', *, *, #3580, .T. ) ;
#3580 = EDGE_CURVE ( 'NONE', #3582, #784, #3115, .T. ) ;
#3581 = ORIENTED_EDGE ( 'NONE', *, *, #3578, .F. ) ;
#3582 = VERTEX_POINT ( 'NONE', #3111 ) ;
#3583 = EDGE_LOOP ( 'NONE', ( #3576, #3577, #3581, #3579 ) ) ;
#3584 = ORIENTED_EDGE ( 'NONE', *, *, #3585, .T. ) ;
#3585 = EDGE_CURVE ( 'NONE', #3589, #769, #3108, .T. ) ;
#3586 = ADVANCED_FACE ( 'NONE', ( #3104 ), #3, .F. ) ;
#3587 = EDGE_LOOP ( 'NONE', ( #3591, #3588, #3590, #3610 ) ) ;
#3588 = ORIENTED_EDGE ( 'NONE', *, *, #3597, .F. ) ;
#3589 = VERTEX_POINT ( 'NONE', #3149 ) ;
#3590 = ORIENTED_EDGE ( 'NONE', *, *, #3612, .F. ) ;
#3591 = ORIENTED_EDGE ( 'NONE', *, *, #822, .T. ) ;
#3592 = ADVANCED_FACE ( 'NONE', ( #3148 ), #3129, .F. ) ;
#3593 = ORIENTED_EDGE ( 'NONE', *, *, #838, .T. ) ;
#3594 = ORIENTED_EDGE ( 'NONE', *, *, #3580, .F. ) ;
#3595 = VERTEX_POINT ( 'NONE', #3124 ) ;
#3596 = ORIENTED_EDGE ( 'NONE', *, *, #3597, .T. ) ;
#3597 = EDGE_CURVE ( 'NONE', #3595, #839, #3123, .T. ) ;
#3598 = EDGE_CURVE ( 'NONE', #3595, #3582, #3173, .T. ) ;
#3599 = ORIENTED_EDGE ( 'NONE', *, *, #3598, .F. ) ;
#3600 = ORIENTED_EDGE ( 'NONE', *, *, #3345, .T. ) ;
#3601 = ORIENTED_EDGE ( 'NONE', *, *, #3612, .T. ) ;
#3602 = ORIENTED_EDGE ( 'NONE', *, *, #3639, .T. ) ;
#3603 = ORIENTED_EDGE ( 'NONE', *, *, #3598, .T. ) ;
#3604 = ORIENTED_EDGE ( 'NONE', *, *, #3331, .T. ) ;
#3605 = ORIENTED_EDGE ( 'NONE', *, *, #3578, .T. ) ;
#3606 = ORIENTED_EDGE ( 'NONE', *, *, #271, .T. ) ;
#3607 = EDGE_LOOP ( 'NONE', ( #3606, #3601, #3603, #3605, #3600, #3602, #3604, #3621, #3619, #3617, #3618, #3620 ) ) ;
#3608 = ADVANCED_FACE ( 'NONE', ( #3169 ), #3151, .F. ) ;
#3609 = VERTEX_POINT ( 'NONE', #3204 ) ;
#3610 = ORIENTED_EDGE ( 'NONE', *, *, #272, .T. ) ;
#3611 = VERTEX_POINT ( 'NONE', #3203 ) ;
#3612 = EDGE_CURVE ( 'NONE', #274, #3595, #3202, .T. ) ;
#3613 = ORIENTED_EDGE ( 'NONE', *, *, #20, .F. ) ;
#3614 = ORIENTED_EDGE ( 'NONE', *, *, #3615, .F. ) ;
#3615 = EDGE_CURVE ( 'NONE', #3609, #3611, #3198, .T. ) ;
#3616 = EDGE_LOOP ( 'NONE', ( #3614, #3613, #6, #16 ) ) ;
#3617 = ORIENTED_EDGE ( 'NONE', *, *, #3302, .T. ) ;
#3618 = ORIENTED_EDGE ( 'NONE', *, *, #325, .T. ) ;
#3619 = ORIENTED_EDGE ( 'NONE', *, *, #3315, .T. ) ;
#3620 = ORIENTED_EDGE ( 'NONE', *, *, #3288, .T. ) ;
#3621 = ORIENTED_EDGE ( 'NONE', *, *, #3306, .T. ) ;
#3622 = ADVANCED_FACE ( 'NONE', ( #3194 ), #3193, .T. ) ;
#3623 = ORIENTED_EDGE ( 'NONE', *, *, #686, .F. ) ;
#3624 = VERTEX_POINT ( 'NONE', #3188 ) ;
#3625 = EDGE_CURVE ( 'NONE', #867, #649, #3187, .T. ) ;
#3626 = EDGE_CURVE ( 'NONE', #3624, #3429, #3182, .T. ) ;
#3627 = EDGE_CURVE ( 'NONE', #70, #687, #3238, .T. ) ;
#3628 = ORIENTED_EDGE ( 'NONE', *, *, #3626, .T. ) ;
#3629 = VERTEX_POINT ( 'NONE', #3234 ) ;
#3630 = ORIENTED_EDGE ( 'NONE', *, *, #3633, .T. ) ;
#3631 = EDGE_CURVE ( 'NONE', #3632, #3413, #3233, .T. ) ;
#3632 = VERTEX_POINT ( 'NONE', #3228 ) ;
#3633 = EDGE_CURVE ( 'NONE', #3632, #3624, #3227, .T. ) ;
#3634 = EDGE_LOOP ( 'NONE', ( #3637, #3630, #3628, #42 ) ) ;
#3635 = EDGE_CURVE ( 'NONE', #3629, #18, #3223, .T. ) ;
#3636 = ORIENTED_EDGE ( 'NONE', *, *, #592, .T. ) ;
#3637 = ORIENTED_EDGE ( 'NONE', *, *, #3631, .F. ) ;
#3638 = ADVANCED_FACE ( 'NONE', ( #3219 ), #3217, .F. ) ;
#3639 = EDGE_CURVE ( 'NONE', #3353, #3323, #3218, .T. ) ;
ENDSEC;
END-ISO-10303-21;
